[{"url":["https://api.github.com/repos/terrytangyuan/autoplotly/issues/4"],"repository_url":["https://api.github.com/repos/terrytangyuan/autoplotly"],"labels_url":["https://api.github.com/repos/terrytangyuan/autoplotly/issues/4/labels{/name}"],"comments_url":["https://api.github.com/repos/terrytangyuan/autoplotly/issues/4/comments"],"events_url":["https://api.github.com/repos/terrytangyuan/autoplotly/issues/4/events"],"html_url":["https://github.com/terrytangyuan/autoplotly/issues/4"],"id":[314147176],"node_id":["MDU6SXNzdWUzMTQxNDcxNzY="],"number":[4],"title":["community guidelines"],"user":{"login":["corybrunson"],"id":[7768027],"node_id":["MDQ6VXNlcjc3NjgwMjc="],"avatar_url":["https://avatars1.githubusercontent.com/u/7768027?v=4"],"gravatar_id":[""],"url":["https://api.github.com/users/corybrunson"],"html_url":["https://github.com/corybrunson"],"followers_url":["https://api.github.com/users/corybrunson/followers"],"following_url":["https://api.github.com/users/corybrunson/following{/other_user}"],"gists_url":["https://api.github.com/users/corybrunson/gists{/gist_id}"],"starred_url":["https://api.github.com/users/corybrunson/starred{/owner}{/repo}"],"subscriptions_url":["https://api.github.com/users/corybrunson/subscriptions"],"organizations_url":["https://api.github.com/users/corybrunson/orgs"],"repos_url":["https://api.github.com/users/corybrunson/repos"],"events_url":["https://api.github.com/users/corybrunson/events{/privacy}"],"received_events_url":["https://api.github.com/users/corybrunson/received_events"],"type":["User"],"site_admin":[false]},"labels":[],"state":["closed"],"locked":[false],"assignee":{},"assignees":[],"milestone":{},"comments":[1],"created_at":["2018-04-13T15:14:25Z"],"updated_at":["2018-04-15T18:23:16Z"],"closed_at":["2018-04-15T18:23:16Z"],"author_association":["NONE"],"body":["The `DESCRIPTION` contains a link to the issues page on the GitHub repo, but i did not see any other guidance on contributing to the package or seeking support.\r\n\r\nThe package consists of one core function whose job is to pass objects to `autoplot()` for which **ggfortify** provides methods. So users interested in contributing methods should presumably be pointed to [the **ggfortify** repo](https://github.com/sinhrks/ggfortify). (Presumably only experienced R users would want to contribute directly to the **autoplotly** source code.) But that repo also [has no contributing guidelines](https://github.com/sinhrks/ggfortify/community). If contributing to **ggfortify** would be as straightforward as it seems to me (a `fortify_*.R` file containing methods for `fortify()` and `autoplot()`), then the guide could be short; but there might be other important considerations i'm missing!\r\n\r\n_Part of [this JOSS review](https://github.com/openjournals/joss-reviews/issues/657)._"]},{"url":["https://api.github.com/repos/terrytangyuan/autoplotly/issues/3"],"repository_url":["https://api.github.com/repos/terrytangyuan/autoplotly"],"labels_url":["https://api.github.com/repos/terrytangyuan/autoplotly/issues/3/labels{/name}"],"comments_url":["https://api.github.com/repos/terrytangyuan/autoplotly/issues/3/comments"],"events_url":["https://api.github.com/repos/terrytangyuan/autoplotly/issues/3/events"],"html_url":["https://github.com/terrytangyuan/autoplotly/issues/3"],"id":[314101137],"node_id":["MDU6SXNzdWUzMTQxMDExMzc="],"number":[3],"title":["package vignette from blog post?"],"user":{"login":["corybrunson"],"id":[7768027],"node_id":["MDQ6VXNlcjc3NjgwMjc="],"avatar_url":["https://avatars1.githubusercontent.com/u/7768027?v=4"],"gravatar_id":[""],"url":["https://api.github.com/users/corybrunson"],"html_url":["https://github.com/corybrunson"],"followers_url":["https://api.github.com/users/corybrunson/followers"],"following_url":["https://api.github.com/users/corybrunson/following{/other_user}"],"gists_url":["https://api.github.com/users/corybrunson/gists{/gist_id}"],"starred_url":["https://api.github.com/users/corybrunson/starred{/owner}{/repo}"],"subscriptions_url":["https://api.github.com/users/corybrunson/subscriptions"],"organizations_url":["https://api.github.com/users/corybrunson/orgs"],"repos_url":["https://api.github.com/users/corybrunson/repos"],"events_url":["https://api.github.com/users/corybrunson/events{/privacy}"],"received_events_url":["https://api.github.com/users/corybrunson/received_events"],"type":["User"],"site_admin":[false]},"labels":[],"state":["closed"],"locked":[false],"assignee":{},"assignees":[],"milestone":{},"comments":[2],"created_at":["2018-04-13T13:10:05Z"],"updated_at":["2018-04-15T18:23:12Z"],"closed_at":["2018-04-15T18:23:12Z"],"author_association":["NONE"],"body":["The [blog post](https://terrytangyuan.github.io/2018/02/12/autoplotly-intro/) linked in the README provides a very helpful intro to the package and its intended usage. I suspect, especially since the package is on CRAN, that many R users would seek guidance from a vignette and miss the links to this resource (`DESCRIPTION` -> GitHub repo -> blog post). Could the blog post be repurposed into a package vignette?\r\n\r\n_Part of [this JOSS review](https://github.com/openjournals/joss-reviews/issues/657)._"]},{"url":["https://api.github.com/repos/terrytangyuan/autoplotly/issues/2"],"repository_url":["https://api.github.com/repos/terrytangyuan/autoplotly"],"labels_url":["https://api.github.com/repos/terrytangyuan/autoplotly/issues/2/labels{/name}"],"comments_url":["https://api.github.com/repos/terrytangyuan/autoplotly/issues/2/comments"],"events_url":["https://api.github.com/repos/terrytangyuan/autoplotly/issues/2/events"],"html_url":["https://github.com/terrytangyuan/autoplotly/issues/2"],"id":[297289409],"node_id":["MDU6SXNzdWUyOTcyODk0MDk="],"number":[2],"title":["error message after entering p in autoplotly example code"],"user":{"login":["sfd99"],"id":[3316239],"node_id":["MDQ6VXNlcjMzMTYyMzk="],"avatar_url":["https://avatars3.githubusercontent.com/u/3316239?v=4"],"gravatar_id":[""],"url":["https://api.github.com/users/sfd99"],"html_url":["https://github.com/sfd99"],"followers_url":["https://api.github.com/users/sfd99/followers"],"following_url":["https://api.github.com/users/sfd99/following{/other_user}"],"gists_url":["https://api.github.com/users/sfd99/gists{/gist_id}"],"starred_url":["https://api.github.com/users/sfd99/starred{/owner}{/repo}"],"subscriptions_url":["https://api.github.com/users/sfd99/subscriptions"],"organizations_url":["https://api.github.com/users/sfd99/orgs"],"repos_url":["https://api.github.com/users/sfd99/repos"],"events_url":["https://api.github.com/users/sfd99/events{/privacy}"],"received_events_url":["https://api.github.com/users/sfd99/received_events"],"type":["User"],"site_admin":[false]},"labels":[],"state":["closed"],"locked":[false],"assignee":{},"assignees":[],"milestone":{},"comments":[2],"created_at":["2018-02-15T00:04:07Z"],"updated_at":["2018-03-31T05:30:52Z"],"closed_at":["2018-03-31T05:30:52Z"],"author_association":["NONE"],"body":["Hi Terry! -\r\n\r\nFollowing your blog post code example,\r\nI entered:\r\n\r\n**> p <- autoplotly(prcomp(iris[c(1, 2, 3, 4)]), data = iris,\r\ncolour = 'Species', frame = TRUE)**\r\n\r\n# OK !..\r\n**> class(p)**\r\n[1] \"plotly\" \"htmlwidget\"\r\n\r\n# but... I get an error message when I next enter:\r\n**>  p**\r\nError in attr %in% names(Schema$traces[[x]]$attributes) :\r\ncannot open file '~/R/i686-pc-linux-gnu-library/3.4/plotly/R/sysdata.rdb': No such file or directory\r\nIn addition: Warning message:\r\nIn attr %in% names(Schema$traces[[x]]$attributes) :\r\nrestarting interrupted promise evaluation\r\n\r\nWhat's wrong?\r\n\r\nSFdisqus\r\nusing latest Rstudio, R,\r\nunder Ubuntu LINUX 14.04 LTS 32-bits.\r\n\r\nPKGS installed\r\nand loaded in the Rstudio Workspace:\r\n1 - autoplotly GIT dev version: v 0.1.1\r\n\r\n2 - plotly    v 4.7.1.9000,\r\n\r\n3 - ggplot2 v  2.2.1.9000,\r\n\r\n4 - ggfortify v 0.4.2\r\n"]},{"url":["https://api.github.com/repos/terrytangyuan/autoplotly/issues/1"],"repository_url":["https://api.github.com/repos/terrytangyuan/autoplotly"],"labels_url":["https://api.github.com/repos/terrytangyuan/autoplotly/issues/1/labels{/name}"],"comments_url":["https://api.github.com/repos/terrytangyuan/autoplotly/issues/1/comments"],"events_url":["https://api.github.com/repos/terrytangyuan/autoplotly/issues/1/events"],"html_url":["https://github.com/terrytangyuan/autoplotly/pull/1"],"id":[287172852],"node_id":["MDExOlB1bGxSZXF1ZXN0MTYxOTM0MjM2"],"number":[1],"title":["Dev"],"user":{"login":["terrytangyuan"],"id":[4269898],"node_id":["MDQ6VXNlcjQyNjk4OTg="],"avatar_url":["https://avatars3.githubusercontent.com/u/4269898?v=4"],"gravatar_id":[""],"url":["https://api.github.com/users/terrytangyuan"],"html_url":["https://github.com/terrytangyuan"],"followers_url":["https://api.github.com/users/terrytangyuan/followers"],"following_url":["https://api.github.com/users/terrytangyuan/following{/other_user}"],"gists_url":["https://api.github.com/users/terrytangyuan/gists{/gist_id}"],"starred_url":["https://api.github.com/users/terrytangyuan/starred{/owner}{/repo}"],"subscriptions_url":["https://api.github.com/users/terrytangyuan/subscriptions"],"organizations_url":["https://api.github.com/users/terrytangyuan/orgs"],"repos_url":["https://api.github.com/users/terrytangyuan/repos"],"events_url":["https://api.github.com/users/terrytangyuan/events{/privacy}"],"received_events_url":["https://api.github.com/users/terrytangyuan/received_events"],"type":["User"],"site_admin":[false]},"labels":[],"state":["closed"],"locked":[false],"assignee":{},"assignees":[],"milestone":{},"comments":[0],"created_at":["2018-01-09T17:42:08Z"],"updated_at":["2018-01-09T17:42:16Z"],"closed_at":["2018-01-09T17:42:16Z"],"author_association":["OWNER"],"pull_request":{"url":["https://api.github.com/repos/terrytangyuan/autoplotly/pulls/1"],"html_url":["https://github.com/terrytangyuan/autoplotly/pull/1"],"diff_url":["https://github.com/terrytangyuan/autoplotly/pull/1.diff"],"patch_url":["https://github.com/terrytangyuan/autoplotly/pull/1.patch"]},"body":[""]}]
