[{"url":["https://api.github.com/repos/terrytangyuan/ctv-databases/issues/5"],"repository_url":["https://api.github.com/repos/terrytangyuan/ctv-databases"],"labels_url":["https://api.github.com/repos/terrytangyuan/ctv-databases/issues/5/labels{/name}"],"comments_url":["https://api.github.com/repos/terrytangyuan/ctv-databases/issues/5/comments"],"events_url":["https://api.github.com/repos/terrytangyuan/ctv-databases/issues/5/events"],"html_url":["https://github.com/terrytangyuan/ctv-databases/pull/5"],"id":[401139698],"node_id":["MDExOlB1bGxSZXF1ZXN0MjQ2MTM1MDk0"],"number":[5],"title":["Add 'ora' package"],"user":{"login":["arnima-github"],"id":[3720910],"node_id":["MDQ6VXNlcjM3MjA5MTA="],"avatar_url":["https://avatars3.githubusercontent.com/u/3720910?v=4"],"gravatar_id":[""],"url":["https://api.github.com/users/arnima-github"],"html_url":["https://github.com/arnima-github"],"followers_url":["https://api.github.com/users/arnima-github/followers"],"following_url":["https://api.github.com/users/arnima-github/following{/other_user}"],"gists_url":["https://api.github.com/users/arnima-github/gists{/gist_id}"],"starred_url":["https://api.github.com/users/arnima-github/starred{/owner}{/repo}"],"subscriptions_url":["https://api.github.com/users/arnima-github/subscriptions"],"organizations_url":["https://api.github.com/users/arnima-github/orgs"],"repos_url":["https://api.github.com/users/arnima-github/repos"],"events_url":["https://api.github.com/users/arnima-github/events{/privacy}"],"received_events_url":["https://api.github.com/users/arnima-github/received_events"],"type":["User"],"site_admin":[false]},"labels":[],"state":["closed"],"locked":[false],"assignee":{},"assignees":[],"milestone":{},"comments":[0],"created_at":["2019-01-20T21:13:09Z"],"updated_at":["2019-01-20T21:59:25Z"],"closed_at":["2019-01-20T21:59:24Z"],"author_association":["CONTRIBUTOR"],"pull_request":{"url":["https://api.github.com/repos/terrytangyuan/ctv-databases/pulls/5"],"html_url":["https://github.com/terrytangyuan/ctv-databases/pull/5"],"diff_url":["https://github.com/terrytangyuan/ctv-databases/pull/5.diff"],"patch_url":["https://github.com/terrytangyuan/ctv-databases/pull/5.patch"]},"body":[""]},{"url":["https://api.github.com/repos/terrytangyuan/ctv-databases/issues/4"],"repository_url":["https://api.github.com/repos/terrytangyuan/ctv-databases"],"labels_url":["https://api.github.com/repos/terrytangyuan/ctv-databases/issues/4/labels{/name}"],"comments_url":["https://api.github.com/repos/terrytangyuan/ctv-databases/issues/4/comments"],"events_url":["https://api.github.com/repos/terrytangyuan/ctv-databases/issues/4/events"],"html_url":["https://github.com/terrytangyuan/ctv-databases/pull/4"],"id":[379046283],"node_id":["MDExOlB1bGxSZXF1ZXN0MjI5NjA1Mzkz"],"number":[4],"title":["removed obsolete MonetDB.R"],"user":{"login":["hannesmuehleisen"],"id":[227792],"node_id":["MDQ6VXNlcjIyNzc5Mg=="],"avatar_url":["https://avatars3.githubusercontent.com/u/227792?v=4"],"gravatar_id":[""],"url":["https://api.github.com/users/hannesmuehleisen"],"html_url":["https://github.com/hannesmuehleisen"],"followers_url":["https://api.github.com/users/hannesmuehleisen/followers"],"following_url":["https://api.github.com/users/hannesmuehleisen/following{/other_user}"],"gists_url":["https://api.github.com/users/hannesmuehleisen/gists{/gist_id}"],"starred_url":["https://api.github.com/users/hannesmuehleisen/starred{/owner}{/repo}"],"subscriptions_url":["https://api.github.com/users/hannesmuehleisen/subscriptions"],"organizations_url":["https://api.github.com/users/hannesmuehleisen/orgs"],"repos_url":["https://api.github.com/users/hannesmuehleisen/repos"],"events_url":["https://api.github.com/users/hannesmuehleisen/events{/privacy}"],"received_events_url":["https://api.github.com/users/hannesmuehleisen/received_events"],"type":["User"],"site_admin":[false]},"labels":[],"state":["closed"],"locked":[false],"assignee":{},"assignees":[],"milestone":{},"comments":[1],"created_at":["2018-11-09T07:02:57Z"],"updated_at":["2018-11-09T08:46:01Z"],"closed_at":["2018-11-09T08:45:37Z"],"author_association":["CONTRIBUTOR"],"pull_request":{"url":["https://api.github.com/repos/terrytangyuan/ctv-databases/pulls/4"],"html_url":["https://github.com/terrytangyuan/ctv-databases/pull/4"],"diff_url":["https://github.com/terrytangyuan/ctv-databases/pull/4.diff"],"patch_url":["https://github.com/terrytangyuan/ctv-databases/pull/4.patch"]},"body":["and added sentence explaining that MonetDBLite can run embedded. Otherwise, I am happy with this Task View"]},{"url":["https://api.github.com/repos/terrytangyuan/ctv-databases/issues/3"],"repository_url":["https://api.github.com/repos/terrytangyuan/ctv-databases"],"labels_url":["https://api.github.com/repos/terrytangyuan/ctv-databases/issues/3/labels{/name}"],"comments_url":["https://api.github.com/repos/terrytangyuan/ctv-databases/issues/3/comments"],"events_url":["https://api.github.com/repos/terrytangyuan/ctv-databases/issues/3/events"],"html_url":["https://github.com/terrytangyuan/ctv-databases/pull/3"],"id":[378729808],"node_id":["MDExOlB1bGxSZXF1ZXN0MjI5MzYzMzMy"],"number":[3],"title":["Update redux description"],"user":{"login":["richfitz"],"id":[1558093],"node_id":["MDQ6VXNlcjE1NTgwOTM="],"avatar_url":["https://avatars1.githubusercontent.com/u/1558093?v=4"],"gravatar_id":[""],"url":["https://api.github.com/users/richfitz"],"html_url":["https://github.com/richfitz"],"followers_url":["https://api.github.com/users/richfitz/followers"],"following_url":["https://api.github.com/users/richfitz/following{/other_user}"],"gists_url":["https://api.github.com/users/richfitz/gists{/gist_id}"],"starred_url":["https://api.github.com/users/richfitz/starred{/owner}{/repo}"],"subscriptions_url":["https://api.github.com/users/richfitz/subscriptions"],"organizations_url":["https://api.github.com/users/richfitz/orgs"],"repos_url":["https://api.github.com/users/richfitz/repos"],"events_url":["https://api.github.com/users/richfitz/events{/privacy}"],"received_events_url":["https://api.github.com/users/richfitz/received_events"],"type":["User"],"site_admin":[false]},"labels":[],"state":["closed"],"locked":[false],"assignee":{},"assignees":[],"milestone":{},"comments":[1],"created_at":["2018-11-08T13:25:13Z"],"updated_at":["2018-11-08T14:27:52Z"],"closed_at":["2018-11-08T14:27:52Z"],"author_association":["CONTRIBUTOR"],"pull_request":{"url":["https://api.github.com/repos/terrytangyuan/ctv-databases/pulls/3"],"html_url":["https://github.com/terrytangyuan/ctv-databases/pull/3"],"diff_url":["https://github.com/terrytangyuan/ctv-databases/pull/3.diff"],"patch_url":["https://github.com/terrytangyuan/ctv-databases/pull/3.patch"]},"body":[""]},{"url":["https://api.github.com/repos/terrytangyuan/ctv-databases/issues/2"],"repository_url":["https://api.github.com/repos/terrytangyuan/ctv-databases"],"labels_url":["https://api.github.com/repos/terrytangyuan/ctv-databases/issues/2/labels{/name}"],"comments_url":["https://api.github.com/repos/terrytangyuan/ctv-databases/issues/2/comments"],"events_url":["https://api.github.com/repos/terrytangyuan/ctv-databases/issues/2/events"],"html_url":["https://github.com/terrytangyuan/ctv-databases/issues/2"],"id":[378471079],"node_id":["MDU6SXNzdWUzNzg0NzEwNzk="],"number":[2],"title":["Shop in packages that import DBI"],"user":{"login":["krlmlr"],"id":[1741643],"node_id":["MDQ6VXNlcjE3NDE2NDM="],"avatar_url":["https://avatars0.githubusercontent.com/u/1741643?v=4"],"gravatar_id":[""],"url":["https://api.github.com/users/krlmlr"],"html_url":["https://github.com/krlmlr"],"followers_url":["https://api.github.com/users/krlmlr/followers"],"following_url":["https://api.github.com/users/krlmlr/following{/other_user}"],"gists_url":["https://api.github.com/users/krlmlr/gists{/gist_id}"],"starred_url":["https://api.github.com/users/krlmlr/starred{/owner}{/repo}"],"subscriptions_url":["https://api.github.com/users/krlmlr/subscriptions"],"organizations_url":["https://api.github.com/users/krlmlr/orgs"],"repos_url":["https://api.github.com/users/krlmlr/repos"],"events_url":["https://api.github.com/users/krlmlr/events{/privacy}"],"received_events_url":["https://api.github.com/users/krlmlr/received_events"],"type":["User"],"site_admin":[false]},"labels":[],"state":["closed"],"locked":[false],"assignee":{},"assignees":[],"milestone":{},"comments":[1],"created_at":["2018-11-07T21:12:24Z"],"updated_at":["2018-11-08T16:13:37Z"],"closed_at":["2018-11-08T16:13:03Z"],"author_association":["NONE"],"body":["\"Reverse imports\" on https://cran.r-project.org/web/packages/DBI/index.html.\r\n\r\nI think most packages there are relevant for this task view. Here, we can offer the list of packages in a more structured and topic-oriented way."]},{"url":["https://api.github.com/repos/terrytangyuan/ctv-databases/issues/1"],"repository_url":["https://api.github.com/repos/terrytangyuan/ctv-databases"],"labels_url":["https://api.github.com/repos/terrytangyuan/ctv-databases/issues/1/labels{/name}"],"comments_url":["https://api.github.com/repos/terrytangyuan/ctv-databases/issues/1/comments"],"events_url":["https://api.github.com/repos/terrytangyuan/ctv-databases/issues/1/events"],"html_url":["https://github.com/terrytangyuan/ctv-databases/issues/1"],"id":[378469561],"node_id":["MDU6SXNzdWUzNzg0Njk1NjE="],"number":[1],"title":["DBI specification"],"user":{"login":["krlmlr"],"id":[1741643],"node_id":["MDQ6VXNlcjE3NDE2NDM="],"avatar_url":["https://avatars0.githubusercontent.com/u/1741643?v=4"],"gravatar_id":[""],"url":["https://api.github.com/users/krlmlr"],"html_url":["https://github.com/krlmlr"],"followers_url":["https://api.github.com/users/krlmlr/followers"],"following_url":["https://api.github.com/users/krlmlr/following{/other_user}"],"gists_url":["https://api.github.com/users/krlmlr/gists{/gist_id}"],"starred_url":["https://api.github.com/users/krlmlr/starred{/owner}{/repo}"],"subscriptions_url":["https://api.github.com/users/krlmlr/subscriptions"],"organizations_url":["https://api.github.com/users/krlmlr/orgs"],"repos_url":["https://api.github.com/users/krlmlr/repos"],"events_url":["https://api.github.com/users/krlmlr/events{/privacy}"],"received_events_url":["https://api.github.com/users/krlmlr/received_events"],"type":["User"],"site_admin":[false]},"labels":[],"state":["closed"],"locked":[false],"assignee":{},"assignees":[],"milestone":{},"comments":[1],"created_at":["2018-11-07T21:07:49Z"],"updated_at":["2018-11-08T16:18:10Z"],"closed_at":["2018-11-08T16:18:10Z"],"author_association":["NONE"],"body":["I wonder if this should be discussed/pointed to in this task view. Some packages try to follow it (among these RPostgres and RGreenplum which seem to be missing for now), many existing packages won't."]}]
