[{"url":["https://api.github.com/repos/terrytangyuan/ctv-model-deployment/issues/3"],"repository_url":["https://api.github.com/repos/terrytangyuan/ctv-model-deployment"],"labels_url":["https://api.github.com/repos/terrytangyuan/ctv-model-deployment/issues/3/labels{/name}"],"comments_url":["https://api.github.com/repos/terrytangyuan/ctv-model-deployment/issues/3/comments"],"events_url":["https://api.github.com/repos/terrytangyuan/ctv-model-deployment/issues/3/events"],"html_url":["https://github.com/terrytangyuan/ctv-model-deployment/pull/3"],"id":[405770541],"node_id":["MDExOlB1bGxSZXF1ZXN0MjQ5NjU2ODg0"],"number":[3],"title":["Delete duplicate words"],"user":{"login":["shrektan"],"id":[8368933],"node_id":["MDQ6VXNlcjgzNjg5MzM="],"avatar_url":["https://avatars3.githubusercontent.com/u/8368933?v=4"],"gravatar_id":[""],"url":["https://api.github.com/users/shrektan"],"html_url":["https://github.com/shrektan"],"followers_url":["https://api.github.com/users/shrektan/followers"],"following_url":["https://api.github.com/users/shrektan/following{/other_user}"],"gists_url":["https://api.github.com/users/shrektan/gists{/gist_id}"],"starred_url":["https://api.github.com/users/shrektan/starred{/owner}{/repo}"],"subscriptions_url":["https://api.github.com/users/shrektan/subscriptions"],"organizations_url":["https://api.github.com/users/shrektan/orgs"],"repos_url":["https://api.github.com/users/shrektan/repos"],"events_url":["https://api.github.com/users/shrektan/events{/privacy}"],"received_events_url":["https://api.github.com/users/shrektan/received_events"],"type":["User"],"site_admin":[false]},"labels":[],"state":["closed"],"locked":[false],"assignee":{},"assignees":[],"milestone":{},"comments":[1],"created_at":["2019-02-01T16:16:58Z"],"updated_at":["2019-02-01T16:34:48Z"],"closed_at":["2019-02-01T16:34:44Z"],"author_association":["CONTRIBUTOR"],"pull_request":{"url":["https://api.github.com/repos/terrytangyuan/ctv-model-deployment/pulls/3"],"html_url":["https://github.com/terrytangyuan/ctv-model-deployment/pull/3"],"diff_url":["https://github.com/terrytangyuan/ctv-model-deployment/pull/3.diff"],"patch_url":["https://github.com/terrytangyuan/ctv-model-deployment/pull/3.patch"]},"body":[""]},{"url":["https://api.github.com/repos/terrytangyuan/ctv-model-deployment/issues/2"],"repository_url":["https://api.github.com/repos/terrytangyuan/ctv-model-deployment"],"labels_url":["https://api.github.com/repos/terrytangyuan/ctv-model-deployment/issues/2/labels{/name}"],"comments_url":["https://api.github.com/repos/terrytangyuan/ctv-model-deployment/issues/2/comments"],"events_url":["https://api.github.com/repos/terrytangyuan/ctv-model-deployment/issues/2/events"],"html_url":["https://github.com/terrytangyuan/ctv-model-deployment/pull/2"],"id":[319234262],"node_id":["MDExOlB1bGxSZXF1ZXN0MTg1MjA1Mzkw"],"number":[2],"title":["Add mleap"],"user":{"login":["kevinykuo"],"id":[5582151],"node_id":["MDQ6VXNlcjU1ODIxNTE="],"avatar_url":["https://avatars3.githubusercontent.com/u/5582151?v=4"],"gravatar_id":[""],"url":["https://api.github.com/users/kevinykuo"],"html_url":["https://github.com/kevinykuo"],"followers_url":["https://api.github.com/users/kevinykuo/followers"],"following_url":["https://api.github.com/users/kevinykuo/following{/other_user}"],"gists_url":["https://api.github.com/users/kevinykuo/gists{/gist_id}"],"starred_url":["https://api.github.com/users/kevinykuo/starred{/owner}{/repo}"],"subscriptions_url":["https://api.github.com/users/kevinykuo/subscriptions"],"organizations_url":["https://api.github.com/users/kevinykuo/orgs"],"repos_url":["https://api.github.com/users/kevinykuo/repos"],"events_url":["https://api.github.com/users/kevinykuo/events{/privacy}"],"received_events_url":["https://api.github.com/users/kevinykuo/received_events"],"type":["User"],"site_admin":[false]},"labels":[],"state":["closed"],"locked":[false],"assignee":{},"assignees":[],"milestone":{},"comments":[2],"created_at":["2018-05-01T15:38:28Z"],"updated_at":["2018-05-01T15:56:53Z"],"closed_at":["2018-05-01T15:56:47Z"],"author_association":["CONTRIBUTOR"],"pull_request":{"url":["https://api.github.com/repos/terrytangyuan/ctv-model-deployment/pulls/2"],"html_url":["https://github.com/terrytangyuan/ctv-model-deployment/pull/2"],"diff_url":["https://github.com/terrytangyuan/ctv-model-deployment/pull/2.diff"],"patch_url":["https://github.com/terrytangyuan/ctv-model-deployment/pull/2.patch"]},"body":["@terrytangyuan let me know if I'm doing this right!"]},{"url":["https://api.github.com/repos/terrytangyuan/ctv-model-deployment/issues/1"],"repository_url":["https://api.github.com/repos/terrytangyuan/ctv-model-deployment"],"labels_url":["https://api.github.com/repos/terrytangyuan/ctv-model-deployment/issues/1/labels{/name}"],"comments_url":["https://api.github.com/repos/terrytangyuan/ctv-model-deployment/issues/1/comments"],"events_url":["https://api.github.com/repos/terrytangyuan/ctv-model-deployment/issues/1/events"],"html_url":["https://github.com/terrytangyuan/ctv-model-deployment/issues/1"],"id":[308363952],"node_id":["MDU6SXNzdWUzMDgzNjM5NTI="],"number":[1],"title":["plumber"],"user":{"login":["harrismcgehee"],"id":[9814456],"node_id":["MDQ6VXNlcjk4MTQ0NTY="],"avatar_url":["https://avatars3.githubusercontent.com/u/9814456?v=4"],"gravatar_id":[""],"url":["https://api.github.com/users/harrismcgehee"],"html_url":["https://github.com/harrismcgehee"],"followers_url":["https://api.github.com/users/harrismcgehee/followers"],"following_url":["https://api.github.com/users/harrismcgehee/following{/other_user}"],"gists_url":["https://api.github.com/users/harrismcgehee/gists{/gist_id}"],"starred_url":["https://api.github.com/users/harrismcgehee/starred{/owner}{/repo}"],"subscriptions_url":["https://api.github.com/users/harrismcgehee/subscriptions"],"organizations_url":["https://api.github.com/users/harrismcgehee/orgs"],"repos_url":["https://api.github.com/users/harrismcgehee/repos"],"events_url":["https://api.github.com/users/harrismcgehee/events{/privacy}"],"received_events_url":["https://api.github.com/users/harrismcgehee/received_events"],"type":["User"],"site_admin":[false]},"labels":[],"state":["closed"],"locked":[false],"assignee":{},"assignees":[],"milestone":{},"comments":[3],"created_at":["2018-03-25T16:32:34Z"],"updated_at":["2018-03-25T20:49:55Z"],"closed_at":["2018-03-25T19:22:04Z"],"author_association":["NONE"],"body":["Any thoughts about [plumber](https://cran.r-project.org/web/packages/plumber/index.html)?\r\n\r\nI'm not an expert in deployment, but I've heard about it as a potential strategy."]}]
