[{"url":["https://api.github.com/repos/terrytangyuan/dml/issues/35"],"repository_url":["https://api.github.com/repos/terrytangyuan/dml"],"labels_url":["https://api.github.com/repos/terrytangyuan/dml/issues/35/labels{/name}"],"comments_url":["https://api.github.com/repos/terrytangyuan/dml/issues/35/comments"],"events_url":["https://api.github.com/repos/terrytangyuan/dml/issues/35/events"],"html_url":["https://github.com/terrytangyuan/dml/pull/35"],"id":[420022726],"node_id":["MDExOlB1bGxSZXF1ZXN0MjYwMzkxODQ5"],"number":[35],"title":["fixing a bug inside the GdmFull function"],"user":{"login":["janusza"],"id":[7699724],"node_id":["MDQ6VXNlcjc2OTk3MjQ="],"avatar_url":["https://avatars2.githubusercontent.com/u/7699724?v=4"],"gravatar_id":[""],"url":["https://api.github.com/users/janusza"],"html_url":["https://github.com/janusza"],"followers_url":["https://api.github.com/users/janusza/followers"],"following_url":["https://api.github.com/users/janusza/following{/other_user}"],"gists_url":["https://api.github.com/users/janusza/gists{/gist_id}"],"starred_url":["https://api.github.com/users/janusza/starred{/owner}{/repo}"],"subscriptions_url":["https://api.github.com/users/janusza/subscriptions"],"organizations_url":["https://api.github.com/users/janusza/orgs"],"repos_url":["https://api.github.com/users/janusza/repos"],"events_url":["https://api.github.com/users/janusza/events{/privacy}"],"received_events_url":["https://api.github.com/users/janusza/received_events"],"type":["User"],"site_admin":[false]},"labels":[],"state":["closed"],"locked":[false],"assignee":{},"assignees":[],"milestone":{},"comments":[0],"created_at":["2019-03-12T14:38:09Z"],"updated_at":["2019-03-12T14:44:17Z"],"closed_at":["2019-03-12T14:44:17Z"],"author_association":["CONTRIBUTOR"],"pull_request":{"url":["https://api.github.com/repos/terrytangyuan/dml/pulls/35"],"html_url":["https://github.com/terrytangyuan/dml/pull/35"],"diff_url":["https://github.com/terrytangyuan/dml/pull/35.diff"],"patch_url":["https://github.com/terrytangyuan/dml/pull/35.patch"]},"body":["for some reason, in line 219 A was tured into a 3x3 matrix regardles of the d value"]},{"url":["https://api.github.com/repos/terrytangyuan/dml/issues/34"],"repository_url":["https://api.github.com/repos/terrytangyuan/dml"],"labels_url":["https://api.github.com/repos/terrytangyuan/dml/issues/34/labels{/name}"],"comments_url":["https://api.github.com/repos/terrytangyuan/dml/issues/34/comments"],"events_url":["https://api.github.com/repos/terrytangyuan/dml/issues/34/events"],"html_url":["https://github.com/terrytangyuan/dml/issues/34"],"id":[411128512],"node_id":["MDU6SXNzdWU0MTExMjg1MTI="],"number":[34],"title":["GDMFull not working with 178x2 data matrix - 'dml' version 1.1.0"],"user":{"login":["roopeshdhara"],"id":[42624331],"node_id":["MDQ6VXNlcjQyNjI0MzMx"],"avatar_url":["https://avatars2.githubusercontent.com/u/42624331?v=4"],"gravatar_id":[""],"url":["https://api.github.com/users/roopeshdhara"],"html_url":["https://github.com/roopeshdhara"],"followers_url":["https://api.github.com/users/roopeshdhara/followers"],"following_url":["https://api.github.com/users/roopeshdhara/following{/other_user}"],"gists_url":["https://api.github.com/users/roopeshdhara/gists{/gist_id}"],"starred_url":["https://api.github.com/users/roopeshdhara/starred{/owner}{/repo}"],"subscriptions_url":["https://api.github.com/users/roopeshdhara/subscriptions"],"organizations_url":["https://api.github.com/users/roopeshdhara/orgs"],"repos_url":["https://api.github.com/users/roopeshdhara/repos"],"events_url":["https://api.github.com/users/roopeshdhara/events{/privacy}"],"received_events_url":["https://api.github.com/users/roopeshdhara/received_events"],"type":["User"],"site_admin":[false]},"labels":[],"state":["open"],"locked":[false],"assignee":{},"assignees":[],"milestone":{},"comments":[0],"created_at":["2019-02-16T23:46:12Z"],"updated_at":["2019-02-16T23:47:41Z"],"closed_at":{},"author_association":["NONE"],"body":["GdmFull(data, simi, dism, maxiter = 100)\r\n\r\n'data' is a 178x2 matrix, 'simi' and 'dism' are 178x2 matrices describing similar and dissimilar constraints from 'data' matrix.\r\n\r\nWith this data, when I ran GdmFull(data, simi, dism, maxiter = 100), this error popped up. \r\n\r\n**\r\nError in while (projection.iters < maxiter & satisfy == 0) { : \r\n  missing value where TRUE/FALSE needed\r\n**\r\n\r\nPlease let me know how to go about this. \r\n\r\nThank you in advance!"]},{"url":["https://api.github.com/repos/terrytangyuan/dml/issues/33"],"repository_url":["https://api.github.com/repos/terrytangyuan/dml"],"labels_url":["https://api.github.com/repos/terrytangyuan/dml/issues/33/labels{/name}"],"comments_url":["https://api.github.com/repos/terrytangyuan/dml/issues/33/comments"],"events_url":["https://api.github.com/repos/terrytangyuan/dml/issues/33/events"],"html_url":["https://github.com/terrytangyuan/dml/issues/33"],"id":[372155214],"node_id":["MDU6SXNzdWUzNzIxNTUyMTQ="],"number":[33],"title":["the date in the DESCRIPTION file needs updating from 2015-08-26"],"user":{"login":["joethorley"],"id":[613671],"node_id":["MDQ6VXNlcjYxMzY3MQ=="],"avatar_url":["https://avatars2.githubusercontent.com/u/613671?v=4"],"gravatar_id":[""],"url":["https://api.github.com/users/joethorley"],"html_url":["https://github.com/joethorley"],"followers_url":["https://api.github.com/users/joethorley/followers"],"following_url":["https://api.github.com/users/joethorley/following{/other_user}"],"gists_url":["https://api.github.com/users/joethorley/gists{/gist_id}"],"starred_url":["https://api.github.com/users/joethorley/starred{/owner}{/repo}"],"subscriptions_url":["https://api.github.com/users/joethorley/subscriptions"],"organizations_url":["https://api.github.com/users/joethorley/orgs"],"repos_url":["https://api.github.com/users/joethorley/repos"],"events_url":["https://api.github.com/users/joethorley/events{/privacy}"],"received_events_url":["https://api.github.com/users/joethorley/received_events"],"type":["User"],"site_admin":[false]},"labels":[],"state":["closed"],"locked":[false],"assignee":{},"assignees":[],"milestone":{},"comments":[1],"created_at":["2018-10-20T00:37:34Z"],"updated_at":["2018-10-20T02:18:28Z"],"closed_at":["2018-10-20T02:18:28Z"],"author_association":["NONE"],"body":["https://github.com/openjournals/joss-reviews/issues/1036"]},{"url":["https://api.github.com/repos/terrytangyuan/dml/issues/32"],"repository_url":["https://api.github.com/repos/terrytangyuan/dml"],"labels_url":["https://api.github.com/repos/terrytangyuan/dml/issues/32/labels{/name}"],"comments_url":["https://api.github.com/repos/terrytangyuan/dml/issues/32/comments"],"events_url":["https://api.github.com/repos/terrytangyuan/dml/issues/32/events"],"html_url":["https://github.com/terrytangyuan/dml/issues/32"],"id":[372154564],"node_id":["MDU6SXNzdWUzNzIxNTQ1NjQ="],"number":[32],"title":["package scatterplot3d should be in suggests"],"user":{"login":["joethorley"],"id":[613671],"node_id":["MDQ6VXNlcjYxMzY3MQ=="],"avatar_url":["https://avatars2.githubusercontent.com/u/613671?v=4"],"gravatar_id":[""],"url":["https://api.github.com/users/joethorley"],"html_url":["https://github.com/joethorley"],"followers_url":["https://api.github.com/users/joethorley/followers"],"following_url":["https://api.github.com/users/joethorley/following{/other_user}"],"gists_url":["https://api.github.com/users/joethorley/gists{/gist_id}"],"starred_url":["https://api.github.com/users/joethorley/starred{/owner}{/repo}"],"subscriptions_url":["https://api.github.com/users/joethorley/subscriptions"],"organizations_url":["https://api.github.com/users/joethorley/orgs"],"repos_url":["https://api.github.com/users/joethorley/repos"],"events_url":["https://api.github.com/users/joethorley/events{/privacy}"],"received_events_url":["https://api.github.com/users/joethorley/received_events"],"type":["User"],"site_admin":[false]},"labels":[],"state":["closed"],"locked":[false],"assignee":{},"assignees":[],"milestone":{},"comments":[1],"created_at":["2018-10-20T00:31:40Z"],"updated_at":["2018-10-20T02:32:46Z"],"closed_at":["2018-10-20T02:32:46Z"],"author_association":["NONE"],"body":["as its used in examples\r\n\r\nhttps://github.com/openjournals/joss-reviews/issues/1036"]},{"url":["https://api.github.com/repos/terrytangyuan/dml/issues/31"],"repository_url":["https://api.github.com/repos/terrytangyuan/dml"],"labels_url":["https://api.github.com/repos/terrytangyuan/dml/issues/31/labels{/name}"],"comments_url":["https://api.github.com/repos/terrytangyuan/dml/issues/31/comments"],"events_url":["https://api.github.com/repos/terrytangyuan/dml/issues/31/events"],"html_url":["https://github.com/terrytangyuan/dml/issues/31"],"id":[372154281],"node_id":["MDU6SXNzdWUzNzIxNTQyODE="],"number":[31],"title":["function documentation requires editing"],"user":{"login":["joethorley"],"id":[613671],"node_id":["MDQ6VXNlcjYxMzY3MQ=="],"avatar_url":["https://avatars2.githubusercontent.com/u/613671?v=4"],"gravatar_id":[""],"url":["https://api.github.com/users/joethorley"],"html_url":["https://github.com/joethorley"],"followers_url":["https://api.github.com/users/joethorley/followers"],"following_url":["https://api.github.com/users/joethorley/following{/other_user}"],"gists_url":["https://api.github.com/users/joethorley/gists{/gist_id}"],"starred_url":["https://api.github.com/users/joethorley/starred{/owner}{/repo}"],"subscriptions_url":["https://api.github.com/users/joethorley/subscriptions"],"organizations_url":["https://api.github.com/users/joethorley/orgs"],"repos_url":["https://api.github.com/users/joethorley/repos"],"events_url":["https://api.github.com/users/joethorley/events{/privacy}"],"received_events_url":["https://api.github.com/users/joethorley/received_events"],"type":["User"],"site_admin":[false]},"labels":[],"state":["closed"],"locked":[false],"assignee":{},"assignees":[],"milestone":{},"comments":[1],"created_at":["2018-10-20T00:28:59Z"],"updated_at":["2018-10-20T16:23:34Z"],"closed_at":["2018-10-20T16:23:34Z"],"author_association":["NONE"],"body":["in particular text like\r\n\r\n`#' Put DCA function details here.`\r\n\r\nand \r\n\r\n`#' @note Put some note here.`\r\n\r\nrequires filling in or removing\r\n"]},{"url":["https://api.github.com/repos/terrytangyuan/dml/issues/30"],"repository_url":["https://api.github.com/repos/terrytangyuan/dml"],"labels_url":["https://api.github.com/repos/terrytangyuan/dml/issues/30/labels{/name}"],"comments_url":["https://api.github.com/repos/terrytangyuan/dml/issues/30/comments"],"events_url":["https://api.github.com/repos/terrytangyuan/dml/issues/30/events"],"html_url":["https://github.com/terrytangyuan/dml/issues/30"],"id":[372154078],"node_id":["MDU6SXNzdWUzNzIxNTQwNzg="],"number":[30],"title":["`plot(x$V1, x$V2)` errors out in dml example"],"user":{"login":["joethorley"],"id":[613671],"node_id":["MDQ6VXNlcjYxMzY3MQ=="],"avatar_url":["https://avatars2.githubusercontent.com/u/613671?v=4"],"gravatar_id":[""],"url":["https://api.github.com/users/joethorley"],"html_url":["https://github.com/joethorley"],"followers_url":["https://api.github.com/users/joethorley/followers"],"following_url":["https://api.github.com/users/joethorley/following{/other_user}"],"gists_url":["https://api.github.com/users/joethorley/gists{/gist_id}"],"starred_url":["https://api.github.com/users/joethorley/starred{/owner}{/repo}"],"subscriptions_url":["https://api.github.com/users/joethorley/subscriptions"],"organizations_url":["https://api.github.com/users/joethorley/orgs"],"repos_url":["https://api.github.com/users/joethorley/repos"],"events_url":["https://api.github.com/users/joethorley/events{/privacy}"],"received_events_url":["https://api.github.com/users/joethorley/received_events"],"type":["User"],"site_admin":[false]},"labels":[],"state":["closed"],"locked":[false],"assignee":{},"assignees":[],"milestone":{},"comments":[2],"created_at":["2018-10-20T00:26:51Z"],"updated_at":["2018-10-20T02:50:07Z"],"closed_at":["2018-10-20T02:50:07Z"],"author_association":["NONE"],"body":["should be `plot(data$V1, data$V2)`"]},{"url":["https://api.github.com/repos/terrytangyuan/dml/issues/29"],"repository_url":["https://api.github.com/repos/terrytangyuan/dml"],"labels_url":["https://api.github.com/repos/terrytangyuan/dml/issues/29/labels{/name}"],"comments_url":["https://api.github.com/repos/terrytangyuan/dml/issues/29/comments"],"events_url":["https://api.github.com/repos/terrytangyuan/dml/issues/29/events"],"html_url":["https://github.com/terrytangyuan/dml/issues/29"],"id":[372152401],"node_id":["MDU6SXNzdWUzNzIxNTI0MDE="],"number":[29],"title":["add documentation for `?dml`"],"user":{"login":["joethorley"],"id":[613671],"node_id":["MDQ6VXNlcjYxMzY3MQ=="],"avatar_url":["https://avatars2.githubusercontent.com/u/613671?v=4"],"gravatar_id":[""],"url":["https://api.github.com/users/joethorley"],"html_url":["https://github.com/joethorley"],"followers_url":["https://api.github.com/users/joethorley/followers"],"following_url":["https://api.github.com/users/joethorley/following{/other_user}"],"gists_url":["https://api.github.com/users/joethorley/gists{/gist_id}"],"starred_url":["https://api.github.com/users/joethorley/starred{/owner}{/repo}"],"subscriptions_url":["https://api.github.com/users/joethorley/subscriptions"],"organizations_url":["https://api.github.com/users/joethorley/orgs"],"repos_url":["https://api.github.com/users/joethorley/repos"],"events_url":["https://api.github.com/users/joethorley/events{/privacy}"],"received_events_url":["https://api.github.com/users/joethorley/received_events"],"type":["User"],"site_admin":[false]},"labels":[],"state":["closed"],"locked":[false],"assignee":{},"assignees":[],"milestone":{},"comments":[2],"created_at":["2018-10-20T00:12:38Z"],"updated_at":["2018-10-20T02:41:58Z"],"closed_at":["2018-10-20T02:41:58Z"],"author_association":["NONE"],"body":["can you `usethis::use_package_doc()` to add documentation for `?dml`\r\n"]},{"url":["https://api.github.com/repos/terrytangyuan/dml/issues/28"],"repository_url":["https://api.github.com/repos/terrytangyuan/dml"],"labels_url":["https://api.github.com/repos/terrytangyuan/dml/issues/28/labels{/name}"],"comments_url":["https://api.github.com/repos/terrytangyuan/dml/issues/28/comments"],"events_url":["https://api.github.com/repos/terrytangyuan/dml/issues/28/events"],"html_url":["https://github.com/terrytangyuan/dml/issues/28"],"id":[372145677],"node_id":["MDU6SXNzdWUzNzIxNDU2Nzc="],"number":[28],"title":["please add some examples with R code to replicate to the README"],"user":{"login":["joethorley"],"id":[613671],"node_id":["MDQ6VXNlcjYxMzY3MQ=="],"avatar_url":["https://avatars2.githubusercontent.com/u/613671?v=4"],"gravatar_id":[""],"url":["https://api.github.com/users/joethorley"],"html_url":["https://github.com/joethorley"],"followers_url":["https://api.github.com/users/joethorley/followers"],"following_url":["https://api.github.com/users/joethorley/following{/other_user}"],"gists_url":["https://api.github.com/users/joethorley/gists{/gist_id}"],"starred_url":["https://api.github.com/users/joethorley/starred{/owner}{/repo}"],"subscriptions_url":["https://api.github.com/users/joethorley/subscriptions"],"organizations_url":["https://api.github.com/users/joethorley/orgs"],"repos_url":["https://api.github.com/users/joethorley/repos"],"events_url":["https://api.github.com/users/joethorley/events{/privacy}"],"received_events_url":["https://api.github.com/users/joethorley/received_events"],"type":["User"],"site_admin":[false]},"labels":[],"state":["closed"],"locked":[false],"assignee":{},"assignees":[],"milestone":{},"comments":[0],"created_at":["2018-10-19T23:23:16Z"],"updated_at":["2018-10-20T16:23:34Z"],"closed_at":["2018-10-20T16:23:34Z"],"author_association":["NONE"],"body":["https://github.com/openjournals/joss-reviews/issues/1036"]},{"url":["https://api.github.com/repos/terrytangyuan/dml/issues/27"],"repository_url":["https://api.github.com/repos/terrytangyuan/dml"],"labels_url":["https://api.github.com/repos/terrytangyuan/dml/issues/27/labels{/name}"],"comments_url":["https://api.github.com/repos/terrytangyuan/dml/issues/27/comments"],"events_url":["https://api.github.com/repos/terrytangyuan/dml/issues/27/events"],"html_url":["https://github.com/terrytangyuan/dml/issues/27"],"id":[372144839],"node_id":["MDU6SXNzdWUzNzIxNDQ4Mzk="],"number":[27],"title":["please clarify what is meant by state-of-the art"],"user":{"login":["joethorley"],"id":[613671],"node_id":["MDQ6VXNlcjYxMzY3MQ=="],"avatar_url":["https://avatars2.githubusercontent.com/u/613671?v=4"],"gravatar_id":[""],"url":["https://api.github.com/users/joethorley"],"html_url":["https://github.com/joethorley"],"followers_url":["https://api.github.com/users/joethorley/followers"],"following_url":["https://api.github.com/users/joethorley/following{/other_user}"],"gists_url":["https://api.github.com/users/joethorley/gists{/gist_id}"],"starred_url":["https://api.github.com/users/joethorley/starred{/owner}{/repo}"],"subscriptions_url":["https://api.github.com/users/joethorley/subscriptions"],"organizations_url":["https://api.github.com/users/joethorley/orgs"],"repos_url":["https://api.github.com/users/joethorley/repos"],"events_url":["https://api.github.com/users/joethorley/events{/privacy}"],"received_events_url":["https://api.github.com/users/joethorley/received_events"],"type":["User"],"site_admin":[false]},"labels":[],"state":["closed"],"locked":[false],"assignee":{},"assignees":[],"milestone":{},"comments":[0],"created_at":["2018-10-19T23:17:47Z"],"updated_at":["2018-10-20T16:28:01Z"],"closed_at":["2018-10-20T16:28:01Z"],"author_association":["NONE"],"body":["https://github.com/openjournals/joss-reviews/issues/1036"]},{"url":["https://api.github.com/repos/terrytangyuan/dml/issues/26"],"repository_url":["https://api.github.com/repos/terrytangyuan/dml"],"labels_url":["https://api.github.com/repos/terrytangyuan/dml/issues/26/labels{/name}"],"comments_url":["https://api.github.com/repos/terrytangyuan/dml/issues/26/comments"],"events_url":["https://api.github.com/repos/terrytangyuan/dml/issues/26/events"],"html_url":["https://github.com/terrytangyuan/dml/issues/26"],"id":[372144497],"node_id":["MDU6SXNzdWUzNzIxNDQ0OTc="],"number":[26],"title":["add clear guidelines for third parties wishing to Contribute to the software"],"user":{"login":["joethorley"],"id":[613671],"node_id":["MDQ6VXNlcjYxMzY3MQ=="],"avatar_url":["https://avatars2.githubusercontent.com/u/613671?v=4"],"gravatar_id":[""],"url":["https://api.github.com/users/joethorley"],"html_url":["https://github.com/joethorley"],"followers_url":["https://api.github.com/users/joethorley/followers"],"following_url":["https://api.github.com/users/joethorley/following{/other_user}"],"gists_url":["https://api.github.com/users/joethorley/gists{/gist_id}"],"starred_url":["https://api.github.com/users/joethorley/starred{/owner}{/repo}"],"subscriptions_url":["https://api.github.com/users/joethorley/subscriptions"],"organizations_url":["https://api.github.com/users/joethorley/orgs"],"repos_url":["https://api.github.com/users/joethorley/repos"],"events_url":["https://api.github.com/users/joethorley/events{/privacy}"],"received_events_url":["https://api.github.com/users/joethorley/received_events"],"type":["User"],"site_admin":[false]},"labels":[],"state":["closed"],"locked":[false],"assignee":{},"assignees":[],"milestone":{},"comments":[2],"created_at":["2018-10-19T23:15:46Z"],"updated_at":["2018-10-20T03:14:13Z"],"closed_at":["2018-10-20T03:14:13Z"],"author_association":["NONE"],"body":["this is on the checklist for the JOSS review\r\n\r\nplease add to the README (ideally with a code of conduct)\r\n"]},{"url":["https://api.github.com/repos/terrytangyuan/dml/issues/25"],"repository_url":["https://api.github.com/repos/terrytangyuan/dml"],"labels_url":["https://api.github.com/repos/terrytangyuan/dml/issues/25/labels{/name}"],"comments_url":["https://api.github.com/repos/terrytangyuan/dml/issues/25/comments"],"events_url":["https://api.github.com/repos/terrytangyuan/dml/issues/25/events"],"html_url":["https://github.com/terrytangyuan/dml/issues/25"],"id":[327043108],"node_id":["MDU6SXNzdWUzMjcwNDMxMDg="],"number":[25],"title":["useD can't be set in dca"],"user":{"login":["BinDuan"],"id":[20249802],"node_id":["MDQ6VXNlcjIwMjQ5ODAy"],"avatar_url":["https://avatars2.githubusercontent.com/u/20249802?v=4"],"gravatar_id":[""],"url":["https://api.github.com/users/BinDuan"],"html_url":["https://github.com/BinDuan"],"followers_url":["https://api.github.com/users/BinDuan/followers"],"following_url":["https://api.github.com/users/BinDuan/following{/other_user}"],"gists_url":["https://api.github.com/users/BinDuan/gists{/gist_id}"],"starred_url":["https://api.github.com/users/BinDuan/starred{/owner}{/repo}"],"subscriptions_url":["https://api.github.com/users/BinDuan/subscriptions"],"organizations_url":["https://api.github.com/users/BinDuan/orgs"],"repos_url":["https://api.github.com/users/BinDuan/repos"],"events_url":["https://api.github.com/users/BinDuan/events{/privacy}"],"received_events_url":["https://api.github.com/users/BinDuan/received_events"],"type":["User"],"site_admin":[false]},"labels":[],"state":["open"],"locked":[false],"assignee":{},"assignees":[],"milestone":{},"comments":[1],"created_at":["2018-05-28T14:22:43Z"],"updated_at":["2018-10-20T16:30:25Z"],"closed_at":{},"author_association":["NONE"],"body":["when I set the parameter \"useD\" in dca function, such as useD=10(the original dimension is 100), error occurs:\r\nError in eigen(as.matrix(x)) : infinite or missing values in 'x'\r\n\r\nuseD is useless, I don't know why. "]},{"url":["https://api.github.com/repos/terrytangyuan/dml/issues/24"],"repository_url":["https://api.github.com/repos/terrytangyuan/dml"],"labels_url":["https://api.github.com/repos/terrytangyuan/dml/issues/24/labels{/name}"],"comments_url":["https://api.github.com/repos/terrytangyuan/dml/issues/24/comments"],"events_url":["https://api.github.com/repos/terrytangyuan/dml/issues/24/events"],"html_url":["https://github.com/terrytangyuan/dml/pull/24"],"id":[196543369],"node_id":["MDExOlB1bGxSZXF1ZXN0OTg2NTY3MTg="],"number":[24],"title":["Fixed style in test_algorithms"],"user":{"login":["jameslamb"],"id":[7608904],"node_id":["MDQ6VXNlcjc2MDg5MDQ="],"avatar_url":["https://avatars1.githubusercontent.com/u/7608904?v=4"],"gravatar_id":[""],"url":["https://api.github.com/users/jameslamb"],"html_url":["https://github.com/jameslamb"],"followers_url":["https://api.github.com/users/jameslamb/followers"],"following_url":["https://api.github.com/users/jameslamb/following{/other_user}"],"gists_url":["https://api.github.com/users/jameslamb/gists{/gist_id}"],"starred_url":["https://api.github.com/users/jameslamb/starred{/owner}{/repo}"],"subscriptions_url":["https://api.github.com/users/jameslamb/subscriptions"],"organizations_url":["https://api.github.com/users/jameslamb/orgs"],"repos_url":["https://api.github.com/users/jameslamb/repos"],"events_url":["https://api.github.com/users/jameslamb/events{/privacy}"],"received_events_url":["https://api.github.com/users/jameslamb/received_events"],"type":["User"],"site_admin":[false]},"labels":[{"id":[500157634],"node_id":["MDU6TGFiZWw1MDAxNTc2MzQ="],"url":["https://api.github.com/repos/terrytangyuan/dml/labels/community"],"name":["community"],"color":["1d76db"],"default":[false]}],"state":["closed"],"locked":[false],"assignee":{},"assignees":[],"milestone":{},"comments":[1],"created_at":["2016-12-19T23:03:53Z"],"updated_at":["2016-12-19T23:18:04Z"],"closed_at":["2016-12-19T23:08:56Z"],"author_association":["CONTRIBUTOR"],"pull_request":{"url":["https://api.github.com/repos/terrytangyuan/dml/pulls/24"],"html_url":["https://github.com/terrytangyuan/dml/pull/24"],"diff_url":["https://github.com/terrytangyuan/dml/pull/24.diff"],"patch_url":["https://github.com/terrytangyuan/dml/pull/24.patch"]},"body":[""]},{"url":["https://api.github.com/repos/terrytangyuan/dml/issues/23"],"repository_url":["https://api.github.com/repos/terrytangyuan/dml"],"labels_url":["https://api.github.com/repos/terrytangyuan/dml/issues/23/labels{/name}"],"comments_url":["https://api.github.com/repos/terrytangyuan/dml/issues/23/comments"],"events_url":["https://api.github.com/repos/terrytangyuan/dml/issues/23/events"],"html_url":["https://github.com/terrytangyuan/dml/pull/23"],"id":[196538479],"node_id":["MDExOlB1bGxSZXF1ZXN0OTg2NTMwMzk="],"number":[23],"title":["More tests (GdmDiag this time)"],"user":{"login":["jameslamb"],"id":[7608904],"node_id":["MDQ6VXNlcjc2MDg5MDQ="],"avatar_url":["https://avatars1.githubusercontent.com/u/7608904?v=4"],"gravatar_id":[""],"url":["https://api.github.com/users/jameslamb"],"html_url":["https://github.com/jameslamb"],"followers_url":["https://api.github.com/users/jameslamb/followers"],"following_url":["https://api.github.com/users/jameslamb/following{/other_user}"],"gists_url":["https://api.github.com/users/jameslamb/gists{/gist_id}"],"starred_url":["https://api.github.com/users/jameslamb/starred{/owner}{/repo}"],"subscriptions_url":["https://api.github.com/users/jameslamb/subscriptions"],"organizations_url":["https://api.github.com/users/jameslamb/orgs"],"repos_url":["https://api.github.com/users/jameslamb/repos"],"events_url":["https://api.github.com/users/jameslamb/events{/privacy}"],"received_events_url":["https://api.github.com/users/jameslamb/received_events"],"type":["User"],"site_admin":[false]},"labels":[],"state":["closed"],"locked":[false],"assignee":{},"assignees":[],"milestone":{},"comments":[3],"created_at":["2016-12-19T22:36:03Z"],"updated_at":["2016-12-19T22:57:27Z"],"closed_at":["2016-12-19T22:56:49Z"],"author_association":["CONTRIBUTOR"],"pull_request":{"url":["https://api.github.com/repos/terrytangyuan/dml/pulls/23"],"html_url":["https://github.com/terrytangyuan/dml/pull/23"],"diff_url":["https://github.com/terrytangyuan/dml/pull/23.diff"],"patch_url":["https://github.com/terrytangyuan/dml/pull/23.patch"]},"body":[""]},{"url":["https://api.github.com/repos/terrytangyuan/dml/issues/22"],"repository_url":["https://api.github.com/repos/terrytangyuan/dml"],"labels_url":["https://api.github.com/repos/terrytangyuan/dml/issues/22/labels{/name}"],"comments_url":["https://api.github.com/repos/terrytangyuan/dml/issues/22/comments"],"events_url":["https://api.github.com/repos/terrytangyuan/dml/issues/22/events"],"html_url":["https://github.com/terrytangyuan/dml/pull/22"],"id":[195290483],"node_id":["MDExOlB1bGxSZXF1ZXN0OTc3NzgxMTE="],"number":[22],"title":["Added tests on input type and dimensions to GdmFull"],"user":{"login":["jameslamb"],"id":[7608904],"node_id":["MDQ6VXNlcjc2MDg5MDQ="],"avatar_url":["https://avatars1.githubusercontent.com/u/7608904?v=4"],"gravatar_id":[""],"url":["https://api.github.com/users/jameslamb"],"html_url":["https://github.com/jameslamb"],"followers_url":["https://api.github.com/users/jameslamb/followers"],"following_url":["https://api.github.com/users/jameslamb/following{/other_user}"],"gists_url":["https://api.github.com/users/jameslamb/gists{/gist_id}"],"starred_url":["https://api.github.com/users/jameslamb/starred{/owner}{/repo}"],"subscriptions_url":["https://api.github.com/users/jameslamb/subscriptions"],"organizations_url":["https://api.github.com/users/jameslamb/orgs"],"repos_url":["https://api.github.com/users/jameslamb/repos"],"events_url":["https://api.github.com/users/jameslamb/events{/privacy}"],"received_events_url":["https://api.github.com/users/jameslamb/received_events"],"type":["User"],"site_admin":[false]},"labels":[{"id":[500157634],"node_id":["MDU6TGFiZWw1MDAxNTc2MzQ="],"url":["https://api.github.com/repos/terrytangyuan/dml/labels/community"],"name":["community"],"color":["1d76db"],"default":[false]}],"state":["closed"],"locked":[false],"assignee":{},"assignees":[],"milestone":{},"comments":[1],"created_at":["2016-12-13T15:54:28Z"],"updated_at":["2016-12-13T18:38:11Z"],"closed_at":["2016-12-13T18:38:04Z"],"author_association":["CONTRIBUTOR"],"pull_request":{"url":["https://api.github.com/repos/terrytangyuan/dml/pulls/22"],"html_url":["https://github.com/terrytangyuan/dml/pull/22"],"diff_url":["https://github.com/terrytangyuan/dml/pull/22.diff"],"patch_url":["https://github.com/terrytangyuan/dml/pull/22.patch"]},"body":["by @632Katz & I"]},{"url":["https://api.github.com/repos/terrytangyuan/dml/issues/21"],"repository_url":["https://api.github.com/repos/terrytangyuan/dml"],"labels_url":["https://api.github.com/repos/terrytangyuan/dml/issues/21/labels{/name}"],"comments_url":["https://api.github.com/repos/terrytangyuan/dml/issues/21/comments"],"events_url":["https://api.github.com/repos/terrytangyuan/dml/issues/21/events"],"html_url":["https://github.com/terrytangyuan/dml/pull/21"],"id":[195138375],"node_id":["MDExOlB1bGxSZXF1ZXN0OTc2NzI0NjQ="],"number":[21],"title":["New unit test"],"user":{"login":["mthorrell"],"id":[15166269],"node_id":["MDQ6VXNlcjE1MTY2MjY5"],"avatar_url":["https://avatars3.githubusercontent.com/u/15166269?v=4"],"gravatar_id":[""],"url":["https://api.github.com/users/mthorrell"],"html_url":["https://github.com/mthorrell"],"followers_url":["https://api.github.com/users/mthorrell/followers"],"following_url":["https://api.github.com/users/mthorrell/following{/other_user}"],"gists_url":["https://api.github.com/users/mthorrell/gists{/gist_id}"],"starred_url":["https://api.github.com/users/mthorrell/starred{/owner}{/repo}"],"subscriptions_url":["https://api.github.com/users/mthorrell/subscriptions"],"organizations_url":["https://api.github.com/users/mthorrell/orgs"],"repos_url":["https://api.github.com/users/mthorrell/repos"],"events_url":["https://api.github.com/users/mthorrell/events{/privacy}"],"received_events_url":["https://api.github.com/users/mthorrell/received_events"],"type":["User"],"site_admin":[false]},"labels":[{"id":[500157634],"node_id":["MDU6TGFiZWw1MDAxNTc2MzQ="],"url":["https://api.github.com/repos/terrytangyuan/dml/labels/community"],"name":["community"],"color":["1d76db"],"default":[false]}],"state":["closed"],"locked":[false],"assignee":{},"assignees":[],"milestone":{},"comments":[1],"created_at":["2016-12-13T01:53:15Z"],"updated_at":["2016-12-13T18:36:54Z"],"closed_at":["2016-12-13T02:20:29Z"],"author_association":["CONTRIBUTOR"],"pull_request":{"url":["https://api.github.com/repos/terrytangyuan/dml/pulls/21"],"html_url":["https://github.com/terrytangyuan/dml/pull/21"],"diff_url":["https://github.com/terrytangyuan/dml/pull/21.diff"],"patch_url":["https://github.com/terrytangyuan/dml/pull/21.patch"]},"body":["Added a unit test that uses useD where useD is less than the dimension of the data."]},{"url":["https://api.github.com/repos/terrytangyuan/dml/issues/20"],"repository_url":["https://api.github.com/repos/terrytangyuan/dml"],"labels_url":["https://api.github.com/repos/terrytangyuan/dml/issues/20/labels{/name}"],"comments_url":["https://api.github.com/repos/terrytangyuan/dml/issues/20/comments"],"events_url":["https://api.github.com/repos/terrytangyuan/dml/issues/20/events"],"html_url":["https://github.com/terrytangyuan/dml/pull/20"],"id":[195137426],"node_id":["MDExOlB1bGxSZXF1ZXN0OTc2NzE3OTE="],"number":[20],"title":["First pr"],"user":{"login":["torpeterson"],"id":[20445604],"node_id":["MDQ6VXNlcjIwNDQ1NjA0"],"avatar_url":["https://avatars3.githubusercontent.com/u/20445604?v=4"],"gravatar_id":[""],"url":["https://api.github.com/users/torpeterson"],"html_url":["https://github.com/torpeterson"],"followers_url":["https://api.github.com/users/torpeterson/followers"],"following_url":["https://api.github.com/users/torpeterson/following{/other_user}"],"gists_url":["https://api.github.com/users/torpeterson/gists{/gist_id}"],"starred_url":["https://api.github.com/users/torpeterson/starred{/owner}{/repo}"],"subscriptions_url":["https://api.github.com/users/torpeterson/subscriptions"],"organizations_url":["https://api.github.com/users/torpeterson/orgs"],"repos_url":["https://api.github.com/users/torpeterson/repos"],"events_url":["https://api.github.com/users/torpeterson/events{/privacy}"],"received_events_url":["https://api.github.com/users/torpeterson/received_events"],"type":["User"],"site_admin":[false]},"labels":[{"id":[500157634],"node_id":["MDU6TGFiZWw1MDAxNTc2MzQ="],"url":["https://api.github.com/repos/terrytangyuan/dml/labels/community"],"name":["community"],"color":["1d76db"],"default":[false]}],"state":["closed"],"locked":[false],"assignee":{},"assignees":[],"milestone":{},"comments":[1],"created_at":["2016-12-13T01:46:07Z"],"updated_at":["2016-12-13T18:37:36Z"],"closed_at":["2016-12-13T02:22:51Z"],"author_association":["CONTRIBUTOR"],"pull_request":{"url":["https://api.github.com/repos/terrytangyuan/dml/pulls/20"],"html_url":["https://github.com/terrytangyuan/dml/pull/20"],"diff_url":["https://github.com/terrytangyuan/dml/pull/20.diff"],"patch_url":["https://github.com/terrytangyuan/dml/pull/20.patch"]},"body":["Removed some dependencies and all builds passed."]},{"url":["https://api.github.com/repos/terrytangyuan/dml/issues/19"],"repository_url":["https://api.github.com/repos/terrytangyuan/dml"],"labels_url":["https://api.github.com/repos/terrytangyuan/dml/issues/19/labels{/name}"],"comments_url":["https://api.github.com/repos/terrytangyuan/dml/issues/19/comments"],"events_url":["https://api.github.com/repos/terrytangyuan/dml/issues/19/events"],"html_url":["https://github.com/terrytangyuan/dml/pull/19"],"id":[195137417],"node_id":["MDExOlB1bGxSZXF1ZXN0OTc2NzE3ODc="],"number":[19],"title":["S3 Methods for dca, GdmDiag, GdmFull, rca functions."],"user":{"login":["kszela24"],"id":[10888896],"node_id":["MDQ6VXNlcjEwODg4ODk2"],"avatar_url":["https://avatars1.githubusercontent.com/u/10888896?v=4"],"gravatar_id":[""],"url":["https://api.github.com/users/kszela24"],"html_url":["https://github.com/kszela24"],"followers_url":["https://api.github.com/users/kszela24/followers"],"following_url":["https://api.github.com/users/kszela24/following{/other_user}"],"gists_url":["https://api.github.com/users/kszela24/gists{/gist_id}"],"starred_url":["https://api.github.com/users/kszela24/starred{/owner}{/repo}"],"subscriptions_url":["https://api.github.com/users/kszela24/subscriptions"],"organizations_url":["https://api.github.com/users/kszela24/orgs"],"repos_url":["https://api.github.com/users/kszela24/repos"],"events_url":["https://api.github.com/users/kszela24/events{/privacy}"],"received_events_url":["https://api.github.com/users/kszela24/received_events"],"type":["User"],"site_admin":[false]},"labels":[{"id":[500157634],"node_id":["MDU6TGFiZWw1MDAxNTc2MzQ="],"url":["https://api.github.com/repos/terrytangyuan/dml/labels/community"],"name":["community"],"color":["1d76db"],"default":[false]}],"state":["closed"],"locked":[false],"assignee":{},"assignees":[],"milestone":{},"comments":[1],"created_at":["2016-12-13T01:46:02Z"],"updated_at":["2016-12-13T18:37:43Z"],"closed_at":["2016-12-13T02:52:34Z"],"author_association":["CONTRIBUTOR"],"pull_request":{"url":["https://api.github.com/repos/terrytangyuan/dml/pulls/19"],"html_url":["https://github.com/terrytangyuan/dml/pull/19"],"diff_url":["https://github.com/terrytangyuan/dml/pull/19.diff"],"patch_url":["https://github.com/terrytangyuan/dml/pull/19.patch"]},"body":["* Added S3 Methods for dca, GdmDiag, GdmFull, rca functions.\r\n* Fixed output of above functions to return class."]},{"url":["https://api.github.com/repos/terrytangyuan/dml/issues/18"],"repository_url":["https://api.github.com/repos/terrytangyuan/dml"],"labels_url":["https://api.github.com/repos/terrytangyuan/dml/issues/18/labels{/name}"],"comments_url":["https://api.github.com/repos/terrytangyuan/dml/issues/18/comments"],"events_url":["https://api.github.com/repos/terrytangyuan/dml/issues/18/events"],"html_url":["https://github.com/terrytangyuan/dml/pull/18"],"id":[195137268],"node_id":["MDExOlB1bGxSZXF1ZXN0OTc2NzE2ODM="],"number":[18],"title":["Added input dimension error checks"],"user":{"login":["jayqi"],"id":[2721979],"node_id":["MDQ6VXNlcjI3MjE5Nzk="],"avatar_url":["https://avatars1.githubusercontent.com/u/2721979?v=4"],"gravatar_id":[""],"url":["https://api.github.com/users/jayqi"],"html_url":["https://github.com/jayqi"],"followers_url":["https://api.github.com/users/jayqi/followers"],"following_url":["https://api.github.com/users/jayqi/following{/other_user}"],"gists_url":["https://api.github.com/users/jayqi/gists{/gist_id}"],"starred_url":["https://api.github.com/users/jayqi/starred{/owner}{/repo}"],"subscriptions_url":["https://api.github.com/users/jayqi/subscriptions"],"organizations_url":["https://api.github.com/users/jayqi/orgs"],"repos_url":["https://api.github.com/users/jayqi/repos"],"events_url":["https://api.github.com/users/jayqi/events{/privacy}"],"received_events_url":["https://api.github.com/users/jayqi/received_events"],"type":["User"],"site_admin":[false]},"labels":[{"id":[500157634],"node_id":["MDU6TGFiZWw1MDAxNTc2MzQ="],"url":["https://api.github.com/repos/terrytangyuan/dml/labels/community"],"name":["community"],"color":["1d76db"],"default":[false]}],"state":["closed"],"locked":[false],"assignee":{},"assignees":[],"milestone":{},"comments":[2],"created_at":["2016-12-13T01:44:51Z"],"updated_at":["2018-10-20T03:27:42Z"],"closed_at":["2018-10-20T03:26:45Z"],"author_association":["NONE"],"pull_request":{"url":["https://api.github.com/repos/terrytangyuan/dml/pulls/18"],"html_url":["https://github.com/terrytangyuan/dml/pull/18"],"diff_url":["https://github.com/terrytangyuan/dml/pull/18.diff"],"patch_url":["https://github.com/terrytangyuan/dml/pull/18.patch"]},"body":["- Added input dimension error checks to `GdmFull` and `GdmDiag`\r\n- Fixed an error in Roxygen example for `GdmFull` and `GdmDiag`\r\n\r\nAddresses Issue #5 "]},{"url":["https://api.github.com/repos/terrytangyuan/dml/issues/17"],"repository_url":["https://api.github.com/repos/terrytangyuan/dml"],"labels_url":["https://api.github.com/repos/terrytangyuan/dml/issues/17/labels{/name}"],"comments_url":["https://api.github.com/repos/terrytangyuan/dml/issues/17/comments"],"events_url":["https://api.github.com/repos/terrytangyuan/dml/issues/17/events"],"html_url":["https://github.com/terrytangyuan/dml/pull/17"],"id":[195133821],"node_id":["MDExOlB1bGxSZXF1ZXN0OTc2NjkyNzQ="],"number":[17],"title":["Chronocook first pr"],"user":{"login":["Chronocook"],"id":[16802207],"node_id":["MDQ6VXNlcjE2ODAyMjA3"],"avatar_url":["https://avatars0.githubusercontent.com/u/16802207?v=4"],"gravatar_id":[""],"url":["https://api.github.com/users/Chronocook"],"html_url":["https://github.com/Chronocook"],"followers_url":["https://api.github.com/users/Chronocook/followers"],"following_url":["https://api.github.com/users/Chronocook/following{/other_user}"],"gists_url":["https://api.github.com/users/Chronocook/gists{/gist_id}"],"starred_url":["https://api.github.com/users/Chronocook/starred{/owner}{/repo}"],"subscriptions_url":["https://api.github.com/users/Chronocook/subscriptions"],"organizations_url":["https://api.github.com/users/Chronocook/orgs"],"repos_url":["https://api.github.com/users/Chronocook/repos"],"events_url":["https://api.github.com/users/Chronocook/events{/privacy}"],"received_events_url":["https://api.github.com/users/Chronocook/received_events"],"type":["User"],"site_admin":[false]},"labels":[{"id":[500157634],"node_id":["MDU6TGFiZWw1MDAxNTc2MzQ="],"url":["https://api.github.com/repos/terrytangyuan/dml/labels/community"],"name":["community"],"color":["1d76db"],"default":[false]}],"state":["closed"],"locked":[false],"assignee":{},"assignees":[],"milestone":{},"comments":[1],"created_at":["2016-12-13T01:19:24Z"],"updated_at":["2016-12-13T18:37:50Z"],"closed_at":["2016-12-13T02:21:51Z"],"author_association":["CONTRIBUTOR"],"pull_request":{"url":["https://api.github.com/repos/terrytangyuan/dml/pulls/17"],"html_url":["https://github.com/terrytangyuan/dml/pull/17"],"diff_url":["https://github.com/terrytangyuan/dml/pull/17.diff"],"patch_url":["https://github.com/terrytangyuan/dml/pull/17.patch"]},"body":["Added framework for DEV and STD builds in Travis. (Dev loads R devtools)\r\nCheers!\r\nBrad and Ankur"]},{"url":["https://api.github.com/repos/terrytangyuan/dml/issues/16"],"repository_url":["https://api.github.com/repos/terrytangyuan/dml"],"labels_url":["https://api.github.com/repos/terrytangyuan/dml/issues/16/labels{/name}"],"comments_url":["https://api.github.com/repos/terrytangyuan/dml/issues/16/comments"],"events_url":["https://api.github.com/repos/terrytangyuan/dml/issues/16/events"],"html_url":["https://github.com/terrytangyuan/dml/pull/16"],"id":[195133496],"node_id":["MDExOlB1bGxSZXF1ZXN0OTc2NjkwMzQ="],"number":[16],"title":["Print S3 Methods for DCA and GdmDiag"],"user":{"login":["kszela24"],"id":[10888896],"node_id":["MDQ6VXNlcjEwODg4ODk2"],"avatar_url":["https://avatars1.githubusercontent.com/u/10888896?v=4"],"gravatar_id":[""],"url":["https://api.github.com/users/kszela24"],"html_url":["https://github.com/kszela24"],"followers_url":["https://api.github.com/users/kszela24/followers"],"following_url":["https://api.github.com/users/kszela24/following{/other_user}"],"gists_url":["https://api.github.com/users/kszela24/gists{/gist_id}"],"starred_url":["https://api.github.com/users/kszela24/starred{/owner}{/repo}"],"subscriptions_url":["https://api.github.com/users/kszela24/subscriptions"],"organizations_url":["https://api.github.com/users/kszela24/orgs"],"repos_url":["https://api.github.com/users/kszela24/repos"],"events_url":["https://api.github.com/users/kszela24/events{/privacy}"],"received_events_url":["https://api.github.com/users/kszela24/received_events"],"type":["User"],"site_admin":[false]},"labels":[],"state":["closed"],"locked":[false],"assignee":{},"assignees":[],"milestone":{},"comments":[0],"created_at":["2016-12-13T01:17:29Z"],"updated_at":["2016-12-13T01:25:23Z"],"closed_at":["2016-12-13T01:25:23Z"],"author_association":["CONTRIBUTOR"],"pull_request":{"url":["https://api.github.com/repos/terrytangyuan/dml/pulls/16"],"html_url":["https://github.com/terrytangyuan/dml/pull/16"],"diff_url":["https://github.com/terrytangyuan/dml/pull/16.diff"],"patch_url":["https://github.com/terrytangyuan/dml/pull/16.patch"]},"body":["* Added S3 print methods for dca and GdmDiag objects.  \r\n* Fixed the output of dca and GdmDiag to include the class of the object returned."]},{"url":["https://api.github.com/repos/terrytangyuan/dml/issues/15"],"repository_url":["https://api.github.com/repos/terrytangyuan/dml"],"labels_url":["https://api.github.com/repos/terrytangyuan/dml/issues/15/labels{/name}"],"comments_url":["https://api.github.com/repos/terrytangyuan/dml/issues/15/comments"],"events_url":["https://api.github.com/repos/terrytangyuan/dml/issues/15/events"],"html_url":["https://github.com/terrytangyuan/dml/pull/15"],"id":[195132816],"node_id":["MDExOlB1bGxSZXF1ZXN0OTc2Njg1NzE="],"number":[15],"title":["added examples in comments to tests file"],"user":{"login":["yl3296"],"id":[10662777],"node_id":["MDQ6VXNlcjEwNjYyNzc3"],"avatar_url":["https://avatars1.githubusercontent.com/u/10662777?v=4"],"gravatar_id":[""],"url":["https://api.github.com/users/yl3296"],"html_url":["https://github.com/yl3296"],"followers_url":["https://api.github.com/users/yl3296/followers"],"following_url":["https://api.github.com/users/yl3296/following{/other_user}"],"gists_url":["https://api.github.com/users/yl3296/gists{/gist_id}"],"starred_url":["https://api.github.com/users/yl3296/starred{/owner}{/repo}"],"subscriptions_url":["https://api.github.com/users/yl3296/subscriptions"],"organizations_url":["https://api.github.com/users/yl3296/orgs"],"repos_url":["https://api.github.com/users/yl3296/repos"],"events_url":["https://api.github.com/users/yl3296/events{/privacy}"],"received_events_url":["https://api.github.com/users/yl3296/received_events"],"type":["User"],"site_admin":[false]},"labels":[{"id":[500157634],"node_id":["MDU6TGFiZWw1MDAxNTc2MzQ="],"url":["https://api.github.com/repos/terrytangyuan/dml/labels/community"],"name":["community"],"color":["1d76db"],"default":[false]}],"state":["closed"],"locked":[false],"assignee":{},"assignees":[],"milestone":{},"comments":[2],"created_at":["2016-12-13T01:12:34Z"],"updated_at":["2018-10-20T03:28:13Z"],"closed_at":["2018-10-20T03:28:13Z"],"author_association":["NONE"],"pull_request":{"url":["https://api.github.com/repos/terrytangyuan/dml/pulls/15"],"html_url":["https://github.com/terrytangyuan/dml/pull/15"],"diff_url":["https://github.com/terrytangyuan/dml/pull/15.diff"],"patch_url":["https://github.com/terrytangyuan/dml/pull/15.patch"]},"body":["Fixed #11 "]},{"url":["https://api.github.com/repos/terrytangyuan/dml/issues/14"],"repository_url":["https://api.github.com/repos/terrytangyuan/dml"],"labels_url":["https://api.github.com/repos/terrytangyuan/dml/issues/14/labels{/name}"],"comments_url":["https://api.github.com/repos/terrytangyuan/dml/issues/14/comments"],"events_url":["https://api.github.com/repos/terrytangyuan/dml/issues/14/events"],"html_url":["https://github.com/terrytangyuan/dml/pull/14"],"id":[195131537],"node_id":["MDExOlB1bGxSZXF1ZXN0OTc2Njc2NTk="],"number":[14],"title":["added lintR test and removed not() from expect_that"],"user":{"login":["michaelfrasco"],"id":[12901776],"node_id":["MDQ6VXNlcjEyOTAxNzc2"],"avatar_url":["https://avatars0.githubusercontent.com/u/12901776?v=4"],"gravatar_id":[""],"url":["https://api.github.com/users/michaelfrasco"],"html_url":["https://github.com/michaelfrasco"],"followers_url":["https://api.github.com/users/michaelfrasco/followers"],"following_url":["https://api.github.com/users/michaelfrasco/following{/other_user}"],"gists_url":["https://api.github.com/users/michaelfrasco/gists{/gist_id}"],"starred_url":["https://api.github.com/users/michaelfrasco/starred{/owner}{/repo}"],"subscriptions_url":["https://api.github.com/users/michaelfrasco/subscriptions"],"organizations_url":["https://api.github.com/users/michaelfrasco/orgs"],"repos_url":["https://api.github.com/users/michaelfrasco/repos"],"events_url":["https://api.github.com/users/michaelfrasco/events{/privacy}"],"received_events_url":["https://api.github.com/users/michaelfrasco/received_events"],"type":["User"],"site_admin":[false]},"labels":[{"id":[500157634],"node_id":["MDU6TGFiZWw1MDAxNTc2MzQ="],"url":["https://api.github.com/repos/terrytangyuan/dml/labels/community"],"name":["community"],"color":["1d76db"],"default":[false]}],"state":["closed"],"locked":[false],"assignee":{},"assignees":[],"milestone":{},"comments":[1],"created_at":["2016-12-13T01:02:58Z"],"updated_at":["2016-12-13T18:37:25Z"],"closed_at":["2016-12-13T02:22:25Z"],"author_association":["CONTRIBUTOR"],"pull_request":{"url":["https://api.github.com/repos/terrytangyuan/dml/pulls/14"],"html_url":["https://github.com/terrytangyuan/dml/pull/14"],"diff_url":["https://github.com/terrytangyuan/dml/pull/14.diff"],"patch_url":["https://github.com/terrytangyuan/dml/pull/14.patch"]},"body":["added lintR test and removed not() from expect_that"]},{"url":["https://api.github.com/repos/terrytangyuan/dml/issues/13"],"repository_url":["https://api.github.com/repos/terrytangyuan/dml"],"labels_url":["https://api.github.com/repos/terrytangyuan/dml/issues/13/labels{/name}"],"comments_url":["https://api.github.com/repos/terrytangyuan/dml/issues/13/comments"],"events_url":["https://api.github.com/repos/terrytangyuan/dml/issues/13/events"],"html_url":["https://github.com/terrytangyuan/dml/issues/13"],"id":[195123811],"node_id":["MDU6SXNzdWUxOTUxMjM4MTE="],"number":[13],"title":["Get rid of unnecessary dependencies in Travis"],"user":{"login":["jayqi"],"id":[2721979],"node_id":["MDQ6VXNlcjI3MjE5Nzk="],"avatar_url":["https://avatars1.githubusercontent.com/u/2721979?v=4"],"gravatar_id":[""],"url":["https://api.github.com/users/jayqi"],"html_url":["https://github.com/jayqi"],"followers_url":["https://api.github.com/users/jayqi/followers"],"following_url":["https://api.github.com/users/jayqi/following{/other_user}"],"gists_url":["https://api.github.com/users/jayqi/gists{/gist_id}"],"starred_url":["https://api.github.com/users/jayqi/starred{/owner}{/repo}"],"subscriptions_url":["https://api.github.com/users/jayqi/subscriptions"],"organizations_url":["https://api.github.com/users/jayqi/orgs"],"repos_url":["https://api.github.com/users/jayqi/repos"],"events_url":["https://api.github.com/users/jayqi/events{/privacy}"],"received_events_url":["https://api.github.com/users/jayqi/received_events"],"type":["User"],"site_admin":[false]},"labels":[],"state":["closed"],"locked":[false],"assignee":{},"assignees":[],"milestone":{},"comments":[0],"created_at":["2016-12-13T00:10:31Z"],"updated_at":["2018-10-20T16:30:00Z"],"closed_at":["2018-10-20T16:30:00Z"],"author_association":["NONE"],"body":["Get rid of unnecessary dependencies in Travis\r\n\r\nHint: https://github.com/terrytangyuan/dml/blob/master/.travis.yml#L16"]},{"url":["https://api.github.com/repos/terrytangyuan/dml/issues/12"],"repository_url":["https://api.github.com/repos/terrytangyuan/dml"],"labels_url":["https://api.github.com/repos/terrytangyuan/dml/issues/12/labels{/name}"],"comments_url":["https://api.github.com/repos/terrytangyuan/dml/issues/12/comments"],"events_url":["https://api.github.com/repos/terrytangyuan/dml/issues/12/events"],"html_url":["https://github.com/terrytangyuan/dml/issues/12"],"id":[195123640],"node_id":["MDU6SXNzdWUxOTUxMjM2NDA="],"number":[12],"title":["Add lintr and fix code style"],"user":{"login":["jayqi"],"id":[2721979],"node_id":["MDQ6VXNlcjI3MjE5Nzk="],"avatar_url":["https://avatars1.githubusercontent.com/u/2721979?v=4"],"gravatar_id":[""],"url":["https://api.github.com/users/jayqi"],"html_url":["https://github.com/jayqi"],"followers_url":["https://api.github.com/users/jayqi/followers"],"following_url":["https://api.github.com/users/jayqi/following{/other_user}"],"gists_url":["https://api.github.com/users/jayqi/gists{/gist_id}"],"starred_url":["https://api.github.com/users/jayqi/starred{/owner}{/repo}"],"subscriptions_url":["https://api.github.com/users/jayqi/subscriptions"],"organizations_url":["https://api.github.com/users/jayqi/orgs"],"repos_url":["https://api.github.com/users/jayqi/repos"],"events_url":["https://api.github.com/users/jayqi/events{/privacy}"],"received_events_url":["https://api.github.com/users/jayqi/received_events"],"type":["User"],"site_admin":[false]},"labels":[],"state":["closed"],"locked":[false],"assignee":{},"assignees":[],"milestone":{},"comments":[1],"created_at":["2016-12-13T00:09:33Z"],"updated_at":["2018-10-23T20:57:20Z"],"closed_at":["2018-10-23T20:57:20Z"],"author_association":["NONE"],"body":["Add [lintr](https://github.com/jimhester/lintr) test and fix some code styles\r\n\r\nExample: https://git.uptake.com/projects/DS/repos/ds-model-pipeline/browse/modelhelperfuns/tests/testthat/test_lint.R"]},{"url":["https://api.github.com/repos/terrytangyuan/dml/issues/11"],"repository_url":["https://api.github.com/repos/terrytangyuan/dml"],"labels_url":["https://api.github.com/repos/terrytangyuan/dml/issues/11/labels{/name}"],"comments_url":["https://api.github.com/repos/terrytangyuan/dml/issues/11/comments"],"events_url":["https://api.github.com/repos/terrytangyuan/dml/issues/11/events"],"html_url":["https://github.com/terrytangyuan/dml/issues/11"],"id":[195123542],"node_id":["MDU6SXNzdWUxOTUxMjM1NDI="],"number":[11],"title":["Add examples in roxygen comments to tests"],"user":{"login":["jayqi"],"id":[2721979],"node_id":["MDQ6VXNlcjI3MjE5Nzk="],"avatar_url":["https://avatars1.githubusercontent.com/u/2721979?v=4"],"gravatar_id":[""],"url":["https://api.github.com/users/jayqi"],"html_url":["https://github.com/jayqi"],"followers_url":["https://api.github.com/users/jayqi/followers"],"following_url":["https://api.github.com/users/jayqi/following{/other_user}"],"gists_url":["https://api.github.com/users/jayqi/gists{/gist_id}"],"starred_url":["https://api.github.com/users/jayqi/starred{/owner}{/repo}"],"subscriptions_url":["https://api.github.com/users/jayqi/subscriptions"],"organizations_url":["https://api.github.com/users/jayqi/orgs"],"repos_url":["https://api.github.com/users/jayqi/repos"],"events_url":["https://api.github.com/users/jayqi/events{/privacy}"],"received_events_url":["https://api.github.com/users/jayqi/received_events"],"type":["User"],"site_admin":[false]},"labels":[],"state":["open"],"locked":[false],"assignee":{},"assignees":[],"milestone":{},"comments":[0],"created_at":["2016-12-13T00:08:49Z"],"updated_at":["2016-12-13T00:08:49Z"],"closed_at":{},"author_association":["NONE"],"body":["Add examples in roxygen comments to tests\r\n\r\nExample: https://github.com/terrytangyuan/dml/blob/master/R/gdmf.r#L42"]},{"url":["https://api.github.com/repos/terrytangyuan/dml/issues/10"],"repository_url":["https://api.github.com/repos/terrytangyuan/dml"],"labels_url":["https://api.github.com/repos/terrytangyuan/dml/issues/10/labels{/name}"],"comments_url":["https://api.github.com/repos/terrytangyuan/dml/issues/10/comments"],"events_url":["https://api.github.com/repos/terrytangyuan/dml/issues/10/events"],"html_url":["https://github.com/terrytangyuan/dml/issues/10"],"id":[195123465],"node_id":["MDU6SXNzdWUxOTUxMjM0NjU="],"number":[10],"title":["Travis tests for different OSes"],"user":{"login":["jayqi"],"id":[2721979],"node_id":["MDQ6VXNlcjI3MjE5Nzk="],"avatar_url":["https://avatars1.githubusercontent.com/u/2721979?v=4"],"gravatar_id":[""],"url":["https://api.github.com/users/jayqi"],"html_url":["https://github.com/jayqi"],"followers_url":["https://api.github.com/users/jayqi/followers"],"following_url":["https://api.github.com/users/jayqi/following{/other_user}"],"gists_url":["https://api.github.com/users/jayqi/gists{/gist_id}"],"starred_url":["https://api.github.com/users/jayqi/starred{/owner}{/repo}"],"subscriptions_url":["https://api.github.com/users/jayqi/subscriptions"],"organizations_url":["https://api.github.com/users/jayqi/orgs"],"repos_url":["https://api.github.com/users/jayqi/repos"],"events_url":["https://api.github.com/users/jayqi/events{/privacy}"],"received_events_url":["https://api.github.com/users/jayqi/received_events"],"type":["User"],"site_admin":[false]},"labels":[],"state":["open"],"locked":[false],"assignee":{},"assignees":[],"milestone":{},"comments":[0],"created_at":["2016-12-13T00:08:18Z"],"updated_at":["2016-12-13T00:08:18Z"],"closed_at":{},"author_association":["NONE"],"body":["Travis tests for different os\r\n\r\nExample: https://github.com/dmlc/xgboost/blob/master/.travis.yml#L26"]},{"url":["https://api.github.com/repos/terrytangyuan/dml/issues/9"],"repository_url":["https://api.github.com/repos/terrytangyuan/dml"],"labels_url":["https://api.github.com/repos/terrytangyuan/dml/issues/9/labels{/name}"],"comments_url":["https://api.github.com/repos/terrytangyuan/dml/issues/9/comments"],"events_url":["https://api.github.com/repos/terrytangyuan/dml/issues/9/events"],"html_url":["https://github.com/terrytangyuan/dml/issues/9"],"id":[195123371],"node_id":["MDU6SXNzdWUxOTUxMjMzNzE="],"number":[9],"title":["Travis tests for PKG=DEV and PKG=STD"],"user":{"login":["jayqi"],"id":[2721979],"node_id":["MDQ6VXNlcjI3MjE5Nzk="],"avatar_url":["https://avatars1.githubusercontent.com/u/2721979?v=4"],"gravatar_id":[""],"url":["https://api.github.com/users/jayqi"],"html_url":["https://github.com/jayqi"],"followers_url":["https://api.github.com/users/jayqi/followers"],"following_url":["https://api.github.com/users/jayqi/following{/other_user}"],"gists_url":["https://api.github.com/users/jayqi/gists{/gist_id}"],"starred_url":["https://api.github.com/users/jayqi/starred{/owner}{/repo}"],"subscriptions_url":["https://api.github.com/users/jayqi/subscriptions"],"organizations_url":["https://api.github.com/users/jayqi/orgs"],"repos_url":["https://api.github.com/users/jayqi/repos"],"events_url":["https://api.github.com/users/jayqi/events{/privacy}"],"received_events_url":["https://api.github.com/users/jayqi/received_events"],"type":["User"],"site_admin":[false]},"labels":[],"state":["closed"],"locked":[false],"assignee":{},"assignees":[],"milestone":{},"comments":[0],"created_at":["2016-12-13T00:07:44Z"],"updated_at":["2018-10-20T16:29:02Z"],"closed_at":["2018-10-20T16:29:02Z"],"author_association":["NONE"],"body":["Travis tests for PKG=DEV and PKG=STD\r\n\r\nExample: https://github.com/sinhrks/ggfortify/blob/master/.travis.yml"]},{"url":["https://api.github.com/repos/terrytangyuan/dml/issues/8"],"repository_url":["https://api.github.com/repos/terrytangyuan/dml"],"labels_url":["https://api.github.com/repos/terrytangyuan/dml/issues/8/labels{/name}"],"comments_url":["https://api.github.com/repos/terrytangyuan/dml/issues/8/comments"],"events_url":["https://api.github.com/repos/terrytangyuan/dml/issues/8/events"],"html_url":["https://github.com/terrytangyuan/dml/issues/8"],"id":[195123319],"node_id":["MDU6SXNzdWUxOTUxMjMzMTk="],"number":[8],"title":["Plot 2D and 3D S3 methods"],"user":{"login":["jayqi"],"id":[2721979],"node_id":["MDQ6VXNlcjI3MjE5Nzk="],"avatar_url":["https://avatars1.githubusercontent.com/u/2721979?v=4"],"gravatar_id":[""],"url":["https://api.github.com/users/jayqi"],"html_url":["https://github.com/jayqi"],"followers_url":["https://api.github.com/users/jayqi/followers"],"following_url":["https://api.github.com/users/jayqi/following{/other_user}"],"gists_url":["https://api.github.com/users/jayqi/gists{/gist_id}"],"starred_url":["https://api.github.com/users/jayqi/starred{/owner}{/repo}"],"subscriptions_url":["https://api.github.com/users/jayqi/subscriptions"],"organizations_url":["https://api.github.com/users/jayqi/orgs"],"repos_url":["https://api.github.com/users/jayqi/repos"],"events_url":["https://api.github.com/users/jayqi/events{/privacy}"],"received_events_url":["https://api.github.com/users/jayqi/received_events"],"type":["User"],"site_admin":[false]},"labels":[],"state":["open"],"locked":[false],"assignee":{},"assignees":[],"milestone":{},"comments":[0],"created_at":["2016-12-13T00:07:24Z"],"updated_at":["2016-12-13T00:07:24Z"],"closed_at":{},"author_association":["NONE"],"body":["Plot 2D/3D [S3 method](http://adv-r.had.co.nz/S3.html) to automatically plot the produced objects\r\n\r\nHint: https://github.com/terrytangyuan/dml/blob/master/R/gdmf.r#L70\r\nExample: https://github.com/terrytangyuan/lfda/blob/master/R/lfda_visualization.R#L31"]},{"url":["https://api.github.com/repos/terrytangyuan/dml/issues/7"],"repository_url":["https://api.github.com/repos/terrytangyuan/dml"],"labels_url":["https://api.github.com/repos/terrytangyuan/dml/issues/7/labels{/name}"],"comments_url":["https://api.github.com/repos/terrytangyuan/dml/issues/7/comments"],"events_url":["https://api.github.com/repos/terrytangyuan/dml/issues/7/events"],"html_url":["https://github.com/terrytangyuan/dml/issues/7"],"id":[195123186],"node_id":["MDU6SXNzdWUxOTUxMjMxODY="],"number":[7],"title":["Print S3 method for each algorithm"],"user":{"login":["jayqi"],"id":[2721979],"node_id":["MDQ6VXNlcjI3MjE5Nzk="],"avatar_url":["https://avatars1.githubusercontent.com/u/2721979?v=4"],"gravatar_id":[""],"url":["https://api.github.com/users/jayqi"],"html_url":["https://github.com/jayqi"],"followers_url":["https://api.github.com/users/jayqi/followers"],"following_url":["https://api.github.com/users/jayqi/following{/other_user}"],"gists_url":["https://api.github.com/users/jayqi/gists{/gist_id}"],"starred_url":["https://api.github.com/users/jayqi/starred{/owner}{/repo}"],"subscriptions_url":["https://api.github.com/users/jayqi/subscriptions"],"organizations_url":["https://api.github.com/users/jayqi/orgs"],"repos_url":["https://api.github.com/users/jayqi/repos"],"events_url":["https://api.github.com/users/jayqi/events{/privacy}"],"received_events_url":["https://api.github.com/users/jayqi/received_events"],"type":["User"],"site_admin":[false]},"labels":[],"state":["closed"],"locked":[false],"assignee":{},"assignees":[],"milestone":{},"comments":[0],"created_at":["2016-12-13T00:06:29Z"],"updated_at":["2018-10-20T16:29:13Z"],"closed_at":["2018-10-20T16:29:13Z"],"author_association":["NONE"],"body":["Print [S3 method](http://adv-r.had.co.nz/S3.html) for useful information produced in each algorithm\r\n\r\nExample: https://github.com/terrytangyuan/lfda/blob/master/R/lfda.R#L174"]},{"url":["https://api.github.com/repos/terrytangyuan/dml/issues/6"],"repository_url":["https://api.github.com/repos/terrytangyuan/dml"],"labels_url":["https://api.github.com/repos/terrytangyuan/dml/issues/6/labels{/name}"],"comments_url":["https://api.github.com/repos/terrytangyuan/dml/issues/6/comments"],"events_url":["https://api.github.com/repos/terrytangyuan/dml/issues/6/events"],"html_url":["https://github.com/terrytangyuan/dml/issues/6"],"id":[195123068],"node_id":["MDU6SXNzdWUxOTUxMjMwNjg="],"number":[6],"title":["Export LFDA functions"],"user":{"login":["jayqi"],"id":[2721979],"node_id":["MDQ6VXNlcjI3MjE5Nzk="],"avatar_url":["https://avatars1.githubusercontent.com/u/2721979?v=4"],"gravatar_id":[""],"url":["https://api.github.com/users/jayqi"],"html_url":["https://github.com/jayqi"],"followers_url":["https://api.github.com/users/jayqi/followers"],"following_url":["https://api.github.com/users/jayqi/following{/other_user}"],"gists_url":["https://api.github.com/users/jayqi/gists{/gist_id}"],"starred_url":["https://api.github.com/users/jayqi/starred{/owner}{/repo}"],"subscriptions_url":["https://api.github.com/users/jayqi/subscriptions"],"organizations_url":["https://api.github.com/users/jayqi/orgs"],"repos_url":["https://api.github.com/users/jayqi/repos"],"events_url":["https://api.github.com/users/jayqi/events{/privacy}"],"received_events_url":["https://api.github.com/users/jayqi/received_events"],"type":["User"],"site_admin":[false]},"labels":[],"state":["open"],"locked":[false],"assignee":{},"assignees":[],"milestone":{},"comments":[0],"created_at":["2016-12-13T00:05:47Z"],"updated_at":["2016-12-13T00:05:47Z"],"closed_at":{},"author_association":["NONE"],"body":["LFDA is one of the metric learning algorithms but it’s only available in [lfda package](https://github.com/terrytangyuan/lfda) itself. You can explicitly export `lfda::lfda`, `lfda::klfda`, `lfda::self` functions, e.g. so you can call `dml::lfda`, instead of calling `lfda::lfda`\r\n\r\nHint: https://github.com/terrytangyuan/dml/blob/master/NAMESPACE"]},{"url":["https://api.github.com/repos/terrytangyuan/dml/issues/5"],"repository_url":["https://api.github.com/repos/terrytangyuan/dml"],"labels_url":["https://api.github.com/repos/terrytangyuan/dml/issues/5/labels{/name}"],"comments_url":["https://api.github.com/repos/terrytangyuan/dml/issues/5/comments"],"events_url":["https://api.github.com/repos/terrytangyuan/dml/issues/5/events"],"html_url":["https://github.com/terrytangyuan/dml/issues/5"],"id":[195122896],"node_id":["MDU6SXNzdWUxOTUxMjI4OTY="],"number":[5],"title":["Corner cases checks and tests"],"user":{"login":["jayqi"],"id":[2721979],"node_id":["MDQ6VXNlcjI3MjE5Nzk="],"avatar_url":["https://avatars1.githubusercontent.com/u/2721979?v=4"],"gravatar_id":[""],"url":["https://api.github.com/users/jayqi"],"html_url":["https://github.com/jayqi"],"followers_url":["https://api.github.com/users/jayqi/followers"],"following_url":["https://api.github.com/users/jayqi/following{/other_user}"],"gists_url":["https://api.github.com/users/jayqi/gists{/gist_id}"],"starred_url":["https://api.github.com/users/jayqi/starred{/owner}{/repo}"],"subscriptions_url":["https://api.github.com/users/jayqi/subscriptions"],"organizations_url":["https://api.github.com/users/jayqi/orgs"],"repos_url":["https://api.github.com/users/jayqi/repos"],"events_url":["https://api.github.com/users/jayqi/events{/privacy}"],"received_events_url":["https://api.github.com/users/jayqi/received_events"],"type":["User"],"site_admin":[false]},"labels":[],"state":["open"],"locked":[false],"assignee":{},"assignees":[],"milestone":{},"comments":[0],"created_at":["2016-12-13T00:04:38Z"],"updated_at":["2016-12-13T00:04:38Z"],"closed_at":{},"author_association":["NONE"],"body":["Corner cases check, etc., with additional tests\r\n\r\nhttps://github.com/terrytangyuan/dml/blob/master/R/gdmd.r"]},{"url":["https://api.github.com/repos/terrytangyuan/dml/issues/4"],"repository_url":["https://api.github.com/repos/terrytangyuan/dml"],"labels_url":["https://api.github.com/repos/terrytangyuan/dml/issues/4/labels{/name}"],"comments_url":["https://api.github.com/repos/terrytangyuan/dml/issues/4/comments"],"events_url":["https://api.github.com/repos/terrytangyuan/dml/issues/4/events"],"html_url":["https://github.com/terrytangyuan/dml/issues/4"],"id":[195122803],"node_id":["MDU6SXNzdWUxOTUxMjI4MDM="],"number":[4],"title":["Function arguments check and tests"],"user":{"login":["jayqi"],"id":[2721979],"node_id":["MDQ6VXNlcjI3MjE5Nzk="],"avatar_url":["https://avatars1.githubusercontent.com/u/2721979?v=4"],"gravatar_id":[""],"url":["https://api.github.com/users/jayqi"],"html_url":["https://github.com/jayqi"],"followers_url":["https://api.github.com/users/jayqi/followers"],"following_url":["https://api.github.com/users/jayqi/following{/other_user}"],"gists_url":["https://api.github.com/users/jayqi/gists{/gist_id}"],"starred_url":["https://api.github.com/users/jayqi/starred{/owner}{/repo}"],"subscriptions_url":["https://api.github.com/users/jayqi/subscriptions"],"organizations_url":["https://api.github.com/users/jayqi/orgs"],"repos_url":["https://api.github.com/users/jayqi/repos"],"events_url":["https://api.github.com/users/jayqi/events{/privacy}"],"received_events_url":["https://api.github.com/users/jayqi/received_events"],"type":["User"],"site_admin":[false]},"labels":[],"state":["open"],"locked":[false],"assignee":{},"assignees":[],"milestone":{},"comments":[0],"created_at":["2016-12-13T00:04:04Z"],"updated_at":["2016-12-13T00:04:04Z"],"closed_at":{},"author_association":["NONE"],"body":["Function arguments check along with tests covering those exceptions"]},{"url":["https://api.github.com/repos/terrytangyuan/dml/issues/3"],"repository_url":["https://api.github.com/repos/terrytangyuan/dml"],"labels_url":["https://api.github.com/repos/terrytangyuan/dml/issues/3/labels{/name}"],"comments_url":["https://api.github.com/repos/terrytangyuan/dml/issues/3/comments"],"events_url":["https://api.github.com/repos/terrytangyuan/dml/issues/3/events"],"html_url":["https://github.com/terrytangyuan/dml/issues/3"],"id":[107610439],"node_id":["MDU6SXNzdWUxMDc2MTA0Mzk="],"number":[3],"title":["PRs are welcomed for other not-yet-implemented algorithms"],"user":{"login":["terrytangyuan"],"id":[4269898],"node_id":["MDQ6VXNlcjQyNjk4OTg="],"avatar_url":["https://avatars3.githubusercontent.com/u/4269898?v=4"],"gravatar_id":[""],"url":["https://api.github.com/users/terrytangyuan"],"html_url":["https://github.com/terrytangyuan"],"followers_url":["https://api.github.com/users/terrytangyuan/followers"],"following_url":["https://api.github.com/users/terrytangyuan/following{/other_user}"],"gists_url":["https://api.github.com/users/terrytangyuan/gists{/gist_id}"],"starred_url":["https://api.github.com/users/terrytangyuan/starred{/owner}{/repo}"],"subscriptions_url":["https://api.github.com/users/terrytangyuan/subscriptions"],"organizations_url":["https://api.github.com/users/terrytangyuan/orgs"],"repos_url":["https://api.github.com/users/terrytangyuan/repos"],"events_url":["https://api.github.com/users/terrytangyuan/events{/privacy}"],"received_events_url":["https://api.github.com/users/terrytangyuan/received_events"],"type":["User"],"site_admin":[false]},"labels":[{"id":[252875312],"node_id":["MDU6TGFiZWwyNTI4NzUzMTI="],"url":["https://api.github.com/repos/terrytangyuan/dml/labels/enhancement"],"name":["enhancement"],"color":["84b6eb"],"default":[true]},{"id":[252875313],"node_id":["MDU6TGFiZWwyNTI4NzUzMTM="],"url":["https://api.github.com/repos/terrytangyuan/dml/labels/help%20wanted"],"name":["help wanted"],"color":["159818"],"default":[true]}],"state":["closed"],"locked":[false],"assignee":{},"assignees":[],"milestone":{},"comments":[0],"created_at":["2015-09-21T22:22:46Z"],"updated_at":["2016-07-23T03:37:21Z"],"closed_at":["2016-07-23T03:37:21Z"],"author_association":["OWNER"],"body":["Check [this](https://github.com/terrytangyuan/dml#algorithms) section for the to-do list. Help is appreciated. \n"]},{"url":["https://api.github.com/repos/terrytangyuan/dml/issues/2"],"repository_url":["https://api.github.com/repos/terrytangyuan/dml"],"labels_url":["https://api.github.com/repos/terrytangyuan/dml/issues/2/labels{/name}"],"comments_url":["https://api.github.com/repos/terrytangyuan/dml/issues/2/comments"],"events_url":["https://api.github.com/repos/terrytangyuan/dml/issues/2/events"],"html_url":["https://github.com/terrytangyuan/dml/pull/2"],"id":[105064472],"node_id":["MDExOlB1bGxSZXF1ZXN0NDQyOTM4Mzg="],"number":[2],"title":["Add MIT license"],"user":{"login":["mtc2013"],"id":[3909918],"node_id":["MDQ6VXNlcjM5MDk5MTg="],"avatar_url":["https://avatars0.githubusercontent.com/u/3909918?v=4"],"gravatar_id":[""],"url":["https://api.github.com/users/mtc2013"],"html_url":["https://github.com/mtc2013"],"followers_url":["https://api.github.com/users/mtc2013/followers"],"following_url":["https://api.github.com/users/mtc2013/following{/other_user}"],"gists_url":["https://api.github.com/users/mtc2013/gists{/gist_id}"],"starred_url":["https://api.github.com/users/mtc2013/starred{/owner}{/repo}"],"subscriptions_url":["https://api.github.com/users/mtc2013/subscriptions"],"organizations_url":["https://api.github.com/users/mtc2013/orgs"],"repos_url":["https://api.github.com/users/mtc2013/repos"],"events_url":["https://api.github.com/users/mtc2013/events{/privacy}"],"received_events_url":["https://api.github.com/users/mtc2013/received_events"],"type":["User"],"site_admin":[false]},"labels":[],"state":["closed"],"locked":[false],"assignee":{},"assignees":[],"milestone":{},"comments":[1],"created_at":["2015-09-06T02:20:35Z"],"updated_at":["2015-09-06T03:04:57Z"],"closed_at":["2015-09-06T03:04:57Z"],"author_association":["CONTRIBUTOR"],"pull_request":{"url":["https://api.github.com/repos/terrytangyuan/dml/pulls/2"],"html_url":["https://github.com/terrytangyuan/dml/pull/2"],"diff_url":["https://github.com/terrytangyuan/dml/pull/2.diff"],"patch_url":["https://github.com/terrytangyuan/dml/pull/2.patch"]},"body":["Add MIT license to repo.\n"]},{"url":["https://api.github.com/repos/terrytangyuan/dml/issues/1"],"repository_url":["https://api.github.com/repos/terrytangyuan/dml"],"labels_url":["https://api.github.com/repos/terrytangyuan/dml/issues/1/labels{/name}"],"comments_url":["https://api.github.com/repos/terrytangyuan/dml/issues/1/comments"],"events_url":["https://api.github.com/repos/terrytangyuan/dml/issues/1/events"],"html_url":["https://github.com/terrytangyuan/dml/issues/1"],"id":[105060610],"node_id":["MDU6SXNzdWUxMDUwNjA2MTA="],"number":[1],"title":["MIT license?"],"user":{"login":["mtc2013"],"id":[3909918],"node_id":["MDQ6VXNlcjM5MDk5MTg="],"avatar_url":["https://avatars0.githubusercontent.com/u/3909918?v=4"],"gravatar_id":[""],"url":["https://api.github.com/users/mtc2013"],"html_url":["https://github.com/mtc2013"],"followers_url":["https://api.github.com/users/mtc2013/followers"],"following_url":["https://api.github.com/users/mtc2013/following{/other_user}"],"gists_url":["https://api.github.com/users/mtc2013/gists{/gist_id}"],"starred_url":["https://api.github.com/users/mtc2013/starred{/owner}{/repo}"],"subscriptions_url":["https://api.github.com/users/mtc2013/subscriptions"],"organizations_url":["https://api.github.com/users/mtc2013/orgs"],"repos_url":["https://api.github.com/users/mtc2013/repos"],"events_url":["https://api.github.com/users/mtc2013/events{/privacy}"],"received_events_url":["https://api.github.com/users/mtc2013/received_events"],"type":["User"],"site_admin":[false]},"labels":[],"state":["closed"],"locked":[false],"assignee":{},"assignees":[],"milestone":{},"comments":[2],"created_at":["2015-09-06T01:25:10Z"],"updated_at":["2015-09-06T03:05:19Z"],"closed_at":["2015-09-06T03:05:19Z"],"author_association":["CONTRIBUTOR"],"body":["I notice on CRAN that this is listed as MIT, but in this repo there isn't the MIT license text. Are you open to a PR to place this into an MIT license?\n"]}]
