[{"url":["https://api.github.com/repos/terrytangyuan/lfda/issues/21"],"repository_url":["https://api.github.com/repos/terrytangyuan/lfda"],"labels_url":["https://api.github.com/repos/terrytangyuan/lfda/issues/21/labels{/name}"],"comments_url":["https://api.github.com/repos/terrytangyuan/lfda/issues/21/comments"],"events_url":["https://api.github.com/repos/terrytangyuan/lfda/issues/21/events"],"html_url":["https://github.com/terrytangyuan/lfda/issues/21"],"id":[236168049],"node_id":["MDU6SXNzdWUyMzYxNjgwNDk="],"number":[21],"title":["How to use lfda make classification?"],"user":{"login":["xiaofangyuan"],"id":[8534304],"node_id":["MDQ6VXNlcjg1MzQzMDQ="],"avatar_url":["https://avatars0.githubusercontent.com/u/8534304?v=4"],"gravatar_id":[""],"url":["https://api.github.com/users/xiaofangyuan"],"html_url":["https://github.com/xiaofangyuan"],"followers_url":["https://api.github.com/users/xiaofangyuan/followers"],"following_url":["https://api.github.com/users/xiaofangyuan/following{/other_user}"],"gists_url":["https://api.github.com/users/xiaofangyuan/gists{/gist_id}"],"starred_url":["https://api.github.com/users/xiaofangyuan/starred{/owner}{/repo}"],"subscriptions_url":["https://api.github.com/users/xiaofangyuan/subscriptions"],"organizations_url":["https://api.github.com/users/xiaofangyuan/orgs"],"repos_url":["https://api.github.com/users/xiaofangyuan/repos"],"events_url":["https://api.github.com/users/xiaofangyuan/events{/privacy}"],"received_events_url":["https://api.github.com/users/xiaofangyuan/received_events"],"type":["User"],"site_admin":[false]},"labels":[],"state":["open"],"locked":[false],"assignee":{},"assignees":[],"milestone":{},"comments":[0],"created_at":["2017-06-15T12:02:35Z"],"updated_at":["2017-06-15T12:02:35Z"],"closed_at":{},"author_association":["NONE"],"body":[""]},{"url":["https://api.github.com/repos/terrytangyuan/lfda/issues/20"],"repository_url":["https://api.github.com/repos/terrytangyuan/lfda"],"labels_url":["https://api.github.com/repos/terrytangyuan/lfda/issues/20/labels{/name}"],"comments_url":["https://api.github.com/repos/terrytangyuan/lfda/issues/20/comments"],"events_url":["https://api.github.com/repos/terrytangyuan/lfda/issues/20/events"],"html_url":["https://github.com/terrytangyuan/lfda/issues/20"],"id":[224721354],"node_id":["MDU6SXNzdWUyMjQ3MjEzNTQ="],"number":[20],"title":["installation problem"],"user":{"login":["VitoRudolf"],"id":[19666538],"node_id":["MDQ6VXNlcjE5NjY2NTM4"],"avatar_url":["https://avatars0.githubusercontent.com/u/19666538?v=4"],"gravatar_id":[""],"url":["https://api.github.com/users/VitoRudolf"],"html_url":["https://github.com/VitoRudolf"],"followers_url":["https://api.github.com/users/VitoRudolf/followers"],"following_url":["https://api.github.com/users/VitoRudolf/following{/other_user}"],"gists_url":["https://api.github.com/users/VitoRudolf/gists{/gist_id}"],"starred_url":["https://api.github.com/users/VitoRudolf/starred{/owner}{/repo}"],"subscriptions_url":["https://api.github.com/users/VitoRudolf/subscriptions"],"organizations_url":["https://api.github.com/users/VitoRudolf/orgs"],"repos_url":["https://api.github.com/users/VitoRudolf/repos"],"events_url":["https://api.github.com/users/VitoRudolf/events{/privacy}"],"received_events_url":["https://api.github.com/users/VitoRudolf/received_events"],"type":["User"],"site_admin":[false]},"labels":[],"state":["closed"],"locked":[false],"assignee":{},"assignees":[],"milestone":{},"comments":[0],"created_at":["2017-04-27T09:14:33Z"],"updated_at":["2017-05-13T02:48:58Z"],"closed_at":["2017-05-13T02:48:58Z"],"author_association":["NONE"],"body":["When I use \"install.packages(\"lfda\")\" to install lfda package in Rstudio with linux, there's a problem appeared. The following is problem state:\r\n\r\n/usr/bin/ld: cannot find -lblas\r\n/usr/bin/ld: cannot find -lgfortran\r\ncollect2: error: ld returned 1 exit status\r\n/usr/share/R/share/make/shlib.mk:6: recipe for target 'RSpectra.so' failed\r\nmake: *** [RSpectra.so] Error 1\r\nERROR: compilation failed for package ‘RSpectra’\r\n* removing ‘/home/vidolf/R/x86_64-pc-linux-gnu-library/3.2/RSpectra’\r\nWarning in install.packages :\r\n  installation of package ‘RSpectra’ had non-zero exit status\r\nERROR: dependency ‘RSpectra’ is not available for package ‘rARPACK’\r\n* removing ‘/home/vidolf/R/x86_64-pc-linux-gnu-library/3.2/rARPACK’\r\nWarning in install.packages :\r\n  installation of package ‘rARPACK’ had non-zero exit status\r\nERROR: dependency ‘rARPACK’ is not available for package ‘lfda’\r\n* removing ‘/home/vidolf/R/x86_64-pc-linux-gnu-library/3.2/lfda’\r\nWarning in install.packages :\r\n  installation of package ‘lfda’ had non-zero exit status\r\n\r\nThe downloaded source packages are in\r\n\t‘/tmp/RtmpYbpUNY/downloaded_packages’\r\n\r\nWhat should I do to solve this problem?\r\nOS:Ubuntu 16.04 with Plasma desktop\r\nRstudio version 1.0.143\r\nR version 3.2.3"]},{"url":["https://api.github.com/repos/terrytangyuan/lfda/issues/19"],"repository_url":["https://api.github.com/repos/terrytangyuan/lfda"],"labels_url":["https://api.github.com/repos/terrytangyuan/lfda/issues/19/labels{/name}"],"comments_url":["https://api.github.com/repos/terrytangyuan/lfda/issues/19/comments"],"events_url":["https://api.github.com/repos/terrytangyuan/lfda/issues/19/events"],"html_url":["https://github.com/terrytangyuan/lfda/issues/19"],"id":[102186436],"node_id":["MDU6SXNzdWUxMDIxODY0MzY="],"number":[19],"title":["Code Optimization"],"user":{"login":["terrytangyuan"],"id":[4269898],"node_id":["MDQ6VXNlcjQyNjk4OTg="],"avatar_url":["https://avatars3.githubusercontent.com/u/4269898?v=4"],"gravatar_id":[""],"url":["https://api.github.com/users/terrytangyuan"],"html_url":["https://github.com/terrytangyuan"],"followers_url":["https://api.github.com/users/terrytangyuan/followers"],"following_url":["https://api.github.com/users/terrytangyuan/following{/other_user}"],"gists_url":["https://api.github.com/users/terrytangyuan/gists{/gist_id}"],"starred_url":["https://api.github.com/users/terrytangyuan/starred{/owner}{/repo}"],"subscriptions_url":["https://api.github.com/users/terrytangyuan/subscriptions"],"organizations_url":["https://api.github.com/users/terrytangyuan/orgs"],"repos_url":["https://api.github.com/users/terrytangyuan/repos"],"events_url":["https://api.github.com/users/terrytangyuan/events{/privacy}"],"received_events_url":["https://api.github.com/users/terrytangyuan/received_events"],"type":["User"],"site_admin":[false]},"labels":[{"id":[246321732],"node_id":["MDU6TGFiZWwyNDYzMjE3MzI="],"url":["https://api.github.com/repos/terrytangyuan/lfda/labels/enhancement"],"name":["enhancement"],"color":["84b6eb"],"default":[true]},{"id":[246321733],"node_id":["MDU6TGFiZWwyNDYzMjE3MzM="],"url":["https://api.github.com/repos/terrytangyuan/lfda/labels/help%20wanted"],"name":["help wanted"],"color":["159818"],"default":[true]}],"state":["closed"],"locked":[false],"assignee":{},"assignees":[],"milestone":{"url":["https://api.github.com/repos/terrytangyuan/lfda/milestones/2"],"html_url":["https://github.com/terrytangyuan/lfda/milestone/2"],"labels_url":["https://api.github.com/repos/terrytangyuan/lfda/milestones/2/labels"],"id":[1249195],"node_id":["MDk6TWlsZXN0b25lMTI0OTE5NQ=="],"number":[2],"title":["Next Release"],"description":{},"creator":{"login":["terrytangyuan"],"id":[4269898],"node_id":["MDQ6VXNlcjQyNjk4OTg="],"avatar_url":["https://avatars3.githubusercontent.com/u/4269898?v=4"],"gravatar_id":[""],"url":["https://api.github.com/users/terrytangyuan"],"html_url":["https://github.com/terrytangyuan"],"followers_url":["https://api.github.com/users/terrytangyuan/followers"],"following_url":["https://api.github.com/users/terrytangyuan/following{/other_user}"],"gists_url":["https://api.github.com/users/terrytangyuan/gists{/gist_id}"],"starred_url":["https://api.github.com/users/terrytangyuan/starred{/owner}{/repo}"],"subscriptions_url":["https://api.github.com/users/terrytangyuan/subscriptions"],"organizations_url":["https://api.github.com/users/terrytangyuan/orgs"],"repos_url":["https://api.github.com/users/terrytangyuan/repos"],"events_url":["https://api.github.com/users/terrytangyuan/events{/privacy}"],"received_events_url":["https://api.github.com/users/terrytangyuan/received_events"],"type":["User"],"site_admin":[false]},"open_issues":[0],"closed_issues":[6],"state":["open"],"created_at":["2015-08-10T23:59:33Z"],"updated_at":["2016-01-26T19:58:01Z"],"due_on":{},"closed_at":{}},"comments":[0],"created_at":["2015-08-20T17:15:38Z"],"updated_at":["2016-01-26T19:57:48Z"],"closed_at":["2016-01-26T19:57:48Z"],"author_association":["OWNER"],"body":["A lot of the code can be optimized, e.g. parallellization, faster eigen solver, etc, to cope with large number of classes and observations in each class.\n"]},{"url":["https://api.github.com/repos/terrytangyuan/lfda/issues/18"],"repository_url":["https://api.github.com/repos/terrytangyuan/lfda"],"labels_url":["https://api.github.com/repos/terrytangyuan/lfda/issues/18/labels{/name}"],"comments_url":["https://api.github.com/repos/terrytangyuan/lfda/issues/18/comments"],"events_url":["https://api.github.com/repos/terrytangyuan/lfda/issues/18/events"],"html_url":["https://github.com/terrytangyuan/lfda/issues/18"],"id":[101477555],"node_id":["MDU6SXNzdWUxMDE0Nzc1NTU="],"number":[18],"title":["Kernel SELF (KSELF)"],"user":{"login":["terrytangyuan"],"id":[4269898],"node_id":["MDQ6VXNlcjQyNjk4OTg="],"avatar_url":["https://avatars3.githubusercontent.com/u/4269898?v=4"],"gravatar_id":[""],"url":["https://api.github.com/users/terrytangyuan"],"html_url":["https://github.com/terrytangyuan"],"followers_url":["https://api.github.com/users/terrytangyuan/followers"],"following_url":["https://api.github.com/users/terrytangyuan/following{/other_user}"],"gists_url":["https://api.github.com/users/terrytangyuan/gists{/gist_id}"],"starred_url":["https://api.github.com/users/terrytangyuan/starred{/owner}{/repo}"],"subscriptions_url":["https://api.github.com/users/terrytangyuan/subscriptions"],"organizations_url":["https://api.github.com/users/terrytangyuan/orgs"],"repos_url":["https://api.github.com/users/terrytangyuan/repos"],"events_url":["https://api.github.com/users/terrytangyuan/events{/privacy}"],"received_events_url":["https://api.github.com/users/terrytangyuan/received_events"],"type":["User"],"site_admin":[false]},"labels":[{"id":[246321732],"node_id":["MDU6TGFiZWwyNDYzMjE3MzI="],"url":["https://api.github.com/repos/terrytangyuan/lfda/labels/enhancement"],"name":["enhancement"],"color":["84b6eb"],"default":[true]},{"id":[246321733],"node_id":["MDU6TGFiZWwyNDYzMjE3MzM="],"url":["https://api.github.com/repos/terrytangyuan/lfda/labels/help%20wanted"],"name":["help wanted"],"color":["159818"],"default":[true]},{"id":[247417695],"node_id":["MDU6TGFiZWwyNDc0MTc2OTU="],"url":["https://api.github.com/repos/terrytangyuan/lfda/labels/new%20model"],"name":["new model"],"color":["5319e7"],"default":[false]}],"state":["closed"],"locked":[false],"assignee":{},"assignees":[],"milestone":{},"comments":[0],"created_at":["2015-08-17T18:07:31Z"],"updated_at":["2016-07-23T03:37:29Z"],"closed_at":["2016-07-23T03:37:29Z"],"author_association":["OWNER"],"body":["Applying the standard kernel trick allows us to obtain a non-linear extension of SELF called Kernel SELF (KSELF). \n"]},{"url":["https://api.github.com/repos/terrytangyuan/lfda/issues/17"],"repository_url":["https://api.github.com/repos/terrytangyuan/lfda"],"labels_url":["https://api.github.com/repos/terrytangyuan/lfda/issues/17/labels{/name}"],"comments_url":["https://api.github.com/repos/terrytangyuan/lfda/issues/17/comments"],"events_url":["https://api.github.com/repos/terrytangyuan/lfda/issues/17/events"],"html_url":["https://github.com/terrytangyuan/lfda/issues/17"],"id":[101304449],"node_id":["MDU6SXNzdWUxMDEzMDQ0NDk="],"number":[17],"title":["Add predict method for klfda"],"user":{"login":["terrytangyuan"],"id":[4269898],"node_id":["MDQ6VXNlcjQyNjk4OTg="],"avatar_url":["https://avatars3.githubusercontent.com/u/4269898?v=4"],"gravatar_id":[""],"url":["https://api.github.com/users/terrytangyuan"],"html_url":["https://github.com/terrytangyuan"],"followers_url":["https://api.github.com/users/terrytangyuan/followers"],"following_url":["https://api.github.com/users/terrytangyuan/following{/other_user}"],"gists_url":["https://api.github.com/users/terrytangyuan/gists{/gist_id}"],"starred_url":["https://api.github.com/users/terrytangyuan/starred{/owner}{/repo}"],"subscriptions_url":["https://api.github.com/users/terrytangyuan/subscriptions"],"organizations_url":["https://api.github.com/users/terrytangyuan/orgs"],"repos_url":["https://api.github.com/users/terrytangyuan/repos"],"events_url":["https://api.github.com/users/terrytangyuan/events{/privacy}"],"received_events_url":["https://api.github.com/users/terrytangyuan/received_events"],"type":["User"],"site_admin":[false]},"labels":[{"id":[246321732],"node_id":["MDU6TGFiZWwyNDYzMjE3MzI="],"url":["https://api.github.com/repos/terrytangyuan/lfda/labels/enhancement"],"name":["enhancement"],"color":["84b6eb"],"default":[true]},{"id":[246321735],"node_id":["MDU6TGFiZWwyNDYzMjE3MzU="],"url":["https://api.github.com/repos/terrytangyuan/lfda/labels/question"],"name":["question"],"color":["cc317c"],"default":[true]}],"state":["closed"],"locked":[false],"assignee":{"login":["terrytangyuan"],"id":[4269898],"node_id":["MDQ6VXNlcjQyNjk4OTg="],"avatar_url":["https://avatars3.githubusercontent.com/u/4269898?v=4"],"gravatar_id":[""],"url":["https://api.github.com/users/terrytangyuan"],"html_url":["https://github.com/terrytangyuan"],"followers_url":["https://api.github.com/users/terrytangyuan/followers"],"following_url":["https://api.github.com/users/terrytangyuan/following{/other_user}"],"gists_url":["https://api.github.com/users/terrytangyuan/gists{/gist_id}"],"starred_url":["https://api.github.com/users/terrytangyuan/starred{/owner}{/repo}"],"subscriptions_url":["https://api.github.com/users/terrytangyuan/subscriptions"],"organizations_url":["https://api.github.com/users/terrytangyuan/orgs"],"repos_url":["https://api.github.com/users/terrytangyuan/repos"],"events_url":["https://api.github.com/users/terrytangyuan/events{/privacy}"],"received_events_url":["https://api.github.com/users/terrytangyuan/received_events"],"type":["User"],"site_admin":[false]},"assignees":[{"login":["terrytangyuan"],"id":[4269898],"node_id":["MDQ6VXNlcjQyNjk4OTg="],"avatar_url":["https://avatars3.githubusercontent.com/u/4269898?v=4"],"gravatar_id":[""],"url":["https://api.github.com/users/terrytangyuan"],"html_url":["https://github.com/terrytangyuan"],"followers_url":["https://api.github.com/users/terrytangyuan/followers"],"following_url":["https://api.github.com/users/terrytangyuan/following{/other_user}"],"gists_url":["https://api.github.com/users/terrytangyuan/gists{/gist_id}"],"starred_url":["https://api.github.com/users/terrytangyuan/starred{/owner}{/repo}"],"subscriptions_url":["https://api.github.com/users/terrytangyuan/subscriptions"],"organizations_url":["https://api.github.com/users/terrytangyuan/orgs"],"repos_url":["https://api.github.com/users/terrytangyuan/repos"],"events_url":["https://api.github.com/users/terrytangyuan/events{/privacy}"],"received_events_url":["https://api.github.com/users/terrytangyuan/received_events"],"type":["User"],"site_admin":[false]}],"milestone":{"url":["https://api.github.com/repos/terrytangyuan/lfda/milestones/2"],"html_url":["https://github.com/terrytangyuan/lfda/milestone/2"],"labels_url":["https://api.github.com/repos/terrytangyuan/lfda/milestones/2/labels"],"id":[1249195],"node_id":["MDk6TWlsZXN0b25lMTI0OTE5NQ=="],"number":[2],"title":["Next Release"],"description":{},"creator":{"login":["terrytangyuan"],"id":[4269898],"node_id":["MDQ6VXNlcjQyNjk4OTg="],"avatar_url":["https://avatars3.githubusercontent.com/u/4269898?v=4"],"gravatar_id":[""],"url":["https://api.github.com/users/terrytangyuan"],"html_url":["https://github.com/terrytangyuan"],"followers_url":["https://api.github.com/users/terrytangyuan/followers"],"following_url":["https://api.github.com/users/terrytangyuan/following{/other_user}"],"gists_url":["https://api.github.com/users/terrytangyuan/gists{/gist_id}"],"starred_url":["https://api.github.com/users/terrytangyuan/starred{/owner}{/repo}"],"subscriptions_url":["https://api.github.com/users/terrytangyuan/subscriptions"],"organizations_url":["https://api.github.com/users/terrytangyuan/orgs"],"repos_url":["https://api.github.com/users/terrytangyuan/repos"],"events_url":["https://api.github.com/users/terrytangyuan/events{/privacy}"],"received_events_url":["https://api.github.com/users/terrytangyuan/received_events"],"type":["User"],"site_admin":[false]},"open_issues":[0],"closed_issues":[6],"state":["open"],"created_at":["2015-08-10T23:59:33Z"],"updated_at":["2016-01-26T19:58:01Z"],"due_on":{},"closed_at":{}},"comments":[0],"created_at":["2015-08-16T22:15:37Z"],"updated_at":["2016-01-26T19:57:56Z"],"closed_at":["2016-01-26T19:57:56Z"],"author_association":["OWNER"],"body":["After applying kmatrixGauss to the original data matrix and then apply klfda, the resulting transforming matrix cannot be applied to new data set since the dimensions don't match. I have sent an email to Dr. Sugiyama for a solution for this. \n"]},{"url":["https://api.github.com/repos/terrytangyuan/lfda/issues/16"],"repository_url":["https://api.github.com/repos/terrytangyuan/lfda"],"labels_url":["https://api.github.com/repos/terrytangyuan/lfda/issues/16/labels{/name}"],"comments_url":["https://api.github.com/repos/terrytangyuan/lfda/issues/16/comments"],"events_url":["https://api.github.com/repos/terrytangyuan/lfda/issues/16/events"],"html_url":["https://github.com/terrytangyuan/lfda/pull/16"],"id":[101273748],"node_id":["MDExOlB1bGxSZXF1ZXN0NDI1MzgwMDI="],"number":[16],"title":["Correctly register predict and print S3 functions"],"user":{"login":["zachmayer"],"id":[581590],"node_id":["MDQ6VXNlcjU4MTU5MA=="],"avatar_url":["https://avatars2.githubusercontent.com/u/581590?v=4"],"gravatar_id":[""],"url":["https://api.github.com/users/zachmayer"],"html_url":["https://github.com/zachmayer"],"followers_url":["https://api.github.com/users/zachmayer/followers"],"following_url":["https://api.github.com/users/zachmayer/following{/other_user}"],"gists_url":["https://api.github.com/users/zachmayer/gists{/gist_id}"],"starred_url":["https://api.github.com/users/zachmayer/starred{/owner}{/repo}"],"subscriptions_url":["https://api.github.com/users/zachmayer/subscriptions"],"organizations_url":["https://api.github.com/users/zachmayer/orgs"],"repos_url":["https://api.github.com/users/zachmayer/repos"],"events_url":["https://api.github.com/users/zachmayer/events{/privacy}"],"received_events_url":["https://api.github.com/users/zachmayer/received_events"],"type":["User"],"site_admin":[false]},"labels":[],"state":["closed"],"locked":[false],"assignee":{},"assignees":[],"milestone":{},"comments":[2],"created_at":["2015-08-16T15:16:46Z"],"updated_at":["2015-08-18T15:17:57Z"],"closed_at":["2015-08-18T15:17:57Z"],"author_association":["CONTRIBUTOR"],"pull_request":{"url":["https://api.github.com/repos/terrytangyuan/lfda/pulls/16"],"html_url":["https://github.com/terrytangyuan/lfda/pull/16"],"diff_url":["https://github.com/terrytangyuan/lfda/pull/16.diff"],"patch_url":["https://github.com/terrytangyuan/lfda/pull/16.patch"]},"body":["To make new predict S3 methods, you need to do 2 things:\n1. export the function (print.lfda)\n2. register it as an S3 method for predict.\n\nThis is done quite simply with roxygen2 tags:\n# ' @export\n# ' @method predict lfda\n"]},{"url":["https://api.github.com/repos/terrytangyuan/lfda/issues/15"],"repository_url":["https://api.github.com/repos/terrytangyuan/lfda"],"labels_url":["https://api.github.com/repos/terrytangyuan/lfda/issues/15/labels{/name}"],"comments_url":["https://api.github.com/repos/terrytangyuan/lfda/issues/15/comments"],"events_url":["https://api.github.com/repos/terrytangyuan/lfda/issues/15/events"],"html_url":["https://github.com/terrytangyuan/lfda/issues/15"],"id":[101214302],"node_id":["MDU6SXNzdWUxMDEyMTQzMDI="],"number":[15],"title":["Add example/demo page for lfda, klfda, and show some visualization"],"user":{"login":["terrytangyuan"],"id":[4269898],"node_id":["MDQ6VXNlcjQyNjk4OTg="],"avatar_url":["https://avatars3.githubusercontent.com/u/4269898?v=4"],"gravatar_id":[""],"url":["https://api.github.com/users/terrytangyuan"],"html_url":["https://github.com/terrytangyuan"],"followers_url":["https://api.github.com/users/terrytangyuan/followers"],"following_url":["https://api.github.com/users/terrytangyuan/following{/other_user}"],"gists_url":["https://api.github.com/users/terrytangyuan/gists{/gist_id}"],"starred_url":["https://api.github.com/users/terrytangyuan/starred{/owner}{/repo}"],"subscriptions_url":["https://api.github.com/users/terrytangyuan/subscriptions"],"organizations_url":["https://api.github.com/users/terrytangyuan/orgs"],"repos_url":["https://api.github.com/users/terrytangyuan/repos"],"events_url":["https://api.github.com/users/terrytangyuan/events{/privacy}"],"received_events_url":["https://api.github.com/users/terrytangyuan/received_events"],"type":["User"],"site_admin":[false]},"labels":[{"id":[246321732],"node_id":["MDU6TGFiZWwyNDYzMjE3MzI="],"url":["https://api.github.com/repos/terrytangyuan/lfda/labels/enhancement"],"name":["enhancement"],"color":["84b6eb"],"default":[true]},{"id":[246321733],"node_id":["MDU6TGFiZWwyNDYzMjE3MzM="],"url":["https://api.github.com/repos/terrytangyuan/lfda/labels/help%20wanted"],"name":["help wanted"],"color":["159818"],"default":[true]}],"state":["closed"],"locked":[false],"assignee":{},"assignees":[],"milestone":{"url":["https://api.github.com/repos/terrytangyuan/lfda/milestones/2"],"html_url":["https://github.com/terrytangyuan/lfda/milestone/2"],"labels_url":["https://api.github.com/repos/terrytangyuan/lfda/milestones/2/labels"],"id":[1249195],"node_id":["MDk6TWlsZXN0b25lMTI0OTE5NQ=="],"number":[2],"title":["Next Release"],"description":{},"creator":{"login":["terrytangyuan"],"id":[4269898],"node_id":["MDQ6VXNlcjQyNjk4OTg="],"avatar_url":["https://avatars3.githubusercontent.com/u/4269898?v=4"],"gravatar_id":[""],"url":["https://api.github.com/users/terrytangyuan"],"html_url":["https://github.com/terrytangyuan"],"followers_url":["https://api.github.com/users/terrytangyuan/followers"],"following_url":["https://api.github.com/users/terrytangyuan/following{/other_user}"],"gists_url":["https://api.github.com/users/terrytangyuan/gists{/gist_id}"],"starred_url":["https://api.github.com/users/terrytangyuan/starred{/owner}{/repo}"],"subscriptions_url":["https://api.github.com/users/terrytangyuan/subscriptions"],"organizations_url":["https://api.github.com/users/terrytangyuan/orgs"],"repos_url":["https://api.github.com/users/terrytangyuan/repos"],"events_url":["https://api.github.com/users/terrytangyuan/events{/privacy}"],"received_events_url":["https://api.github.com/users/terrytangyuan/received_events"],"type":["User"],"site_admin":[false]},"open_issues":[0],"closed_issues":[6],"state":["open"],"created_at":["2015-08-10T23:59:33Z"],"updated_at":["2016-01-26T19:58:01Z"],"due_on":{},"closed_at":{}},"comments":[1],"created_at":["2015-08-15T22:31:25Z"],"updated_at":["2015-08-31T14:10:36Z"],"closed_at":["2015-08-31T14:10:36Z"],"author_association":["OWNER"],"body":[""]},{"url":["https://api.github.com/repos/terrytangyuan/lfda/issues/14"],"repository_url":["https://api.github.com/repos/terrytangyuan/lfda"],"labels_url":["https://api.github.com/repos/terrytangyuan/lfda/issues/14/labels{/name}"],"comments_url":["https://api.github.com/repos/terrytangyuan/lfda/issues/14/comments"],"events_url":["https://api.github.com/repos/terrytangyuan/lfda/issues/14/events"],"html_url":["https://github.com/terrytangyuan/lfda/pull/14"],"id":[100830511],"node_id":["MDExOlB1bGxSZXF1ZXN0NDIzNzk0Nzk="],"number":[14],"title":["Bump version number"],"user":{"login":["zachmayer"],"id":[581590],"node_id":["MDQ6VXNlcjU4MTU5MA=="],"avatar_url":["https://avatars2.githubusercontent.com/u/581590?v=4"],"gravatar_id":[""],"url":["https://api.github.com/users/zachmayer"],"html_url":["https://github.com/zachmayer"],"followers_url":["https://api.github.com/users/zachmayer/followers"],"following_url":["https://api.github.com/users/zachmayer/following{/other_user}"],"gists_url":["https://api.github.com/users/zachmayer/gists{/gist_id}"],"starred_url":["https://api.github.com/users/zachmayer/starred{/owner}{/repo}"],"subscriptions_url":["https://api.github.com/users/zachmayer/subscriptions"],"organizations_url":["https://api.github.com/users/zachmayer/orgs"],"repos_url":["https://api.github.com/users/zachmayer/repos"],"events_url":["https://api.github.com/users/zachmayer/events{/privacy}"],"received_events_url":["https://api.github.com/users/zachmayer/received_events"],"type":["User"],"site_admin":[false]},"labels":[],"state":["closed"],"locked":[false],"assignee":{},"assignees":[],"milestone":{},"comments":[2],"created_at":["2015-08-13T17:58:16Z"],"updated_at":["2015-08-13T18:14:48Z"],"closed_at":["2015-08-13T18:14:48Z"],"author_association":["CONTRIBUTOR"],"pull_request":{"url":["https://api.github.com/repos/terrytangyuan/lfda/pulls/14"],"html_url":["https://github.com/terrytangyuan/lfda/pull/14"],"diff_url":["https://github.com/terrytangyuan/lfda/pull/14.diff"],"patch_url":["https://github.com/terrytangyuan/lfda/pull/14.patch"]},"body":["So the idea is you add `.9000` to signify it's the dev version of what's on CRAN.  Then with each commit, you bump the number.  So you end up with `1.0.0.9001`, `1.0.0.9002`, `1.0.0.9003`, etc.  At some point you're ready to release on CRAN, and you change `1.0.0.9057` to `1.0.1`.\n"]},{"url":["https://api.github.com/repos/terrytangyuan/lfda/issues/13"],"repository_url":["https://api.github.com/repos/terrytangyuan/lfda"],"labels_url":["https://api.github.com/repos/terrytangyuan/lfda/issues/13/labels{/name}"],"comments_url":["https://api.github.com/repos/terrytangyuan/lfda/issues/13/comments"],"events_url":["https://api.github.com/repos/terrytangyuan/lfda/issues/13/events"],"html_url":["https://github.com/terrytangyuan/lfda/pull/13"],"id":[100763727],"node_id":["MDExOlB1bGxSZXF1ZXN0NDIzNDczMjc="],"number":[13],"title":["Some travis updates"],"user":{"login":["zachmayer"],"id":[581590],"node_id":["MDQ6VXNlcjU4MTU5MA=="],"avatar_url":["https://avatars2.githubusercontent.com/u/581590?v=4"],"gravatar_id":[""],"url":["https://api.github.com/users/zachmayer"],"html_url":["https://github.com/zachmayer"],"followers_url":["https://api.github.com/users/zachmayer/followers"],"following_url":["https://api.github.com/users/zachmayer/following{/other_user}"],"gists_url":["https://api.github.com/users/zachmayer/gists{/gist_id}"],"starred_url":["https://api.github.com/users/zachmayer/starred{/owner}{/repo}"],"subscriptions_url":["https://api.github.com/users/zachmayer/subscriptions"],"organizations_url":["https://api.github.com/users/zachmayer/orgs"],"repos_url":["https://api.github.com/users/zachmayer/repos"],"events_url":["https://api.github.com/users/zachmayer/events{/privacy}"],"received_events_url":["https://api.github.com/users/zachmayer/received_events"],"type":["User"],"site_admin":[false]},"labels":[],"state":["closed"],"locked":[false],"assignee":{},"assignees":[],"milestone":{},"comments":[2],"created_at":["2015-08-13T13:00:32Z"],"updated_at":["2015-08-13T17:56:29Z"],"closed_at":["2015-08-13T17:37:17Z"],"author_association":["CONTRIBUTOR"],"pull_request":{"url":["https://api.github.com/repos/terrytangyuan/lfda/pulls/13"],"html_url":["https://github.com/terrytangyuan/lfda/pull/13"],"diff_url":["https://github.com/terrytangyuan/lfda/pull/13.diff"],"patch_url":["https://github.com/terrytangyuan/lfda/pull/13.patch"]},"body":["Try to cleanup CRAN builds a little\n"]},{"url":["https://api.github.com/repos/terrytangyuan/lfda/issues/12"],"repository_url":["https://api.github.com/repos/terrytangyuan/lfda"],"labels_url":["https://api.github.com/repos/terrytangyuan/lfda/issues/12/labels{/name}"],"comments_url":["https://api.github.com/repos/terrytangyuan/lfda/issues/12/comments"],"events_url":["https://api.github.com/repos/terrytangyuan/lfda/issues/12/events"],"html_url":["https://github.com/terrytangyuan/lfda/issues/12"],"id":[100762044],"node_id":["MDU6SXNzdWUxMDA3NjIwNDQ="],"number":[12],"title":["Travis not passing due to LibSSH2 dependency"],"user":{"login":["terrytangyuan"],"id":[4269898],"node_id":["MDQ6VXNlcjQyNjk4OTg="],"avatar_url":["https://avatars3.githubusercontent.com/u/4269898?v=4"],"gravatar_id":[""],"url":["https://api.github.com/users/terrytangyuan"],"html_url":["https://github.com/terrytangyuan"],"followers_url":["https://api.github.com/users/terrytangyuan/followers"],"following_url":["https://api.github.com/users/terrytangyuan/following{/other_user}"],"gists_url":["https://api.github.com/users/terrytangyuan/gists{/gist_id}"],"starred_url":["https://api.github.com/users/terrytangyuan/starred{/owner}{/repo}"],"subscriptions_url":["https://api.github.com/users/terrytangyuan/subscriptions"],"organizations_url":["https://api.github.com/users/terrytangyuan/orgs"],"repos_url":["https://api.github.com/users/terrytangyuan/repos"],"events_url":["https://api.github.com/users/terrytangyuan/events{/privacy}"],"received_events_url":["https://api.github.com/users/terrytangyuan/received_events"],"type":["User"],"site_admin":[false]},"labels":[],"state":["closed"],"locked":[false],"assignee":{},"assignees":[],"milestone":{},"comments":[2],"created_at":["2015-08-13T12:53:44Z"],"updated_at":["2015-08-13T18:32:24Z"],"closed_at":["2015-08-13T18:32:24Z"],"author_association":["OWNER"],"body":["@zachmayer Would you be able to take a look at this? I tried several ways to install but still not passing. Similar to rgl dependency problem. How did you get managed to pass it? \n"]},{"url":["https://api.github.com/repos/terrytangyuan/lfda/issues/11"],"repository_url":["https://api.github.com/repos/terrytangyuan/lfda"],"labels_url":["https://api.github.com/repos/terrytangyuan/lfda/issues/11/labels{/name}"],"comments_url":["https://api.github.com/repos/terrytangyuan/lfda/issues/11/comments"],"events_url":["https://api.github.com/repos/terrytangyuan/lfda/issues/11/events"],"html_url":["https://github.com/terrytangyuan/lfda/pull/11"],"id":[100329045],"node_id":["MDExOlB1bGxSZXF1ZXN0NDIxMzY5NTM="],"number":[11],"title":["Try to fix tests"],"user":{"login":["zachmayer"],"id":[581590],"node_id":["MDQ6VXNlcjU4MTU5MA=="],"avatar_url":["https://avatars2.githubusercontent.com/u/581590?v=4"],"gravatar_id":[""],"url":["https://api.github.com/users/zachmayer"],"html_url":["https://github.com/zachmayer"],"followers_url":["https://api.github.com/users/zachmayer/followers"],"following_url":["https://api.github.com/users/zachmayer/following{/other_user}"],"gists_url":["https://api.github.com/users/zachmayer/gists{/gist_id}"],"starred_url":["https://api.github.com/users/zachmayer/starred{/owner}{/repo}"],"subscriptions_url":["https://api.github.com/users/zachmayer/subscriptions"],"organizations_url":["https://api.github.com/users/zachmayer/orgs"],"repos_url":["https://api.github.com/users/zachmayer/repos"],"events_url":["https://api.github.com/users/zachmayer/events{/privacy}"],"received_events_url":["https://api.github.com/users/zachmayer/received_events"],"type":["User"],"site_admin":[false]},"labels":[],"state":["closed"],"locked":[false],"assignee":{},"assignees":[],"milestone":{},"comments":[8],"created_at":["2015-08-11T14:44:12Z"],"updated_at":["2015-08-11T15:48:16Z"],"closed_at":["2015-08-11T15:45:00Z"],"author_association":["CONTRIBUTOR"],"pull_request":{"url":["https://api.github.com/repos/terrytangyuan/lfda/pulls/11"],"html_url":["https://github.com/terrytangyuan/lfda/pull/11"],"diff_url":["https://github.com/terrytangyuan/lfda/pull/11.diff"],"patch_url":["https://github.com/terrytangyuan/lfda/pull/11.patch"]},"body":[""]},{"url":["https://api.github.com/repos/terrytangyuan/lfda/issues/10"],"repository_url":["https://api.github.com/repos/terrytangyuan/lfda"],"labels_url":["https://api.github.com/repos/terrytangyuan/lfda/issues/10/labels{/name}"],"comments_url":["https://api.github.com/repos/terrytangyuan/lfda/issues/10/comments"],"events_url":["https://api.github.com/repos/terrytangyuan/lfda/issues/10/events"],"html_url":["https://github.com/terrytangyuan/lfda/issues/10"],"id":[100292002],"node_id":["MDU6SXNzdWUxMDAyOTIwMDI="],"number":[10],"title":["refactor lfda and klfda code"],"user":{"login":["terrytangyuan"],"id":[4269898],"node_id":["MDQ6VXNlcjQyNjk4OTg="],"avatar_url":["https://avatars3.githubusercontent.com/u/4269898?v=4"],"gravatar_id":[""],"url":["https://api.github.com/users/terrytangyuan"],"html_url":["https://github.com/terrytangyuan"],"followers_url":["https://api.github.com/users/terrytangyuan/followers"],"following_url":["https://api.github.com/users/terrytangyuan/following{/other_user}"],"gists_url":["https://api.github.com/users/terrytangyuan/gists{/gist_id}"],"starred_url":["https://api.github.com/users/terrytangyuan/starred{/owner}{/repo}"],"subscriptions_url":["https://api.github.com/users/terrytangyuan/subscriptions"],"organizations_url":["https://api.github.com/users/terrytangyuan/orgs"],"repos_url":["https://api.github.com/users/terrytangyuan/repos"],"events_url":["https://api.github.com/users/terrytangyuan/events{/privacy}"],"received_events_url":["https://api.github.com/users/terrytangyuan/received_events"],"type":["User"],"site_admin":[false]},"labels":[{"id":[246321732],"node_id":["MDU6TGFiZWwyNDYzMjE3MzI="],"url":["https://api.github.com/repos/terrytangyuan/lfda/labels/enhancement"],"name":["enhancement"],"color":["84b6eb"],"default":[true]},{"id":[246321733],"node_id":["MDU6TGFiZWwyNDYzMjE3MzM="],"url":["https://api.github.com/repos/terrytangyuan/lfda/labels/help%20wanted"],"name":["help wanted"],"color":["159818"],"default":[true]}],"state":["closed"],"locked":[false],"assignee":{"login":["terrytangyuan"],"id":[4269898],"node_id":["MDQ6VXNlcjQyNjk4OTg="],"avatar_url":["https://avatars3.githubusercontent.com/u/4269898?v=4"],"gravatar_id":[""],"url":["https://api.github.com/users/terrytangyuan"],"html_url":["https://github.com/terrytangyuan"],"followers_url":["https://api.github.com/users/terrytangyuan/followers"],"following_url":["https://api.github.com/users/terrytangyuan/following{/other_user}"],"gists_url":["https://api.github.com/users/terrytangyuan/gists{/gist_id}"],"starred_url":["https://api.github.com/users/terrytangyuan/starred{/owner}{/repo}"],"subscriptions_url":["https://api.github.com/users/terrytangyuan/subscriptions"],"organizations_url":["https://api.github.com/users/terrytangyuan/orgs"],"repos_url":["https://api.github.com/users/terrytangyuan/repos"],"events_url":["https://api.github.com/users/terrytangyuan/events{/privacy}"],"received_events_url":["https://api.github.com/users/terrytangyuan/received_events"],"type":["User"],"site_admin":[false]},"assignees":[{"login":["terrytangyuan"],"id":[4269898],"node_id":["MDQ6VXNlcjQyNjk4OTg="],"avatar_url":["https://avatars3.githubusercontent.com/u/4269898?v=4"],"gravatar_id":[""],"url":["https://api.github.com/users/terrytangyuan"],"html_url":["https://github.com/terrytangyuan"],"followers_url":["https://api.github.com/users/terrytangyuan/followers"],"following_url":["https://api.github.com/users/terrytangyuan/following{/other_user}"],"gists_url":["https://api.github.com/users/terrytangyuan/gists{/gist_id}"],"starred_url":["https://api.github.com/users/terrytangyuan/starred{/owner}{/repo}"],"subscriptions_url":["https://api.github.com/users/terrytangyuan/subscriptions"],"organizations_url":["https://api.github.com/users/terrytangyuan/orgs"],"repos_url":["https://api.github.com/users/terrytangyuan/repos"],"events_url":["https://api.github.com/users/terrytangyuan/events{/privacy}"],"received_events_url":["https://api.github.com/users/terrytangyuan/received_events"],"type":["User"],"site_admin":[false]}],"milestone":{"url":["https://api.github.com/repos/terrytangyuan/lfda/milestones/2"],"html_url":["https://github.com/terrytangyuan/lfda/milestone/2"],"labels_url":["https://api.github.com/repos/terrytangyuan/lfda/milestones/2/labels"],"id":[1249195],"node_id":["MDk6TWlsZXN0b25lMTI0OTE5NQ=="],"number":[2],"title":["Next Release"],"description":{},"creator":{"login":["terrytangyuan"],"id":[4269898],"node_id":["MDQ6VXNlcjQyNjk4OTg="],"avatar_url":["https://avatars3.githubusercontent.com/u/4269898?v=4"],"gravatar_id":[""],"url":["https://api.github.com/users/terrytangyuan"],"html_url":["https://github.com/terrytangyuan"],"followers_url":["https://api.github.com/users/terrytangyuan/followers"],"following_url":["https://api.github.com/users/terrytangyuan/following{/other_user}"],"gists_url":["https://api.github.com/users/terrytangyuan/gists{/gist_id}"],"starred_url":["https://api.github.com/users/terrytangyuan/starred{/owner}{/repo}"],"subscriptions_url":["https://api.github.com/users/terrytangyuan/subscriptions"],"organizations_url":["https://api.github.com/users/terrytangyuan/orgs"],"repos_url":["https://api.github.com/users/terrytangyuan/repos"],"events_url":["https://api.github.com/users/terrytangyuan/events{/privacy}"],"received_events_url":["https://api.github.com/users/terrytangyuan/received_events"],"type":["User"],"site_admin":[false]},"open_issues":[0],"closed_issues":[6],"state":["open"],"created_at":["2015-08-10T23:59:33Z"],"updated_at":["2016-01-26T19:58:01Z"],"due_on":{},"closed_at":{}},"comments":[0],"created_at":["2015-08-11T11:24:00Z"],"updated_at":["2015-08-16T22:17:27Z"],"closed_at":["2015-08-16T22:17:27Z"],"author_association":["OWNER"],"body":["Some code are repetitive and can be refactored into smaller functions. \n"]},{"url":["https://api.github.com/repos/terrytangyuan/lfda/issues/9"],"repository_url":["https://api.github.com/repos/terrytangyuan/lfda"],"labels_url":["https://api.github.com/repos/terrytangyuan/lfda/issues/9/labels{/name}"],"comments_url":["https://api.github.com/repos/terrytangyuan/lfda/issues/9/comments"],"events_url":["https://api.github.com/repos/terrytangyuan/lfda/issues/9/events"],"html_url":["https://github.com/terrytangyuan/lfda/issues/9"],"id":[100290480],"node_id":["MDU6SXNzdWUxMDAyOTA0ODA="],"number":[9],"title":["More Input Argument Checking for lfda and klfda"],"user":{"login":["terrytangyuan"],"id":[4269898],"node_id":["MDQ6VXNlcjQyNjk4OTg="],"avatar_url":["https://avatars3.githubusercontent.com/u/4269898?v=4"],"gravatar_id":[""],"url":["https://api.github.com/users/terrytangyuan"],"html_url":["https://github.com/terrytangyuan"],"followers_url":["https://api.github.com/users/terrytangyuan/followers"],"following_url":["https://api.github.com/users/terrytangyuan/following{/other_user}"],"gists_url":["https://api.github.com/users/terrytangyuan/gists{/gist_id}"],"starred_url":["https://api.github.com/users/terrytangyuan/starred{/owner}{/repo}"],"subscriptions_url":["https://api.github.com/users/terrytangyuan/subscriptions"],"organizations_url":["https://api.github.com/users/terrytangyuan/orgs"],"repos_url":["https://api.github.com/users/terrytangyuan/repos"],"events_url":["https://api.github.com/users/terrytangyuan/events{/privacy}"],"received_events_url":["https://api.github.com/users/terrytangyuan/received_events"],"type":["User"],"site_admin":[false]},"labels":[{"id":[246321732],"node_id":["MDU6TGFiZWwyNDYzMjE3MzI="],"url":["https://api.github.com/repos/terrytangyuan/lfda/labels/enhancement"],"name":["enhancement"],"color":["84b6eb"],"default":[true]},{"id":[246321733],"node_id":["MDU6TGFiZWwyNDYzMjE3MzM="],"url":["https://api.github.com/repos/terrytangyuan/lfda/labels/help%20wanted"],"name":["help wanted"],"color":["159818"],"default":[true]}],"state":["closed"],"locked":[false],"assignee":{"login":["terrytangyuan"],"id":[4269898],"node_id":["MDQ6VXNlcjQyNjk4OTg="],"avatar_url":["https://avatars3.githubusercontent.com/u/4269898?v=4"],"gravatar_id":[""],"url":["https://api.github.com/users/terrytangyuan"],"html_url":["https://github.com/terrytangyuan"],"followers_url":["https://api.github.com/users/terrytangyuan/followers"],"following_url":["https://api.github.com/users/terrytangyuan/following{/other_user}"],"gists_url":["https://api.github.com/users/terrytangyuan/gists{/gist_id}"],"starred_url":["https://api.github.com/users/terrytangyuan/starred{/owner}{/repo}"],"subscriptions_url":["https://api.github.com/users/terrytangyuan/subscriptions"],"organizations_url":["https://api.github.com/users/terrytangyuan/orgs"],"repos_url":["https://api.github.com/users/terrytangyuan/repos"],"events_url":["https://api.github.com/users/terrytangyuan/events{/privacy}"],"received_events_url":["https://api.github.com/users/terrytangyuan/received_events"],"type":["User"],"site_admin":[false]},"assignees":[{"login":["terrytangyuan"],"id":[4269898],"node_id":["MDQ6VXNlcjQyNjk4OTg="],"avatar_url":["https://avatars3.githubusercontent.com/u/4269898?v=4"],"gravatar_id":[""],"url":["https://api.github.com/users/terrytangyuan"],"html_url":["https://github.com/terrytangyuan"],"followers_url":["https://api.github.com/users/terrytangyuan/followers"],"following_url":["https://api.github.com/users/terrytangyuan/following{/other_user}"],"gists_url":["https://api.github.com/users/terrytangyuan/gists{/gist_id}"],"starred_url":["https://api.github.com/users/terrytangyuan/starred{/owner}{/repo}"],"subscriptions_url":["https://api.github.com/users/terrytangyuan/subscriptions"],"organizations_url":["https://api.github.com/users/terrytangyuan/orgs"],"repos_url":["https://api.github.com/users/terrytangyuan/repos"],"events_url":["https://api.github.com/users/terrytangyuan/events{/privacy}"],"received_events_url":["https://api.github.com/users/terrytangyuan/received_events"],"type":["User"],"site_admin":[false]}],"milestone":{"url":["https://api.github.com/repos/terrytangyuan/lfda/milestones/2"],"html_url":["https://github.com/terrytangyuan/lfda/milestone/2"],"labels_url":["https://api.github.com/repos/terrytangyuan/lfda/milestones/2/labels"],"id":[1249195],"node_id":["MDk6TWlsZXN0b25lMTI0OTE5NQ=="],"number":[2],"title":["Next Release"],"description":{},"creator":{"login":["terrytangyuan"],"id":[4269898],"node_id":["MDQ6VXNlcjQyNjk4OTg="],"avatar_url":["https://avatars3.githubusercontent.com/u/4269898?v=4"],"gravatar_id":[""],"url":["https://api.github.com/users/terrytangyuan"],"html_url":["https://github.com/terrytangyuan"],"followers_url":["https://api.github.com/users/terrytangyuan/followers"],"following_url":["https://api.github.com/users/terrytangyuan/following{/other_user}"],"gists_url":["https://api.github.com/users/terrytangyuan/gists{/gist_id}"],"starred_url":["https://api.github.com/users/terrytangyuan/starred{/owner}{/repo}"],"subscriptions_url":["https://api.github.com/users/terrytangyuan/subscriptions"],"organizations_url":["https://api.github.com/users/terrytangyuan/orgs"],"repos_url":["https://api.github.com/users/terrytangyuan/repos"],"events_url":["https://api.github.com/users/terrytangyuan/events{/privacy}"],"received_events_url":["https://api.github.com/users/terrytangyuan/received_events"],"type":["User"],"site_admin":[false]},"open_issues":[0],"closed_issues":[6],"state":["open"],"created_at":["2015-08-10T23:59:33Z"],"updated_at":["2016-01-26T19:58:01Z"],"due_on":{},"closed_at":{}},"comments":[0],"created_at":["2015-08-11T11:16:23Z"],"updated_at":["2016-01-26T19:58:01Z"],"closed_at":["2016-01-26T19:58:01Z"],"author_association":["OWNER"],"body":[""]},{"url":["https://api.github.com/repos/terrytangyuan/lfda/issues/8"],"repository_url":["https://api.github.com/repos/terrytangyuan/lfda"],"labels_url":["https://api.github.com/repos/terrytangyuan/lfda/issues/8/labels{/name}"],"comments_url":["https://api.github.com/repos/terrytangyuan/lfda/issues/8/comments"],"events_url":["https://api.github.com/repos/terrytangyuan/lfda/issues/8/events"],"html_url":["https://github.com/terrytangyuan/lfda/pull/8"],"id":[100194531],"node_id":["MDExOlB1bGxSZXF1ZXN0NDIwODAwMjk="],"number":[8],"title":["Fix R CMD CHECK false positive"],"user":{"login":["zachmayer"],"id":[581590],"node_id":["MDQ6VXNlcjU4MTU5MA=="],"avatar_url":["https://avatars2.githubusercontent.com/u/581590?v=4"],"gravatar_id":[""],"url":["https://api.github.com/users/zachmayer"],"html_url":["https://github.com/zachmayer"],"followers_url":["https://api.github.com/users/zachmayer/followers"],"following_url":["https://api.github.com/users/zachmayer/following{/other_user}"],"gists_url":["https://api.github.com/users/zachmayer/gists{/gist_id}"],"starred_url":["https://api.github.com/users/zachmayer/starred{/owner}{/repo}"],"subscriptions_url":["https://api.github.com/users/zachmayer/subscriptions"],"organizations_url":["https://api.github.com/users/zachmayer/orgs"],"repos_url":["https://api.github.com/users/zachmayer/repos"],"events_url":["https://api.github.com/users/zachmayer/events{/privacy}"],"received_events_url":["https://api.github.com/users/zachmayer/received_events"],"type":["User"],"site_admin":[false]},"labels":[],"state":["closed"],"locked":[false],"assignee":{},"assignees":[],"milestone":{},"comments":[5],"created_at":["2015-08-11T00:03:20Z"],"updated_at":["2015-08-11T14:53:13Z"],"closed_at":["2015-08-11T00:04:00Z"],"author_association":["CONTRIBUTOR"],"pull_request":{"url":["https://api.github.com/repos/terrytangyuan/lfda/pulls/8"],"html_url":["https://github.com/terrytangyuan/lfda/pull/8"],"diff_url":["https://github.com/terrytangyuan/lfda/pull/8.diff"],"patch_url":["https://github.com/terrytangyuan/lfda/pull/8.patch"]},"body":[""]},{"url":["https://api.github.com/repos/terrytangyuan/lfda/issues/7"],"repository_url":["https://api.github.com/repos/terrytangyuan/lfda"],"labels_url":["https://api.github.com/repos/terrytangyuan/lfda/issues/7/labels{/name}"],"comments_url":["https://api.github.com/repos/terrytangyuan/lfda/issues/7/comments"],"events_url":["https://api.github.com/repos/terrytangyuan/lfda/issues/7/events"],"html_url":["https://github.com/terrytangyuan/lfda/pull/7"],"id":[100194355],"node_id":["MDExOlB1bGxSZXF1ZXN0NDIwNzk5NDQ="],"number":[7],"title":["Install covr"],"user":{"login":["zachmayer"],"id":[581590],"node_id":["MDQ6VXNlcjU4MTU5MA=="],"avatar_url":["https://avatars2.githubusercontent.com/u/581590?v=4"],"gravatar_id":[""],"url":["https://api.github.com/users/zachmayer"],"html_url":["https://github.com/zachmayer"],"followers_url":["https://api.github.com/users/zachmayer/followers"],"following_url":["https://api.github.com/users/zachmayer/following{/other_user}"],"gists_url":["https://api.github.com/users/zachmayer/gists{/gist_id}"],"starred_url":["https://api.github.com/users/zachmayer/starred{/owner}{/repo}"],"subscriptions_url":["https://api.github.com/users/zachmayer/subscriptions"],"organizations_url":["https://api.github.com/users/zachmayer/orgs"],"repos_url":["https://api.github.com/users/zachmayer/repos"],"events_url":["https://api.github.com/users/zachmayer/events{/privacy}"],"received_events_url":["https://api.github.com/users/zachmayer/received_events"],"type":["User"],"site_admin":[false]},"labels":[],"state":["closed"],"locked":[false],"assignee":{},"assignees":[],"milestone":{},"comments":[0],"created_at":["2015-08-11T00:01:40Z"],"updated_at":["2015-08-11T14:53:10Z"],"closed_at":["2015-08-11T00:04:20Z"],"author_association":["CONTRIBUTOR"],"pull_request":{"url":["https://api.github.com/repos/terrytangyuan/lfda/pulls/7"],"html_url":["https://github.com/terrytangyuan/lfda/pull/7"],"diff_url":["https://github.com/terrytangyuan/lfda/pull/7.diff"],"patch_url":["https://github.com/terrytangyuan/lfda/pull/7.patch"]},"body":[""]},{"url":["https://api.github.com/repos/terrytangyuan/lfda/issues/6"],"repository_url":["https://api.github.com/repos/terrytangyuan/lfda"],"labels_url":["https://api.github.com/repos/terrytangyuan/lfda/issues/6/labels{/name}"],"comments_url":["https://api.github.com/repos/terrytangyuan/lfda/issues/6/comments"],"events_url":["https://api.github.com/repos/terrytangyuan/lfda/issues/6/events"],"html_url":["https://github.com/terrytangyuan/lfda/issues/6"],"id":[100191532],"node_id":["MDU6SXNzdWUxMDAxOTE1MzI="],"number":[6],"title":["Before CRAN submission"],"user":{"login":["terrytangyuan"],"id":[4269898],"node_id":["MDQ6VXNlcjQyNjk4OTg="],"avatar_url":["https://avatars3.githubusercontent.com/u/4269898?v=4"],"gravatar_id":[""],"url":["https://api.github.com/users/terrytangyuan"],"html_url":["https://github.com/terrytangyuan"],"followers_url":["https://api.github.com/users/terrytangyuan/followers"],"following_url":["https://api.github.com/users/terrytangyuan/following{/other_user}"],"gists_url":["https://api.github.com/users/terrytangyuan/gists{/gist_id}"],"starred_url":["https://api.github.com/users/terrytangyuan/starred{/owner}{/repo}"],"subscriptions_url":["https://api.github.com/users/terrytangyuan/subscriptions"],"organizations_url":["https://api.github.com/users/terrytangyuan/orgs"],"repos_url":["https://api.github.com/users/terrytangyuan/repos"],"events_url":["https://api.github.com/users/terrytangyuan/events{/privacy}"],"received_events_url":["https://api.github.com/users/terrytangyuan/received_events"],"type":["User"],"site_admin":[false]},"labels":[],"state":["closed"],"locked":[false],"assignee":{},"assignees":[],"milestone":{"url":["https://api.github.com/repos/terrytangyuan/lfda/milestones/1"],"html_url":["https://github.com/terrytangyuan/lfda/milestone/1"],"labels_url":["https://api.github.com/repos/terrytangyuan/lfda/milestones/1/labels"],"id":[1249169],"node_id":["MDk6TWlsZXN0b25lMTI0OTE2OQ=="],"number":[1],"title":["First CRAN submission"],"description":[""],"creator":{"login":["terrytangyuan"],"id":[4269898],"node_id":["MDQ6VXNlcjQyNjk4OTg="],"avatar_url":["https://avatars3.githubusercontent.com/u/4269898?v=4"],"gravatar_id":[""],"url":["https://api.github.com/users/terrytangyuan"],"html_url":["https://github.com/terrytangyuan"],"followers_url":["https://api.github.com/users/terrytangyuan/followers"],"following_url":["https://api.github.com/users/terrytangyuan/following{/other_user}"],"gists_url":["https://api.github.com/users/terrytangyuan/gists{/gist_id}"],"starred_url":["https://api.github.com/users/terrytangyuan/starred{/owner}{/repo}"],"subscriptions_url":["https://api.github.com/users/terrytangyuan/subscriptions"],"organizations_url":["https://api.github.com/users/terrytangyuan/orgs"],"repos_url":["https://api.github.com/users/terrytangyuan/repos"],"events_url":["https://api.github.com/users/terrytangyuan/events{/privacy}"],"received_events_url":["https://api.github.com/users/terrytangyuan/received_events"],"type":["User"],"site_admin":[false]},"open_issues":[0],"closed_issues":[3],"state":["closed"],"created_at":["2015-08-10T23:34:19Z"],"updated_at":["2015-08-31T14:11:20Z"],"due_on":{},"closed_at":["2015-08-31T14:11:20Z"]},"comments":[17],"created_at":["2015-08-10T23:36:16Z"],"updated_at":["2015-08-13T13:01:41Z"],"closed_at":["2015-08-11T00:16:16Z"],"author_association":["OWNER"],"body":["@zachmayer  Do you know how long it takes for CRAN to review the package? Any suggestions before I submit? \n"]},{"url":["https://api.github.com/repos/terrytangyuan/lfda/issues/5"],"repository_url":["https://api.github.com/repos/terrytangyuan/lfda"],"labels_url":["https://api.github.com/repos/terrytangyuan/lfda/issues/5/labels{/name}"],"comments_url":["https://api.github.com/repos/terrytangyuan/lfda/issues/5/comments"],"events_url":["https://api.github.com/repos/terrytangyuan/lfda/issues/5/events"],"html_url":["https://github.com/terrytangyuan/lfda/issues/5"],"id":[100189039],"node_id":["MDU6SXNzdWUxMDAxODkwMzk="],"number":[5],"title":["Modify the structure of 3d visualization code"],"user":{"login":["terrytangyuan"],"id":[4269898],"node_id":["MDQ6VXNlcjQyNjk4OTg="],"avatar_url":["https://avatars3.githubusercontent.com/u/4269898?v=4"],"gravatar_id":[""],"url":["https://api.github.com/users/terrytangyuan"],"html_url":["https://github.com/terrytangyuan"],"followers_url":["https://api.github.com/users/terrytangyuan/followers"],"following_url":["https://api.github.com/users/terrytangyuan/following{/other_user}"],"gists_url":["https://api.github.com/users/terrytangyuan/gists{/gist_id}"],"starred_url":["https://api.github.com/users/terrytangyuan/starred{/owner}{/repo}"],"subscriptions_url":["https://api.github.com/users/terrytangyuan/subscriptions"],"organizations_url":["https://api.github.com/users/terrytangyuan/orgs"],"repos_url":["https://api.github.com/users/terrytangyuan/repos"],"events_url":["https://api.github.com/users/terrytangyuan/events{/privacy}"],"received_events_url":["https://api.github.com/users/terrytangyuan/received_events"],"type":["User"],"site_admin":[false]},"labels":[{"id":[246321732],"node_id":["MDU6TGFiZWwyNDYzMjE3MzI="],"url":["https://api.github.com/repos/terrytangyuan/lfda/labels/enhancement"],"name":["enhancement"],"color":["84b6eb"],"default":[true]},{"id":[246321733],"node_id":["MDU6TGFiZWwyNDYzMjE3MzM="],"url":["https://api.github.com/repos/terrytangyuan/lfda/labels/help%20wanted"],"name":["help wanted"],"color":["159818"],"default":[true]}],"state":["closed"],"locked":[false],"assignee":{},"assignees":[],"milestone":{"url":["https://api.github.com/repos/terrytangyuan/lfda/milestones/1"],"html_url":["https://github.com/terrytangyuan/lfda/milestone/1"],"labels_url":["https://api.github.com/repos/terrytangyuan/lfda/milestones/1/labels"],"id":[1249169],"node_id":["MDk6TWlsZXN0b25lMTI0OTE2OQ=="],"number":[1],"title":["First CRAN submission"],"description":[""],"creator":{"login":["terrytangyuan"],"id":[4269898],"node_id":["MDQ6VXNlcjQyNjk4OTg="],"avatar_url":["https://avatars3.githubusercontent.com/u/4269898?v=4"],"gravatar_id":[""],"url":["https://api.github.com/users/terrytangyuan"],"html_url":["https://github.com/terrytangyuan"],"followers_url":["https://api.github.com/users/terrytangyuan/followers"],"following_url":["https://api.github.com/users/terrytangyuan/following{/other_user}"],"gists_url":["https://api.github.com/users/terrytangyuan/gists{/gist_id}"],"starred_url":["https://api.github.com/users/terrytangyuan/starred{/owner}{/repo}"],"subscriptions_url":["https://api.github.com/users/terrytangyuan/subscriptions"],"organizations_url":["https://api.github.com/users/terrytangyuan/orgs"],"repos_url":["https://api.github.com/users/terrytangyuan/repos"],"events_url":["https://api.github.com/users/terrytangyuan/events{/privacy}"],"received_events_url":["https://api.github.com/users/terrytangyuan/received_events"],"type":["User"],"site_admin":[false]},"open_issues":[0],"closed_issues":[3],"state":["closed"],"created_at":["2015-08-10T23:34:19Z"],"updated_at":["2015-08-31T14:11:20Z"],"due_on":{},"closed_at":["2015-08-31T14:11:20Z"]},"comments":[5],"created_at":["2015-08-10T23:11:41Z"],"updated_at":["2015-08-11T15:53:12Z"],"closed_at":["2015-08-11T15:53:12Z"],"author_association":["OWNER"],"body":["Make MetricTransformedViz() only for 3D visualization, instead of doing both lfda/klfda model building and then visualization. In other words, split the tasks. \n"]},{"url":["https://api.github.com/repos/terrytangyuan/lfda/issues/4"],"repository_url":["https://api.github.com/repos/terrytangyuan/lfda"],"labels_url":["https://api.github.com/repos/terrytangyuan/lfda/issues/4/labels{/name}"],"comments_url":["https://api.github.com/repos/terrytangyuan/lfda/issues/4/comments"],"events_url":["https://api.github.com/repos/terrytangyuan/lfda/issues/4/events"],"html_url":["https://github.com/terrytangyuan/lfda/issues/4"],"id":[100185643],"node_id":["MDU6SXNzdWUxMDAxODU2NDM="],"number":[4],"title":["More unit tests for helper functions"],"user":{"login":["terrytangyuan"],"id":[4269898],"node_id":["MDQ6VXNlcjQyNjk4OTg="],"avatar_url":["https://avatars3.githubusercontent.com/u/4269898?v=4"],"gravatar_id":[""],"url":["https://api.github.com/users/terrytangyuan"],"html_url":["https://github.com/terrytangyuan"],"followers_url":["https://api.github.com/users/terrytangyuan/followers"],"following_url":["https://api.github.com/users/terrytangyuan/following{/other_user}"],"gists_url":["https://api.github.com/users/terrytangyuan/gists{/gist_id}"],"starred_url":["https://api.github.com/users/terrytangyuan/starred{/owner}{/repo}"],"subscriptions_url":["https://api.github.com/users/terrytangyuan/subscriptions"],"organizations_url":["https://api.github.com/users/terrytangyuan/orgs"],"repos_url":["https://api.github.com/users/terrytangyuan/repos"],"events_url":["https://api.github.com/users/terrytangyuan/events{/privacy}"],"received_events_url":["https://api.github.com/users/terrytangyuan/received_events"],"type":["User"],"site_admin":[false]},"labels":[{"id":[246321732],"node_id":["MDU6TGFiZWwyNDYzMjE3MzI="],"url":["https://api.github.com/repos/terrytangyuan/lfda/labels/enhancement"],"name":["enhancement"],"color":["84b6eb"],"default":[true]},{"id":[246321733],"node_id":["MDU6TGFiZWwyNDYzMjE3MzM="],"url":["https://api.github.com/repos/terrytangyuan/lfda/labels/help%20wanted"],"name":["help wanted"],"color":["159818"],"default":[true]}],"state":["closed"],"locked":[false],"assignee":{},"assignees":[],"milestone":{"url":["https://api.github.com/repos/terrytangyuan/lfda/milestones/1"],"html_url":["https://github.com/terrytangyuan/lfda/milestone/1"],"labels_url":["https://api.github.com/repos/terrytangyuan/lfda/milestones/1/labels"],"id":[1249169],"node_id":["MDk6TWlsZXN0b25lMTI0OTE2OQ=="],"number":[1],"title":["First CRAN submission"],"description":[""],"creator":{"login":["terrytangyuan"],"id":[4269898],"node_id":["MDQ6VXNlcjQyNjk4OTg="],"avatar_url":["https://avatars3.githubusercontent.com/u/4269898?v=4"],"gravatar_id":[""],"url":["https://api.github.com/users/terrytangyuan"],"html_url":["https://github.com/terrytangyuan"],"followers_url":["https://api.github.com/users/terrytangyuan/followers"],"following_url":["https://api.github.com/users/terrytangyuan/following{/other_user}"],"gists_url":["https://api.github.com/users/terrytangyuan/gists{/gist_id}"],"starred_url":["https://api.github.com/users/terrytangyuan/starred{/owner}{/repo}"],"subscriptions_url":["https://api.github.com/users/terrytangyuan/subscriptions"],"organizations_url":["https://api.github.com/users/terrytangyuan/orgs"],"repos_url":["https://api.github.com/users/terrytangyuan/repos"],"events_url":["https://api.github.com/users/terrytangyuan/events{/privacy}"],"received_events_url":["https://api.github.com/users/terrytangyuan/received_events"],"type":["User"],"site_admin":[false]},"open_issues":[0],"closed_issues":[3],"state":["closed"],"created_at":["2015-08-10T23:34:19Z"],"updated_at":["2015-08-31T14:11:20Z"],"due_on":{},"closed_at":["2015-08-31T14:11:20Z"]},"comments":[0],"created_at":["2015-08-10T22:50:33Z"],"updated_at":["2015-08-11T19:37:36Z"],"closed_at":["2015-08-11T19:37:36Z"],"author_association":["OWNER"],"body":[""]},{"url":["https://api.github.com/repos/terrytangyuan/lfda/issues/3"],"repository_url":["https://api.github.com/repos/terrytangyuan/lfda"],"labels_url":["https://api.github.com/repos/terrytangyuan/lfda/issues/3/labels{/name}"],"comments_url":["https://api.github.com/repos/terrytangyuan/lfda/issues/3/comments"],"events_url":["https://api.github.com/repos/terrytangyuan/lfda/issues/3/events"],"html_url":["https://github.com/terrytangyuan/lfda/issues/3"],"id":[100185554],"node_id":["MDU6SXNzdWUxMDAxODU1NTQ="],"number":[3],"title":["Semi-supervised LFDA model"],"user":{"login":["terrytangyuan"],"id":[4269898],"node_id":["MDQ6VXNlcjQyNjk4OTg="],"avatar_url":["https://avatars3.githubusercontent.com/u/4269898?v=4"],"gravatar_id":[""],"url":["https://api.github.com/users/terrytangyuan"],"html_url":["https://github.com/terrytangyuan"],"followers_url":["https://api.github.com/users/terrytangyuan/followers"],"following_url":["https://api.github.com/users/terrytangyuan/following{/other_user}"],"gists_url":["https://api.github.com/users/terrytangyuan/gists{/gist_id}"],"starred_url":["https://api.github.com/users/terrytangyuan/starred{/owner}{/repo}"],"subscriptions_url":["https://api.github.com/users/terrytangyuan/subscriptions"],"organizations_url":["https://api.github.com/users/terrytangyuan/orgs"],"repos_url":["https://api.github.com/users/terrytangyuan/repos"],"events_url":["https://api.github.com/users/terrytangyuan/events{/privacy}"],"received_events_url":["https://api.github.com/users/terrytangyuan/received_events"],"type":["User"],"site_admin":[false]},"labels":[{"id":[246321732],"node_id":["MDU6TGFiZWwyNDYzMjE3MzI="],"url":["https://api.github.com/repos/terrytangyuan/lfda/labels/enhancement"],"name":["enhancement"],"color":["84b6eb"],"default":[true]},{"id":[246321733],"node_id":["MDU6TGFiZWwyNDYzMjE3MzM="],"url":["https://api.github.com/repos/terrytangyuan/lfda/labels/help%20wanted"],"name":["help wanted"],"color":["159818"],"default":[true]},{"id":[247417695],"node_id":["MDU6TGFiZWwyNDc0MTc2OTU="],"url":["https://api.github.com/repos/terrytangyuan/lfda/labels/new%20model"],"name":["new model"],"color":["5319e7"],"default":[false]}],"state":["closed"],"locked":[false],"assignee":{},"assignees":[],"milestone":{"url":["https://api.github.com/repos/terrytangyuan/lfda/milestones/2"],"html_url":["https://github.com/terrytangyuan/lfda/milestone/2"],"labels_url":["https://api.github.com/repos/terrytangyuan/lfda/milestones/2/labels"],"id":[1249195],"node_id":["MDk6TWlsZXN0b25lMTI0OTE5NQ=="],"number":[2],"title":["Next Release"],"description":{},"creator":{"login":["terrytangyuan"],"id":[4269898],"node_id":["MDQ6VXNlcjQyNjk4OTg="],"avatar_url":["https://avatars3.githubusercontent.com/u/4269898?v=4"],"gravatar_id":[""],"url":["https://api.github.com/users/terrytangyuan"],"html_url":["https://github.com/terrytangyuan"],"followers_url":["https://api.github.com/users/terrytangyuan/followers"],"following_url":["https://api.github.com/users/terrytangyuan/following{/other_user}"],"gists_url":["https://api.github.com/users/terrytangyuan/gists{/gist_id}"],"starred_url":["https://api.github.com/users/terrytangyuan/starred{/owner}{/repo}"],"subscriptions_url":["https://api.github.com/users/terrytangyuan/subscriptions"],"organizations_url":["https://api.github.com/users/terrytangyuan/orgs"],"repos_url":["https://api.github.com/users/terrytangyuan/repos"],"events_url":["https://api.github.com/users/terrytangyuan/events{/privacy}"],"received_events_url":["https://api.github.com/users/terrytangyuan/received_events"],"type":["User"],"site_admin":[false]},"open_issues":[0],"closed_issues":[6],"state":["open"],"created_at":["2015-08-10T23:59:33Z"],"updated_at":["2016-01-26T19:58:01Z"],"due_on":{},"closed_at":{}},"comments":[1],"created_at":["2015-08-10T22:49:55Z"],"updated_at":["2015-08-17T15:20:49Z"],"closed_at":["2015-08-17T15:20:49Z"],"author_association":["OWNER"],"body":["Refer to this: http://www.ms.k.u-tokyo.ac.jp/2010/SELF.pdf\n\nThe code structure should be similar. \n"]},{"url":["https://api.github.com/repos/terrytangyuan/lfda/issues/2"],"repository_url":["https://api.github.com/repos/terrytangyuan/lfda"],"labels_url":["https://api.github.com/repos/terrytangyuan/lfda/issues/2/labels{/name}"],"comments_url":["https://api.github.com/repos/terrytangyuan/lfda/issues/2/comments"],"events_url":["https://api.github.com/repos/terrytangyuan/lfda/issues/2/events"],"html_url":["https://github.com/terrytangyuan/lfda/pull/2"],"id":[100176085],"node_id":["MDExOlB1bGxSZXF1ZXN0NDIwNzAwNjM="],"number":[2],"title":["Dummy commit to trigger travis"],"user":{"login":["zachmayer"],"id":[581590],"node_id":["MDQ6VXNlcjU4MTU5MA=="],"avatar_url":["https://avatars2.githubusercontent.com/u/581590?v=4"],"gravatar_id":[""],"url":["https://api.github.com/users/zachmayer"],"html_url":["https://github.com/zachmayer"],"followers_url":["https://api.github.com/users/zachmayer/followers"],"following_url":["https://api.github.com/users/zachmayer/following{/other_user}"],"gists_url":["https://api.github.com/users/zachmayer/gists{/gist_id}"],"starred_url":["https://api.github.com/users/zachmayer/starred{/owner}{/repo}"],"subscriptions_url":["https://api.github.com/users/zachmayer/subscriptions"],"organizations_url":["https://api.github.com/users/zachmayer/orgs"],"repos_url":["https://api.github.com/users/zachmayer/repos"],"events_url":["https://api.github.com/users/zachmayer/events{/privacy}"],"received_events_url":["https://api.github.com/users/zachmayer/received_events"],"type":["User"],"site_admin":[false]},"labels":[],"state":["closed"],"locked":[false],"assignee":{},"assignees":[],"milestone":{},"comments":[5],"created_at":["2015-08-10T21:45:05Z"],"updated_at":["2015-08-11T00:01:03Z"],"closed_at":["2015-08-10T21:59:35Z"],"author_association":["CONTRIBUTOR"],"pull_request":{"url":["https://api.github.com/repos/terrytangyuan/lfda/pulls/2"],"html_url":["https://github.com/terrytangyuan/lfda/pull/2"],"diff_url":["https://github.com/terrytangyuan/lfda/pull/2.diff"],"patch_url":["https://github.com/terrytangyuan/lfda/pull/2.patch"]},"body":["This just adds a couple silly tests that should kickoff a travis-ci job.\n"]},{"url":["https://api.github.com/repos/terrytangyuan/lfda/issues/1"],"repository_url":["https://api.github.com/repos/terrytangyuan/lfda"],"labels_url":["https://api.github.com/repos/terrytangyuan/lfda/issues/1/labels{/name}"],"comments_url":["https://api.github.com/repos/terrytangyuan/lfda/issues/1/comments"],"events_url":["https://api.github.com/repos/terrytangyuan/lfda/issues/1/events"],"html_url":["https://github.com/terrytangyuan/lfda/pull/1"],"id":[100172253],"node_id":["MDExOlB1bGxSZXF1ZXN0NDIwNjgzMDY="],"number":[1],"title":["Package setup"],"user":{"login":["zachmayer"],"id":[581590],"node_id":["MDQ6VXNlcjU4MTU5MA=="],"avatar_url":["https://avatars2.githubusercontent.com/u/581590?v=4"],"gravatar_id":[""],"url":["https://api.github.com/users/zachmayer"],"html_url":["https://github.com/zachmayer"],"followers_url":["https://api.github.com/users/zachmayer/followers"],"following_url":["https://api.github.com/users/zachmayer/following{/other_user}"],"gists_url":["https://api.github.com/users/zachmayer/gists{/gist_id}"],"starred_url":["https://api.github.com/users/zachmayer/starred{/owner}{/repo}"],"subscriptions_url":["https://api.github.com/users/zachmayer/subscriptions"],"organizations_url":["https://api.github.com/users/zachmayer/orgs"],"repos_url":["https://api.github.com/users/zachmayer/repos"],"events_url":["https://api.github.com/users/zachmayer/events{/privacy}"],"received_events_url":["https://api.github.com/users/zachmayer/received_events"],"type":["User"],"site_admin":[false]},"labels":[],"state":["closed"],"locked":[false],"assignee":{},"assignees":[],"milestone":{},"comments":[4],"created_at":["2015-08-10T21:26:41Z"],"updated_at":["2015-08-10T21:38:37Z"],"closed_at":["2015-08-10T21:31:13Z"],"author_association":["CONTRIBUTOR"],"pull_request":{"url":["https://api.github.com/repos/terrytangyuan/lfda/pulls/1"],"html_url":["https://github.com/terrytangyuan/lfda/pull/1"],"diff_url":["https://github.com/terrytangyuan/lfda/pull/1.diff"],"patch_url":["https://github.com/terrytangyuan/lfda/pull/1.patch"]},"body":["devtools::check() passes\n"]}]
