[{"url":["https://api.github.com/repos/terrytangyuan/pydata-cookbook/issues/4"],"repository_url":["https://api.github.com/repos/terrytangyuan/pydata-cookbook"],"labels_url":["https://api.github.com/repos/terrytangyuan/pydata-cookbook/issues/4/labels{/name}"],"comments_url":["https://api.github.com/repos/terrytangyuan/pydata-cookbook/issues/4/comments"],"events_url":["https://api.github.com/repos/terrytangyuan/pydata-cookbook/issues/4/events"],"html_url":["https://github.com/terrytangyuan/pydata-cookbook/pull/4"],"id":[299961800],"node_id":["MDExOlB1bGxSZXF1ZXN0MTcxMTkxMDA5"],"number":[4],"title":["Draft on Distributed XGBoost, GPUs, External Memory"],"user":{"login":["terrytangyuan"],"id":[4269898],"node_id":["MDQ6VXNlcjQyNjk4OTg="],"avatar_url":["https://avatars3.githubusercontent.com/u/4269898?v=4"],"gravatar_id":[""],"url":["https://api.github.com/users/terrytangyuan"],"html_url":["https://github.com/terrytangyuan"],"followers_url":["https://api.github.com/users/terrytangyuan/followers"],"following_url":["https://api.github.com/users/terrytangyuan/following{/other_user}"],"gists_url":["https://api.github.com/users/terrytangyuan/gists{/gist_id}"],"starred_url":["https://api.github.com/users/terrytangyuan/starred{/owner}{/repo}"],"subscriptions_url":["https://api.github.com/users/terrytangyuan/subscriptions"],"organizations_url":["https://api.github.com/users/terrytangyuan/orgs"],"repos_url":["https://api.github.com/users/terrytangyuan/repos"],"events_url":["https://api.github.com/users/terrytangyuan/events{/privacy}"],"received_events_url":["https://api.github.com/users/terrytangyuan/received_events"],"type":["User"],"site_admin":[false]},"labels":[],"state":["closed"],"locked":[false],"assignee":{},"assignees":[],"milestone":{},"comments":[2],"created_at":["2018-02-24T18:29:43Z"],"updated_at":["2018-02-26T06:39:54Z"],"closed_at":["2018-02-26T01:09:14Z"],"author_association":["OWNER"],"pull_request":{"url":["https://api.github.com/repos/terrytangyuan/pydata-cookbook/pulls/4"],"html_url":["https://github.com/terrytangyuan/pydata-cookbook/pull/4"],"diff_url":["https://github.com/terrytangyuan/pydata-cookbook/pull/4.diff"],"patch_url":["https://github.com/terrytangyuan/pydata-cookbook/pull/4.patch"]},"body":[""]},{"url":["https://api.github.com/repos/terrytangyuan/pydata-cookbook/issues/3"],"repository_url":["https://api.github.com/repos/terrytangyuan/pydata-cookbook"],"labels_url":["https://api.github.com/repos/terrytangyuan/pydata-cookbook/issues/3/labels{/name}"],"comments_url":["https://api.github.com/repos/terrytangyuan/pydata-cookbook/issues/3/comments"],"events_url":["https://api.github.com/repos/terrytangyuan/pydata-cookbook/issues/3/events"],"html_url":["https://github.com/terrytangyuan/pydata-cookbook/pull/3"],"id":[278587233],"node_id":["MDExOlB1bGxSZXF1ZXN0MTU1OTUwNjkw"],"number":[3],"title":["Merge draft branch to master"],"user":{"login":["terrytangyuan"],"id":[4269898],"node_id":["MDQ6VXNlcjQyNjk4OTg="],"avatar_url":["https://avatars3.githubusercontent.com/u/4269898?v=4"],"gravatar_id":[""],"url":["https://api.github.com/users/terrytangyuan"],"html_url":["https://github.com/terrytangyuan"],"followers_url":["https://api.github.com/users/terrytangyuan/followers"],"following_url":["https://api.github.com/users/terrytangyuan/following{/other_user}"],"gists_url":["https://api.github.com/users/terrytangyuan/gists{/gist_id}"],"starred_url":["https://api.github.com/users/terrytangyuan/starred{/owner}{/repo}"],"subscriptions_url":["https://api.github.com/users/terrytangyuan/subscriptions"],"organizations_url":["https://api.github.com/users/terrytangyuan/orgs"],"repos_url":["https://api.github.com/users/terrytangyuan/repos"],"events_url":["https://api.github.com/users/terrytangyuan/events{/privacy}"],"received_events_url":["https://api.github.com/users/terrytangyuan/received_events"],"type":["User"],"site_admin":[false]},"labels":[],"state":["closed"],"locked":[false],"assignee":{},"assignees":[],"milestone":{},"comments":[0],"created_at":["2017-12-01T20:29:45Z"],"updated_at":["2017-12-01T20:29:54Z"],"closed_at":["2017-12-01T20:29:51Z"],"author_association":["OWNER"],"pull_request":{"url":["https://api.github.com/repos/terrytangyuan/pydata-cookbook/pulls/3"],"html_url":["https://github.com/terrytangyuan/pydata-cookbook/pull/3"],"diff_url":["https://github.com/terrytangyuan/pydata-cookbook/pull/3.diff"],"patch_url":["https://github.com/terrytangyuan/pydata-cookbook/pull/3.patch"]},"body":[""]},{"url":["https://api.github.com/repos/terrytangyuan/pydata-cookbook/issues/2"],"repository_url":["https://api.github.com/repos/terrytangyuan/pydata-cookbook"],"labels_url":["https://api.github.com/repos/terrytangyuan/pydata-cookbook/issues/2/labels{/name}"],"comments_url":["https://api.github.com/repos/terrytangyuan/pydata-cookbook/issues/2/comments"],"events_url":["https://api.github.com/repos/terrytangyuan/pydata-cookbook/issues/2/events"],"html_url":["https://github.com/terrytangyuan/pydata-cookbook/pull/2"],"id":[190532349],"node_id":["MDExOlB1bGxSZXF1ZXN0OTQ1MDI5MzM="],"number":[2],"title":["Main Functionalities section"],"user":{"login":["terrytangyuan"],"id":[4269898],"node_id":["MDQ6VXNlcjQyNjk4OTg="],"avatar_url":["https://avatars3.githubusercontent.com/u/4269898?v=4"],"gravatar_id":[""],"url":["https://api.github.com/users/terrytangyuan"],"html_url":["https://github.com/terrytangyuan"],"followers_url":["https://api.github.com/users/terrytangyuan/followers"],"following_url":["https://api.github.com/users/terrytangyuan/following{/other_user}"],"gists_url":["https://api.github.com/users/terrytangyuan/gists{/gist_id}"],"starred_url":["https://api.github.com/users/terrytangyuan/starred{/owner}{/repo}"],"subscriptions_url":["https://api.github.com/users/terrytangyuan/subscriptions"],"organizations_url":["https://api.github.com/users/terrytangyuan/orgs"],"repos_url":["https://api.github.com/users/terrytangyuan/repos"],"events_url":["https://api.github.com/users/terrytangyuan/events{/privacy}"],"received_events_url":["https://api.github.com/users/terrytangyuan/received_events"],"type":["User"],"site_admin":[false]},"labels":[],"state":["closed"],"locked":[false],"assignee":{},"assignees":[],"milestone":{},"comments":[1],"created_at":["2016-11-20T01:23:26Z"],"updated_at":["2016-11-26T01:48:47Z"],"closed_at":["2016-11-26T01:48:47Z"],"author_association":["OWNER"],"pull_request":{"url":["https://api.github.com/repos/terrytangyuan/pydata-cookbook/pulls/2"],"html_url":["https://github.com/terrytangyuan/pydata-cookbook/pull/2"],"diff_url":["https://github.com/terrytangyuan/pydata-cookbook/pull/2.diff"],"patch_url":["https://github.com/terrytangyuan/pydata-cookbook/pull/2.patch"]},"body":[""]},{"url":["https://api.github.com/repos/terrytangyuan/pydata-cookbook/issues/1"],"repository_url":["https://api.github.com/repos/terrytangyuan/pydata-cookbook"],"labels_url":["https://api.github.com/repos/terrytangyuan/pydata-cookbook/issues/1/labels{/name}"],"comments_url":["https://api.github.com/repos/terrytangyuan/pydata-cookbook/issues/1/comments"],"events_url":["https://api.github.com/repos/terrytangyuan/pydata-cookbook/issues/1/events"],"html_url":["https://github.com/terrytangyuan/pydata-cookbook/pull/1"],"id":[173549450],"node_id":["MDExOlB1bGxSZXF1ZXN0ODI5NTg1Mjc="],"number":[1],"title":["added some details on the content, emphasized distribution"],"user":{"login":["phunterlau"],"id":[1690881],"node_id":["MDQ6VXNlcjE2OTA4ODE="],"avatar_url":["https://avatars1.githubusercontent.com/u/1690881?v=4"],"gravatar_id":[""],"url":["https://api.github.com/users/phunterlau"],"html_url":["https://github.com/phunterlau"],"followers_url":["https://api.github.com/users/phunterlau/followers"],"following_url":["https://api.github.com/users/phunterlau/following{/other_user}"],"gists_url":["https://api.github.com/users/phunterlau/gists{/gist_id}"],"starred_url":["https://api.github.com/users/phunterlau/starred{/owner}{/repo}"],"subscriptions_url":["https://api.github.com/users/phunterlau/subscriptions"],"organizations_url":["https://api.github.com/users/phunterlau/orgs"],"repos_url":["https://api.github.com/users/phunterlau/repos"],"events_url":["https://api.github.com/users/phunterlau/events{/privacy}"],"received_events_url":["https://api.github.com/users/phunterlau/received_events"],"type":["User"],"site_admin":[false]},"labels":[],"state":["closed"],"locked":[false],"assignee":{},"assignees":[],"milestone":{},"comments":[0],"created_at":["2016-08-26T21:43:04Z"],"updated_at":["2016-08-27T21:08:30Z"],"closed_at":["2016-08-27T21:08:30Z"],"author_association":["COLLABORATOR"],"pull_request":{"url":["https://api.github.com/repos/terrytangyuan/pydata-cookbook/pulls/1"],"html_url":["https://github.com/terrytangyuan/pydata-cookbook/pull/1"],"diff_url":["https://github.com/terrytangyuan/pydata-cookbook/pull/1.diff"],"patch_url":["https://github.com/terrytangyuan/pydata-cookbook/pull/1.patch"]},"body":["added some details on the content, \nadded words for emphasizing distribution\ntemp removed Hongliang's institute for waiting for company approval.\n\nplease feel free to re-organize \n"]}]
