[
  {
    "id": [152113855],
    "node_id": ["MDEwOlJlcG9zaXRvcnkxNTIxMTM4NTU="],
    "name": ["beam"],
    "full_name": ["terrytangyuan/beam"],
    "private": [false],
    "owner": {
      "login": ["terrytangyuan"],
      "id": [4269898],
      "node_id": ["MDQ6VXNlcjQyNjk4OTg="],
      "avatar_url": ["https://avatars3.githubusercontent.com/u/4269898?v=4"],
      "gravatar_id": [""],
      "url": ["https://api.github.com/users/terrytangyuan"],
      "html_url": ["https://github.com/terrytangyuan"],
      "followers_url": ["https://api.github.com/users/terrytangyuan/followers"],
      "following_url": ["https://api.github.com/users/terrytangyuan/following{/other_user}"],
      "gists_url": ["https://api.github.com/users/terrytangyuan/gists{/gist_id}"],
      "starred_url": ["https://api.github.com/users/terrytangyuan/starred{/owner}{/repo}"],
      "subscriptions_url": ["https://api.github.com/users/terrytangyuan/subscriptions"],
      "organizations_url": ["https://api.github.com/users/terrytangyuan/orgs"],
      "repos_url": ["https://api.github.com/users/terrytangyuan/repos"],
      "events_url": ["https://api.github.com/users/terrytangyuan/events{/privacy}"],
      "received_events_url": ["https://api.github.com/users/terrytangyuan/received_events"],
      "type": ["User"],
      "site_admin": [false]
    },
    "html_url": ["https://github.com/terrytangyuan/beam"],
    "description": ["Apache Beam"],
    "fork": [true],
    "url": ["https://api.github.com/repos/terrytangyuan/beam"],
    "forks_url": ["https://api.github.com/repos/terrytangyuan/beam/forks"],
    "keys_url": ["https://api.github.com/repos/terrytangyuan/beam/keys{/key_id}"],
    "collaborators_url": ["https://api.github.com/repos/terrytangyuan/beam/collaborators{/collaborator}"],
    "teams_url": ["https://api.github.com/repos/terrytangyuan/beam/teams"],
    "hooks_url": ["https://api.github.com/repos/terrytangyuan/beam/hooks"],
    "issue_events_url": ["https://api.github.com/repos/terrytangyuan/beam/issues/events{/number}"],
    "events_url": ["https://api.github.com/repos/terrytangyuan/beam/events"],
    "assignees_url": ["https://api.github.com/repos/terrytangyuan/beam/assignees{/user}"],
    "branches_url": ["https://api.github.com/repos/terrytangyuan/beam/branches{/branch}"],
    "tags_url": ["https://api.github.com/repos/terrytangyuan/beam/tags"],
    "blobs_url": ["https://api.github.com/repos/terrytangyuan/beam/git/blobs{/sha}"],
    "git_tags_url": ["https://api.github.com/repos/terrytangyuan/beam/git/tags{/sha}"],
    "git_refs_url": ["https://api.github.com/repos/terrytangyuan/beam/git/refs{/sha}"],
    "trees_url": ["https://api.github.com/repos/terrytangyuan/beam/git/trees{/sha}"],
    "statuses_url": ["https://api.github.com/repos/terrytangyuan/beam/statuses/{sha}"],
    "languages_url": ["https://api.github.com/repos/terrytangyuan/beam/languages"],
    "stargazers_url": ["https://api.github.com/repos/terrytangyuan/beam/stargazers"],
    "contributors_url": ["https://api.github.com/repos/terrytangyuan/beam/contributors"],
    "subscribers_url": ["https://api.github.com/repos/terrytangyuan/beam/subscribers"],
    "subscription_url": ["https://api.github.com/repos/terrytangyuan/beam/subscription"],
    "commits_url": ["https://api.github.com/repos/terrytangyuan/beam/commits{/sha}"],
    "git_commits_url": ["https://api.github.com/repos/terrytangyuan/beam/git/commits{/sha}"],
    "comments_url": ["https://api.github.com/repos/terrytangyuan/beam/comments{/number}"],
    "issue_comment_url": ["https://api.github.com/repos/terrytangyuan/beam/issues/comments{/number}"],
    "contents_url": ["https://api.github.com/repos/terrytangyuan/beam/contents/{+path}"],
    "compare_url": ["https://api.github.com/repos/terrytangyuan/beam/compare/{base}...{head}"],
    "merges_url": ["https://api.github.com/repos/terrytangyuan/beam/merges"],
    "archive_url": ["https://api.github.com/repos/terrytangyuan/beam/{archive_format}{/ref}"],
    "downloads_url": ["https://api.github.com/repos/terrytangyuan/beam/downloads"],
    "issues_url": ["https://api.github.com/repos/terrytangyuan/beam/issues{/number}"],
    "pulls_url": ["https://api.github.com/repos/terrytangyuan/beam/pulls{/number}"],
    "milestones_url": ["https://api.github.com/repos/terrytangyuan/beam/milestones{/number}"],
    "notifications_url": ["https://api.github.com/repos/terrytangyuan/beam/notifications{?since,all,participating}"],
    "labels_url": ["https://api.github.com/repos/terrytangyuan/beam/labels{/name}"],
    "releases_url": ["https://api.github.com/repos/terrytangyuan/beam/releases{/id}"],
    "deployments_url": ["https://api.github.com/repos/terrytangyuan/beam/deployments"],
    "created_at": ["2018-10-08T16:45:27Z"],
    "updated_at": ["2018-10-08T16:45:46Z"],
    "pushed_at": ["2018-10-09T21:28:08Z"],
    "git_url": ["git://github.com/terrytangyuan/beam.git"],
    "ssh_url": ["git@github.com:terrytangyuan/beam.git"],
    "clone_url": ["https://github.com/terrytangyuan/beam.git"],
    "svn_url": ["https://github.com/terrytangyuan/beam"],
    "homepage": ["https://beam.apache.org"],
    "size": [105898],
    "stargazers_count": [0],
    "watchers_count": [0],
    "language": ["Java"],
    "has_issues": [false],
    "has_projects": [true],
    "has_downloads": [true],
    "has_wiki": [false],
    "has_pages": [false],
    "forks_count": [0],
    "mirror_url": {},
    "archived": [false],
    "open_issues_count": [0],
    "license": {
      "key": ["apache-2.0"],
      "name": ["Apache License 2.0"],
      "spdx_id": ["Apache-2.0"],
      "url": ["https://api.github.com/licenses/apache-2.0"],
      "node_id": ["MDc6TGljZW5zZTI="]
    },
    "forks": [0],
    "open_issues": [0],
    "watchers": [0],
    "default_branch": ["master"]
  }
]
