[
  {
    "id": [123726133],
    "node_id": ["MDEwOlJlcG9zaXRvcnkxMjM3MjYxMzM="],
    "name": ["dotfiles"],
    "full_name": ["terrytangyuan/dotfiles"],
    "private": [false],
    "owner": {
      "login": ["terrytangyuan"],
      "id": [4269898],
      "node_id": ["MDQ6VXNlcjQyNjk4OTg="],
      "avatar_url": ["https://avatars3.githubusercontent.com/u/4269898?v=4"],
      "gravatar_id": [""],
      "url": ["https://api.github.com/users/terrytangyuan"],
      "html_url": ["https://github.com/terrytangyuan"],
      "followers_url": ["https://api.github.com/users/terrytangyuan/followers"],
      "following_url": ["https://api.github.com/users/terrytangyuan/following{/other_user}"],
      "gists_url": ["https://api.github.com/users/terrytangyuan/gists{/gist_id}"],
      "starred_url": ["https://api.github.com/users/terrytangyuan/starred{/owner}{/repo}"],
      "subscriptions_url": ["https://api.github.com/users/terrytangyuan/subscriptions"],
      "organizations_url": ["https://api.github.com/users/terrytangyuan/orgs"],
      "repos_url": ["https://api.github.com/users/terrytangyuan/repos"],
      "events_url": ["https://api.github.com/users/terrytangyuan/events{/privacy}"],
      "received_events_url": ["https://api.github.com/users/terrytangyuan/received_events"],
      "type": ["User"],
      "site_admin": [false]
    },
    "html_url": ["https://github.com/terrytangyuan/dotfiles"],
    "description": ["Personal bootstrapping dotfiles "],
    "fork": [false],
    "url": ["https://api.github.com/repos/terrytangyuan/dotfiles"],
    "forks_url": ["https://api.github.com/repos/terrytangyuan/dotfiles/forks"],
    "keys_url": ["https://api.github.com/repos/terrytangyuan/dotfiles/keys{/key_id}"],
    "collaborators_url": ["https://api.github.com/repos/terrytangyuan/dotfiles/collaborators{/collaborator}"],
    "teams_url": ["https://api.github.com/repos/terrytangyuan/dotfiles/teams"],
    "hooks_url": ["https://api.github.com/repos/terrytangyuan/dotfiles/hooks"],
    "issue_events_url": ["https://api.github.com/repos/terrytangyuan/dotfiles/issues/events{/number}"],
    "events_url": ["https://api.github.com/repos/terrytangyuan/dotfiles/events"],
    "assignees_url": ["https://api.github.com/repos/terrytangyuan/dotfiles/assignees{/user}"],
    "branches_url": ["https://api.github.com/repos/terrytangyuan/dotfiles/branches{/branch}"],
    "tags_url": ["https://api.github.com/repos/terrytangyuan/dotfiles/tags"],
    "blobs_url": ["https://api.github.com/repos/terrytangyuan/dotfiles/git/blobs{/sha}"],
    "git_tags_url": ["https://api.github.com/repos/terrytangyuan/dotfiles/git/tags{/sha}"],
    "git_refs_url": ["https://api.github.com/repos/terrytangyuan/dotfiles/git/refs{/sha}"],
    "trees_url": ["https://api.github.com/repos/terrytangyuan/dotfiles/git/trees{/sha}"],
    "statuses_url": ["https://api.github.com/repos/terrytangyuan/dotfiles/statuses/{sha}"],
    "languages_url": ["https://api.github.com/repos/terrytangyuan/dotfiles/languages"],
    "stargazers_url": ["https://api.github.com/repos/terrytangyuan/dotfiles/stargazers"],
    "contributors_url": ["https://api.github.com/repos/terrytangyuan/dotfiles/contributors"],
    "subscribers_url": ["https://api.github.com/repos/terrytangyuan/dotfiles/subscribers"],
    "subscription_url": ["https://api.github.com/repos/terrytangyuan/dotfiles/subscription"],
    "commits_url": ["https://api.github.com/repos/terrytangyuan/dotfiles/commits{/sha}"],
    "git_commits_url": ["https://api.github.com/repos/terrytangyuan/dotfiles/git/commits{/sha}"],
    "comments_url": ["https://api.github.com/repos/terrytangyuan/dotfiles/comments{/number}"],
    "issue_comment_url": ["https://api.github.com/repos/terrytangyuan/dotfiles/issues/comments{/number}"],
    "contents_url": ["https://api.github.com/repos/terrytangyuan/dotfiles/contents/{+path}"],
    "compare_url": ["https://api.github.com/repos/terrytangyuan/dotfiles/compare/{base}...{head}"],
    "merges_url": ["https://api.github.com/repos/terrytangyuan/dotfiles/merges"],
    "archive_url": ["https://api.github.com/repos/terrytangyuan/dotfiles/{archive_format}{/ref}"],
    "downloads_url": ["https://api.github.com/repos/terrytangyuan/dotfiles/downloads"],
    "issues_url": ["https://api.github.com/repos/terrytangyuan/dotfiles/issues{/number}"],
    "pulls_url": ["https://api.github.com/repos/terrytangyuan/dotfiles/pulls{/number}"],
    "milestones_url": ["https://api.github.com/repos/terrytangyuan/dotfiles/milestones{/number}"],
    "notifications_url": ["https://api.github.com/repos/terrytangyuan/dotfiles/notifications{?since,all,participating}"],
    "labels_url": ["https://api.github.com/repos/terrytangyuan/dotfiles/labels{/name}"],
    "releases_url": ["https://api.github.com/repos/terrytangyuan/dotfiles/releases{/id}"],
    "deployments_url": ["https://api.github.com/repos/terrytangyuan/dotfiles/deployments"],
    "created_at": ["2018-03-03T19:52:32Z"],
    "updated_at": ["2019-03-31T07:49:00Z"],
    "pushed_at": ["2019-03-31T07:48:58Z"],
    "git_url": ["git://github.com/terrytangyuan/dotfiles.git"],
    "ssh_url": ["git@github.com:terrytangyuan/dotfiles.git"],
    "clone_url": ["https://github.com/terrytangyuan/dotfiles.git"],
    "svn_url": ["https://github.com/terrytangyuan/dotfiles"],
    "homepage": [""],
    "size": [18521],
    "stargazers_count": [2],
    "watchers_count": [2],
    "language": ["Vim script"],
    "has_issues": [true],
    "has_projects": [true],
    "has_downloads": [true],
    "has_wiki": [true],
    "has_pages": [false],
    "forks_count": [0],
    "mirror_url": {},
    "archived": [false],
    "open_issues_count": [0],
    "license": {},
    "forks": [0],
    "open_issues": [0],
    "watchers": [2],
    "default_branch": ["master"]
  }
]
