[
  {
    "id": [53466761],
    "node_id": ["MDEwOlJlcG9zaXRvcnk1MzQ2Njc2MQ=="],
    "name": ["mxnet"],
    "full_name": ["terrytangyuan/mxnet"],
    "private": [false],
    "owner": {
      "login": ["terrytangyuan"],
      "id": [4269898],
      "node_id": ["MDQ6VXNlcjQyNjk4OTg="],
      "avatar_url": ["https://avatars3.githubusercontent.com/u/4269898?v=4"],
      "gravatar_id": [""],
      "url": ["https://api.github.com/users/terrytangyuan"],
      "html_url": ["https://github.com/terrytangyuan"],
      "followers_url": ["https://api.github.com/users/terrytangyuan/followers"],
      "following_url": ["https://api.github.com/users/terrytangyuan/following{/other_user}"],
      "gists_url": ["https://api.github.com/users/terrytangyuan/gists{/gist_id}"],
      "starred_url": ["https://api.github.com/users/terrytangyuan/starred{/owner}{/repo}"],
      "subscriptions_url": ["https://api.github.com/users/terrytangyuan/subscriptions"],
      "organizations_url": ["https://api.github.com/users/terrytangyuan/orgs"],
      "repos_url": ["https://api.github.com/users/terrytangyuan/repos"],
      "events_url": ["https://api.github.com/users/terrytangyuan/events{/privacy}"],
      "received_events_url": ["https://api.github.com/users/terrytangyuan/received_events"],
      "type": ["User"],
      "site_admin": [false]
    },
    "html_url": ["https://github.com/terrytangyuan/mxnet"],
    "description": ["Lightweight, Portable, Flexible Distributed/Mobile Deep Learning with Dynamic, Mutation-aware Dataflow Dep Scheduler; for Python, R, Julia, Go, Javascript and more"],
    "fork": [true],
    "url": ["https://api.github.com/repos/terrytangyuan/mxnet"],
    "forks_url": ["https://api.github.com/repos/terrytangyuan/mxnet/forks"],
    "keys_url": ["https://api.github.com/repos/terrytangyuan/mxnet/keys{/key_id}"],
    "collaborators_url": ["https://api.github.com/repos/terrytangyuan/mxnet/collaborators{/collaborator}"],
    "teams_url": ["https://api.github.com/repos/terrytangyuan/mxnet/teams"],
    "hooks_url": ["https://api.github.com/repos/terrytangyuan/mxnet/hooks"],
    "issue_events_url": ["https://api.github.com/repos/terrytangyuan/mxnet/issues/events{/number}"],
    "events_url": ["https://api.github.com/repos/terrytangyuan/mxnet/events"],
    "assignees_url": ["https://api.github.com/repos/terrytangyuan/mxnet/assignees{/user}"],
    "branches_url": ["https://api.github.com/repos/terrytangyuan/mxnet/branches{/branch}"],
    "tags_url": ["https://api.github.com/repos/terrytangyuan/mxnet/tags"],
    "blobs_url": ["https://api.github.com/repos/terrytangyuan/mxnet/git/blobs{/sha}"],
    "git_tags_url": ["https://api.github.com/repos/terrytangyuan/mxnet/git/tags{/sha}"],
    "git_refs_url": ["https://api.github.com/repos/terrytangyuan/mxnet/git/refs{/sha}"],
    "trees_url": ["https://api.github.com/repos/terrytangyuan/mxnet/git/trees{/sha}"],
    "statuses_url": ["https://api.github.com/repos/terrytangyuan/mxnet/statuses/{sha}"],
    "languages_url": ["https://api.github.com/repos/terrytangyuan/mxnet/languages"],
    "stargazers_url": ["https://api.github.com/repos/terrytangyuan/mxnet/stargazers"],
    "contributors_url": ["https://api.github.com/repos/terrytangyuan/mxnet/contributors"],
    "subscribers_url": ["https://api.github.com/repos/terrytangyuan/mxnet/subscribers"],
    "subscription_url": ["https://api.github.com/repos/terrytangyuan/mxnet/subscription"],
    "commits_url": ["https://api.github.com/repos/terrytangyuan/mxnet/commits{/sha}"],
    "git_commits_url": ["https://api.github.com/repos/terrytangyuan/mxnet/git/commits{/sha}"],
    "comments_url": ["https://api.github.com/repos/terrytangyuan/mxnet/comments{/number}"],
    "issue_comment_url": ["https://api.github.com/repos/terrytangyuan/mxnet/issues/comments{/number}"],
    "contents_url": ["https://api.github.com/repos/terrytangyuan/mxnet/contents/{+path}"],
    "compare_url": ["https://api.github.com/repos/terrytangyuan/mxnet/compare/{base}...{head}"],
    "merges_url": ["https://api.github.com/repos/terrytangyuan/mxnet/merges"],
    "archive_url": ["https://api.github.com/repos/terrytangyuan/mxnet/{archive_format}{/ref}"],
    "downloads_url": ["https://api.github.com/repos/terrytangyuan/mxnet/downloads"],
    "issues_url": ["https://api.github.com/repos/terrytangyuan/mxnet/issues{/number}"],
    "pulls_url": ["https://api.github.com/repos/terrytangyuan/mxnet/pulls{/number}"],
    "milestones_url": ["https://api.github.com/repos/terrytangyuan/mxnet/milestones{/number}"],
    "notifications_url": ["https://api.github.com/repos/terrytangyuan/mxnet/notifications{?since,all,participating}"],
    "labels_url": ["https://api.github.com/repos/terrytangyuan/mxnet/labels{/name}"],
    "releases_url": ["https://api.github.com/repos/terrytangyuan/mxnet/releases{/id}"],
    "deployments_url": ["https://api.github.com/repos/terrytangyuan/mxnet/deployments"],
    "created_at": ["2016-03-09T03:58:27Z"],
    "updated_at": ["2018-01-29T06:44:40Z"],
    "pushed_at": ["2016-03-17T04:29:14Z"],
    "git_url": ["git://github.com/terrytangyuan/mxnet.git"],
    "ssh_url": ["git@github.com:terrytangyuan/mxnet.git"],
    "clone_url": ["https://github.com/terrytangyuan/mxnet.git"],
    "svn_url": ["https://github.com/terrytangyuan/mxnet"],
    "homepage": ["http://mxnet.rtfd.org"],
    "size": [5492],
    "stargazers_count": [3],
    "watchers_count": [3],
    "language": ["C++"],
    "has_issues": [false],
    "has_projects": [true],
    "has_downloads": [true],
    "has_wiki": [true],
    "has_pages": [false],
    "forks_count": [0],
    "mirror_url": {},
    "archived": [false],
    "open_issues_count": [0],
    "license": {
      "key": ["other"],
      "name": ["Other"],
      "spdx_id": ["NOASSERTION"],
      "url": {},
      "node_id": ["MDc6TGljZW5zZTA="]
    },
    "forks": [0],
    "open_issues": [0],
    "watchers": [3],
    "default_branch": ["master"]
  }
]
