[
  {
    "id": [45622548],
    "node_id": ["MDEwOlJlcG9zaXRvcnk0NTYyMjU0OA=="],
    "name": ["caret"],
    "full_name": ["terrytangyuan/caret"],
    "private": [false],
    "owner": {
      "login": ["terrytangyuan"],
      "id": [4269898],
      "node_id": ["MDQ6VXNlcjQyNjk4OTg="],
      "avatar_url": ["https://avatars3.githubusercontent.com/u/4269898?v=4"],
      "gravatar_id": [""],
      "url": ["https://api.github.com/users/terrytangyuan"],
      "html_url": ["https://github.com/terrytangyuan"],
      "followers_url": ["https://api.github.com/users/terrytangyuan/followers"],
      "following_url": ["https://api.github.com/users/terrytangyuan/following{/other_user}"],
      "gists_url": ["https://api.github.com/users/terrytangyuan/gists{/gist_id}"],
      "starred_url": ["https://api.github.com/users/terrytangyuan/starred{/owner}{/repo}"],
      "subscriptions_url": ["https://api.github.com/users/terrytangyuan/subscriptions"],
      "organizations_url": ["https://api.github.com/users/terrytangyuan/orgs"],
      "repos_url": ["https://api.github.com/users/terrytangyuan/repos"],
      "events_url": ["https://api.github.com/users/terrytangyuan/events{/privacy}"],
      "received_events_url": ["https://api.github.com/users/terrytangyuan/received_events"],
      "type": ["User"],
      "site_admin": [false]
    },
    "html_url": ["https://github.com/terrytangyuan/caret"],
    "description": ["caret (Classification And Regression Training) R package that contains misc functions for training and plotting classification and regression models"],
    "fork": [true],
    "url": ["https://api.github.com/repos/terrytangyuan/caret"],
    "forks_url": ["https://api.github.com/repos/terrytangyuan/caret/forks"],
    "keys_url": ["https://api.github.com/repos/terrytangyuan/caret/keys{/key_id}"],
    "collaborators_url": ["https://api.github.com/repos/terrytangyuan/caret/collaborators{/collaborator}"],
    "teams_url": ["https://api.github.com/repos/terrytangyuan/caret/teams"],
    "hooks_url": ["https://api.github.com/repos/terrytangyuan/caret/hooks"],
    "issue_events_url": ["https://api.github.com/repos/terrytangyuan/caret/issues/events{/number}"],
    "events_url": ["https://api.github.com/repos/terrytangyuan/caret/events"],
    "assignees_url": ["https://api.github.com/repos/terrytangyuan/caret/assignees{/user}"],
    "branches_url": ["https://api.github.com/repos/terrytangyuan/caret/branches{/branch}"],
    "tags_url": ["https://api.github.com/repos/terrytangyuan/caret/tags"],
    "blobs_url": ["https://api.github.com/repos/terrytangyuan/caret/git/blobs{/sha}"],
    "git_tags_url": ["https://api.github.com/repos/terrytangyuan/caret/git/tags{/sha}"],
    "git_refs_url": ["https://api.github.com/repos/terrytangyuan/caret/git/refs{/sha}"],
    "trees_url": ["https://api.github.com/repos/terrytangyuan/caret/git/trees{/sha}"],
    "statuses_url": ["https://api.github.com/repos/terrytangyuan/caret/statuses/{sha}"],
    "languages_url": ["https://api.github.com/repos/terrytangyuan/caret/languages"],
    "stargazers_url": ["https://api.github.com/repos/terrytangyuan/caret/stargazers"],
    "contributors_url": ["https://api.github.com/repos/terrytangyuan/caret/contributors"],
    "subscribers_url": ["https://api.github.com/repos/terrytangyuan/caret/subscribers"],
    "subscription_url": ["https://api.github.com/repos/terrytangyuan/caret/subscription"],
    "commits_url": ["https://api.github.com/repos/terrytangyuan/caret/commits{/sha}"],
    "git_commits_url": ["https://api.github.com/repos/terrytangyuan/caret/git/commits{/sha}"],
    "comments_url": ["https://api.github.com/repos/terrytangyuan/caret/comments{/number}"],
    "issue_comment_url": ["https://api.github.com/repos/terrytangyuan/caret/issues/comments{/number}"],
    "contents_url": ["https://api.github.com/repos/terrytangyuan/caret/contents/{+path}"],
    "compare_url": ["https://api.github.com/repos/terrytangyuan/caret/compare/{base}...{head}"],
    "merges_url": ["https://api.github.com/repos/terrytangyuan/caret/merges"],
    "archive_url": ["https://api.github.com/repos/terrytangyuan/caret/{archive_format}{/ref}"],
    "downloads_url": ["https://api.github.com/repos/terrytangyuan/caret/downloads"],
    "issues_url": ["https://api.github.com/repos/terrytangyuan/caret/issues{/number}"],
    "pulls_url": ["https://api.github.com/repos/terrytangyuan/caret/pulls{/number}"],
    "milestones_url": ["https://api.github.com/repos/terrytangyuan/caret/milestones{/number}"],
    "notifications_url": ["https://api.github.com/repos/terrytangyuan/caret/notifications{?since,all,participating}"],
    "labels_url": ["https://api.github.com/repos/terrytangyuan/caret/labels{/name}"],
    "releases_url": ["https://api.github.com/repos/terrytangyuan/caret/releases{/id}"],
    "deployments_url": ["https://api.github.com/repos/terrytangyuan/caret/deployments"],
    "created_at": ["2015-11-05T16:05:22Z"],
    "updated_at": ["2015-11-05T16:05:26Z"],
    "pushed_at": ["2016-06-29T01:25:08Z"],
    "git_url": ["git://github.com/terrytangyuan/caret.git"],
    "ssh_url": ["git@github.com:terrytangyuan/caret.git"],
    "clone_url": ["https://github.com/terrytangyuan/caret.git"],
    "svn_url": ["https://github.com/terrytangyuan/caret"],
    "homepage": {},
    "size": [131143],
    "stargazers_count": [0],
    "watchers_count": [0],
    "language": ["R"],
    "has_issues": [false],
    "has_projects": [true],
    "has_downloads": [true],
    "has_wiki": [true],
    "has_pages": [false],
    "forks_count": [0],
    "mirror_url": {},
    "archived": [false],
    "open_issues_count": [0],
    "license": {},
    "forks": [0],
    "open_issues": [0],
    "watchers": [0],
    "default_branch": ["master"]
  }
]
