[
  {
    "id": [120510513],
    "node_id": ["MDEwOlJlcG9zaXRvcnkxMjA1MTA1MTM="],
    "name": ["concurrency-in-go-src"],
    "full_name": ["terrytangyuan/concurrency-in-go-src"],
    "private": [false],
    "owner": {
      "login": ["terrytangyuan"],
      "id": [4269898],
      "node_id": ["MDQ6VXNlcjQyNjk4OTg="],
      "avatar_url": ["https://avatars3.githubusercontent.com/u/4269898?v=4"],
      "gravatar_id": [""],
      "url": ["https://api.github.com/users/terrytangyuan"],
      "html_url": ["https://github.com/terrytangyuan"],
      "followers_url": ["https://api.github.com/users/terrytangyuan/followers"],
      "following_url": ["https://api.github.com/users/terrytangyuan/following{/other_user}"],
      "gists_url": ["https://api.github.com/users/terrytangyuan/gists{/gist_id}"],
      "starred_url": ["https://api.github.com/users/terrytangyuan/starred{/owner}{/repo}"],
      "subscriptions_url": ["https://api.github.com/users/terrytangyuan/subscriptions"],
      "organizations_url": ["https://api.github.com/users/terrytangyuan/orgs"],
      "repos_url": ["https://api.github.com/users/terrytangyuan/repos"],
      "events_url": ["https://api.github.com/users/terrytangyuan/events{/privacy}"],
      "received_events_url": ["https://api.github.com/users/terrytangyuan/received_events"],
      "type": ["User"],
      "site_admin": [false]
    },
    "html_url": ["https://github.com/terrytangyuan/concurrency-in-go-src"],
    "description": ["Full sourcecode for the book, \"Concurrency in Go\" published by O'Reilly."],
    "fork": [true],
    "url": ["https://api.github.com/repos/terrytangyuan/concurrency-in-go-src"],
    "forks_url": ["https://api.github.com/repos/terrytangyuan/concurrency-in-go-src/forks"],
    "keys_url": ["https://api.github.com/repos/terrytangyuan/concurrency-in-go-src/keys{/key_id}"],
    "collaborators_url": ["https://api.github.com/repos/terrytangyuan/concurrency-in-go-src/collaborators{/collaborator}"],
    "teams_url": ["https://api.github.com/repos/terrytangyuan/concurrency-in-go-src/teams"],
    "hooks_url": ["https://api.github.com/repos/terrytangyuan/concurrency-in-go-src/hooks"],
    "issue_events_url": ["https://api.github.com/repos/terrytangyuan/concurrency-in-go-src/issues/events{/number}"],
    "events_url": ["https://api.github.com/repos/terrytangyuan/concurrency-in-go-src/events"],
    "assignees_url": ["https://api.github.com/repos/terrytangyuan/concurrency-in-go-src/assignees{/user}"],
    "branches_url": ["https://api.github.com/repos/terrytangyuan/concurrency-in-go-src/branches{/branch}"],
    "tags_url": ["https://api.github.com/repos/terrytangyuan/concurrency-in-go-src/tags"],
    "blobs_url": ["https://api.github.com/repos/terrytangyuan/concurrency-in-go-src/git/blobs{/sha}"],
    "git_tags_url": ["https://api.github.com/repos/terrytangyuan/concurrency-in-go-src/git/tags{/sha}"],
    "git_refs_url": ["https://api.github.com/repos/terrytangyuan/concurrency-in-go-src/git/refs{/sha}"],
    "trees_url": ["https://api.github.com/repos/terrytangyuan/concurrency-in-go-src/git/trees{/sha}"],
    "statuses_url": ["https://api.github.com/repos/terrytangyuan/concurrency-in-go-src/statuses/{sha}"],
    "languages_url": ["https://api.github.com/repos/terrytangyuan/concurrency-in-go-src/languages"],
    "stargazers_url": ["https://api.github.com/repos/terrytangyuan/concurrency-in-go-src/stargazers"],
    "contributors_url": ["https://api.github.com/repos/terrytangyuan/concurrency-in-go-src/contributors"],
    "subscribers_url": ["https://api.github.com/repos/terrytangyuan/concurrency-in-go-src/subscribers"],
    "subscription_url": ["https://api.github.com/repos/terrytangyuan/concurrency-in-go-src/subscription"],
    "commits_url": ["https://api.github.com/repos/terrytangyuan/concurrency-in-go-src/commits{/sha}"],
    "git_commits_url": ["https://api.github.com/repos/terrytangyuan/concurrency-in-go-src/git/commits{/sha}"],
    "comments_url": ["https://api.github.com/repos/terrytangyuan/concurrency-in-go-src/comments{/number}"],
    "issue_comment_url": ["https://api.github.com/repos/terrytangyuan/concurrency-in-go-src/issues/comments{/number}"],
    "contents_url": ["https://api.github.com/repos/terrytangyuan/concurrency-in-go-src/contents/{+path}"],
    "compare_url": ["https://api.github.com/repos/terrytangyuan/concurrency-in-go-src/compare/{base}...{head}"],
    "merges_url": ["https://api.github.com/repos/terrytangyuan/concurrency-in-go-src/merges"],
    "archive_url": ["https://api.github.com/repos/terrytangyuan/concurrency-in-go-src/{archive_format}{/ref}"],
    "downloads_url": ["https://api.github.com/repos/terrytangyuan/concurrency-in-go-src/downloads"],
    "issues_url": ["https://api.github.com/repos/terrytangyuan/concurrency-in-go-src/issues{/number}"],
    "pulls_url": ["https://api.github.com/repos/terrytangyuan/concurrency-in-go-src/pulls{/number}"],
    "milestones_url": ["https://api.github.com/repos/terrytangyuan/concurrency-in-go-src/milestones{/number}"],
    "notifications_url": ["https://api.github.com/repos/terrytangyuan/concurrency-in-go-src/notifications{?since,all,participating}"],
    "labels_url": ["https://api.github.com/repos/terrytangyuan/concurrency-in-go-src/labels{/name}"],
    "releases_url": ["https://api.github.com/repos/terrytangyuan/concurrency-in-go-src/releases{/id}"],
    "deployments_url": ["https://api.github.com/repos/terrytangyuan/concurrency-in-go-src/deployments"],
    "created_at": ["2018-02-06T19:13:14Z"],
    "updated_at": ["2018-02-06T19:13:16Z"],
    "pushed_at": ["2017-11-10T11:57:40Z"],
    "git_url": ["git://github.com/terrytangyuan/concurrency-in-go-src.git"],
    "ssh_url": ["git@github.com:terrytangyuan/concurrency-in-go-src.git"],
    "clone_url": ["https://github.com/terrytangyuan/concurrency-in-go-src.git"],
    "svn_url": ["https://github.com/terrytangyuan/concurrency-in-go-src"],
    "homepage": {},
    "size": [34],
    "stargazers_count": [0],
    "watchers_count": [0],
    "language": ["Go"],
    "has_issues": [false],
    "has_projects": [true],
    "has_downloads": [true],
    "has_wiki": [false],
    "has_pages": [false],
    "forks_count": [0],
    "mirror_url": {},
    "archived": [false],
    "open_issues_count": [0],
    "license": {
      "key": ["mit"],
      "name": ["MIT License"],
      "spdx_id": ["MIT"],
      "url": ["https://api.github.com/licenses/mit"],
      "node_id": ["MDc6TGljZW5zZTEz"]
    },
    "forks": [0],
    "open_issues": [0],
    "watchers": [0],
    "default_branch": ["master"]
  }
]
