[
  {
    "id": [64855906],
    "node_id": ["MDEwOlJlcG9zaXRvcnk2NDg1NTkwNg=="],
    "name": ["gallery"],
    "full_name": ["terrytangyuan/gallery"],
    "private": [false],
    "owner": {
      "login": ["terrytangyuan"],
      "id": [4269898],
      "node_id": ["MDQ6VXNlcjQyNjk4OTg="],
      "avatar_url": ["https://avatars3.githubusercontent.com/u/4269898?v=4"],
      "gravatar_id": [""],
      "url": ["https://api.github.com/users/terrytangyuan"],
      "html_url": ["https://github.com/terrytangyuan"],
      "followers_url": ["https://api.github.com/users/terrytangyuan/followers"],
      "following_url": ["https://api.github.com/users/terrytangyuan/following{/other_user}"],
      "gists_url": ["https://api.github.com/users/terrytangyuan/gists{/gist_id}"],
      "starred_url": ["https://api.github.com/users/terrytangyuan/starred{/owner}{/repo}"],
      "subscriptions_url": ["https://api.github.com/users/terrytangyuan/subscriptions"],
      "organizations_url": ["https://api.github.com/users/terrytangyuan/orgs"],
      "repos_url": ["https://api.github.com/users/terrytangyuan/repos"],
      "events_url": ["https://api.github.com/users/terrytangyuan/events{/privacy}"],
      "received_events_url": ["https://api.github.com/users/terrytangyuan/received_events"],
      "type": ["User"],
      "site_admin": [false]
    },
    "html_url": ["https://github.com/terrytangyuan/gallery"],
    "description": ["Gallery of ggplot2 extensions"],
    "fork": [true],
    "url": ["https://api.github.com/repos/terrytangyuan/gallery"],
    "forks_url": ["https://api.github.com/repos/terrytangyuan/gallery/forks"],
    "keys_url": ["https://api.github.com/repos/terrytangyuan/gallery/keys{/key_id}"],
    "collaborators_url": ["https://api.github.com/repos/terrytangyuan/gallery/collaborators{/collaborator}"],
    "teams_url": ["https://api.github.com/repos/terrytangyuan/gallery/teams"],
    "hooks_url": ["https://api.github.com/repos/terrytangyuan/gallery/hooks"],
    "issue_events_url": ["https://api.github.com/repos/terrytangyuan/gallery/issues/events{/number}"],
    "events_url": ["https://api.github.com/repos/terrytangyuan/gallery/events"],
    "assignees_url": ["https://api.github.com/repos/terrytangyuan/gallery/assignees{/user}"],
    "branches_url": ["https://api.github.com/repos/terrytangyuan/gallery/branches{/branch}"],
    "tags_url": ["https://api.github.com/repos/terrytangyuan/gallery/tags"],
    "blobs_url": ["https://api.github.com/repos/terrytangyuan/gallery/git/blobs{/sha}"],
    "git_tags_url": ["https://api.github.com/repos/terrytangyuan/gallery/git/tags{/sha}"],
    "git_refs_url": ["https://api.github.com/repos/terrytangyuan/gallery/git/refs{/sha}"],
    "trees_url": ["https://api.github.com/repos/terrytangyuan/gallery/git/trees{/sha}"],
    "statuses_url": ["https://api.github.com/repos/terrytangyuan/gallery/statuses/{sha}"],
    "languages_url": ["https://api.github.com/repos/terrytangyuan/gallery/languages"],
    "stargazers_url": ["https://api.github.com/repos/terrytangyuan/gallery/stargazers"],
    "contributors_url": ["https://api.github.com/repos/terrytangyuan/gallery/contributors"],
    "subscribers_url": ["https://api.github.com/repos/terrytangyuan/gallery/subscribers"],
    "subscription_url": ["https://api.github.com/repos/terrytangyuan/gallery/subscription"],
    "commits_url": ["https://api.github.com/repos/terrytangyuan/gallery/commits{/sha}"],
    "git_commits_url": ["https://api.github.com/repos/terrytangyuan/gallery/git/commits{/sha}"],
    "comments_url": ["https://api.github.com/repos/terrytangyuan/gallery/comments{/number}"],
    "issue_comment_url": ["https://api.github.com/repos/terrytangyuan/gallery/issues/comments{/number}"],
    "contents_url": ["https://api.github.com/repos/terrytangyuan/gallery/contents/{+path}"],
    "compare_url": ["https://api.github.com/repos/terrytangyuan/gallery/compare/{base}...{head}"],
    "merges_url": ["https://api.github.com/repos/terrytangyuan/gallery/merges"],
    "archive_url": ["https://api.github.com/repos/terrytangyuan/gallery/{archive_format}{/ref}"],
    "downloads_url": ["https://api.github.com/repos/terrytangyuan/gallery/downloads"],
    "issues_url": ["https://api.github.com/repos/terrytangyuan/gallery/issues{/number}"],
    "pulls_url": ["https://api.github.com/repos/terrytangyuan/gallery/pulls{/number}"],
    "milestones_url": ["https://api.github.com/repos/terrytangyuan/gallery/milestones{/number}"],
    "notifications_url": ["https://api.github.com/repos/terrytangyuan/gallery/notifications{?since,all,participating}"],
    "labels_url": ["https://api.github.com/repos/terrytangyuan/gallery/labels{/name}"],
    "releases_url": ["https://api.github.com/repos/terrytangyuan/gallery/releases{/id}"],
    "deployments_url": ["https://api.github.com/repos/terrytangyuan/gallery/deployments"],
    "created_at": ["2016-08-03T15:12:09Z"],
    "updated_at": ["2016-08-03T15:12:11Z"],
    "pushed_at": ["2018-02-19T17:59:34Z"],
    "git_url": ["git://github.com/terrytangyuan/gallery.git"],
    "ssh_url": ["git@github.com:terrytangyuan/gallery.git"],
    "clone_url": ["https://github.com/terrytangyuan/gallery.git"],
    "svn_url": ["https://github.com/terrytangyuan/gallery"],
    "homepage": ["http://www.ggplot2-exts.org/gallery/"],
    "size": [12150],
    "stargazers_count": [0],
    "watchers_count": [0],
    "language": ["CSS"],
    "has_issues": [false],
    "has_projects": [true],
    "has_downloads": [true],
    "has_wiki": [true],
    "has_pages": [false],
    "forks_count": [0],
    "mirror_url": {},
    "archived": [false],
    "open_issues_count": [0],
    "license": {},
    "forks": [0],
    "open_issues": [0],
    "watchers": [0],
    "default_branch": ["gh-pages"]
  }
]
