[
  {
    "id": [128236165],
    "node_id": ["MDEwOlJlcG9zaXRvcnkxMjgyMzYxNjU="],
    "name": ["tensorflow"],
    "full_name": ["terrytangyuan/tensorflow"],
    "private": [false],
    "owner": {
      "login": ["terrytangyuan"],
      "id": [4269898],
      "node_id": ["MDQ6VXNlcjQyNjk4OTg="],
      "avatar_url": ["https://avatars3.githubusercontent.com/u/4269898?v=4"],
      "gravatar_id": [""],
      "url": ["https://api.github.com/users/terrytangyuan"],
      "html_url": ["https://github.com/terrytangyuan"],
      "followers_url": ["https://api.github.com/users/terrytangyuan/followers"],
      "following_url": ["https://api.github.com/users/terrytangyuan/following{/other_user}"],
      "gists_url": ["https://api.github.com/users/terrytangyuan/gists{/gist_id}"],
      "starred_url": ["https://api.github.com/users/terrytangyuan/starred{/owner}{/repo}"],
      "subscriptions_url": ["https://api.github.com/users/terrytangyuan/subscriptions"],
      "organizations_url": ["https://api.github.com/users/terrytangyuan/orgs"],
      "repos_url": ["https://api.github.com/users/terrytangyuan/repos"],
      "events_url": ["https://api.github.com/users/terrytangyuan/events{/privacy}"],
      "received_events_url": ["https://api.github.com/users/terrytangyuan/received_events"],
      "type": ["User"],
      "site_admin": [false]
    },
    "html_url": ["https://github.com/terrytangyuan/tensorflow"],
    "description": ["Computation using data flow graphs for scalable machine learning"],
    "fork": [true],
    "url": ["https://api.github.com/repos/terrytangyuan/tensorflow"],
    "forks_url": ["https://api.github.com/repos/terrytangyuan/tensorflow/forks"],
    "keys_url": ["https://api.github.com/repos/terrytangyuan/tensorflow/keys{/key_id}"],
    "collaborators_url": ["https://api.github.com/repos/terrytangyuan/tensorflow/collaborators{/collaborator}"],
    "teams_url": ["https://api.github.com/repos/terrytangyuan/tensorflow/teams"],
    "hooks_url": ["https://api.github.com/repos/terrytangyuan/tensorflow/hooks"],
    "issue_events_url": ["https://api.github.com/repos/terrytangyuan/tensorflow/issues/events{/number}"],
    "events_url": ["https://api.github.com/repos/terrytangyuan/tensorflow/events"],
    "assignees_url": ["https://api.github.com/repos/terrytangyuan/tensorflow/assignees{/user}"],
    "branches_url": ["https://api.github.com/repos/terrytangyuan/tensorflow/branches{/branch}"],
    "tags_url": ["https://api.github.com/repos/terrytangyuan/tensorflow/tags"],
    "blobs_url": ["https://api.github.com/repos/terrytangyuan/tensorflow/git/blobs{/sha}"],
    "git_tags_url": ["https://api.github.com/repos/terrytangyuan/tensorflow/git/tags{/sha}"],
    "git_refs_url": ["https://api.github.com/repos/terrytangyuan/tensorflow/git/refs{/sha}"],
    "trees_url": ["https://api.github.com/repos/terrytangyuan/tensorflow/git/trees{/sha}"],
    "statuses_url": ["https://api.github.com/repos/terrytangyuan/tensorflow/statuses/{sha}"],
    "languages_url": ["https://api.github.com/repos/terrytangyuan/tensorflow/languages"],
    "stargazers_url": ["https://api.github.com/repos/terrytangyuan/tensorflow/stargazers"],
    "contributors_url": ["https://api.github.com/repos/terrytangyuan/tensorflow/contributors"],
    "subscribers_url": ["https://api.github.com/repos/terrytangyuan/tensorflow/subscribers"],
    "subscription_url": ["https://api.github.com/repos/terrytangyuan/tensorflow/subscription"],
    "commits_url": ["https://api.github.com/repos/terrytangyuan/tensorflow/commits{/sha}"],
    "git_commits_url": ["https://api.github.com/repos/terrytangyuan/tensorflow/git/commits{/sha}"],
    "comments_url": ["https://api.github.com/repos/terrytangyuan/tensorflow/comments{/number}"],
    "issue_comment_url": ["https://api.github.com/repos/terrytangyuan/tensorflow/issues/comments{/number}"],
    "contents_url": ["https://api.github.com/repos/terrytangyuan/tensorflow/contents/{+path}"],
    "compare_url": ["https://api.github.com/repos/terrytangyuan/tensorflow/compare/{base}...{head}"],
    "merges_url": ["https://api.github.com/repos/terrytangyuan/tensorflow/merges"],
    "archive_url": ["https://api.github.com/repos/terrytangyuan/tensorflow/{archive_format}{/ref}"],
    "downloads_url": ["https://api.github.com/repos/terrytangyuan/tensorflow/downloads"],
    "issues_url": ["https://api.github.com/repos/terrytangyuan/tensorflow/issues{/number}"],
    "pulls_url": ["https://api.github.com/repos/terrytangyuan/tensorflow/pulls{/number}"],
    "milestones_url": ["https://api.github.com/repos/terrytangyuan/tensorflow/milestones{/number}"],
    "notifications_url": ["https://api.github.com/repos/terrytangyuan/tensorflow/notifications{?since,all,participating}"],
    "labels_url": ["https://api.github.com/repos/terrytangyuan/tensorflow/labels{/name}"],
    "releases_url": ["https://api.github.com/repos/terrytangyuan/tensorflow/releases{/id}"],
    "deployments_url": ["https://api.github.com/repos/terrytangyuan/tensorflow/deployments"],
    "created_at": ["2018-04-05T16:50:33Z"],
    "updated_at": ["2019-01-31T22:57:36Z"],
    "pushed_at": ["2019-01-31T22:56:48Z"],
    "git_url": ["git://github.com/terrytangyuan/tensorflow.git"],
    "ssh_url": ["git@github.com:terrytangyuan/tensorflow.git"],
    "clone_url": ["https://github.com/terrytangyuan/tensorflow.git"],
    "svn_url": ["https://github.com/terrytangyuan/tensorflow"],
    "homepage": ["https://tensorflow.org"],
    "size": [304094],
    "stargazers_count": [0],
    "watchers_count": [0],
    "language": ["C++"],
    "has_issues": [false],
    "has_projects": [true],
    "has_downloads": [true],
    "has_wiki": [false],
    "has_pages": [false],
    "forks_count": [0],
    "mirror_url": {},
    "archived": [false],
    "open_issues_count": [0],
    "license": {
      "key": ["apache-2.0"],
      "name": ["Apache License 2.0"],
      "spdx_id": ["Apache-2.0"],
      "url": ["https://api.github.com/licenses/apache-2.0"],
      "node_id": ["MDc6TGljZW5zZTI="]
    },
    "forks": [0],
    "open_issues": [0],
    "watchers": [0],
    "default_branch": ["master"]
  }
]
