[
  {
    "id": [171557162],
    "node_id": ["MDEwOlJlcG9zaXRvcnkxNzE1NTcxNjI="],
    "name": ["pipelines"],
    "full_name": ["terrytangyuan/pipelines"],
    "private": [false],
    "owner": {
      "login": ["terrytangyuan"],
      "id": [4269898],
      "node_id": ["MDQ6VXNlcjQyNjk4OTg="],
      "avatar_url": ["https://avatars3.githubusercontent.com/u/4269898?v=4"],
      "gravatar_id": [""],
      "url": ["https://api.github.com/users/terrytangyuan"],
      "html_url": ["https://github.com/terrytangyuan"],
      "followers_url": ["https://api.github.com/users/terrytangyuan/followers"],
      "following_url": ["https://api.github.com/users/terrytangyuan/following{/other_user}"],
      "gists_url": ["https://api.github.com/users/terrytangyuan/gists{/gist_id}"],
      "starred_url": ["https://api.github.com/users/terrytangyuan/starred{/owner}{/repo}"],
      "subscriptions_url": ["https://api.github.com/users/terrytangyuan/subscriptions"],
      "organizations_url": ["https://api.github.com/users/terrytangyuan/orgs"],
      "repos_url": ["https://api.github.com/users/terrytangyuan/repos"],
      "events_url": ["https://api.github.com/users/terrytangyuan/events{/privacy}"],
      "received_events_url": ["https://api.github.com/users/terrytangyuan/received_events"],
      "type": ["User"],
      "site_admin": [false]
    },
    "html_url": ["https://github.com/terrytangyuan/pipelines"],
    "description": ["Machine Learning Pipelines for Kubeflow"],
    "fork": [true],
    "url": ["https://api.github.com/repos/terrytangyuan/pipelines"],
    "forks_url": ["https://api.github.com/repos/terrytangyuan/pipelines/forks"],
    "keys_url": ["https://api.github.com/repos/terrytangyuan/pipelines/keys{/key_id}"],
    "collaborators_url": ["https://api.github.com/repos/terrytangyuan/pipelines/collaborators{/collaborator}"],
    "teams_url": ["https://api.github.com/repos/terrytangyuan/pipelines/teams"],
    "hooks_url": ["https://api.github.com/repos/terrytangyuan/pipelines/hooks"],
    "issue_events_url": ["https://api.github.com/repos/terrytangyuan/pipelines/issues/events{/number}"],
    "events_url": ["https://api.github.com/repos/terrytangyuan/pipelines/events"],
    "assignees_url": ["https://api.github.com/repos/terrytangyuan/pipelines/assignees{/user}"],
    "branches_url": ["https://api.github.com/repos/terrytangyuan/pipelines/branches{/branch}"],
    "tags_url": ["https://api.github.com/repos/terrytangyuan/pipelines/tags"],
    "blobs_url": ["https://api.github.com/repos/terrytangyuan/pipelines/git/blobs{/sha}"],
    "git_tags_url": ["https://api.github.com/repos/terrytangyuan/pipelines/git/tags{/sha}"],
    "git_refs_url": ["https://api.github.com/repos/terrytangyuan/pipelines/git/refs{/sha}"],
    "trees_url": ["https://api.github.com/repos/terrytangyuan/pipelines/git/trees{/sha}"],
    "statuses_url": ["https://api.github.com/repos/terrytangyuan/pipelines/statuses/{sha}"],
    "languages_url": ["https://api.github.com/repos/terrytangyuan/pipelines/languages"],
    "stargazers_url": ["https://api.github.com/repos/terrytangyuan/pipelines/stargazers"],
    "contributors_url": ["https://api.github.com/repos/terrytangyuan/pipelines/contributors"],
    "subscribers_url": ["https://api.github.com/repos/terrytangyuan/pipelines/subscribers"],
    "subscription_url": ["https://api.github.com/repos/terrytangyuan/pipelines/subscription"],
    "commits_url": ["https://api.github.com/repos/terrytangyuan/pipelines/commits{/sha}"],
    "git_commits_url": ["https://api.github.com/repos/terrytangyuan/pipelines/git/commits{/sha}"],
    "comments_url": ["https://api.github.com/repos/terrytangyuan/pipelines/comments{/number}"],
    "issue_comment_url": ["https://api.github.com/repos/terrytangyuan/pipelines/issues/comments{/number}"],
    "contents_url": ["https://api.github.com/repos/terrytangyuan/pipelines/contents/{+path}"],
    "compare_url": ["https://api.github.com/repos/terrytangyuan/pipelines/compare/{base}...{head}"],
    "merges_url": ["https://api.github.com/repos/terrytangyuan/pipelines/merges"],
    "archive_url": ["https://api.github.com/repos/terrytangyuan/pipelines/{archive_format}{/ref}"],
    "downloads_url": ["https://api.github.com/repos/terrytangyuan/pipelines/downloads"],
    "issues_url": ["https://api.github.com/repos/terrytangyuan/pipelines/issues{/number}"],
    "pulls_url": ["https://api.github.com/repos/terrytangyuan/pipelines/pulls{/number}"],
    "milestones_url": ["https://api.github.com/repos/terrytangyuan/pipelines/milestones{/number}"],
    "notifications_url": ["https://api.github.com/repos/terrytangyuan/pipelines/notifications{?since,all,participating}"],
    "labels_url": ["https://api.github.com/repos/terrytangyuan/pipelines/labels{/name}"],
    "releases_url": ["https://api.github.com/repos/terrytangyuan/pipelines/releases{/id}"],
    "deployments_url": ["https://api.github.com/repos/terrytangyuan/pipelines/deployments"],
    "created_at": ["2019-02-19T22:02:48Z"],
    "updated_at": ["2019-02-19T22:02:52Z"],
    "pushed_at": ["2019-03-21T03:36:46Z"],
    "git_url": ["git://github.com/terrytangyuan/pipelines.git"],
    "ssh_url": ["git@github.com:terrytangyuan/pipelines.git"],
    "clone_url": ["https://github.com/terrytangyuan/pipelines.git"],
    "svn_url": ["https://github.com/terrytangyuan/pipelines"],
    "homepage": [""],
    "size": [15102],
    "stargazers_count": [0],
    "watchers_count": [0],
    "language": ["Go"],
    "has_issues": [false],
    "has_projects": [true],
    "has_downloads": [true],
    "has_wiki": [true],
    "has_pages": [false],
    "forks_count": [0],
    "mirror_url": {},
    "archived": [false],
    "open_issues_count": [0],
    "license": {
      "key": ["apache-2.0"],
      "name": ["Apache License 2.0"],
      "spdx_id": ["Apache-2.0"],
      "url": ["https://api.github.com/licenses/apache-2.0"],
      "node_id": ["MDc6TGljZW5zZTI="]
    },
    "forks": [0],
    "open_issues": [0],
    "watchers": [0],
    "default_branch": ["master"]
  }
]
