[
  {
    "id": [149173722],
    "node_id": ["MDEwOlJlcG9zaXRvcnkxNDkxNzM3MjI="],
    "name": ["jpmml-sparkml-lightgbm"],
    "full_name": ["terrytangyuan/jpmml-sparkml-lightgbm"],
    "private": [false],
    "owner": {
      "login": ["terrytangyuan"],
      "id": [4269898],
      "node_id": ["MDQ6VXNlcjQyNjk4OTg="],
      "avatar_url": ["https://avatars3.githubusercontent.com/u/4269898?v=4"],
      "gravatar_id": [""],
      "url": ["https://api.github.com/users/terrytangyuan"],
      "html_url": ["https://github.com/terrytangyuan"],
      "followers_url": ["https://api.github.com/users/terrytangyuan/followers"],
      "following_url": ["https://api.github.com/users/terrytangyuan/following{/other_user}"],
      "gists_url": ["https://api.github.com/users/terrytangyuan/gists{/gist_id}"],
      "starred_url": ["https://api.github.com/users/terrytangyuan/starred{/owner}{/repo}"],
      "subscriptions_url": ["https://api.github.com/users/terrytangyuan/subscriptions"],
      "organizations_url": ["https://api.github.com/users/terrytangyuan/orgs"],
      "repos_url": ["https://api.github.com/users/terrytangyuan/repos"],
      "events_url": ["https://api.github.com/users/terrytangyuan/events{/privacy}"],
      "received_events_url": ["https://api.github.com/users/terrytangyuan/received_events"],
      "type": ["User"],
      "site_admin": [false]
    },
    "html_url": ["https://github.com/terrytangyuan/jpmml-sparkml-lightgbm"],
    "description": ["JPMML-SparkML plugin for converting LightGBM-Spark models to PMML"],
    "fork": [true],
    "url": ["https://api.github.com/repos/terrytangyuan/jpmml-sparkml-lightgbm"],
    "forks_url": ["https://api.github.com/repos/terrytangyuan/jpmml-sparkml-lightgbm/forks"],
    "keys_url": ["https://api.github.com/repos/terrytangyuan/jpmml-sparkml-lightgbm/keys{/key_id}"],
    "collaborators_url": ["https://api.github.com/repos/terrytangyuan/jpmml-sparkml-lightgbm/collaborators{/collaborator}"],
    "teams_url": ["https://api.github.com/repos/terrytangyuan/jpmml-sparkml-lightgbm/teams"],
    "hooks_url": ["https://api.github.com/repos/terrytangyuan/jpmml-sparkml-lightgbm/hooks"],
    "issue_events_url": ["https://api.github.com/repos/terrytangyuan/jpmml-sparkml-lightgbm/issues/events{/number}"],
    "events_url": ["https://api.github.com/repos/terrytangyuan/jpmml-sparkml-lightgbm/events"],
    "assignees_url": ["https://api.github.com/repos/terrytangyuan/jpmml-sparkml-lightgbm/assignees{/user}"],
    "branches_url": ["https://api.github.com/repos/terrytangyuan/jpmml-sparkml-lightgbm/branches{/branch}"],
    "tags_url": ["https://api.github.com/repos/terrytangyuan/jpmml-sparkml-lightgbm/tags"],
    "blobs_url": ["https://api.github.com/repos/terrytangyuan/jpmml-sparkml-lightgbm/git/blobs{/sha}"],
    "git_tags_url": ["https://api.github.com/repos/terrytangyuan/jpmml-sparkml-lightgbm/git/tags{/sha}"],
    "git_refs_url": ["https://api.github.com/repos/terrytangyuan/jpmml-sparkml-lightgbm/git/refs{/sha}"],
    "trees_url": ["https://api.github.com/repos/terrytangyuan/jpmml-sparkml-lightgbm/git/trees{/sha}"],
    "statuses_url": ["https://api.github.com/repos/terrytangyuan/jpmml-sparkml-lightgbm/statuses/{sha}"],
    "languages_url": ["https://api.github.com/repos/terrytangyuan/jpmml-sparkml-lightgbm/languages"],
    "stargazers_url": ["https://api.github.com/repos/terrytangyuan/jpmml-sparkml-lightgbm/stargazers"],
    "contributors_url": ["https://api.github.com/repos/terrytangyuan/jpmml-sparkml-lightgbm/contributors"],
    "subscribers_url": ["https://api.github.com/repos/terrytangyuan/jpmml-sparkml-lightgbm/subscribers"],
    "subscription_url": ["https://api.github.com/repos/terrytangyuan/jpmml-sparkml-lightgbm/subscription"],
    "commits_url": ["https://api.github.com/repos/terrytangyuan/jpmml-sparkml-lightgbm/commits{/sha}"],
    "git_commits_url": ["https://api.github.com/repos/terrytangyuan/jpmml-sparkml-lightgbm/git/commits{/sha}"],
    "comments_url": ["https://api.github.com/repos/terrytangyuan/jpmml-sparkml-lightgbm/comments{/number}"],
    "issue_comment_url": ["https://api.github.com/repos/terrytangyuan/jpmml-sparkml-lightgbm/issues/comments{/number}"],
    "contents_url": ["https://api.github.com/repos/terrytangyuan/jpmml-sparkml-lightgbm/contents/{+path}"],
    "compare_url": ["https://api.github.com/repos/terrytangyuan/jpmml-sparkml-lightgbm/compare/{base}...{head}"],
    "merges_url": ["https://api.github.com/repos/terrytangyuan/jpmml-sparkml-lightgbm/merges"],
    "archive_url": ["https://api.github.com/repos/terrytangyuan/jpmml-sparkml-lightgbm/{archive_format}{/ref}"],
    "downloads_url": ["https://api.github.com/repos/terrytangyuan/jpmml-sparkml-lightgbm/downloads"],
    "issues_url": ["https://api.github.com/repos/terrytangyuan/jpmml-sparkml-lightgbm/issues{/number}"],
    "pulls_url": ["https://api.github.com/repos/terrytangyuan/jpmml-sparkml-lightgbm/pulls{/number}"],
    "milestones_url": ["https://api.github.com/repos/terrytangyuan/jpmml-sparkml-lightgbm/milestones{/number}"],
    "notifications_url": ["https://api.github.com/repos/terrytangyuan/jpmml-sparkml-lightgbm/notifications{?since,all,participating}"],
    "labels_url": ["https://api.github.com/repos/terrytangyuan/jpmml-sparkml-lightgbm/labels{/name}"],
    "releases_url": ["https://api.github.com/repos/terrytangyuan/jpmml-sparkml-lightgbm/releases{/id}"],
    "deployments_url": ["https://api.github.com/repos/terrytangyuan/jpmml-sparkml-lightgbm/deployments"],
    "created_at": ["2018-09-17T18:59:45Z"],
    "updated_at": ["2018-09-17T18:59:47Z"],
    "pushed_at": ["2018-12-03T02:12:35Z"],
    "git_url": ["git://github.com/terrytangyuan/jpmml-sparkml-lightgbm.git"],
    "ssh_url": ["git@github.com:terrytangyuan/jpmml-sparkml-lightgbm.git"],
    "clone_url": ["https://github.com/terrytangyuan/jpmml-sparkml-lightgbm.git"],
    "svn_url": ["https://github.com/terrytangyuan/jpmml-sparkml-lightgbm"],
    "homepage": [""],
    "size": [3],
    "stargazers_count": [0],
    "watchers_count": [0],
    "language": ["Java"],
    "has_issues": [false],
    "has_projects": [true],
    "has_downloads": [true],
    "has_wiki": [true],
    "has_pages": [false],
    "forks_count": [0],
    "mirror_url": {},
    "archived": [false],
    "open_issues_count": [0],
    "license": {},
    "forks": [0],
    "open_issues": [0],
    "watchers": [0],
    "default_branch": ["master"]
  }
]
