[
  {
    "id": [59796557],
    "node_id": ["MDEwOlJlcG9zaXRvcnk1OTc5NjU1Nw=="],
    "name": ["skflow"],
    "full_name": ["terrytangyuan/skflow"],
    "private": [false],
    "owner": {
      "login": ["terrytangyuan"],
      "id": [4269898],
      "node_id": ["MDQ6VXNlcjQyNjk4OTg="],
      "avatar_url": ["https://avatars3.githubusercontent.com/u/4269898?v=4"],
      "gravatar_id": [""],
      "url": ["https://api.github.com/users/terrytangyuan"],
      "html_url": ["https://github.com/terrytangyuan"],
      "followers_url": ["https://api.github.com/users/terrytangyuan/followers"],
      "following_url": ["https://api.github.com/users/terrytangyuan/following{/other_user}"],
      "gists_url": ["https://api.github.com/users/terrytangyuan/gists{/gist_id}"],
      "starred_url": ["https://api.github.com/users/terrytangyuan/starred{/owner}{/repo}"],
      "subscriptions_url": ["https://api.github.com/users/terrytangyuan/subscriptions"],
      "organizations_url": ["https://api.github.com/users/terrytangyuan/orgs"],
      "repos_url": ["https://api.github.com/users/terrytangyuan/repos"],
      "events_url": ["https://api.github.com/users/terrytangyuan/events{/privacy}"],
      "received_events_url": ["https://api.github.com/users/terrytangyuan/received_events"],
      "type": ["User"],
      "site_admin": [false]
    },
    "html_url": ["https://github.com/terrytangyuan/skflow"],
    "description": ["Simplified interface for TensorFlow (mimicking Scikit Learn) for Deep Learning"],
    "fork": [true],
    "url": ["https://api.github.com/repos/terrytangyuan/skflow"],
    "forks_url": ["https://api.github.com/repos/terrytangyuan/skflow/forks"],
    "keys_url": ["https://api.github.com/repos/terrytangyuan/skflow/keys{/key_id}"],
    "collaborators_url": ["https://api.github.com/repos/terrytangyuan/skflow/collaborators{/collaborator}"],
    "teams_url": ["https://api.github.com/repos/terrytangyuan/skflow/teams"],
    "hooks_url": ["https://api.github.com/repos/terrytangyuan/skflow/hooks"],
    "issue_events_url": ["https://api.github.com/repos/terrytangyuan/skflow/issues/events{/number}"],
    "events_url": ["https://api.github.com/repos/terrytangyuan/skflow/events"],
    "assignees_url": ["https://api.github.com/repos/terrytangyuan/skflow/assignees{/user}"],
    "branches_url": ["https://api.github.com/repos/terrytangyuan/skflow/branches{/branch}"],
    "tags_url": ["https://api.github.com/repos/terrytangyuan/skflow/tags"],
    "blobs_url": ["https://api.github.com/repos/terrytangyuan/skflow/git/blobs{/sha}"],
    "git_tags_url": ["https://api.github.com/repos/terrytangyuan/skflow/git/tags{/sha}"],
    "git_refs_url": ["https://api.github.com/repos/terrytangyuan/skflow/git/refs{/sha}"],
    "trees_url": ["https://api.github.com/repos/terrytangyuan/skflow/git/trees{/sha}"],
    "statuses_url": ["https://api.github.com/repos/terrytangyuan/skflow/statuses/{sha}"],
    "languages_url": ["https://api.github.com/repos/terrytangyuan/skflow/languages"],
    "stargazers_url": ["https://api.github.com/repos/terrytangyuan/skflow/stargazers"],
    "contributors_url": ["https://api.github.com/repos/terrytangyuan/skflow/contributors"],
    "subscribers_url": ["https://api.github.com/repos/terrytangyuan/skflow/subscribers"],
    "subscription_url": ["https://api.github.com/repos/terrytangyuan/skflow/subscription"],
    "commits_url": ["https://api.github.com/repos/terrytangyuan/skflow/commits{/sha}"],
    "git_commits_url": ["https://api.github.com/repos/terrytangyuan/skflow/git/commits{/sha}"],
    "comments_url": ["https://api.github.com/repos/terrytangyuan/skflow/comments{/number}"],
    "issue_comment_url": ["https://api.github.com/repos/terrytangyuan/skflow/issues/comments{/number}"],
    "contents_url": ["https://api.github.com/repos/terrytangyuan/skflow/contents/{+path}"],
    "compare_url": ["https://api.github.com/repos/terrytangyuan/skflow/compare/{base}...{head}"],
    "merges_url": ["https://api.github.com/repos/terrytangyuan/skflow/merges"],
    "archive_url": ["https://api.github.com/repos/terrytangyuan/skflow/{archive_format}{/ref}"],
    "downloads_url": ["https://api.github.com/repos/terrytangyuan/skflow/downloads"],
    "issues_url": ["https://api.github.com/repos/terrytangyuan/skflow/issues{/number}"],
    "pulls_url": ["https://api.github.com/repos/terrytangyuan/skflow/pulls{/number}"],
    "milestones_url": ["https://api.github.com/repos/terrytangyuan/skflow/milestones{/number}"],
    "notifications_url": ["https://api.github.com/repos/terrytangyuan/skflow/notifications{?since,all,participating}"],
    "labels_url": ["https://api.github.com/repos/terrytangyuan/skflow/labels{/name}"],
    "releases_url": ["https://api.github.com/repos/terrytangyuan/skflow/releases{/id}"],
    "deployments_url": ["https://api.github.com/repos/terrytangyuan/skflow/deployments"],
    "created_at": ["2016-05-27T02:07:00Z"],
    "updated_at": ["2016-05-27T02:07:02Z"],
    "pushed_at": ["2016-05-07T16:07:03Z"],
    "git_url": ["git://github.com/terrytangyuan/skflow.git"],
    "ssh_url": ["git@github.com:terrytangyuan/skflow.git"],
    "clone_url": ["https://github.com/terrytangyuan/skflow.git"],
    "svn_url": ["https://github.com/terrytangyuan/skflow"],
    "homepage": [""],
    "size": [827],
    "stargazers_count": [0],
    "watchers_count": [0],
    "language": ["Python"],
    "has_issues": [false],
    "has_projects": [true],
    "has_downloads": [false],
    "has_wiki": [false],
    "has_pages": [false],
    "forks_count": [0],
    "mirror_url": {},
    "archived": [false],
    "open_issues_count": [0],
    "license": {
      "key": ["apache-2.0"],
      "name": ["Apache License 2.0"],
      "spdx_id": ["Apache-2.0"],
      "url": ["https://api.github.com/licenses/apache-2.0"],
      "node_id": ["MDc6TGljZW5zZTI="]
    },
    "forks": [0],
    "open_issues": [0],
    "watchers": [0],
    "default_branch": ["master"]
  }
]
