[
  {
    "id": [165297008],
    "node_id": ["MDEwOlJlcG9zaXRvcnkxNjUyOTcwMDg="],
    "name": ["internal-acls"],
    "full_name": ["terrytangyuan/internal-acls"],
    "private": [false],
    "owner": {
      "login": ["terrytangyuan"],
      "id": [4269898],
      "node_id": ["MDQ6VXNlcjQyNjk4OTg="],
      "avatar_url": ["https://avatars3.githubusercontent.com/u/4269898?v=4"],
      "gravatar_id": [""],
      "url": ["https://api.github.com/users/terrytangyuan"],
      "html_url": ["https://github.com/terrytangyuan"],
      "followers_url": ["https://api.github.com/users/terrytangyuan/followers"],
      "following_url": ["https://api.github.com/users/terrytangyuan/following{/other_user}"],
      "gists_url": ["https://api.github.com/users/terrytangyuan/gists{/gist_id}"],
      "starred_url": ["https://api.github.com/users/terrytangyuan/starred{/owner}{/repo}"],
      "subscriptions_url": ["https://api.github.com/users/terrytangyuan/subscriptions"],
      "organizations_url": ["https://api.github.com/users/terrytangyuan/orgs"],
      "repos_url": ["https://api.github.com/users/terrytangyuan/repos"],
      "events_url": ["https://api.github.com/users/terrytangyuan/events{/privacy}"],
      "received_events_url": ["https://api.github.com/users/terrytangyuan/received_events"],
      "type": ["User"],
      "site_admin": [false]
    },
    "html_url": ["https://github.com/terrytangyuan/internal-acls"],
    "description": ["Repository used to main group ACLs used by Kubeflow developers"],
    "fork": [true],
    "url": ["https://api.github.com/repos/terrytangyuan/internal-acls"],
    "forks_url": ["https://api.github.com/repos/terrytangyuan/internal-acls/forks"],
    "keys_url": ["https://api.github.com/repos/terrytangyuan/internal-acls/keys{/key_id}"],
    "collaborators_url": ["https://api.github.com/repos/terrytangyuan/internal-acls/collaborators{/collaborator}"],
    "teams_url": ["https://api.github.com/repos/terrytangyuan/internal-acls/teams"],
    "hooks_url": ["https://api.github.com/repos/terrytangyuan/internal-acls/hooks"],
    "issue_events_url": ["https://api.github.com/repos/terrytangyuan/internal-acls/issues/events{/number}"],
    "events_url": ["https://api.github.com/repos/terrytangyuan/internal-acls/events"],
    "assignees_url": ["https://api.github.com/repos/terrytangyuan/internal-acls/assignees{/user}"],
    "branches_url": ["https://api.github.com/repos/terrytangyuan/internal-acls/branches{/branch}"],
    "tags_url": ["https://api.github.com/repos/terrytangyuan/internal-acls/tags"],
    "blobs_url": ["https://api.github.com/repos/terrytangyuan/internal-acls/git/blobs{/sha}"],
    "git_tags_url": ["https://api.github.com/repos/terrytangyuan/internal-acls/git/tags{/sha}"],
    "git_refs_url": ["https://api.github.com/repos/terrytangyuan/internal-acls/git/refs{/sha}"],
    "trees_url": ["https://api.github.com/repos/terrytangyuan/internal-acls/git/trees{/sha}"],
    "statuses_url": ["https://api.github.com/repos/terrytangyuan/internal-acls/statuses/{sha}"],
    "languages_url": ["https://api.github.com/repos/terrytangyuan/internal-acls/languages"],
    "stargazers_url": ["https://api.github.com/repos/terrytangyuan/internal-acls/stargazers"],
    "contributors_url": ["https://api.github.com/repos/terrytangyuan/internal-acls/contributors"],
    "subscribers_url": ["https://api.github.com/repos/terrytangyuan/internal-acls/subscribers"],
    "subscription_url": ["https://api.github.com/repos/terrytangyuan/internal-acls/subscription"],
    "commits_url": ["https://api.github.com/repos/terrytangyuan/internal-acls/commits{/sha}"],
    "git_commits_url": ["https://api.github.com/repos/terrytangyuan/internal-acls/git/commits{/sha}"],
    "comments_url": ["https://api.github.com/repos/terrytangyuan/internal-acls/comments{/number}"],
    "issue_comment_url": ["https://api.github.com/repos/terrytangyuan/internal-acls/issues/comments{/number}"],
    "contents_url": ["https://api.github.com/repos/terrytangyuan/internal-acls/contents/{+path}"],
    "compare_url": ["https://api.github.com/repos/terrytangyuan/internal-acls/compare/{base}...{head}"],
    "merges_url": ["https://api.github.com/repos/terrytangyuan/internal-acls/merges"],
    "archive_url": ["https://api.github.com/repos/terrytangyuan/internal-acls/{archive_format}{/ref}"],
    "downloads_url": ["https://api.github.com/repos/terrytangyuan/internal-acls/downloads"],
    "issues_url": ["https://api.github.com/repos/terrytangyuan/internal-acls/issues{/number}"],
    "pulls_url": ["https://api.github.com/repos/terrytangyuan/internal-acls/pulls{/number}"],
    "milestones_url": ["https://api.github.com/repos/terrytangyuan/internal-acls/milestones{/number}"],
    "notifications_url": ["https://api.github.com/repos/terrytangyuan/internal-acls/notifications{?since,all,participating}"],
    "labels_url": ["https://api.github.com/repos/terrytangyuan/internal-acls/labels{/name}"],
    "releases_url": ["https://api.github.com/repos/terrytangyuan/internal-acls/releases{/id}"],
    "deployments_url": ["https://api.github.com/repos/terrytangyuan/internal-acls/deployments"],
    "created_at": ["2019-01-11T19:19:32Z"],
    "updated_at": ["2019-01-11T19:19:34Z"],
    "pushed_at": ["2019-01-12T02:40:47Z"],
    "git_url": ["git://github.com/terrytangyuan/internal-acls.git"],
    "ssh_url": ["git@github.com:terrytangyuan/internal-acls.git"],
    "clone_url": ["https://github.com/terrytangyuan/internal-acls.git"],
    "svn_url": ["https://github.com/terrytangyuan/internal-acls"],
    "homepage": {},
    "size": [33],
    "stargazers_count": [0],
    "watchers_count": [0],
    "language": ["Shell"],
    "has_issues": [false],
    "has_projects": [true],
    "has_downloads": [true],
    "has_wiki": [true],
    "has_pages": [false],
    "forks_count": [0],
    "mirror_url": {},
    "archived": [false],
    "open_issues_count": [0],
    "license": {
      "key": ["apache-2.0"],
      "name": ["Apache License 2.0"],
      "spdx_id": ["Apache-2.0"],
      "url": ["https://api.github.com/licenses/apache-2.0"],
      "node_id": ["MDc6TGljZW5zZTI="]
    },
    "forks": [0],
    "open_issues": [0],
    "watchers": [0],
    "default_branch": ["master"]
  }
]
