[
  {
    "id": [155730079],
    "node_id": ["MDEwOlJlcG9zaXRvcnkxNTU3MzAwNzk="],
    "name": ["tensorflow-in-practice-code"],
    "full_name": ["terrytangyuan/tensorflow-in-practice-code"],
    "private": [false],
    "owner": {
      "login": ["terrytangyuan"],
      "id": [4269898],
      "node_id": ["MDQ6VXNlcjQyNjk4OTg="],
      "avatar_url": ["https://avatars3.githubusercontent.com/u/4269898?v=4"],
      "gravatar_id": [""],
      "url": ["https://api.github.com/users/terrytangyuan"],
      "html_url": ["https://github.com/terrytangyuan"],
      "followers_url": ["https://api.github.com/users/terrytangyuan/followers"],
      "following_url": ["https://api.github.com/users/terrytangyuan/following{/other_user}"],
      "gists_url": ["https://api.github.com/users/terrytangyuan/gists{/gist_id}"],
      "starred_url": ["https://api.github.com/users/terrytangyuan/starred{/owner}{/repo}"],
      "subscriptions_url": ["https://api.github.com/users/terrytangyuan/subscriptions"],
      "organizations_url": ["https://api.github.com/users/terrytangyuan/orgs"],
      "repos_url": ["https://api.github.com/users/terrytangyuan/repos"],
      "events_url": ["https://api.github.com/users/terrytangyuan/events{/privacy}"],
      "received_events_url": ["https://api.github.com/users/terrytangyuan/received_events"],
      "type": ["User"],
      "site_admin": [false]
    },
    "html_url": ["https://github.com/terrytangyuan/tensorflow-in-practice-code"],
    "description": ["<U+6E90><U+7801><U+5B9E><U+73B0>:�TensorFlow<U+5B9E><U+6218>�<U+9EC4><U+6587><U+575A>,<U+5510><U+6E90> <U+8457>"],
    "fork": [false],
    "url": ["https://api.github.com/repos/terrytangyuan/tensorflow-in-practice-code"],
    "forks_url": ["https://api.github.com/repos/terrytangyuan/tensorflow-in-practice-code/forks"],
    "keys_url": ["https://api.github.com/repos/terrytangyuan/tensorflow-in-practice-code/keys{/key_id}"],
    "collaborators_url": ["https://api.github.com/repos/terrytangyuan/tensorflow-in-practice-code/collaborators{/collaborator}"],
    "teams_url": ["https://api.github.com/repos/terrytangyuan/tensorflow-in-practice-code/teams"],
    "hooks_url": ["https://api.github.com/repos/terrytangyuan/tensorflow-in-practice-code/hooks"],
    "issue_events_url": ["https://api.github.com/repos/terrytangyuan/tensorflow-in-practice-code/issues/events{/number}"],
    "events_url": ["https://api.github.com/repos/terrytangyuan/tensorflow-in-practice-code/events"],
    "assignees_url": ["https://api.github.com/repos/terrytangyuan/tensorflow-in-practice-code/assignees{/user}"],
    "branches_url": ["https://api.github.com/repos/terrytangyuan/tensorflow-in-practice-code/branches{/branch}"],
    "tags_url": ["https://api.github.com/repos/terrytangyuan/tensorflow-in-practice-code/tags"],
    "blobs_url": ["https://api.github.com/repos/terrytangyuan/tensorflow-in-practice-code/git/blobs{/sha}"],
    "git_tags_url": ["https://api.github.com/repos/terrytangyuan/tensorflow-in-practice-code/git/tags{/sha}"],
    "git_refs_url": ["https://api.github.com/repos/terrytangyuan/tensorflow-in-practice-code/git/refs{/sha}"],
    "trees_url": ["https://api.github.com/repos/terrytangyuan/tensorflow-in-practice-code/git/trees{/sha}"],
    "statuses_url": ["https://api.github.com/repos/terrytangyuan/tensorflow-in-practice-code/statuses/{sha}"],
    "languages_url": ["https://api.github.com/repos/terrytangyuan/tensorflow-in-practice-code/languages"],
    "stargazers_url": ["https://api.github.com/repos/terrytangyuan/tensorflow-in-practice-code/stargazers"],
    "contributors_url": ["https://api.github.com/repos/terrytangyuan/tensorflow-in-practice-code/contributors"],
    "subscribers_url": ["https://api.github.com/repos/terrytangyuan/tensorflow-in-practice-code/subscribers"],
    "subscription_url": ["https://api.github.com/repos/terrytangyuan/tensorflow-in-practice-code/subscription"],
    "commits_url": ["https://api.github.com/repos/terrytangyuan/tensorflow-in-practice-code/commits{/sha}"],
    "git_commits_url": ["https://api.github.com/repos/terrytangyuan/tensorflow-in-practice-code/git/commits{/sha}"],
    "comments_url": ["https://api.github.com/repos/terrytangyuan/tensorflow-in-practice-code/comments{/number}"],
    "issue_comment_url": ["https://api.github.com/repos/terrytangyuan/tensorflow-in-practice-code/issues/comments{/number}"],
    "contents_url": ["https://api.github.com/repos/terrytangyuan/tensorflow-in-practice-code/contents/{+path}"],
    "compare_url": ["https://api.github.com/repos/terrytangyuan/tensorflow-in-practice-code/compare/{base}...{head}"],
    "merges_url": ["https://api.github.com/repos/terrytangyuan/tensorflow-in-practice-code/merges"],
    "archive_url": ["https://api.github.com/repos/terrytangyuan/tensorflow-in-practice-code/{archive_format}{/ref}"],
    "downloads_url": ["https://api.github.com/repos/terrytangyuan/tensorflow-in-practice-code/downloads"],
    "issues_url": ["https://api.github.com/repos/terrytangyuan/tensorflow-in-practice-code/issues{/number}"],
    "pulls_url": ["https://api.github.com/repos/terrytangyuan/tensorflow-in-practice-code/pulls{/number}"],
    "milestones_url": ["https://api.github.com/repos/terrytangyuan/tensorflow-in-practice-code/milestones{/number}"],
    "notifications_url": ["https://api.github.com/repos/terrytangyuan/tensorflow-in-practice-code/notifications{?since,all,participating}"],
    "labels_url": ["https://api.github.com/repos/terrytangyuan/tensorflow-in-practice-code/labels{/name}"],
    "releases_url": ["https://api.github.com/repos/terrytangyuan/tensorflow-in-practice-code/releases{/id}"],
    "deployments_url": ["https://api.github.com/repos/terrytangyuan/tensorflow-in-practice-code/deployments"],
    "created_at": ["2018-11-01T14:45:37Z"],
    "updated_at": ["2019-04-01T04:44:04Z"],
    "pushed_at": ["2018-11-28T16:13:17Z"],
    "git_url": ["git://github.com/terrytangyuan/tensorflow-in-practice-code.git"],
    "ssh_url": ["git@github.com:terrytangyuan/tensorflow-in-practice-code.git"],
    "clone_url": ["https://github.com/terrytangyuan/tensorflow-in-practice-code.git"],
    "svn_url": ["https://github.com/terrytangyuan/tensorflow-in-practice-code"],
    "homepage": [""],
    "size": [46],
    "stargazers_count": [107],
    "watchers_count": [107],
    "language": ["Python"],
    "has_issues": [true],
    "has_projects": [false],
    "has_downloads": [true],
    "has_wiki": [false],
    "has_pages": [false],
    "forks_count": [34],
    "mirror_url": {},
    "archived": [false],
    "open_issues_count": [0],
    "license": {},
    "forks": [34],
    "open_issues": [0],
    "watchers": [107],
    "default_branch": ["master"]
  }
]
