[
  {
    "id": [139979593],
    "node_id": ["MDEwOlJlcG9zaXRvcnkxMzk5Nzk1OTM="],
    "name": ["xgboost-ai.github.io"],
    "full_name": ["terrytangyuan/xgboost-ai.github.io"],
    "private": [false],
    "owner": {
      "login": ["terrytangyuan"],
      "id": [4269898],
      "node_id": ["MDQ6VXNlcjQyNjk4OTg="],
      "avatar_url": ["https://avatars3.githubusercontent.com/u/4269898?v=4"],
      "gravatar_id": [""],
      "url": ["https://api.github.com/users/terrytangyuan"],
      "html_url": ["https://github.com/terrytangyuan"],
      "followers_url": ["https://api.github.com/users/terrytangyuan/followers"],
      "following_url": ["https://api.github.com/users/terrytangyuan/following{/other_user}"],
      "gists_url": ["https://api.github.com/users/terrytangyuan/gists{/gist_id}"],
      "starred_url": ["https://api.github.com/users/terrytangyuan/starred{/owner}{/repo}"],
      "subscriptions_url": ["https://api.github.com/users/terrytangyuan/subscriptions"],
      "organizations_url": ["https://api.github.com/users/terrytangyuan/orgs"],
      "repos_url": ["https://api.github.com/users/terrytangyuan/repos"],
      "events_url": ["https://api.github.com/users/terrytangyuan/events{/privacy}"],
      "received_events_url": ["https://api.github.com/users/terrytangyuan/received_events"],
      "type": ["User"],
      "site_admin": [false]
    },
    "html_url": ["https://github.com/terrytangyuan/xgboost-ai.github.io"],
    "description": ["xgboost website"],
    "fork": [true],
    "url": ["https://api.github.com/repos/terrytangyuan/xgboost-ai.github.io"],
    "forks_url": ["https://api.github.com/repos/terrytangyuan/xgboost-ai.github.io/forks"],
    "keys_url": ["https://api.github.com/repos/terrytangyuan/xgboost-ai.github.io/keys{/key_id}"],
    "collaborators_url": ["https://api.github.com/repos/terrytangyuan/xgboost-ai.github.io/collaborators{/collaborator}"],
    "teams_url": ["https://api.github.com/repos/terrytangyuan/xgboost-ai.github.io/teams"],
    "hooks_url": ["https://api.github.com/repos/terrytangyuan/xgboost-ai.github.io/hooks"],
    "issue_events_url": ["https://api.github.com/repos/terrytangyuan/xgboost-ai.github.io/issues/events{/number}"],
    "events_url": ["https://api.github.com/repos/terrytangyuan/xgboost-ai.github.io/events"],
    "assignees_url": ["https://api.github.com/repos/terrytangyuan/xgboost-ai.github.io/assignees{/user}"],
    "branches_url": ["https://api.github.com/repos/terrytangyuan/xgboost-ai.github.io/branches{/branch}"],
    "tags_url": ["https://api.github.com/repos/terrytangyuan/xgboost-ai.github.io/tags"],
    "blobs_url": ["https://api.github.com/repos/terrytangyuan/xgboost-ai.github.io/git/blobs{/sha}"],
    "git_tags_url": ["https://api.github.com/repos/terrytangyuan/xgboost-ai.github.io/git/tags{/sha}"],
    "git_refs_url": ["https://api.github.com/repos/terrytangyuan/xgboost-ai.github.io/git/refs{/sha}"],
    "trees_url": ["https://api.github.com/repos/terrytangyuan/xgboost-ai.github.io/git/trees{/sha}"],
    "statuses_url": ["https://api.github.com/repos/terrytangyuan/xgboost-ai.github.io/statuses/{sha}"],
    "languages_url": ["https://api.github.com/repos/terrytangyuan/xgboost-ai.github.io/languages"],
    "stargazers_url": ["https://api.github.com/repos/terrytangyuan/xgboost-ai.github.io/stargazers"],
    "contributors_url": ["https://api.github.com/repos/terrytangyuan/xgboost-ai.github.io/contributors"],
    "subscribers_url": ["https://api.github.com/repos/terrytangyuan/xgboost-ai.github.io/subscribers"],
    "subscription_url": ["https://api.github.com/repos/terrytangyuan/xgboost-ai.github.io/subscription"],
    "commits_url": ["https://api.github.com/repos/terrytangyuan/xgboost-ai.github.io/commits{/sha}"],
    "git_commits_url": ["https://api.github.com/repos/terrytangyuan/xgboost-ai.github.io/git/commits{/sha}"],
    "comments_url": ["https://api.github.com/repos/terrytangyuan/xgboost-ai.github.io/comments{/number}"],
    "issue_comment_url": ["https://api.github.com/repos/terrytangyuan/xgboost-ai.github.io/issues/comments{/number}"],
    "contents_url": ["https://api.github.com/repos/terrytangyuan/xgboost-ai.github.io/contents/{+path}"],
    "compare_url": ["https://api.github.com/repos/terrytangyuan/xgboost-ai.github.io/compare/{base}...{head}"],
    "merges_url": ["https://api.github.com/repos/terrytangyuan/xgboost-ai.github.io/merges"],
    "archive_url": ["https://api.github.com/repos/terrytangyuan/xgboost-ai.github.io/{archive_format}{/ref}"],
    "downloads_url": ["https://api.github.com/repos/terrytangyuan/xgboost-ai.github.io/downloads"],
    "issues_url": ["https://api.github.com/repos/terrytangyuan/xgboost-ai.github.io/issues{/number}"],
    "pulls_url": ["https://api.github.com/repos/terrytangyuan/xgboost-ai.github.io/pulls{/number}"],
    "milestones_url": ["https://api.github.com/repos/terrytangyuan/xgboost-ai.github.io/milestones{/number}"],
    "notifications_url": ["https://api.github.com/repos/terrytangyuan/xgboost-ai.github.io/notifications{?since,all,participating}"],
    "labels_url": ["https://api.github.com/repos/terrytangyuan/xgboost-ai.github.io/labels{/name}"],
    "releases_url": ["https://api.github.com/repos/terrytangyuan/xgboost-ai.github.io/releases{/id}"],
    "deployments_url": ["https://api.github.com/repos/terrytangyuan/xgboost-ai.github.io/deployments"],
    "created_at": ["2018-07-06T12:04:19Z"],
    "updated_at": ["2018-07-06T12:04:21Z"],
    "pushed_at": ["2018-07-13T01:44:33Z"],
    "git_url": ["git://github.com/terrytangyuan/xgboost-ai.github.io.git"],
    "ssh_url": ["git@github.com:terrytangyuan/xgboost-ai.github.io.git"],
    "clone_url": ["https://github.com/terrytangyuan/xgboost-ai.github.io.git"],
    "svn_url": ["https://github.com/terrytangyuan/xgboost-ai.github.io"],
    "homepage": ["https://xgboost.ai"],
    "size": [1255],
    "stargazers_count": [0],
    "watchers_count": [0],
    "language": ["Ruby"],
    "has_issues": [false],
    "has_projects": [true],
    "has_downloads": [true],
    "has_wiki": [true],
    "has_pages": [false],
    "forks_count": [0],
    "mirror_url": {},
    "archived": [false],
    "open_issues_count": [0],
    "license": {},
    "forks": [0],
    "open_issues": [0],
    "watchers": [0],
    "default_branch": ["master"]
  }
]
