[
  {
    "id": [116608209],
    "node_id": ["MDEwOlJlcG9zaXRvcnkxMTY2MDgyMDk="],
    "name": ["autoplotly"],
    "full_name": ["terrytangyuan/autoplotly"],
    "private": [false],
    "owner": {
      "login": ["terrytangyuan"],
      "id": [4269898],
      "node_id": ["MDQ6VXNlcjQyNjk4OTg="],
      "avatar_url": ["https://avatars3.githubusercontent.com/u/4269898?v=4"],
      "gravatar_id": [""],
      "url": ["https://api.github.com/users/terrytangyuan"],
      "html_url": ["https://github.com/terrytangyuan"],
      "followers_url": ["https://api.github.com/users/terrytangyuan/followers"],
      "following_url": ["https://api.github.com/users/terrytangyuan/following{/other_user}"],
      "gists_url": ["https://api.github.com/users/terrytangyuan/gists{/gist_id}"],
      "starred_url": ["https://api.github.com/users/terrytangyuan/starred{/owner}{/repo}"],
      "subscriptions_url": ["https://api.github.com/users/terrytangyuan/subscriptions"],
      "organizations_url": ["https://api.github.com/users/terrytangyuan/orgs"],
      "repos_url": ["https://api.github.com/users/terrytangyuan/repos"],
      "events_url": ["https://api.github.com/users/terrytangyuan/events{/privacy}"],
      "received_events_url": ["https://api.github.com/users/terrytangyuan/received_events"],
      "type": ["User"],
      "site_admin": [false]
    },
    "html_url": ["https://github.com/terrytangyuan/autoplotly"],
    "description": ["Automatic Generation of Interactive Visualizations for Statistical Results"],
    "fork": [false],
    "url": ["https://api.github.com/repos/terrytangyuan/autoplotly"],
    "forks_url": ["https://api.github.com/repos/terrytangyuan/autoplotly/forks"],
    "keys_url": ["https://api.github.com/repos/terrytangyuan/autoplotly/keys{/key_id}"],
    "collaborators_url": ["https://api.github.com/repos/terrytangyuan/autoplotly/collaborators{/collaborator}"],
    "teams_url": ["https://api.github.com/repos/terrytangyuan/autoplotly/teams"],
    "hooks_url": ["https://api.github.com/repos/terrytangyuan/autoplotly/hooks"],
    "issue_events_url": ["https://api.github.com/repos/terrytangyuan/autoplotly/issues/events{/number}"],
    "events_url": ["https://api.github.com/repos/terrytangyuan/autoplotly/events"],
    "assignees_url": ["https://api.github.com/repos/terrytangyuan/autoplotly/assignees{/user}"],
    "branches_url": ["https://api.github.com/repos/terrytangyuan/autoplotly/branches{/branch}"],
    "tags_url": ["https://api.github.com/repos/terrytangyuan/autoplotly/tags"],
    "blobs_url": ["https://api.github.com/repos/terrytangyuan/autoplotly/git/blobs{/sha}"],
    "git_tags_url": ["https://api.github.com/repos/terrytangyuan/autoplotly/git/tags{/sha}"],
    "git_refs_url": ["https://api.github.com/repos/terrytangyuan/autoplotly/git/refs{/sha}"],
    "trees_url": ["https://api.github.com/repos/terrytangyuan/autoplotly/git/trees{/sha}"],
    "statuses_url": ["https://api.github.com/repos/terrytangyuan/autoplotly/statuses/{sha}"],
    "languages_url": ["https://api.github.com/repos/terrytangyuan/autoplotly/languages"],
    "stargazers_url": ["https://api.github.com/repos/terrytangyuan/autoplotly/stargazers"],
    "contributors_url": ["https://api.github.com/repos/terrytangyuan/autoplotly/contributors"],
    "subscribers_url": ["https://api.github.com/repos/terrytangyuan/autoplotly/subscribers"],
    "subscription_url": ["https://api.github.com/repos/terrytangyuan/autoplotly/subscription"],
    "commits_url": ["https://api.github.com/repos/terrytangyuan/autoplotly/commits{/sha}"],
    "git_commits_url": ["https://api.github.com/repos/terrytangyuan/autoplotly/git/commits{/sha}"],
    "comments_url": ["https://api.github.com/repos/terrytangyuan/autoplotly/comments{/number}"],
    "issue_comment_url": ["https://api.github.com/repos/terrytangyuan/autoplotly/issues/comments{/number}"],
    "contents_url": ["https://api.github.com/repos/terrytangyuan/autoplotly/contents/{+path}"],
    "compare_url": ["https://api.github.com/repos/terrytangyuan/autoplotly/compare/{base}...{head}"],
    "merges_url": ["https://api.github.com/repos/terrytangyuan/autoplotly/merges"],
    "archive_url": ["https://api.github.com/repos/terrytangyuan/autoplotly/{archive_format}{/ref}"],
    "downloads_url": ["https://api.github.com/repos/terrytangyuan/autoplotly/downloads"],
    "issues_url": ["https://api.github.com/repos/terrytangyuan/autoplotly/issues{/number}"],
    "pulls_url": ["https://api.github.com/repos/terrytangyuan/autoplotly/pulls{/number}"],
    "milestones_url": ["https://api.github.com/repos/terrytangyuan/autoplotly/milestones{/number}"],
    "notifications_url": ["https://api.github.com/repos/terrytangyuan/autoplotly/notifications{?since,all,participating}"],
    "labels_url": ["https://api.github.com/repos/terrytangyuan/autoplotly/labels{/name}"],
    "releases_url": ["https://api.github.com/repos/terrytangyuan/autoplotly/releases{/id}"],
    "deployments_url": ["https://api.github.com/repos/terrytangyuan/autoplotly/deployments"],
    "created_at": ["2018-01-07T23:47:54Z"],
    "updated_at": ["2019-03-07T22:55:29Z"],
    "pushed_at": ["2018-04-22T13:03:27Z"],
    "git_url": ["git://github.com/terrytangyuan/autoplotly.git"],
    "ssh_url": ["git@github.com:terrytangyuan/autoplotly.git"],
    "clone_url": ["https://github.com/terrytangyuan/autoplotly.git"],
    "svn_url": ["https://github.com/terrytangyuan/autoplotly"],
    "homepage": [""],
    "size": [488],
    "stargazers_count": [36],
    "watchers_count": [36],
    "language": ["R"],
    "has_issues": [true],
    "has_projects": [true],
    "has_downloads": [true],
    "has_wiki": [true],
    "has_pages": [false],
    "forks_count": [1],
    "mirror_url": {},
    "archived": [false],
    "open_issues_count": [0],
    "license": {},
    "forks": [1],
    "open_issues": [0],
    "watchers": [36],
    "default_branch": ["master"]
  }
]
