[
  {
    "id": [138024697],
    "node_id": ["MDEwOlJlcG9zaXRvcnkxMzgwMjQ2OTc="],
    "name": ["mmlspark"],
    "full_name": ["terrytangyuan/mmlspark"],
    "private": [false],
    "owner": {
      "login": ["terrytangyuan"],
      "id": [4269898],
      "node_id": ["MDQ6VXNlcjQyNjk4OTg="],
      "avatar_url": ["https://avatars3.githubusercontent.com/u/4269898?v=4"],
      "gravatar_id": [""],
      "url": ["https://api.github.com/users/terrytangyuan"],
      "html_url": ["https://github.com/terrytangyuan"],
      "followers_url": ["https://api.github.com/users/terrytangyuan/followers"],
      "following_url": ["https://api.github.com/users/terrytangyuan/following{/other_user}"],
      "gists_url": ["https://api.github.com/users/terrytangyuan/gists{/gist_id}"],
      "starred_url": ["https://api.github.com/users/terrytangyuan/starred{/owner}{/repo}"],
      "subscriptions_url": ["https://api.github.com/users/terrytangyuan/subscriptions"],
      "organizations_url": ["https://api.github.com/users/terrytangyuan/orgs"],
      "repos_url": ["https://api.github.com/users/terrytangyuan/repos"],
      "events_url": ["https://api.github.com/users/terrytangyuan/events{/privacy}"],
      "received_events_url": ["https://api.github.com/users/terrytangyuan/received_events"],
      "type": ["User"],
      "site_admin": [false]
    },
    "html_url": ["https://github.com/terrytangyuan/mmlspark"],
    "description": ["Microsoft Machine Learning for Apache Spark"],
    "fork": [true],
    "url": ["https://api.github.com/repos/terrytangyuan/mmlspark"],
    "forks_url": ["https://api.github.com/repos/terrytangyuan/mmlspark/forks"],
    "keys_url": ["https://api.github.com/repos/terrytangyuan/mmlspark/keys{/key_id}"],
    "collaborators_url": ["https://api.github.com/repos/terrytangyuan/mmlspark/collaborators{/collaborator}"],
    "teams_url": ["https://api.github.com/repos/terrytangyuan/mmlspark/teams"],
    "hooks_url": ["https://api.github.com/repos/terrytangyuan/mmlspark/hooks"],
    "issue_events_url": ["https://api.github.com/repos/terrytangyuan/mmlspark/issues/events{/number}"],
    "events_url": ["https://api.github.com/repos/terrytangyuan/mmlspark/events"],
    "assignees_url": ["https://api.github.com/repos/terrytangyuan/mmlspark/assignees{/user}"],
    "branches_url": ["https://api.github.com/repos/terrytangyuan/mmlspark/branches{/branch}"],
    "tags_url": ["https://api.github.com/repos/terrytangyuan/mmlspark/tags"],
    "blobs_url": ["https://api.github.com/repos/terrytangyuan/mmlspark/git/blobs{/sha}"],
    "git_tags_url": ["https://api.github.com/repos/terrytangyuan/mmlspark/git/tags{/sha}"],
    "git_refs_url": ["https://api.github.com/repos/terrytangyuan/mmlspark/git/refs{/sha}"],
    "trees_url": ["https://api.github.com/repos/terrytangyuan/mmlspark/git/trees{/sha}"],
    "statuses_url": ["https://api.github.com/repos/terrytangyuan/mmlspark/statuses/{sha}"],
    "languages_url": ["https://api.github.com/repos/terrytangyuan/mmlspark/languages"],
    "stargazers_url": ["https://api.github.com/repos/terrytangyuan/mmlspark/stargazers"],
    "contributors_url": ["https://api.github.com/repos/terrytangyuan/mmlspark/contributors"],
    "subscribers_url": ["https://api.github.com/repos/terrytangyuan/mmlspark/subscribers"],
    "subscription_url": ["https://api.github.com/repos/terrytangyuan/mmlspark/subscription"],
    "commits_url": ["https://api.github.com/repos/terrytangyuan/mmlspark/commits{/sha}"],
    "git_commits_url": ["https://api.github.com/repos/terrytangyuan/mmlspark/git/commits{/sha}"],
    "comments_url": ["https://api.github.com/repos/terrytangyuan/mmlspark/comments{/number}"],
    "issue_comment_url": ["https://api.github.com/repos/terrytangyuan/mmlspark/issues/comments{/number}"],
    "contents_url": ["https://api.github.com/repos/terrytangyuan/mmlspark/contents/{+path}"],
    "compare_url": ["https://api.github.com/repos/terrytangyuan/mmlspark/compare/{base}...{head}"],
    "merges_url": ["https://api.github.com/repos/terrytangyuan/mmlspark/merges"],
    "archive_url": ["https://api.github.com/repos/terrytangyuan/mmlspark/{archive_format}{/ref}"],
    "downloads_url": ["https://api.github.com/repos/terrytangyuan/mmlspark/downloads"],
    "issues_url": ["https://api.github.com/repos/terrytangyuan/mmlspark/issues{/number}"],
    "pulls_url": ["https://api.github.com/repos/terrytangyuan/mmlspark/pulls{/number}"],
    "milestones_url": ["https://api.github.com/repos/terrytangyuan/mmlspark/milestones{/number}"],
    "notifications_url": ["https://api.github.com/repos/terrytangyuan/mmlspark/notifications{?since,all,participating}"],
    "labels_url": ["https://api.github.com/repos/terrytangyuan/mmlspark/labels{/name}"],
    "releases_url": ["https://api.github.com/repos/terrytangyuan/mmlspark/releases{/id}"],
    "deployments_url": ["https://api.github.com/repos/terrytangyuan/mmlspark/deployments"],
    "created_at": ["2018-06-20T11:39:24Z"],
    "updated_at": ["2018-06-20T11:39:27Z"],
    "pushed_at": ["2018-09-14T00:28:01Z"],
    "git_url": ["git://github.com/terrytangyuan/mmlspark.git"],
    "ssh_url": ["git@github.com:terrytangyuan/mmlspark.git"],
    "clone_url": ["https://github.com/terrytangyuan/mmlspark.git"],
    "svn_url": ["https://github.com/terrytangyuan/mmlspark"],
    "homepage": {},
    "size": [1231],
    "stargazers_count": [0],
    "watchers_count": [0],
    "language": ["Scala"],
    "has_issues": [false],
    "has_projects": [true],
    "has_downloads": [true],
    "has_wiki": [true],
    "has_pages": [false],
    "forks_count": [0],
    "mirror_url": {},
    "archived": [false],
    "open_issues_count": [0],
    "license": {
      "key": ["mit"],
      "name": ["MIT License"],
      "spdx_id": ["MIT"],
      "url": ["https://api.github.com/licenses/mit"],
      "node_id": ["MDc6TGljZW5zZTEz"]
    },
    "forks": [0],
    "open_issues": [0],
    "watchers": [0],
    "default_branch": ["master"]
  }
]
