[
  {
    "id": [111156886],
    "node_id": ["MDEwOlJlcG9zaXRvcnkxMTExNTY4ODY="],
    "name": ["gobyexample"],
    "full_name": ["terrytangyuan/gobyexample"],
    "private": [false],
    "owner": {
      "login": ["terrytangyuan"],
      "id": [4269898],
      "node_id": ["MDQ6VXNlcjQyNjk4OTg="],
      "avatar_url": ["https://avatars3.githubusercontent.com/u/4269898?v=4"],
      "gravatar_id": [""],
      "url": ["https://api.github.com/users/terrytangyuan"],
      "html_url": ["https://github.com/terrytangyuan"],
      "followers_url": ["https://api.github.com/users/terrytangyuan/followers"],
      "following_url": ["https://api.github.com/users/terrytangyuan/following{/other_user}"],
      "gists_url": ["https://api.github.com/users/terrytangyuan/gists{/gist_id}"],
      "starred_url": ["https://api.github.com/users/terrytangyuan/starred{/owner}{/repo}"],
      "subscriptions_url": ["https://api.github.com/users/terrytangyuan/subscriptions"],
      "organizations_url": ["https://api.github.com/users/terrytangyuan/orgs"],
      "repos_url": ["https://api.github.com/users/terrytangyuan/repos"],
      "events_url": ["https://api.github.com/users/terrytangyuan/events{/privacy}"],
      "received_events_url": ["https://api.github.com/users/terrytangyuan/received_events"],
      "type": ["User"],
      "site_admin": [false]
    },
    "html_url": ["https://github.com/terrytangyuan/gobyexample"],
    "description": ["Go by Example"],
    "fork": [true],
    "url": ["https://api.github.com/repos/terrytangyuan/gobyexample"],
    "forks_url": ["https://api.github.com/repos/terrytangyuan/gobyexample/forks"],
    "keys_url": ["https://api.github.com/repos/terrytangyuan/gobyexample/keys{/key_id}"],
    "collaborators_url": ["https://api.github.com/repos/terrytangyuan/gobyexample/collaborators{/collaborator}"],
    "teams_url": ["https://api.github.com/repos/terrytangyuan/gobyexample/teams"],
    "hooks_url": ["https://api.github.com/repos/terrytangyuan/gobyexample/hooks"],
    "issue_events_url": ["https://api.github.com/repos/terrytangyuan/gobyexample/issues/events{/number}"],
    "events_url": ["https://api.github.com/repos/terrytangyuan/gobyexample/events"],
    "assignees_url": ["https://api.github.com/repos/terrytangyuan/gobyexample/assignees{/user}"],
    "branches_url": ["https://api.github.com/repos/terrytangyuan/gobyexample/branches{/branch}"],
    "tags_url": ["https://api.github.com/repos/terrytangyuan/gobyexample/tags"],
    "blobs_url": ["https://api.github.com/repos/terrytangyuan/gobyexample/git/blobs{/sha}"],
    "git_tags_url": ["https://api.github.com/repos/terrytangyuan/gobyexample/git/tags{/sha}"],
    "git_refs_url": ["https://api.github.com/repos/terrytangyuan/gobyexample/git/refs{/sha}"],
    "trees_url": ["https://api.github.com/repos/terrytangyuan/gobyexample/git/trees{/sha}"],
    "statuses_url": ["https://api.github.com/repos/terrytangyuan/gobyexample/statuses/{sha}"],
    "languages_url": ["https://api.github.com/repos/terrytangyuan/gobyexample/languages"],
    "stargazers_url": ["https://api.github.com/repos/terrytangyuan/gobyexample/stargazers"],
    "contributors_url": ["https://api.github.com/repos/terrytangyuan/gobyexample/contributors"],
    "subscribers_url": ["https://api.github.com/repos/terrytangyuan/gobyexample/subscribers"],
    "subscription_url": ["https://api.github.com/repos/terrytangyuan/gobyexample/subscription"],
    "commits_url": ["https://api.github.com/repos/terrytangyuan/gobyexample/commits{/sha}"],
    "git_commits_url": ["https://api.github.com/repos/terrytangyuan/gobyexample/git/commits{/sha}"],
    "comments_url": ["https://api.github.com/repos/terrytangyuan/gobyexample/comments{/number}"],
    "issue_comment_url": ["https://api.github.com/repos/terrytangyuan/gobyexample/issues/comments{/number}"],
    "contents_url": ["https://api.github.com/repos/terrytangyuan/gobyexample/contents/{+path}"],
    "compare_url": ["https://api.github.com/repos/terrytangyuan/gobyexample/compare/{base}...{head}"],
    "merges_url": ["https://api.github.com/repos/terrytangyuan/gobyexample/merges"],
    "archive_url": ["https://api.github.com/repos/terrytangyuan/gobyexample/{archive_format}{/ref}"],
    "downloads_url": ["https://api.github.com/repos/terrytangyuan/gobyexample/downloads"],
    "issues_url": ["https://api.github.com/repos/terrytangyuan/gobyexample/issues{/number}"],
    "pulls_url": ["https://api.github.com/repos/terrytangyuan/gobyexample/pulls{/number}"],
    "milestones_url": ["https://api.github.com/repos/terrytangyuan/gobyexample/milestones{/number}"],
    "notifications_url": ["https://api.github.com/repos/terrytangyuan/gobyexample/notifications{?since,all,participating}"],
    "labels_url": ["https://api.github.com/repos/terrytangyuan/gobyexample/labels{/name}"],
    "releases_url": ["https://api.github.com/repos/terrytangyuan/gobyexample/releases{/id}"],
    "deployments_url": ["https://api.github.com/repos/terrytangyuan/gobyexample/deployments"],
    "created_at": ["2017-11-17T22:30:15Z"],
    "updated_at": ["2017-11-17T22:30:18Z"],
    "pushed_at": ["2018-01-10T05:52:16Z"],
    "git_url": ["git://github.com/terrytangyuan/gobyexample.git"],
    "ssh_url": ["git@github.com:terrytangyuan/gobyexample.git"],
    "clone_url": ["https://github.com/terrytangyuan/gobyexample.git"],
    "svn_url": ["https://github.com/terrytangyuan/gobyexample"],
    "homepage": ["https://gobyexample.com"],
    "size": [5636],
    "stargazers_count": [0],
    "watchers_count": [0],
    "language": ["CSS"],
    "has_issues": [false],
    "has_projects": [true],
    "has_downloads": [true],
    "has_wiki": [false],
    "has_pages": [false],
    "forks_count": [0],
    "mirror_url": {},
    "archived": [false],
    "open_issues_count": [0],
    "license": {},
    "forks": [0],
    "open_issues": [0],
    "watchers": [0],
    "default_branch": ["master"]
  }
]
