[
  {
    "id": [45741733],
    "node_id": ["MDEwOlJlcG9zaXRvcnk0NTc0MTczMw=="],
    "name": ["pandas"],
    "full_name": ["terrytangyuan/pandas"],
    "private": [false],
    "owner": {
      "login": ["terrytangyuan"],
      "id": [4269898],
      "node_id": ["MDQ6VXNlcjQyNjk4OTg="],
      "avatar_url": ["https://avatars3.githubusercontent.com/u/4269898?v=4"],
      "gravatar_id": [""],
      "url": ["https://api.github.com/users/terrytangyuan"],
      "html_url": ["https://github.com/terrytangyuan"],
      "followers_url": ["https://api.github.com/users/terrytangyuan/followers"],
      "following_url": ["https://api.github.com/users/terrytangyuan/following{/other_user}"],
      "gists_url": ["https://api.github.com/users/terrytangyuan/gists{/gist_id}"],
      "starred_url": ["https://api.github.com/users/terrytangyuan/starred{/owner}{/repo}"],
      "subscriptions_url": ["https://api.github.com/users/terrytangyuan/subscriptions"],
      "organizations_url": ["https://api.github.com/users/terrytangyuan/orgs"],
      "repos_url": ["https://api.github.com/users/terrytangyuan/repos"],
      "events_url": ["https://api.github.com/users/terrytangyuan/events{/privacy}"],
      "received_events_url": ["https://api.github.com/users/terrytangyuan/received_events"],
      "type": ["User"],
      "site_admin": [false]
    },
    "html_url": ["https://github.com/terrytangyuan/pandas"],
    "description": ["Flexible and powerful data analysis / manipulation library for Python, providing labeled data structures similar to R data.frame objects, statistical functions, and much more"],
    "fork": [true],
    "url": ["https://api.github.com/repos/terrytangyuan/pandas"],
    "forks_url": ["https://api.github.com/repos/terrytangyuan/pandas/forks"],
    "keys_url": ["https://api.github.com/repos/terrytangyuan/pandas/keys{/key_id}"],
    "collaborators_url": ["https://api.github.com/repos/terrytangyuan/pandas/collaborators{/collaborator}"],
    "teams_url": ["https://api.github.com/repos/terrytangyuan/pandas/teams"],
    "hooks_url": ["https://api.github.com/repos/terrytangyuan/pandas/hooks"],
    "issue_events_url": ["https://api.github.com/repos/terrytangyuan/pandas/issues/events{/number}"],
    "events_url": ["https://api.github.com/repos/terrytangyuan/pandas/events"],
    "assignees_url": ["https://api.github.com/repos/terrytangyuan/pandas/assignees{/user}"],
    "branches_url": ["https://api.github.com/repos/terrytangyuan/pandas/branches{/branch}"],
    "tags_url": ["https://api.github.com/repos/terrytangyuan/pandas/tags"],
    "blobs_url": ["https://api.github.com/repos/terrytangyuan/pandas/git/blobs{/sha}"],
    "git_tags_url": ["https://api.github.com/repos/terrytangyuan/pandas/git/tags{/sha}"],
    "git_refs_url": ["https://api.github.com/repos/terrytangyuan/pandas/git/refs{/sha}"],
    "trees_url": ["https://api.github.com/repos/terrytangyuan/pandas/git/trees{/sha}"],
    "statuses_url": ["https://api.github.com/repos/terrytangyuan/pandas/statuses/{sha}"],
    "languages_url": ["https://api.github.com/repos/terrytangyuan/pandas/languages"],
    "stargazers_url": ["https://api.github.com/repos/terrytangyuan/pandas/stargazers"],
    "contributors_url": ["https://api.github.com/repos/terrytangyuan/pandas/contributors"],
    "subscribers_url": ["https://api.github.com/repos/terrytangyuan/pandas/subscribers"],
    "subscription_url": ["https://api.github.com/repos/terrytangyuan/pandas/subscription"],
    "commits_url": ["https://api.github.com/repos/terrytangyuan/pandas/commits{/sha}"],
    "git_commits_url": ["https://api.github.com/repos/terrytangyuan/pandas/git/commits{/sha}"],
    "comments_url": ["https://api.github.com/repos/terrytangyuan/pandas/comments{/number}"],
    "issue_comment_url": ["https://api.github.com/repos/terrytangyuan/pandas/issues/comments{/number}"],
    "contents_url": ["https://api.github.com/repos/terrytangyuan/pandas/contents/{+path}"],
    "compare_url": ["https://api.github.com/repos/terrytangyuan/pandas/compare/{base}...{head}"],
    "merges_url": ["https://api.github.com/repos/terrytangyuan/pandas/merges"],
    "archive_url": ["https://api.github.com/repos/terrytangyuan/pandas/{archive_format}{/ref}"],
    "downloads_url": ["https://api.github.com/repos/terrytangyuan/pandas/downloads"],
    "issues_url": ["https://api.github.com/repos/terrytangyuan/pandas/issues{/number}"],
    "pulls_url": ["https://api.github.com/repos/terrytangyuan/pandas/pulls{/number}"],
    "milestones_url": ["https://api.github.com/repos/terrytangyuan/pandas/milestones{/number}"],
    "notifications_url": ["https://api.github.com/repos/terrytangyuan/pandas/notifications{?since,all,participating}"],
    "labels_url": ["https://api.github.com/repos/terrytangyuan/pandas/labels{/name}"],
    "releases_url": ["https://api.github.com/repos/terrytangyuan/pandas/releases{/id}"],
    "deployments_url": ["https://api.github.com/repos/terrytangyuan/pandas/deployments"],
    "created_at": ["2015-11-07T15:24:22Z"],
    "updated_at": ["2016-10-12T23:02:09Z"],
    "pushed_at": ["2015-11-07T14:54:28Z"],
    "git_url": ["git://github.com/terrytangyuan/pandas.git"],
    "ssh_url": ["git@github.com:terrytangyuan/pandas.git"],
    "clone_url": ["https://github.com/terrytangyuan/pandas.git"],
    "svn_url": ["https://github.com/terrytangyuan/pandas"],
    "homepage": ["http://pandas.pydata.org"],
    "size": [67714],
    "stargazers_count": [0],
    "watchers_count": [0],
    "language": ["Python"],
    "has_issues": [false],
    "has_projects": [true],
    "has_downloads": [true],
    "has_wiki": [true],
    "has_pages": [false],
    "forks_count": [2],
    "mirror_url": {},
    "archived": [false],
    "open_issues_count": [0],
    "license": {
      "key": ["other"],
      "name": ["Other"],
      "spdx_id": ["NOASSERTION"],
      "url": {},
      "node_id": ["MDc6TGljZW5zZTA="]
    },
    "forks": [2],
    "open_issues": [0],
    "watchers": [0],
    "default_branch": ["master"]
  }
]
