[
  {
    "id": [163910846],
    "node_id": ["MDEwOlJlcG9zaXRvcnkxNjM5MTA4NDY="],
    "name": ["tsc"],
    "full_name": ["terrytangyuan/tsc"],
    "private": [false],
    "owner": {
      "login": ["terrytangyuan"],
      "id": [4269898],
      "node_id": ["MDQ6VXNlcjQyNjk4OTg="],
      "avatar_url": ["https://avatars3.githubusercontent.com/u/4269898?v=4"],
      "gravatar_id": [""],
      "url": ["https://api.github.com/users/terrytangyuan"],
      "html_url": ["https://github.com/terrytangyuan"],
      "followers_url": ["https://api.github.com/users/terrytangyuan/followers"],
      "following_url": ["https://api.github.com/users/terrytangyuan/following{/other_user}"],
      "gists_url": ["https://api.github.com/users/terrytangyuan/gists{/gist_id}"],
      "starred_url": ["https://api.github.com/users/terrytangyuan/starred{/owner}{/repo}"],
      "subscriptions_url": ["https://api.github.com/users/terrytangyuan/subscriptions"],
      "organizations_url": ["https://api.github.com/users/terrytangyuan/orgs"],
      "repos_url": ["https://api.github.com/users/terrytangyuan/repos"],
      "events_url": ["https://api.github.com/users/terrytangyuan/events{/privacy}"],
      "received_events_url": ["https://api.github.com/users/terrytangyuan/received_events"],
      "type": ["User"],
      "site_admin": [false]
    },
    "html_url": ["https://github.com/terrytangyuan/tsc"],
    "description": ["Technical Steering Committee"],
    "fork": [true],
    "url": ["https://api.github.com/repos/terrytangyuan/tsc"],
    "forks_url": ["https://api.github.com/repos/terrytangyuan/tsc/forks"],
    "keys_url": ["https://api.github.com/repos/terrytangyuan/tsc/keys{/key_id}"],
    "collaborators_url": ["https://api.github.com/repos/terrytangyuan/tsc/collaborators{/collaborator}"],
    "teams_url": ["https://api.github.com/repos/terrytangyuan/tsc/teams"],
    "hooks_url": ["https://api.github.com/repos/terrytangyuan/tsc/hooks"],
    "issue_events_url": ["https://api.github.com/repos/terrytangyuan/tsc/issues/events{/number}"],
    "events_url": ["https://api.github.com/repos/terrytangyuan/tsc/events"],
    "assignees_url": ["https://api.github.com/repos/terrytangyuan/tsc/assignees{/user}"],
    "branches_url": ["https://api.github.com/repos/terrytangyuan/tsc/branches{/branch}"],
    "tags_url": ["https://api.github.com/repos/terrytangyuan/tsc/tags"],
    "blobs_url": ["https://api.github.com/repos/terrytangyuan/tsc/git/blobs{/sha}"],
    "git_tags_url": ["https://api.github.com/repos/terrytangyuan/tsc/git/tags{/sha}"],
    "git_refs_url": ["https://api.github.com/repos/terrytangyuan/tsc/git/refs{/sha}"],
    "trees_url": ["https://api.github.com/repos/terrytangyuan/tsc/git/trees{/sha}"],
    "statuses_url": ["https://api.github.com/repos/terrytangyuan/tsc/statuses/{sha}"],
    "languages_url": ["https://api.github.com/repos/terrytangyuan/tsc/languages"],
    "stargazers_url": ["https://api.github.com/repos/terrytangyuan/tsc/stargazers"],
    "contributors_url": ["https://api.github.com/repos/terrytangyuan/tsc/contributors"],
    "subscribers_url": ["https://api.github.com/repos/terrytangyuan/tsc/subscribers"],
    "subscription_url": ["https://api.github.com/repos/terrytangyuan/tsc/subscription"],
    "commits_url": ["https://api.github.com/repos/terrytangyuan/tsc/commits{/sha}"],
    "git_commits_url": ["https://api.github.com/repos/terrytangyuan/tsc/git/commits{/sha}"],
    "comments_url": ["https://api.github.com/repos/terrytangyuan/tsc/comments{/number}"],
    "issue_comment_url": ["https://api.github.com/repos/terrytangyuan/tsc/issues/comments{/number}"],
    "contents_url": ["https://api.github.com/repos/terrytangyuan/tsc/contents/{+path}"],
    "compare_url": ["https://api.github.com/repos/terrytangyuan/tsc/compare/{base}...{head}"],
    "merges_url": ["https://api.github.com/repos/terrytangyuan/tsc/merges"],
    "archive_url": ["https://api.github.com/repos/terrytangyuan/tsc/{archive_format}{/ref}"],
    "downloads_url": ["https://api.github.com/repos/terrytangyuan/tsc/downloads"],
    "issues_url": ["https://api.github.com/repos/terrytangyuan/tsc/issues{/number}"],
    "pulls_url": ["https://api.github.com/repos/terrytangyuan/tsc/pulls{/number}"],
    "milestones_url": ["https://api.github.com/repos/terrytangyuan/tsc/milestones{/number}"],
    "notifications_url": ["https://api.github.com/repos/terrytangyuan/tsc/notifications{?since,all,participating}"],
    "labels_url": ["https://api.github.com/repos/terrytangyuan/tsc/labels{/name}"],
    "releases_url": ["https://api.github.com/repos/terrytangyuan/tsc/releases{/id}"],
    "deployments_url": ["https://api.github.com/repos/terrytangyuan/tsc/deployments"],
    "created_at": ["2019-01-03T02:00:41Z"],
    "updated_at": ["2019-01-03T02:00:43Z"],
    "pushed_at": ["2019-01-03T04:33:25Z"],
    "git_url": ["git://github.com/terrytangyuan/tsc.git"],
    "ssh_url": ["git@github.com:terrytangyuan/tsc.git"],
    "clone_url": ["https://github.com/terrytangyuan/tsc.git"],
    "svn_url": ["https://github.com/terrytangyuan/tsc"],
    "homepage": {},
    "size": [16],
    "stargazers_count": [0],
    "watchers_count": [0],
    "language": {},
    "has_issues": [false],
    "has_projects": [true],
    "has_downloads": [true],
    "has_wiki": [true],
    "has_pages": [false],
    "forks_count": [0],
    "mirror_url": {},
    "archived": [false],
    "open_issues_count": [0],
    "license": {
      "key": ["mit"],
      "name": ["MIT License"],
      "spdx_id": ["MIT"],
      "url": ["https://api.github.com/licenses/mit"],
      "node_id": ["MDc6TGljZW5zZTEz"]
    },
    "forks": [0],
    "open_issues": [0],
    "watchers": [0],
    "default_branch": ["master"]
  }
]
