[
  {
    "id": [66660548],
    "node_id": ["MDEwOlJlcG9zaXRvcnk2NjY2MDU0OA=="],
    "name": ["pydata-cookbook"],
    "full_name": ["terrytangyuan/pydata-cookbook"],
    "private": [false],
    "owner": {
      "login": ["terrytangyuan"],
      "id": [4269898],
      "node_id": ["MDQ6VXNlcjQyNjk4OTg="],
      "avatar_url": ["https://avatars3.githubusercontent.com/u/4269898?v=4"],
      "gravatar_id": [""],
      "url": ["https://api.github.com/users/terrytangyuan"],
      "html_url": ["https://github.com/terrytangyuan"],
      "followers_url": ["https://api.github.com/users/terrytangyuan/followers"],
      "following_url": ["https://api.github.com/users/terrytangyuan/following{/other_user}"],
      "gists_url": ["https://api.github.com/users/terrytangyuan/gists{/gist_id}"],
      "starred_url": ["https://api.github.com/users/terrytangyuan/starred{/owner}{/repo}"],
      "subscriptions_url": ["https://api.github.com/users/terrytangyuan/subscriptions"],
      "organizations_url": ["https://api.github.com/users/terrytangyuan/orgs"],
      "repos_url": ["https://api.github.com/users/terrytangyuan/repos"],
      "events_url": ["https://api.github.com/users/terrytangyuan/events{/privacy}"],
      "received_events_url": ["https://api.github.com/users/terrytangyuan/received_events"],
      "type": ["User"],
      "site_admin": [false]
    },
    "html_url": ["https://github.com/terrytangyuan/pydata-cookbook"],
    "description": ["PyData Coobook Project "],
    "fork": [true],
    "url": ["https://api.github.com/repos/terrytangyuan/pydata-cookbook"],
    "forks_url": ["https://api.github.com/repos/terrytangyuan/pydata-cookbook/forks"],
    "keys_url": ["https://api.github.com/repos/terrytangyuan/pydata-cookbook/keys{/key_id}"],
    "collaborators_url": ["https://api.github.com/repos/terrytangyuan/pydata-cookbook/collaborators{/collaborator}"],
    "teams_url": ["https://api.github.com/repos/terrytangyuan/pydata-cookbook/teams"],
    "hooks_url": ["https://api.github.com/repos/terrytangyuan/pydata-cookbook/hooks"],
    "issue_events_url": ["https://api.github.com/repos/terrytangyuan/pydata-cookbook/issues/events{/number}"],
    "events_url": ["https://api.github.com/repos/terrytangyuan/pydata-cookbook/events"],
    "assignees_url": ["https://api.github.com/repos/terrytangyuan/pydata-cookbook/assignees{/user}"],
    "branches_url": ["https://api.github.com/repos/terrytangyuan/pydata-cookbook/branches{/branch}"],
    "tags_url": ["https://api.github.com/repos/terrytangyuan/pydata-cookbook/tags"],
    "blobs_url": ["https://api.github.com/repos/terrytangyuan/pydata-cookbook/git/blobs{/sha}"],
    "git_tags_url": ["https://api.github.com/repos/terrytangyuan/pydata-cookbook/git/tags{/sha}"],
    "git_refs_url": ["https://api.github.com/repos/terrytangyuan/pydata-cookbook/git/refs{/sha}"],
    "trees_url": ["https://api.github.com/repos/terrytangyuan/pydata-cookbook/git/trees{/sha}"],
    "statuses_url": ["https://api.github.com/repos/terrytangyuan/pydata-cookbook/statuses/{sha}"],
    "languages_url": ["https://api.github.com/repos/terrytangyuan/pydata-cookbook/languages"],
    "stargazers_url": ["https://api.github.com/repos/terrytangyuan/pydata-cookbook/stargazers"],
    "contributors_url": ["https://api.github.com/repos/terrytangyuan/pydata-cookbook/contributors"],
    "subscribers_url": ["https://api.github.com/repos/terrytangyuan/pydata-cookbook/subscribers"],
    "subscription_url": ["https://api.github.com/repos/terrytangyuan/pydata-cookbook/subscription"],
    "commits_url": ["https://api.github.com/repos/terrytangyuan/pydata-cookbook/commits{/sha}"],
    "git_commits_url": ["https://api.github.com/repos/terrytangyuan/pydata-cookbook/git/commits{/sha}"],
    "comments_url": ["https://api.github.com/repos/terrytangyuan/pydata-cookbook/comments{/number}"],
    "issue_comment_url": ["https://api.github.com/repos/terrytangyuan/pydata-cookbook/issues/comments{/number}"],
    "contents_url": ["https://api.github.com/repos/terrytangyuan/pydata-cookbook/contents/{+path}"],
    "compare_url": ["https://api.github.com/repos/terrytangyuan/pydata-cookbook/compare/{base}...{head}"],
    "merges_url": ["https://api.github.com/repos/terrytangyuan/pydata-cookbook/merges"],
    "archive_url": ["https://api.github.com/repos/terrytangyuan/pydata-cookbook/{archive_format}{/ref}"],
    "downloads_url": ["https://api.github.com/repos/terrytangyuan/pydata-cookbook/downloads"],
    "issues_url": ["https://api.github.com/repos/terrytangyuan/pydata-cookbook/issues{/number}"],
    "pulls_url": ["https://api.github.com/repos/terrytangyuan/pydata-cookbook/pulls{/number}"],
    "milestones_url": ["https://api.github.com/repos/terrytangyuan/pydata-cookbook/milestones{/number}"],
    "notifications_url": ["https://api.github.com/repos/terrytangyuan/pydata-cookbook/notifications{?since,all,participating}"],
    "labels_url": ["https://api.github.com/repos/terrytangyuan/pydata-cookbook/labels{/name}"],
    "releases_url": ["https://api.github.com/repos/terrytangyuan/pydata-cookbook/releases{/id}"],
    "deployments_url": ["https://api.github.com/repos/terrytangyuan/pydata-cookbook/deployments"],
    "created_at": ["2016-08-26T15:54:46Z"],
    "updated_at": ["2018-03-30T09:22:58Z"],
    "pushed_at": ["2018-03-30T09:22:57Z"],
    "git_url": ["git://github.com/terrytangyuan/pydata-cookbook.git"],
    "ssh_url": ["git@github.com:terrytangyuan/pydata-cookbook.git"],
    "clone_url": ["https://github.com/terrytangyuan/pydata-cookbook.git"],
    "svn_url": ["https://github.com/terrytangyuan/pydata-cookbook"],
    "homepage": {},
    "size": [108],
    "stargazers_count": [1],
    "watchers_count": [1],
    "language": ["Python"],
    "has_issues": [false],
    "has_projects": [true],
    "has_downloads": [true],
    "has_wiki": [true],
    "has_pages": [false],
    "forks_count": [3],
    "mirror_url": {},
    "archived": [false],
    "open_issues_count": [0],
    "license": {
      "key": ["other"],
      "name": ["Other"],
      "spdx_id": ["NOASSERTION"],
      "url": {},
      "node_id": ["MDc6TGljZW5zZTA="]
    },
    "forks": [3],
    "open_issues": [0],
    "watchers": [1],
    "default_branch": ["master"]
  }
]
