[
  {
    "id": [162203577],
    "node_id": ["MDEwOlJlcG9zaXRvcnkxNjIyMDM1Nzc="],
    "name": ["community"],
    "full_name": ["terrytangyuan/community"],
    "private": [false],
    "owner": {
      "login": ["terrytangyuan"],
      "id": [4269898],
      "node_id": ["MDQ6VXNlcjQyNjk4OTg="],
      "avatar_url": ["https://avatars3.githubusercontent.com/u/4269898?v=4"],
      "gravatar_id": [""],
      "url": ["https://api.github.com/users/terrytangyuan"],
      "html_url": ["https://github.com/terrytangyuan"],
      "followers_url": ["https://api.github.com/users/terrytangyuan/followers"],
      "following_url": ["https://api.github.com/users/terrytangyuan/following{/other_user}"],
      "gists_url": ["https://api.github.com/users/terrytangyuan/gists{/gist_id}"],
      "starred_url": ["https://api.github.com/users/terrytangyuan/starred{/owner}{/repo}"],
      "subscriptions_url": ["https://api.github.com/users/terrytangyuan/subscriptions"],
      "organizations_url": ["https://api.github.com/users/terrytangyuan/orgs"],
      "repos_url": ["https://api.github.com/users/terrytangyuan/repos"],
      "events_url": ["https://api.github.com/users/terrytangyuan/events{/privacy}"],
      "received_events_url": ["https://api.github.com/users/terrytangyuan/received_events"],
      "type": ["User"],
      "site_admin": [false]
    },
    "html_url": ["https://github.com/terrytangyuan/community"],
    "description": ["Stores documents used by the TensorFlow developer community"],
    "fork": [true],
    "url": ["https://api.github.com/repos/terrytangyuan/community"],
    "forks_url": ["https://api.github.com/repos/terrytangyuan/community/forks"],
    "keys_url": ["https://api.github.com/repos/terrytangyuan/community/keys{/key_id}"],
    "collaborators_url": ["https://api.github.com/repos/terrytangyuan/community/collaborators{/collaborator}"],
    "teams_url": ["https://api.github.com/repos/terrytangyuan/community/teams"],
    "hooks_url": ["https://api.github.com/repos/terrytangyuan/community/hooks"],
    "issue_events_url": ["https://api.github.com/repos/terrytangyuan/community/issues/events{/number}"],
    "events_url": ["https://api.github.com/repos/terrytangyuan/community/events"],
    "assignees_url": ["https://api.github.com/repos/terrytangyuan/community/assignees{/user}"],
    "branches_url": ["https://api.github.com/repos/terrytangyuan/community/branches{/branch}"],
    "tags_url": ["https://api.github.com/repos/terrytangyuan/community/tags"],
    "blobs_url": ["https://api.github.com/repos/terrytangyuan/community/git/blobs{/sha}"],
    "git_tags_url": ["https://api.github.com/repos/terrytangyuan/community/git/tags{/sha}"],
    "git_refs_url": ["https://api.github.com/repos/terrytangyuan/community/git/refs{/sha}"],
    "trees_url": ["https://api.github.com/repos/terrytangyuan/community/git/trees{/sha}"],
    "statuses_url": ["https://api.github.com/repos/terrytangyuan/community/statuses/{sha}"],
    "languages_url": ["https://api.github.com/repos/terrytangyuan/community/languages"],
    "stargazers_url": ["https://api.github.com/repos/terrytangyuan/community/stargazers"],
    "contributors_url": ["https://api.github.com/repos/terrytangyuan/community/contributors"],
    "subscribers_url": ["https://api.github.com/repos/terrytangyuan/community/subscribers"],
    "subscription_url": ["https://api.github.com/repos/terrytangyuan/community/subscription"],
    "commits_url": ["https://api.github.com/repos/terrytangyuan/community/commits{/sha}"],
    "git_commits_url": ["https://api.github.com/repos/terrytangyuan/community/git/commits{/sha}"],
    "comments_url": ["https://api.github.com/repos/terrytangyuan/community/comments{/number}"],
    "issue_comment_url": ["https://api.github.com/repos/terrytangyuan/community/issues/comments{/number}"],
    "contents_url": ["https://api.github.com/repos/terrytangyuan/community/contents/{+path}"],
    "compare_url": ["https://api.github.com/repos/terrytangyuan/community/compare/{base}...{head}"],
    "merges_url": ["https://api.github.com/repos/terrytangyuan/community/merges"],
    "archive_url": ["https://api.github.com/repos/terrytangyuan/community/{archive_format}{/ref}"],
    "downloads_url": ["https://api.github.com/repos/terrytangyuan/community/downloads"],
    "issues_url": ["https://api.github.com/repos/terrytangyuan/community/issues{/number}"],
    "pulls_url": ["https://api.github.com/repos/terrytangyuan/community/pulls{/number}"],
    "milestones_url": ["https://api.github.com/repos/terrytangyuan/community/milestones{/number}"],
    "notifications_url": ["https://api.github.com/repos/terrytangyuan/community/notifications{?since,all,participating}"],
    "labels_url": ["https://api.github.com/repos/terrytangyuan/community/labels{/name}"],
    "releases_url": ["https://api.github.com/repos/terrytangyuan/community/releases{/id}"],
    "deployments_url": ["https://api.github.com/repos/terrytangyuan/community/deployments"],
    "created_at": ["2018-12-17T23:40:13Z"],
    "updated_at": ["2018-12-17T23:40:16Z"],
    "pushed_at": ["2019-02-06T03:28:45Z"],
    "git_url": ["git://github.com/terrytangyuan/community.git"],
    "ssh_url": ["git@github.com:terrytangyuan/community.git"],
    "clone_url": ["https://github.com/terrytangyuan/community.git"],
    "svn_url": ["https://github.com/terrytangyuan/community"],
    "homepage": [""],
    "size": [348],
    "stargazers_count": [0],
    "watchers_count": [0],
    "language": {},
    "has_issues": [false],
    "has_projects": [true],
    "has_downloads": [true],
    "has_wiki": [false],
    "has_pages": [false],
    "forks_count": [0],
    "mirror_url": {},
    "archived": [false],
    "open_issues_count": [0],
    "license": {
      "key": ["apache-2.0"],
      "name": ["Apache License 2.0"],
      "spdx_id": ["Apache-2.0"],
      "url": ["https://api.github.com/licenses/apache-2.0"],
      "node_id": ["MDc6TGljZW5zZTI="]
    },
    "forks": [0],
    "open_issues": [0],
    "watchers": [0],
    "default_branch": ["master"]
  }
]
