[
  {
    "id": [164530625],
    "node_id": ["MDEwOlJlcG9zaXRvcnkxNjQ1MzA2MjU="],
    "name": ["website"],
    "full_name": ["terrytangyuan/website"],
    "private": [false],
    "owner": {
      "login": ["terrytangyuan"],
      "id": [4269898],
      "node_id": ["MDQ6VXNlcjQyNjk4OTg="],
      "avatar_url": ["https://avatars3.githubusercontent.com/u/4269898?v=4"],
      "gravatar_id": [""],
      "url": ["https://api.github.com/users/terrytangyuan"],
      "html_url": ["https://github.com/terrytangyuan"],
      "followers_url": ["https://api.github.com/users/terrytangyuan/followers"],
      "following_url": ["https://api.github.com/users/terrytangyuan/following{/other_user}"],
      "gists_url": ["https://api.github.com/users/terrytangyuan/gists{/gist_id}"],
      "starred_url": ["https://api.github.com/users/terrytangyuan/starred{/owner}{/repo}"],
      "subscriptions_url": ["https://api.github.com/users/terrytangyuan/subscriptions"],
      "organizations_url": ["https://api.github.com/users/terrytangyuan/orgs"],
      "repos_url": ["https://api.github.com/users/terrytangyuan/repos"],
      "events_url": ["https://api.github.com/users/terrytangyuan/events{/privacy}"],
      "received_events_url": ["https://api.github.com/users/terrytangyuan/received_events"],
      "type": ["User"],
      "site_admin": [false]
    },
    "html_url": ["https://github.com/terrytangyuan/website"],
    "description": ["Kubeflow's public website"],
    "fork": [true],
    "url": ["https://api.github.com/repos/terrytangyuan/website"],
    "forks_url": ["https://api.github.com/repos/terrytangyuan/website/forks"],
    "keys_url": ["https://api.github.com/repos/terrytangyuan/website/keys{/key_id}"],
    "collaborators_url": ["https://api.github.com/repos/terrytangyuan/website/collaborators{/collaborator}"],
    "teams_url": ["https://api.github.com/repos/terrytangyuan/website/teams"],
    "hooks_url": ["https://api.github.com/repos/terrytangyuan/website/hooks"],
    "issue_events_url": ["https://api.github.com/repos/terrytangyuan/website/issues/events{/number}"],
    "events_url": ["https://api.github.com/repos/terrytangyuan/website/events"],
    "assignees_url": ["https://api.github.com/repos/terrytangyuan/website/assignees{/user}"],
    "branches_url": ["https://api.github.com/repos/terrytangyuan/website/branches{/branch}"],
    "tags_url": ["https://api.github.com/repos/terrytangyuan/website/tags"],
    "blobs_url": ["https://api.github.com/repos/terrytangyuan/website/git/blobs{/sha}"],
    "git_tags_url": ["https://api.github.com/repos/terrytangyuan/website/git/tags{/sha}"],
    "git_refs_url": ["https://api.github.com/repos/terrytangyuan/website/git/refs{/sha}"],
    "trees_url": ["https://api.github.com/repos/terrytangyuan/website/git/trees{/sha}"],
    "statuses_url": ["https://api.github.com/repos/terrytangyuan/website/statuses/{sha}"],
    "languages_url": ["https://api.github.com/repos/terrytangyuan/website/languages"],
    "stargazers_url": ["https://api.github.com/repos/terrytangyuan/website/stargazers"],
    "contributors_url": ["https://api.github.com/repos/terrytangyuan/website/contributors"],
    "subscribers_url": ["https://api.github.com/repos/terrytangyuan/website/subscribers"],
    "subscription_url": ["https://api.github.com/repos/terrytangyuan/website/subscription"],
    "commits_url": ["https://api.github.com/repos/terrytangyuan/website/commits{/sha}"],
    "git_commits_url": ["https://api.github.com/repos/terrytangyuan/website/git/commits{/sha}"],
    "comments_url": ["https://api.github.com/repos/terrytangyuan/website/comments{/number}"],
    "issue_comment_url": ["https://api.github.com/repos/terrytangyuan/website/issues/comments{/number}"],
    "contents_url": ["https://api.github.com/repos/terrytangyuan/website/contents/{+path}"],
    "compare_url": ["https://api.github.com/repos/terrytangyuan/website/compare/{base}...{head}"],
    "merges_url": ["https://api.github.com/repos/terrytangyuan/website/merges"],
    "archive_url": ["https://api.github.com/repos/terrytangyuan/website/{archive_format}{/ref}"],
    "downloads_url": ["https://api.github.com/repos/terrytangyuan/website/downloads"],
    "issues_url": ["https://api.github.com/repos/terrytangyuan/website/issues{/number}"],
    "pulls_url": ["https://api.github.com/repos/terrytangyuan/website/pulls{/number}"],
    "milestones_url": ["https://api.github.com/repos/terrytangyuan/website/milestones{/number}"],
    "notifications_url": ["https://api.github.com/repos/terrytangyuan/website/notifications{?since,all,participating}"],
    "labels_url": ["https://api.github.com/repos/terrytangyuan/website/labels{/name}"],
    "releases_url": ["https://api.github.com/repos/terrytangyuan/website/releases{/id}"],
    "deployments_url": ["https://api.github.com/repos/terrytangyuan/website/deployments"],
    "created_at": ["2019-01-08T01:41:58Z"],
    "updated_at": ["2019-01-08T01:42:02Z"],
    "pushed_at": ["2019-02-21T20:33:52Z"],
    "git_url": ["git://github.com/terrytangyuan/website.git"],
    "ssh_url": ["git@github.com:terrytangyuan/website.git"],
    "clone_url": ["https://github.com/terrytangyuan/website.git"],
    "svn_url": ["https://github.com/terrytangyuan/website"],
    "homepage": {},
    "size": [16487],
    "stargazers_count": [0],
    "watchers_count": [0],
    "language": ["CSS"],
    "has_issues": [false],
    "has_projects": [true],
    "has_downloads": [true],
    "has_wiki": [true],
    "has_pages": [false],
    "forks_count": [0],
    "mirror_url": {},
    "archived": [false],
    "open_issues_count": [0],
    "license": {
      "key": ["cc-by-4.0"],
      "name": ["Creative Commons Attribution 4.0 International"],
      "spdx_id": ["CC-BY-4.0"],
      "url": ["https://api.github.com/licenses/cc-by-4.0"],
      "node_id": ["MDc6TGljZW5zZTI1"]
    },
    "forks": [0],
    "open_issues": [0],
    "watchers": [0],
    "default_branch": ["master"]
  }
]
