[
  {
    "id": [41424588],
    "node_id": ["MDEwOlJlcG9zaXRvcnk0MTQyNDU4OA=="],
    "name": ["dml"],
    "full_name": ["terrytangyuan/dml"],
    "private": [false],
    "owner": {
      "login": ["terrytangyuan"],
      "id": [4269898],
      "node_id": ["MDQ6VXNlcjQyNjk4OTg="],
      "avatar_url": ["https://avatars3.githubusercontent.com/u/4269898?v=4"],
      "gravatar_id": [""],
      "url": ["https://api.github.com/users/terrytangyuan"],
      "html_url": ["https://github.com/terrytangyuan"],
      "followers_url": ["https://api.github.com/users/terrytangyuan/followers"],
      "following_url": ["https://api.github.com/users/terrytangyuan/following{/other_user}"],
      "gists_url": ["https://api.github.com/users/terrytangyuan/gists{/gist_id}"],
      "starred_url": ["https://api.github.com/users/terrytangyuan/starred{/owner}{/repo}"],
      "subscriptions_url": ["https://api.github.com/users/terrytangyuan/subscriptions"],
      "organizations_url": ["https://api.github.com/users/terrytangyuan/orgs"],
      "repos_url": ["https://api.github.com/users/terrytangyuan/repos"],
      "events_url": ["https://api.github.com/users/terrytangyuan/events{/privacy}"],
      "received_events_url": ["https://api.github.com/users/terrytangyuan/received_events"],
      "type": ["User"],
      "site_admin": [false]
    },
    "html_url": ["https://github.com/terrytangyuan/dml"],
    "description": ["R package for Distance Metric Learning"],
    "fork": [false],
    "url": ["https://api.github.com/repos/terrytangyuan/dml"],
    "forks_url": ["https://api.github.com/repos/terrytangyuan/dml/forks"],
    "keys_url": ["https://api.github.com/repos/terrytangyuan/dml/keys{/key_id}"],
    "collaborators_url": ["https://api.github.com/repos/terrytangyuan/dml/collaborators{/collaborator}"],
    "teams_url": ["https://api.github.com/repos/terrytangyuan/dml/teams"],
    "hooks_url": ["https://api.github.com/repos/terrytangyuan/dml/hooks"],
    "issue_events_url": ["https://api.github.com/repos/terrytangyuan/dml/issues/events{/number}"],
    "events_url": ["https://api.github.com/repos/terrytangyuan/dml/events"],
    "assignees_url": ["https://api.github.com/repos/terrytangyuan/dml/assignees{/user}"],
    "branches_url": ["https://api.github.com/repos/terrytangyuan/dml/branches{/branch}"],
    "tags_url": ["https://api.github.com/repos/terrytangyuan/dml/tags"],
    "blobs_url": ["https://api.github.com/repos/terrytangyuan/dml/git/blobs{/sha}"],
    "git_tags_url": ["https://api.github.com/repos/terrytangyuan/dml/git/tags{/sha}"],
    "git_refs_url": ["https://api.github.com/repos/terrytangyuan/dml/git/refs{/sha}"],
    "trees_url": ["https://api.github.com/repos/terrytangyuan/dml/git/trees{/sha}"],
    "statuses_url": ["https://api.github.com/repos/terrytangyuan/dml/statuses/{sha}"],
    "languages_url": ["https://api.github.com/repos/terrytangyuan/dml/languages"],
    "stargazers_url": ["https://api.github.com/repos/terrytangyuan/dml/stargazers"],
    "contributors_url": ["https://api.github.com/repos/terrytangyuan/dml/contributors"],
    "subscribers_url": ["https://api.github.com/repos/terrytangyuan/dml/subscribers"],
    "subscription_url": ["https://api.github.com/repos/terrytangyuan/dml/subscription"],
    "commits_url": ["https://api.github.com/repos/terrytangyuan/dml/commits{/sha}"],
    "git_commits_url": ["https://api.github.com/repos/terrytangyuan/dml/git/commits{/sha}"],
    "comments_url": ["https://api.github.com/repos/terrytangyuan/dml/comments{/number}"],
    "issue_comment_url": ["https://api.github.com/repos/terrytangyuan/dml/issues/comments{/number}"],
    "contents_url": ["https://api.github.com/repos/terrytangyuan/dml/contents/{+path}"],
    "compare_url": ["https://api.github.com/repos/terrytangyuan/dml/compare/{base}...{head}"],
    "merges_url": ["https://api.github.com/repos/terrytangyuan/dml/merges"],
    "archive_url": ["https://api.github.com/repos/terrytangyuan/dml/{archive_format}{/ref}"],
    "downloads_url": ["https://api.github.com/repos/terrytangyuan/dml/downloads"],
    "issues_url": ["https://api.github.com/repos/terrytangyuan/dml/issues{/number}"],
    "pulls_url": ["https://api.github.com/repos/terrytangyuan/dml/pulls{/number}"],
    "milestones_url": ["https://api.github.com/repos/terrytangyuan/dml/milestones{/number}"],
    "notifications_url": ["https://api.github.com/repos/terrytangyuan/dml/notifications{?since,all,participating}"],
    "labels_url": ["https://api.github.com/repos/terrytangyuan/dml/labels{/name}"],
    "releases_url": ["https://api.github.com/repos/terrytangyuan/dml/releases{/id}"],
    "deployments_url": ["https://api.github.com/repos/terrytangyuan/dml/deployments"],
    "created_at": ["2015-08-26T12:35:54Z"],
    "updated_at": ["2019-03-17T22:10:50Z"],
    "pushed_at": ["2019-03-12T14:44:17Z"],
    "git_url": ["git://github.com/terrytangyuan/dml.git"],
    "ssh_url": ["git@github.com:terrytangyuan/dml.git"],
    "clone_url": ["https://github.com/terrytangyuan/dml.git"],
    "svn_url": ["https://github.com/terrytangyuan/dml"],
    "homepage": {},
    "size": [257],
    "stargazers_count": [54],
    "watchers_count": [54],
    "language": ["R"],
    "has_issues": [true],
    "has_projects": [true],
    "has_downloads": [true],
    "has_wiki": [true],
    "has_pages": [false],
    "forks_count": [35],
    "mirror_url": {},
    "archived": [false],
    "open_issues_count": [8],
    "license": {
      "key": ["mit"],
      "name": ["MIT License"],
      "spdx_id": ["MIT"],
      "url": ["https://api.github.com/licenses/mit"],
      "node_id": ["MDc6TGljZW5zZTEz"]
    },
    "forks": [35],
    "open_issues": [8],
    "watchers": [54],
    "default_branch": ["master"]
  }
]
