[
  {
    "id": [153951996],
    "node_id": ["MDEwOlJlcG9zaXRvcnkxNTM5NTE5OTY="],
    "name": ["cosx.org"],
    "full_name": ["terrytangyuan/cosx.org"],
    "private": [false],
    "owner": {
      "login": ["terrytangyuan"],
      "id": [4269898],
      "node_id": ["MDQ6VXNlcjQyNjk4OTg="],
      "avatar_url": ["https://avatars3.githubusercontent.com/u/4269898?v=4"],
      "gravatar_id": [""],
      "url": ["https://api.github.com/users/terrytangyuan"],
      "html_url": ["https://github.com/terrytangyuan"],
      "followers_url": ["https://api.github.com/users/terrytangyuan/followers"],
      "following_url": ["https://api.github.com/users/terrytangyuan/following{/other_user}"],
      "gists_url": ["https://api.github.com/users/terrytangyuan/gists{/gist_id}"],
      "starred_url": ["https://api.github.com/users/terrytangyuan/starred{/owner}{/repo}"],
      "subscriptions_url": ["https://api.github.com/users/terrytangyuan/subscriptions"],
      "organizations_url": ["https://api.github.com/users/terrytangyuan/orgs"],
      "repos_url": ["https://api.github.com/users/terrytangyuan/repos"],
      "events_url": ["https://api.github.com/users/terrytangyuan/events{/privacy}"],
      "received_events_url": ["https://api.github.com/users/terrytangyuan/received_events"],
      "type": ["User"],
      "site_admin": [false]
    },
    "html_url": ["https://github.com/terrytangyuan/cosx.org"],
    "description": ["<U+7EDF><U+8BA1><U+4E4B><U+90FD><U+4E3B><U+7AD9>"],
    "fork": [true],
    "url": ["https://api.github.com/repos/terrytangyuan/cosx.org"],
    "forks_url": ["https://api.github.com/repos/terrytangyuan/cosx.org/forks"],
    "keys_url": ["https://api.github.com/repos/terrytangyuan/cosx.org/keys{/key_id}"],
    "collaborators_url": ["https://api.github.com/repos/terrytangyuan/cosx.org/collaborators{/collaborator}"],
    "teams_url": ["https://api.github.com/repos/terrytangyuan/cosx.org/teams"],
    "hooks_url": ["https://api.github.com/repos/terrytangyuan/cosx.org/hooks"],
    "issue_events_url": ["https://api.github.com/repos/terrytangyuan/cosx.org/issues/events{/number}"],
    "events_url": ["https://api.github.com/repos/terrytangyuan/cosx.org/events"],
    "assignees_url": ["https://api.github.com/repos/terrytangyuan/cosx.org/assignees{/user}"],
    "branches_url": ["https://api.github.com/repos/terrytangyuan/cosx.org/branches{/branch}"],
    "tags_url": ["https://api.github.com/repos/terrytangyuan/cosx.org/tags"],
    "blobs_url": ["https://api.github.com/repos/terrytangyuan/cosx.org/git/blobs{/sha}"],
    "git_tags_url": ["https://api.github.com/repos/terrytangyuan/cosx.org/git/tags{/sha}"],
    "git_refs_url": ["https://api.github.com/repos/terrytangyuan/cosx.org/git/refs{/sha}"],
    "trees_url": ["https://api.github.com/repos/terrytangyuan/cosx.org/git/trees{/sha}"],
    "statuses_url": ["https://api.github.com/repos/terrytangyuan/cosx.org/statuses/{sha}"],
    "languages_url": ["https://api.github.com/repos/terrytangyuan/cosx.org/languages"],
    "stargazers_url": ["https://api.github.com/repos/terrytangyuan/cosx.org/stargazers"],
    "contributors_url": ["https://api.github.com/repos/terrytangyuan/cosx.org/contributors"],
    "subscribers_url": ["https://api.github.com/repos/terrytangyuan/cosx.org/subscribers"],
    "subscription_url": ["https://api.github.com/repos/terrytangyuan/cosx.org/subscription"],
    "commits_url": ["https://api.github.com/repos/terrytangyuan/cosx.org/commits{/sha}"],
    "git_commits_url": ["https://api.github.com/repos/terrytangyuan/cosx.org/git/commits{/sha}"],
    "comments_url": ["https://api.github.com/repos/terrytangyuan/cosx.org/comments{/number}"],
    "issue_comment_url": ["https://api.github.com/repos/terrytangyuan/cosx.org/issues/comments{/number}"],
    "contents_url": ["https://api.github.com/repos/terrytangyuan/cosx.org/contents/{+path}"],
    "compare_url": ["https://api.github.com/repos/terrytangyuan/cosx.org/compare/{base}...{head}"],
    "merges_url": ["https://api.github.com/repos/terrytangyuan/cosx.org/merges"],
    "archive_url": ["https://api.github.com/repos/terrytangyuan/cosx.org/{archive_format}{/ref}"],
    "downloads_url": ["https://api.github.com/repos/terrytangyuan/cosx.org/downloads"],
    "issues_url": ["https://api.github.com/repos/terrytangyuan/cosx.org/issues{/number}"],
    "pulls_url": ["https://api.github.com/repos/terrytangyuan/cosx.org/pulls{/number}"],
    "milestones_url": ["https://api.github.com/repos/terrytangyuan/cosx.org/milestones{/number}"],
    "notifications_url": ["https://api.github.com/repos/terrytangyuan/cosx.org/notifications{?since,all,participating}"],
    "labels_url": ["https://api.github.com/repos/terrytangyuan/cosx.org/labels{/name}"],
    "releases_url": ["https://api.github.com/repos/terrytangyuan/cosx.org/releases{/id}"],
    "deployments_url": ["https://api.github.com/repos/terrytangyuan/cosx.org/deployments"],
    "created_at": ["2018-10-20T21:59:37Z"],
    "updated_at": ["2018-10-20T21:59:41Z"],
    "pushed_at": ["2018-11-02T01:41:42Z"],
    "git_url": ["git://github.com/terrytangyuan/cosx.org.git"],
    "ssh_url": ["git@github.com:terrytangyuan/cosx.org.git"],
    "clone_url": ["https://github.com/terrytangyuan/cosx.org.git"],
    "svn_url": ["https://github.com/terrytangyuan/cosx.org"],
    "homepage": ["https://cosx.org"],
    "size": [6097],
    "stargazers_count": [0],
    "watchers_count": [0],
    "language": ["HTML"],
    "has_issues": [false],
    "has_projects": [true],
    "has_downloads": [true],
    "has_wiki": [true],
    "has_pages": [false],
    "forks_count": [0],
    "mirror_url": {},
    "archived": [false],
    "open_issues_count": [0],
    "license": {
      "key": ["mit"],
      "name": ["MIT License"],
      "spdx_id": ["MIT"],
      "url": ["https://api.github.com/licenses/mit"],
      "node_id": ["MDc6TGljZW5zZTEz"]
    },
    "forks": [0],
    "open_issues": [0],
    "watchers": [0],
    "default_branch": ["master"]
  }
]
