[
  {
    "id": [124305708],
    "node_id": ["MDEwOlJlcG9zaXRvcnkxMjQzMDU3MDg="],
    "name": ["ctv-model-deployment"],
    "full_name": ["terrytangyuan/ctv-model-deployment"],
    "private": [false],
    "owner": {
      "login": ["terrytangyuan"],
      "id": [4269898],
      "node_id": ["MDQ6VXNlcjQyNjk4OTg="],
      "avatar_url": ["https://avatars3.githubusercontent.com/u/4269898?v=4"],
      "gravatar_id": [""],
      "url": ["https://api.github.com/users/terrytangyuan"],
      "html_url": ["https://github.com/terrytangyuan"],
      "followers_url": ["https://api.github.com/users/terrytangyuan/followers"],
      "following_url": ["https://api.github.com/users/terrytangyuan/following{/other_user}"],
      "gists_url": ["https://api.github.com/users/terrytangyuan/gists{/gist_id}"],
      "starred_url": ["https://api.github.com/users/terrytangyuan/starred{/owner}{/repo}"],
      "subscriptions_url": ["https://api.github.com/users/terrytangyuan/subscriptions"],
      "organizations_url": ["https://api.github.com/users/terrytangyuan/orgs"],
      "repos_url": ["https://api.github.com/users/terrytangyuan/repos"],
      "events_url": ["https://api.github.com/users/terrytangyuan/events{/privacy}"],
      "received_events_url": ["https://api.github.com/users/terrytangyuan/received_events"],
      "type": ["User"],
      "site_admin": [false]
    },
    "html_url": ["https://github.com/terrytangyuan/ctv-model-deployment"],
    "description": ["CRAN Task View: Model Deployment with R"],
    "fork": [false],
    "url": ["https://api.github.com/repos/terrytangyuan/ctv-model-deployment"],
    "forks_url": ["https://api.github.com/repos/terrytangyuan/ctv-model-deployment/forks"],
    "keys_url": ["https://api.github.com/repos/terrytangyuan/ctv-model-deployment/keys{/key_id}"],
    "collaborators_url": ["https://api.github.com/repos/terrytangyuan/ctv-model-deployment/collaborators{/collaborator}"],
    "teams_url": ["https://api.github.com/repos/terrytangyuan/ctv-model-deployment/teams"],
    "hooks_url": ["https://api.github.com/repos/terrytangyuan/ctv-model-deployment/hooks"],
    "issue_events_url": ["https://api.github.com/repos/terrytangyuan/ctv-model-deployment/issues/events{/number}"],
    "events_url": ["https://api.github.com/repos/terrytangyuan/ctv-model-deployment/events"],
    "assignees_url": ["https://api.github.com/repos/terrytangyuan/ctv-model-deployment/assignees{/user}"],
    "branches_url": ["https://api.github.com/repos/terrytangyuan/ctv-model-deployment/branches{/branch}"],
    "tags_url": ["https://api.github.com/repos/terrytangyuan/ctv-model-deployment/tags"],
    "blobs_url": ["https://api.github.com/repos/terrytangyuan/ctv-model-deployment/git/blobs{/sha}"],
    "git_tags_url": ["https://api.github.com/repos/terrytangyuan/ctv-model-deployment/git/tags{/sha}"],
    "git_refs_url": ["https://api.github.com/repos/terrytangyuan/ctv-model-deployment/git/refs{/sha}"],
    "trees_url": ["https://api.github.com/repos/terrytangyuan/ctv-model-deployment/git/trees{/sha}"],
    "statuses_url": ["https://api.github.com/repos/terrytangyuan/ctv-model-deployment/statuses/{sha}"],
    "languages_url": ["https://api.github.com/repos/terrytangyuan/ctv-model-deployment/languages"],
    "stargazers_url": ["https://api.github.com/repos/terrytangyuan/ctv-model-deployment/stargazers"],
    "contributors_url": ["https://api.github.com/repos/terrytangyuan/ctv-model-deployment/contributors"],
    "subscribers_url": ["https://api.github.com/repos/terrytangyuan/ctv-model-deployment/subscribers"],
    "subscription_url": ["https://api.github.com/repos/terrytangyuan/ctv-model-deployment/subscription"],
    "commits_url": ["https://api.github.com/repos/terrytangyuan/ctv-model-deployment/commits{/sha}"],
    "git_commits_url": ["https://api.github.com/repos/terrytangyuan/ctv-model-deployment/git/commits{/sha}"],
    "comments_url": ["https://api.github.com/repos/terrytangyuan/ctv-model-deployment/comments{/number}"],
    "issue_comment_url": ["https://api.github.com/repos/terrytangyuan/ctv-model-deployment/issues/comments{/number}"],
    "contents_url": ["https://api.github.com/repos/terrytangyuan/ctv-model-deployment/contents/{+path}"],
    "compare_url": ["https://api.github.com/repos/terrytangyuan/ctv-model-deployment/compare/{base}...{head}"],
    "merges_url": ["https://api.github.com/repos/terrytangyuan/ctv-model-deployment/merges"],
    "archive_url": ["https://api.github.com/repos/terrytangyuan/ctv-model-deployment/{archive_format}{/ref}"],
    "downloads_url": ["https://api.github.com/repos/terrytangyuan/ctv-model-deployment/downloads"],
    "issues_url": ["https://api.github.com/repos/terrytangyuan/ctv-model-deployment/issues{/number}"],
    "pulls_url": ["https://api.github.com/repos/terrytangyuan/ctv-model-deployment/pulls{/number}"],
    "milestones_url": ["https://api.github.com/repos/terrytangyuan/ctv-model-deployment/milestones{/number}"],
    "notifications_url": ["https://api.github.com/repos/terrytangyuan/ctv-model-deployment/notifications{?since,all,participating}"],
    "labels_url": ["https://api.github.com/repos/terrytangyuan/ctv-model-deployment/labels{/name}"],
    "releases_url": ["https://api.github.com/repos/terrytangyuan/ctv-model-deployment/releases{/id}"],
    "deployments_url": ["https://api.github.com/repos/terrytangyuan/ctv-model-deployment/deployments"],
    "created_at": ["2018-03-07T23:11:11Z"],
    "updated_at": ["2019-02-04T15:22:40Z"],
    "pushed_at": ["2019-02-04T15:22:38Z"],
    "git_url": ["git://github.com/terrytangyuan/ctv-model-deployment.git"],
    "ssh_url": ["git@github.com:terrytangyuan/ctv-model-deployment.git"],
    "clone_url": ["https://github.com/terrytangyuan/ctv-model-deployment.git"],
    "svn_url": ["https://github.com/terrytangyuan/ctv-model-deployment"],
    "homepage": ["https://CRAN.R-project.org/view=ModelDeployment"],
    "size": [276],
    "stargazers_count": [11],
    "watchers_count": [11],
    "language": ["R"],
    "has_issues": [true],
    "has_projects": [true],
    "has_downloads": [true],
    "has_wiki": [true],
    "has_pages": [false],
    "forks_count": [6],
    "mirror_url": {},
    "archived": [false],
    "open_issues_count": [0],
    "license": {},
    "forks": [6],
    "open_issues": [0],
    "watchers": [11],
    "default_branch": ["master"]
  }
]
