[
  {
    "id": [152439201],
    "node_id": ["MDEwOlJlcG9zaXRvcnkxNTI0MzkyMDE="],
    "name": ["estimator"],
    "full_name": ["terrytangyuan/estimator"],
    "private": [false],
    "owner": {
      "login": ["terrytangyuan"],
      "id": [4269898],
      "node_id": ["MDQ6VXNlcjQyNjk4OTg="],
      "avatar_url": ["https://avatars3.githubusercontent.com/u/4269898?v=4"],
      "gravatar_id": [""],
      "url": ["https://api.github.com/users/terrytangyuan"],
      "html_url": ["https://github.com/terrytangyuan"],
      "followers_url": ["https://api.github.com/users/terrytangyuan/followers"],
      "following_url": ["https://api.github.com/users/terrytangyuan/following{/other_user}"],
      "gists_url": ["https://api.github.com/users/terrytangyuan/gists{/gist_id}"],
      "starred_url": ["https://api.github.com/users/terrytangyuan/starred{/owner}{/repo}"],
      "subscriptions_url": ["https://api.github.com/users/terrytangyuan/subscriptions"],
      "organizations_url": ["https://api.github.com/users/terrytangyuan/orgs"],
      "repos_url": ["https://api.github.com/users/terrytangyuan/repos"],
      "events_url": ["https://api.github.com/users/terrytangyuan/events{/privacy}"],
      "received_events_url": ["https://api.github.com/users/terrytangyuan/received_events"],
      "type": ["User"],
      "site_admin": [false]
    },
    "html_url": ["https://github.com/terrytangyuan/estimator"],
    "description": ["TensorFlow Estimator"],
    "fork": [true],
    "url": ["https://api.github.com/repos/terrytangyuan/estimator"],
    "forks_url": ["https://api.github.com/repos/terrytangyuan/estimator/forks"],
    "keys_url": ["https://api.github.com/repos/terrytangyuan/estimator/keys{/key_id}"],
    "collaborators_url": ["https://api.github.com/repos/terrytangyuan/estimator/collaborators{/collaborator}"],
    "teams_url": ["https://api.github.com/repos/terrytangyuan/estimator/teams"],
    "hooks_url": ["https://api.github.com/repos/terrytangyuan/estimator/hooks"],
    "issue_events_url": ["https://api.github.com/repos/terrytangyuan/estimator/issues/events{/number}"],
    "events_url": ["https://api.github.com/repos/terrytangyuan/estimator/events"],
    "assignees_url": ["https://api.github.com/repos/terrytangyuan/estimator/assignees{/user}"],
    "branches_url": ["https://api.github.com/repos/terrytangyuan/estimator/branches{/branch}"],
    "tags_url": ["https://api.github.com/repos/terrytangyuan/estimator/tags"],
    "blobs_url": ["https://api.github.com/repos/terrytangyuan/estimator/git/blobs{/sha}"],
    "git_tags_url": ["https://api.github.com/repos/terrytangyuan/estimator/git/tags{/sha}"],
    "git_refs_url": ["https://api.github.com/repos/terrytangyuan/estimator/git/refs{/sha}"],
    "trees_url": ["https://api.github.com/repos/terrytangyuan/estimator/git/trees{/sha}"],
    "statuses_url": ["https://api.github.com/repos/terrytangyuan/estimator/statuses/{sha}"],
    "languages_url": ["https://api.github.com/repos/terrytangyuan/estimator/languages"],
    "stargazers_url": ["https://api.github.com/repos/terrytangyuan/estimator/stargazers"],
    "contributors_url": ["https://api.github.com/repos/terrytangyuan/estimator/contributors"],
    "subscribers_url": ["https://api.github.com/repos/terrytangyuan/estimator/subscribers"],
    "subscription_url": ["https://api.github.com/repos/terrytangyuan/estimator/subscription"],
    "commits_url": ["https://api.github.com/repos/terrytangyuan/estimator/commits{/sha}"],
    "git_commits_url": ["https://api.github.com/repos/terrytangyuan/estimator/git/commits{/sha}"],
    "comments_url": ["https://api.github.com/repos/terrytangyuan/estimator/comments{/number}"],
    "issue_comment_url": ["https://api.github.com/repos/terrytangyuan/estimator/issues/comments{/number}"],
    "contents_url": ["https://api.github.com/repos/terrytangyuan/estimator/contents/{+path}"],
    "compare_url": ["https://api.github.com/repos/terrytangyuan/estimator/compare/{base}...{head}"],
    "merges_url": ["https://api.github.com/repos/terrytangyuan/estimator/merges"],
    "archive_url": ["https://api.github.com/repos/terrytangyuan/estimator/{archive_format}{/ref}"],
    "downloads_url": ["https://api.github.com/repos/terrytangyuan/estimator/downloads"],
    "issues_url": ["https://api.github.com/repos/terrytangyuan/estimator/issues{/number}"],
    "pulls_url": ["https://api.github.com/repos/terrytangyuan/estimator/pulls{/number}"],
    "milestones_url": ["https://api.github.com/repos/terrytangyuan/estimator/milestones{/number}"],
    "notifications_url": ["https://api.github.com/repos/terrytangyuan/estimator/notifications{?since,all,participating}"],
    "labels_url": ["https://api.github.com/repos/terrytangyuan/estimator/labels{/name}"],
    "releases_url": ["https://api.github.com/repos/terrytangyuan/estimator/releases{/id}"],
    "deployments_url": ["https://api.github.com/repos/terrytangyuan/estimator/deployments"],
    "created_at": ["2018-10-10T14:41:08Z"],
    "updated_at": ["2018-10-10T14:41:10Z"],
    "pushed_at": ["2019-03-08T18:36:15Z"],
    "git_url": ["git://github.com/terrytangyuan/estimator.git"],
    "ssh_url": ["git@github.com:terrytangyuan/estimator.git"],
    "clone_url": ["https://github.com/terrytangyuan/estimator.git"],
    "svn_url": ["https://github.com/terrytangyuan/estimator"],
    "homepage": ["https://www.tensorflow.org/guide/estimators"],
    "size": [537],
    "stargazers_count": [0],
    "watchers_count": [0],
    "language": ["Python"],
    "has_issues": [false],
    "has_projects": [true],
    "has_downloads": [true],
    "has_wiki": [true],
    "has_pages": [false],
    "forks_count": [0],
    "mirror_url": {},
    "archived": [false],
    "open_issues_count": [0],
    "license": {
      "key": ["apache-2.0"],
      "name": ["Apache License 2.0"],
      "spdx_id": ["Apache-2.0"],
      "url": ["https://api.github.com/licenses/apache-2.0"],
      "node_id": ["MDc6TGljZW5zZTI="]
    },
    "forks": [0],
    "open_issues": [0],
    "watchers": [0],
    "default_branch": ["master"]
  }
]
