[
  {
    "id": [58067595],
    "node_id": ["MDEwOlJlcG9zaXRvcnk1ODA2NzU5NQ=="],
    "name": ["awesome-tensorflow"],
    "full_name": ["terrytangyuan/awesome-tensorflow"],
    "private": [false],
    "owner": {
      "login": ["terrytangyuan"],
      "id": [4269898],
      "node_id": ["MDQ6VXNlcjQyNjk4OTg="],
      "avatar_url": ["https://avatars3.githubusercontent.com/u/4269898?v=4"],
      "gravatar_id": [""],
      "url": ["https://api.github.com/users/terrytangyuan"],
      "html_url": ["https://github.com/terrytangyuan"],
      "followers_url": ["https://api.github.com/users/terrytangyuan/followers"],
      "following_url": ["https://api.github.com/users/terrytangyuan/following{/other_user}"],
      "gists_url": ["https://api.github.com/users/terrytangyuan/gists{/gist_id}"],
      "starred_url": ["https://api.github.com/users/terrytangyuan/starred{/owner}{/repo}"],
      "subscriptions_url": ["https://api.github.com/users/terrytangyuan/subscriptions"],
      "organizations_url": ["https://api.github.com/users/terrytangyuan/orgs"],
      "repos_url": ["https://api.github.com/users/terrytangyuan/repos"],
      "events_url": ["https://api.github.com/users/terrytangyuan/events{/privacy}"],
      "received_events_url": ["https://api.github.com/users/terrytangyuan/received_events"],
      "type": ["User"],
      "site_admin": [false]
    },
    "html_url": ["https://github.com/terrytangyuan/awesome-tensorflow"],
    "description": ["TensorFlow - A curated list of dedicated resources http://tensorflow.org"],
    "fork": [true],
    "url": ["https://api.github.com/repos/terrytangyuan/awesome-tensorflow"],
    "forks_url": ["https://api.github.com/repos/terrytangyuan/awesome-tensorflow/forks"],
    "keys_url": ["https://api.github.com/repos/terrytangyuan/awesome-tensorflow/keys{/key_id}"],
    "collaborators_url": ["https://api.github.com/repos/terrytangyuan/awesome-tensorflow/collaborators{/collaborator}"],
    "teams_url": ["https://api.github.com/repos/terrytangyuan/awesome-tensorflow/teams"],
    "hooks_url": ["https://api.github.com/repos/terrytangyuan/awesome-tensorflow/hooks"],
    "issue_events_url": ["https://api.github.com/repos/terrytangyuan/awesome-tensorflow/issues/events{/number}"],
    "events_url": ["https://api.github.com/repos/terrytangyuan/awesome-tensorflow/events"],
    "assignees_url": ["https://api.github.com/repos/terrytangyuan/awesome-tensorflow/assignees{/user}"],
    "branches_url": ["https://api.github.com/repos/terrytangyuan/awesome-tensorflow/branches{/branch}"],
    "tags_url": ["https://api.github.com/repos/terrytangyuan/awesome-tensorflow/tags"],
    "blobs_url": ["https://api.github.com/repos/terrytangyuan/awesome-tensorflow/git/blobs{/sha}"],
    "git_tags_url": ["https://api.github.com/repos/terrytangyuan/awesome-tensorflow/git/tags{/sha}"],
    "git_refs_url": ["https://api.github.com/repos/terrytangyuan/awesome-tensorflow/git/refs{/sha}"],
    "trees_url": ["https://api.github.com/repos/terrytangyuan/awesome-tensorflow/git/trees{/sha}"],
    "statuses_url": ["https://api.github.com/repos/terrytangyuan/awesome-tensorflow/statuses/{sha}"],
    "languages_url": ["https://api.github.com/repos/terrytangyuan/awesome-tensorflow/languages"],
    "stargazers_url": ["https://api.github.com/repos/terrytangyuan/awesome-tensorflow/stargazers"],
    "contributors_url": ["https://api.github.com/repos/terrytangyuan/awesome-tensorflow/contributors"],
    "subscribers_url": ["https://api.github.com/repos/terrytangyuan/awesome-tensorflow/subscribers"],
    "subscription_url": ["https://api.github.com/repos/terrytangyuan/awesome-tensorflow/subscription"],
    "commits_url": ["https://api.github.com/repos/terrytangyuan/awesome-tensorflow/commits{/sha}"],
    "git_commits_url": ["https://api.github.com/repos/terrytangyuan/awesome-tensorflow/git/commits{/sha}"],
    "comments_url": ["https://api.github.com/repos/terrytangyuan/awesome-tensorflow/comments{/number}"],
    "issue_comment_url": ["https://api.github.com/repos/terrytangyuan/awesome-tensorflow/issues/comments{/number}"],
    "contents_url": ["https://api.github.com/repos/terrytangyuan/awesome-tensorflow/contents/{+path}"],
    "compare_url": ["https://api.github.com/repos/terrytangyuan/awesome-tensorflow/compare/{base}...{head}"],
    "merges_url": ["https://api.github.com/repos/terrytangyuan/awesome-tensorflow/merges"],
    "archive_url": ["https://api.github.com/repos/terrytangyuan/awesome-tensorflow/{archive_format}{/ref}"],
    "downloads_url": ["https://api.github.com/repos/terrytangyuan/awesome-tensorflow/downloads"],
    "issues_url": ["https://api.github.com/repos/terrytangyuan/awesome-tensorflow/issues{/number}"],
    "pulls_url": ["https://api.github.com/repos/terrytangyuan/awesome-tensorflow/pulls{/number}"],
    "milestones_url": ["https://api.github.com/repos/terrytangyuan/awesome-tensorflow/milestones{/number}"],
    "notifications_url": ["https://api.github.com/repos/terrytangyuan/awesome-tensorflow/notifications{?since,all,participating}"],
    "labels_url": ["https://api.github.com/repos/terrytangyuan/awesome-tensorflow/labels{/name}"],
    "releases_url": ["https://api.github.com/repos/terrytangyuan/awesome-tensorflow/releases{/id}"],
    "deployments_url": ["https://api.github.com/repos/terrytangyuan/awesome-tensorflow/deployments"],
    "created_at": ["2016-05-04T16:34:23Z"],
    "updated_at": ["2017-03-18T18:53:48Z"],
    "pushed_at": ["2018-10-03T18:32:39Z"],
    "git_url": ["git://github.com/terrytangyuan/awesome-tensorflow.git"],
    "ssh_url": ["git@github.com:terrytangyuan/awesome-tensorflow.git"],
    "clone_url": ["https://github.com/terrytangyuan/awesome-tensorflow.git"],
    "svn_url": ["https://github.com/terrytangyuan/awesome-tensorflow"],
    "homepage": [""],
    "size": [111],
    "stargazers_count": [5],
    "watchers_count": [5],
    "language": {},
    "has_issues": [false],
    "has_projects": [true],
    "has_downloads": [true],
    "has_wiki": [true],
    "has_pages": [false],
    "forks_count": [2],
    "mirror_url": {},
    "archived": [false],
    "open_issues_count": [0],
    "license": {
      "key": ["cc0-1.0"],
      "name": ["Creative Commons Zero v1.0 Universal"],
      "spdx_id": ["CC0-1.0"],
      "url": ["https://api.github.com/licenses/cc0-1.0"],
      "node_id": ["MDc6TGljZW5zZTY="]
    },
    "forks": [2],
    "open_issues": [0],
    "watchers": [5],
    "default_branch": ["master"]
  }
]
