[
  {
    "id": [148362159],
    "node_id": ["MDEwOlJlcG9zaXRvcnkxNDgzNjIxNTk="],
    "name": ["model-analysis"],
    "full_name": ["terrytangyuan/model-analysis"],
    "private": [false],
    "owner": {
      "login": ["terrytangyuan"],
      "id": [4269898],
      "node_id": ["MDQ6VXNlcjQyNjk4OTg="],
      "avatar_url": ["https://avatars3.githubusercontent.com/u/4269898?v=4"],
      "gravatar_id": [""],
      "url": ["https://api.github.com/users/terrytangyuan"],
      "html_url": ["https://github.com/terrytangyuan"],
      "followers_url": ["https://api.github.com/users/terrytangyuan/followers"],
      "following_url": ["https://api.github.com/users/terrytangyuan/following{/other_user}"],
      "gists_url": ["https://api.github.com/users/terrytangyuan/gists{/gist_id}"],
      "starred_url": ["https://api.github.com/users/terrytangyuan/starred{/owner}{/repo}"],
      "subscriptions_url": ["https://api.github.com/users/terrytangyuan/subscriptions"],
      "organizations_url": ["https://api.github.com/users/terrytangyuan/orgs"],
      "repos_url": ["https://api.github.com/users/terrytangyuan/repos"],
      "events_url": ["https://api.github.com/users/terrytangyuan/events{/privacy}"],
      "received_events_url": ["https://api.github.com/users/terrytangyuan/received_events"],
      "type": ["User"],
      "site_admin": [false]
    },
    "html_url": ["https://github.com/terrytangyuan/model-analysis"],
    "description": ["Model analysis tools for TensorFlow"],
    "fork": [true],
    "url": ["https://api.github.com/repos/terrytangyuan/model-analysis"],
    "forks_url": ["https://api.github.com/repos/terrytangyuan/model-analysis/forks"],
    "keys_url": ["https://api.github.com/repos/terrytangyuan/model-analysis/keys{/key_id}"],
    "collaborators_url": ["https://api.github.com/repos/terrytangyuan/model-analysis/collaborators{/collaborator}"],
    "teams_url": ["https://api.github.com/repos/terrytangyuan/model-analysis/teams"],
    "hooks_url": ["https://api.github.com/repos/terrytangyuan/model-analysis/hooks"],
    "issue_events_url": ["https://api.github.com/repos/terrytangyuan/model-analysis/issues/events{/number}"],
    "events_url": ["https://api.github.com/repos/terrytangyuan/model-analysis/events"],
    "assignees_url": ["https://api.github.com/repos/terrytangyuan/model-analysis/assignees{/user}"],
    "branches_url": ["https://api.github.com/repos/terrytangyuan/model-analysis/branches{/branch}"],
    "tags_url": ["https://api.github.com/repos/terrytangyuan/model-analysis/tags"],
    "blobs_url": ["https://api.github.com/repos/terrytangyuan/model-analysis/git/blobs{/sha}"],
    "git_tags_url": ["https://api.github.com/repos/terrytangyuan/model-analysis/git/tags{/sha}"],
    "git_refs_url": ["https://api.github.com/repos/terrytangyuan/model-analysis/git/refs{/sha}"],
    "trees_url": ["https://api.github.com/repos/terrytangyuan/model-analysis/git/trees{/sha}"],
    "statuses_url": ["https://api.github.com/repos/terrytangyuan/model-analysis/statuses/{sha}"],
    "languages_url": ["https://api.github.com/repos/terrytangyuan/model-analysis/languages"],
    "stargazers_url": ["https://api.github.com/repos/terrytangyuan/model-analysis/stargazers"],
    "contributors_url": ["https://api.github.com/repos/terrytangyuan/model-analysis/contributors"],
    "subscribers_url": ["https://api.github.com/repos/terrytangyuan/model-analysis/subscribers"],
    "subscription_url": ["https://api.github.com/repos/terrytangyuan/model-analysis/subscription"],
    "commits_url": ["https://api.github.com/repos/terrytangyuan/model-analysis/commits{/sha}"],
    "git_commits_url": ["https://api.github.com/repos/terrytangyuan/model-analysis/git/commits{/sha}"],
    "comments_url": ["https://api.github.com/repos/terrytangyuan/model-analysis/comments{/number}"],
    "issue_comment_url": ["https://api.github.com/repos/terrytangyuan/model-analysis/issues/comments{/number}"],
    "contents_url": ["https://api.github.com/repos/terrytangyuan/model-analysis/contents/{+path}"],
    "compare_url": ["https://api.github.com/repos/terrytangyuan/model-analysis/compare/{base}...{head}"],
    "merges_url": ["https://api.github.com/repos/terrytangyuan/model-analysis/merges"],
    "archive_url": ["https://api.github.com/repos/terrytangyuan/model-analysis/{archive_format}{/ref}"],
    "downloads_url": ["https://api.github.com/repos/terrytangyuan/model-analysis/downloads"],
    "issues_url": ["https://api.github.com/repos/terrytangyuan/model-analysis/issues{/number}"],
    "pulls_url": ["https://api.github.com/repos/terrytangyuan/model-analysis/pulls{/number}"],
    "milestones_url": ["https://api.github.com/repos/terrytangyuan/model-analysis/milestones{/number}"],
    "notifications_url": ["https://api.github.com/repos/terrytangyuan/model-analysis/notifications{?since,all,participating}"],
    "labels_url": ["https://api.github.com/repos/terrytangyuan/model-analysis/labels{/name}"],
    "releases_url": ["https://api.github.com/repos/terrytangyuan/model-analysis/releases{/id}"],
    "deployments_url": ["https://api.github.com/repos/terrytangyuan/model-analysis/deployments"],
    "created_at": ["2018-09-11T18:32:29Z"],
    "updated_at": ["2018-09-11T18:32:32Z"],
    "pushed_at": ["2018-11-21T03:25:47Z"],
    "git_url": ["git://github.com/terrytangyuan/model-analysis.git"],
    "ssh_url": ["git@github.com:terrytangyuan/model-analysis.git"],
    "clone_url": ["https://github.com/terrytangyuan/model-analysis.git"],
    "svn_url": ["https://github.com/terrytangyuan/model-analysis"],
    "homepage": {},
    "size": [3334],
    "stargazers_count": [0],
    "watchers_count": [0],
    "language": ["HTML"],
    "has_issues": [false],
    "has_projects": [true],
    "has_downloads": [true],
    "has_wiki": [true],
    "has_pages": [false],
    "forks_count": [0],
    "mirror_url": {},
    "archived": [false],
    "open_issues_count": [0],
    "license": {
      "key": ["apache-2.0"],
      "name": ["Apache License 2.0"],
      "spdx_id": ["Apache-2.0"],
      "url": ["https://api.github.com/licenses/apache-2.0"],
      "node_id": ["MDc6TGljZW5zZTI="]
    },
    "forks": [0],
    "open_issues": [0],
    "watchers": [0],
    "default_branch": ["master"]
  }
]
