[
  {
    "id": [177446450],
    "node_id": ["MDEwOlJlcG9zaXRvcnkxNzc0NDY0NTA="],
    "name": ["kubeflow"],
    "full_name": ["terrytangyuan/kubeflow"],
    "private": [false],
    "owner": {
      "login": ["terrytangyuan"],
      "id": [4269898],
      "node_id": ["MDQ6VXNlcjQyNjk4OTg="],
      "avatar_url": ["https://avatars3.githubusercontent.com/u/4269898?v=4"],
      "gravatar_id": [""],
      "url": ["https://api.github.com/users/terrytangyuan"],
      "html_url": ["https://github.com/terrytangyuan"],
      "followers_url": ["https://api.github.com/users/terrytangyuan/followers"],
      "following_url": ["https://api.github.com/users/terrytangyuan/following{/other_user}"],
      "gists_url": ["https://api.github.com/users/terrytangyuan/gists{/gist_id}"],
      "starred_url": ["https://api.github.com/users/terrytangyuan/starred{/owner}{/repo}"],
      "subscriptions_url": ["https://api.github.com/users/terrytangyuan/subscriptions"],
      "organizations_url": ["https://api.github.com/users/terrytangyuan/orgs"],
      "repos_url": ["https://api.github.com/users/terrytangyuan/repos"],
      "events_url": ["https://api.github.com/users/terrytangyuan/events{/privacy}"],
      "received_events_url": ["https://api.github.com/users/terrytangyuan/received_events"],
      "type": ["User"],
      "site_admin": [false]
    },
    "html_url": ["https://github.com/terrytangyuan/kubeflow"],
    "description": ["Machine Learning Toolkit for Kubernetes"],
    "fork": [true],
    "url": ["https://api.github.com/repos/terrytangyuan/kubeflow"],
    "forks_url": ["https://api.github.com/repos/terrytangyuan/kubeflow/forks"],
    "keys_url": ["https://api.github.com/repos/terrytangyuan/kubeflow/keys{/key_id}"],
    "collaborators_url": ["https://api.github.com/repos/terrytangyuan/kubeflow/collaborators{/collaborator}"],
    "teams_url": ["https://api.github.com/repos/terrytangyuan/kubeflow/teams"],
    "hooks_url": ["https://api.github.com/repos/terrytangyuan/kubeflow/hooks"],
    "issue_events_url": ["https://api.github.com/repos/terrytangyuan/kubeflow/issues/events{/number}"],
    "events_url": ["https://api.github.com/repos/terrytangyuan/kubeflow/events"],
    "assignees_url": ["https://api.github.com/repos/terrytangyuan/kubeflow/assignees{/user}"],
    "branches_url": ["https://api.github.com/repos/terrytangyuan/kubeflow/branches{/branch}"],
    "tags_url": ["https://api.github.com/repos/terrytangyuan/kubeflow/tags"],
    "blobs_url": ["https://api.github.com/repos/terrytangyuan/kubeflow/git/blobs{/sha}"],
    "git_tags_url": ["https://api.github.com/repos/terrytangyuan/kubeflow/git/tags{/sha}"],
    "git_refs_url": ["https://api.github.com/repos/terrytangyuan/kubeflow/git/refs{/sha}"],
    "trees_url": ["https://api.github.com/repos/terrytangyuan/kubeflow/git/trees{/sha}"],
    "statuses_url": ["https://api.github.com/repos/terrytangyuan/kubeflow/statuses/{sha}"],
    "languages_url": ["https://api.github.com/repos/terrytangyuan/kubeflow/languages"],
    "stargazers_url": ["https://api.github.com/repos/terrytangyuan/kubeflow/stargazers"],
    "contributors_url": ["https://api.github.com/repos/terrytangyuan/kubeflow/contributors"],
    "subscribers_url": ["https://api.github.com/repos/terrytangyuan/kubeflow/subscribers"],
    "subscription_url": ["https://api.github.com/repos/terrytangyuan/kubeflow/subscription"],
    "commits_url": ["https://api.github.com/repos/terrytangyuan/kubeflow/commits{/sha}"],
    "git_commits_url": ["https://api.github.com/repos/terrytangyuan/kubeflow/git/commits{/sha}"],
    "comments_url": ["https://api.github.com/repos/terrytangyuan/kubeflow/comments{/number}"],
    "issue_comment_url": ["https://api.github.com/repos/terrytangyuan/kubeflow/issues/comments{/number}"],
    "contents_url": ["https://api.github.com/repos/terrytangyuan/kubeflow/contents/{+path}"],
    "compare_url": ["https://api.github.com/repos/terrytangyuan/kubeflow/compare/{base}...{head}"],
    "merges_url": ["https://api.github.com/repos/terrytangyuan/kubeflow/merges"],
    "archive_url": ["https://api.github.com/repos/terrytangyuan/kubeflow/{archive_format}{/ref}"],
    "downloads_url": ["https://api.github.com/repos/terrytangyuan/kubeflow/downloads"],
    "issues_url": ["https://api.github.com/repos/terrytangyuan/kubeflow/issues{/number}"],
    "pulls_url": ["https://api.github.com/repos/terrytangyuan/kubeflow/pulls{/number}"],
    "milestones_url": ["https://api.github.com/repos/terrytangyuan/kubeflow/milestones{/number}"],
    "notifications_url": ["https://api.github.com/repos/terrytangyuan/kubeflow/notifications{?since,all,participating}"],
    "labels_url": ["https://api.github.com/repos/terrytangyuan/kubeflow/labels{/name}"],
    "releases_url": ["https://api.github.com/repos/terrytangyuan/kubeflow/releases{/id}"],
    "deployments_url": ["https://api.github.com/repos/terrytangyuan/kubeflow/deployments"],
    "created_at": ["2019-03-24T17:26:23Z"],
    "updated_at": ["2019-03-24T17:26:28Z"],
    "pushed_at": ["2019-03-27T14:17:10Z"],
    "git_url": ["git://github.com/terrytangyuan/kubeflow.git"],
    "ssh_url": ["git@github.com:terrytangyuan/kubeflow.git"],
    "clone_url": ["https://github.com/terrytangyuan/kubeflow.git"],
    "svn_url": ["https://github.com/terrytangyuan/kubeflow"],
    "homepage": [""],
    "size": [141510],
    "stargazers_count": [0],
    "watchers_count": [0],
    "language": ["Jsonnet"],
    "has_issues": [false],
    "has_projects": [true],
    "has_downloads": [false],
    "has_wiki": [true],
    "has_pages": [false],
    "forks_count": [0],
    "mirror_url": {},
    "archived": [false],
    "open_issues_count": [0],
    "license": {
      "key": ["apache-2.0"],
      "name": ["Apache License 2.0"],
      "spdx_id": ["Apache-2.0"],
      "url": ["https://api.github.com/licenses/apache-2.0"],
      "node_id": ["MDc6TGljZW5zZTI="]
    },
    "forks": [0],
    "open_issues": [0],
    "watchers": [0],
    "default_branch": ["master"]
  }
]
