[
  {
    "id": [43663293],
    "node_id": ["MDEwOlJlcG9zaXRvcnk0MzY2MzI5Mw=="],
    "name": ["xgboost"],
    "full_name": ["terrytangyuan/xgboost"],
    "private": [false],
    "owner": {
      "login": ["terrytangyuan"],
      "id": [4269898],
      "node_id": ["MDQ6VXNlcjQyNjk4OTg="],
      "avatar_url": ["https://avatars3.githubusercontent.com/u/4269898?v=4"],
      "gravatar_id": [""],
      "url": ["https://api.github.com/users/terrytangyuan"],
      "html_url": ["https://github.com/terrytangyuan"],
      "followers_url": ["https://api.github.com/users/terrytangyuan/followers"],
      "following_url": ["https://api.github.com/users/terrytangyuan/following{/other_user}"],
      "gists_url": ["https://api.github.com/users/terrytangyuan/gists{/gist_id}"],
      "starred_url": ["https://api.github.com/users/terrytangyuan/starred{/owner}{/repo}"],
      "subscriptions_url": ["https://api.github.com/users/terrytangyuan/subscriptions"],
      "organizations_url": ["https://api.github.com/users/terrytangyuan/orgs"],
      "repos_url": ["https://api.github.com/users/terrytangyuan/repos"],
      "events_url": ["https://api.github.com/users/terrytangyuan/events{/privacy}"],
      "received_events_url": ["https://api.github.com/users/terrytangyuan/received_events"],
      "type": ["User"],
      "site_admin": [false]
    },
    "html_url": ["https://github.com/terrytangyuan/xgboost"],
    "description": ["Large-scale and Distributed Gradient Boosting (GBDT, GBRT or GBM) Library, on single node, hadoop yarn and more."],
    "fork": [true],
    "url": ["https://api.github.com/repos/terrytangyuan/xgboost"],
    "forks_url": ["https://api.github.com/repos/terrytangyuan/xgboost/forks"],
    "keys_url": ["https://api.github.com/repos/terrytangyuan/xgboost/keys{/key_id}"],
    "collaborators_url": ["https://api.github.com/repos/terrytangyuan/xgboost/collaborators{/collaborator}"],
    "teams_url": ["https://api.github.com/repos/terrytangyuan/xgboost/teams"],
    "hooks_url": ["https://api.github.com/repos/terrytangyuan/xgboost/hooks"],
    "issue_events_url": ["https://api.github.com/repos/terrytangyuan/xgboost/issues/events{/number}"],
    "events_url": ["https://api.github.com/repos/terrytangyuan/xgboost/events"],
    "assignees_url": ["https://api.github.com/repos/terrytangyuan/xgboost/assignees{/user}"],
    "branches_url": ["https://api.github.com/repos/terrytangyuan/xgboost/branches{/branch}"],
    "tags_url": ["https://api.github.com/repos/terrytangyuan/xgboost/tags"],
    "blobs_url": ["https://api.github.com/repos/terrytangyuan/xgboost/git/blobs{/sha}"],
    "git_tags_url": ["https://api.github.com/repos/terrytangyuan/xgboost/git/tags{/sha}"],
    "git_refs_url": ["https://api.github.com/repos/terrytangyuan/xgboost/git/refs{/sha}"],
    "trees_url": ["https://api.github.com/repos/terrytangyuan/xgboost/git/trees{/sha}"],
    "statuses_url": ["https://api.github.com/repos/terrytangyuan/xgboost/statuses/{sha}"],
    "languages_url": ["https://api.github.com/repos/terrytangyuan/xgboost/languages"],
    "stargazers_url": ["https://api.github.com/repos/terrytangyuan/xgboost/stargazers"],
    "contributors_url": ["https://api.github.com/repos/terrytangyuan/xgboost/contributors"],
    "subscribers_url": ["https://api.github.com/repos/terrytangyuan/xgboost/subscribers"],
    "subscription_url": ["https://api.github.com/repos/terrytangyuan/xgboost/subscription"],
    "commits_url": ["https://api.github.com/repos/terrytangyuan/xgboost/commits{/sha}"],
    "git_commits_url": ["https://api.github.com/repos/terrytangyuan/xgboost/git/commits{/sha}"],
    "comments_url": ["https://api.github.com/repos/terrytangyuan/xgboost/comments{/number}"],
    "issue_comment_url": ["https://api.github.com/repos/terrytangyuan/xgboost/issues/comments{/number}"],
    "contents_url": ["https://api.github.com/repos/terrytangyuan/xgboost/contents/{+path}"],
    "compare_url": ["https://api.github.com/repos/terrytangyuan/xgboost/compare/{base}...{head}"],
    "merges_url": ["https://api.github.com/repos/terrytangyuan/xgboost/merges"],
    "archive_url": ["https://api.github.com/repos/terrytangyuan/xgboost/{archive_format}{/ref}"],
    "downloads_url": ["https://api.github.com/repos/terrytangyuan/xgboost/downloads"],
    "issues_url": ["https://api.github.com/repos/terrytangyuan/xgboost/issues{/number}"],
    "pulls_url": ["https://api.github.com/repos/terrytangyuan/xgboost/pulls{/number}"],
    "milestones_url": ["https://api.github.com/repos/terrytangyuan/xgboost/milestones{/number}"],
    "notifications_url": ["https://api.github.com/repos/terrytangyuan/xgboost/notifications{?since,all,participating}"],
    "labels_url": ["https://api.github.com/repos/terrytangyuan/xgboost/labels{/name}"],
    "releases_url": ["https://api.github.com/repos/terrytangyuan/xgboost/releases{/id}"],
    "deployments_url": ["https://api.github.com/repos/terrytangyuan/xgboost/deployments"],
    "created_at": ["2015-10-05T03:18:30Z"],
    "updated_at": ["2016-11-20T23:54:12Z"],
    "pushed_at": ["2016-11-20T23:54:09Z"],
    "git_url": ["git://github.com/terrytangyuan/xgboost.git"],
    "ssh_url": ["git@github.com:terrytangyuan/xgboost.git"],
    "clone_url": ["https://github.com/terrytangyuan/xgboost.git"],
    "svn_url": ["https://github.com/terrytangyuan/xgboost"],
    "homepage": [""],
    "size": [6278],
    "stargazers_count": [0],
    "watchers_count": [0],
    "language": ["C++"],
    "has_issues": [false],
    "has_projects": [true],
    "has_downloads": [true],
    "has_wiki": [true],
    "has_pages": [false],
    "forks_count": [0],
    "mirror_url": {},
    "archived": [false],
    "open_issues_count": [0],
    "license": {
      "key": ["other"],
      "name": ["Other"],
      "spdx_id": ["NOASSERTION"],
      "url": {},
      "node_id": ["MDc6TGljZW5zZTA="]
    },
    "forks": [0],
    "open_issues": [0],
    "watchers": [0],
    "default_branch": ["master"]
  }
]
