[
  {
    "id": [81408474],
    "node_id": ["MDEwOlJlcG9zaXRvcnk4MTQwODQ3NA=="],
    "name": ["reticulate"],
    "full_name": ["terrytangyuan/reticulate"],
    "private": [false],
    "owner": {
      "login": ["terrytangyuan"],
      "id": [4269898],
      "node_id": ["MDQ6VXNlcjQyNjk4OTg="],
      "avatar_url": ["https://avatars3.githubusercontent.com/u/4269898?v=4"],
      "gravatar_id": [""],
      "url": ["https://api.github.com/users/terrytangyuan"],
      "html_url": ["https://github.com/terrytangyuan"],
      "followers_url": ["https://api.github.com/users/terrytangyuan/followers"],
      "following_url": ["https://api.github.com/users/terrytangyuan/following{/other_user}"],
      "gists_url": ["https://api.github.com/users/terrytangyuan/gists{/gist_id}"],
      "starred_url": ["https://api.github.com/users/terrytangyuan/starred{/owner}{/repo}"],
      "subscriptions_url": ["https://api.github.com/users/terrytangyuan/subscriptions"],
      "organizations_url": ["https://api.github.com/users/terrytangyuan/orgs"],
      "repos_url": ["https://api.github.com/users/terrytangyuan/repos"],
      "events_url": ["https://api.github.com/users/terrytangyuan/events{/privacy}"],
      "received_events_url": ["https://api.github.com/users/terrytangyuan/received_events"],
      "type": ["User"],
      "site_admin": [false]
    },
    "html_url": ["https://github.com/terrytangyuan/reticulate"],
    "description": ["R Interface to Python"],
    "fork": [true],
    "url": ["https://api.github.com/repos/terrytangyuan/reticulate"],
    "forks_url": ["https://api.github.com/repos/terrytangyuan/reticulate/forks"],
    "keys_url": ["https://api.github.com/repos/terrytangyuan/reticulate/keys{/key_id}"],
    "collaborators_url": ["https://api.github.com/repos/terrytangyuan/reticulate/collaborators{/collaborator}"],
    "teams_url": ["https://api.github.com/repos/terrytangyuan/reticulate/teams"],
    "hooks_url": ["https://api.github.com/repos/terrytangyuan/reticulate/hooks"],
    "issue_events_url": ["https://api.github.com/repos/terrytangyuan/reticulate/issues/events{/number}"],
    "events_url": ["https://api.github.com/repos/terrytangyuan/reticulate/events"],
    "assignees_url": ["https://api.github.com/repos/terrytangyuan/reticulate/assignees{/user}"],
    "branches_url": ["https://api.github.com/repos/terrytangyuan/reticulate/branches{/branch}"],
    "tags_url": ["https://api.github.com/repos/terrytangyuan/reticulate/tags"],
    "blobs_url": ["https://api.github.com/repos/terrytangyuan/reticulate/git/blobs{/sha}"],
    "git_tags_url": ["https://api.github.com/repos/terrytangyuan/reticulate/git/tags{/sha}"],
    "git_refs_url": ["https://api.github.com/repos/terrytangyuan/reticulate/git/refs{/sha}"],
    "trees_url": ["https://api.github.com/repos/terrytangyuan/reticulate/git/trees{/sha}"],
    "statuses_url": ["https://api.github.com/repos/terrytangyuan/reticulate/statuses/{sha}"],
    "languages_url": ["https://api.github.com/repos/terrytangyuan/reticulate/languages"],
    "stargazers_url": ["https://api.github.com/repos/terrytangyuan/reticulate/stargazers"],
    "contributors_url": ["https://api.github.com/repos/terrytangyuan/reticulate/contributors"],
    "subscribers_url": ["https://api.github.com/repos/terrytangyuan/reticulate/subscribers"],
    "subscription_url": ["https://api.github.com/repos/terrytangyuan/reticulate/subscription"],
    "commits_url": ["https://api.github.com/repos/terrytangyuan/reticulate/commits{/sha}"],
    "git_commits_url": ["https://api.github.com/repos/terrytangyuan/reticulate/git/commits{/sha}"],
    "comments_url": ["https://api.github.com/repos/terrytangyuan/reticulate/comments{/number}"],
    "issue_comment_url": ["https://api.github.com/repos/terrytangyuan/reticulate/issues/comments{/number}"],
    "contents_url": ["https://api.github.com/repos/terrytangyuan/reticulate/contents/{+path}"],
    "compare_url": ["https://api.github.com/repos/terrytangyuan/reticulate/compare/{base}...{head}"],
    "merges_url": ["https://api.github.com/repos/terrytangyuan/reticulate/merges"],
    "archive_url": ["https://api.github.com/repos/terrytangyuan/reticulate/{archive_format}{/ref}"],
    "downloads_url": ["https://api.github.com/repos/terrytangyuan/reticulate/downloads"],
    "issues_url": ["https://api.github.com/repos/terrytangyuan/reticulate/issues{/number}"],
    "pulls_url": ["https://api.github.com/repos/terrytangyuan/reticulate/pulls{/number}"],
    "milestones_url": ["https://api.github.com/repos/terrytangyuan/reticulate/milestones{/number}"],
    "notifications_url": ["https://api.github.com/repos/terrytangyuan/reticulate/notifications{?since,all,participating}"],
    "labels_url": ["https://api.github.com/repos/terrytangyuan/reticulate/labels{/name}"],
    "releases_url": ["https://api.github.com/repos/terrytangyuan/reticulate/releases{/id}"],
    "deployments_url": ["https://api.github.com/repos/terrytangyuan/reticulate/deployments"],
    "created_at": ["2017-02-09T04:19:06Z"],
    "updated_at": ["2017-02-09T04:19:08Z"],
    "pushed_at": ["2019-03-03T20:20:31Z"],
    "git_url": ["git://github.com/terrytangyuan/reticulate.git"],
    "ssh_url": ["git@github.com:terrytangyuan/reticulate.git"],
    "clone_url": ["https://github.com/terrytangyuan/reticulate.git"],
    "svn_url": ["https://github.com/terrytangyuan/reticulate"],
    "homepage": [""],
    "size": [12686],
    "stargazers_count": [0],
    "watchers_count": [0],
    "language": ["C++"],
    "has_issues": [false],
    "has_projects": [true],
    "has_downloads": [true],
    "has_wiki": [true],
    "has_pages": [false],
    "forks_count": [0],
    "mirror_url": {},
    "archived": [false],
    "open_issues_count": [0],
    "license": {
      "key": ["apache-2.0"],
      "name": ["Apache License 2.0"],
      "spdx_id": ["Apache-2.0"],
      "url": ["https://api.github.com/licenses/apache-2.0"],
      "node_id": ["MDc6TGljZW5zZTI="]
    },
    "forks": [0],
    "open_issues": [0],
    "watchers": [0],
    "default_branch": ["master"]
  }
]
