[
  {
    "id": [152443696],
    "node_id": ["MDEwOlJlcG9zaXRvcnkxNTI0NDM2OTY="],
    "name": ["docs"],
    "full_name": ["terrytangyuan/docs"],
    "private": [false],
    "owner": {
      "login": ["terrytangyuan"],
      "id": [4269898],
      "node_id": ["MDQ6VXNlcjQyNjk4OTg="],
      "avatar_url": ["https://avatars3.githubusercontent.com/u/4269898?v=4"],
      "gravatar_id": [""],
      "url": ["https://api.github.com/users/terrytangyuan"],
      "html_url": ["https://github.com/terrytangyuan"],
      "followers_url": ["https://api.github.com/users/terrytangyuan/followers"],
      "following_url": ["https://api.github.com/users/terrytangyuan/following{/other_user}"],
      "gists_url": ["https://api.github.com/users/terrytangyuan/gists{/gist_id}"],
      "starred_url": ["https://api.github.com/users/terrytangyuan/starred{/owner}{/repo}"],
      "subscriptions_url": ["https://api.github.com/users/terrytangyuan/subscriptions"],
      "organizations_url": ["https://api.github.com/users/terrytangyuan/orgs"],
      "repos_url": ["https://api.github.com/users/terrytangyuan/repos"],
      "events_url": ["https://api.github.com/users/terrytangyuan/events{/privacy}"],
      "received_events_url": ["https://api.github.com/users/terrytangyuan/received_events"],
      "type": ["User"],
      "site_admin": [false]
    },
    "html_url": ["https://github.com/terrytangyuan/docs"],
    "description": ["TensorFlow documentation"],
    "fork": [true],
    "url": ["https://api.github.com/repos/terrytangyuan/docs"],
    "forks_url": ["https://api.github.com/repos/terrytangyuan/docs/forks"],
    "keys_url": ["https://api.github.com/repos/terrytangyuan/docs/keys{/key_id}"],
    "collaborators_url": ["https://api.github.com/repos/terrytangyuan/docs/collaborators{/collaborator}"],
    "teams_url": ["https://api.github.com/repos/terrytangyuan/docs/teams"],
    "hooks_url": ["https://api.github.com/repos/terrytangyuan/docs/hooks"],
    "issue_events_url": ["https://api.github.com/repos/terrytangyuan/docs/issues/events{/number}"],
    "events_url": ["https://api.github.com/repos/terrytangyuan/docs/events"],
    "assignees_url": ["https://api.github.com/repos/terrytangyuan/docs/assignees{/user}"],
    "branches_url": ["https://api.github.com/repos/terrytangyuan/docs/branches{/branch}"],
    "tags_url": ["https://api.github.com/repos/terrytangyuan/docs/tags"],
    "blobs_url": ["https://api.github.com/repos/terrytangyuan/docs/git/blobs{/sha}"],
    "git_tags_url": ["https://api.github.com/repos/terrytangyuan/docs/git/tags{/sha}"],
    "git_refs_url": ["https://api.github.com/repos/terrytangyuan/docs/git/refs{/sha}"],
    "trees_url": ["https://api.github.com/repos/terrytangyuan/docs/git/trees{/sha}"],
    "statuses_url": ["https://api.github.com/repos/terrytangyuan/docs/statuses/{sha}"],
    "languages_url": ["https://api.github.com/repos/terrytangyuan/docs/languages"],
    "stargazers_url": ["https://api.github.com/repos/terrytangyuan/docs/stargazers"],
    "contributors_url": ["https://api.github.com/repos/terrytangyuan/docs/contributors"],
    "subscribers_url": ["https://api.github.com/repos/terrytangyuan/docs/subscribers"],
    "subscription_url": ["https://api.github.com/repos/terrytangyuan/docs/subscription"],
    "commits_url": ["https://api.github.com/repos/terrytangyuan/docs/commits{/sha}"],
    "git_commits_url": ["https://api.github.com/repos/terrytangyuan/docs/git/commits{/sha}"],
    "comments_url": ["https://api.github.com/repos/terrytangyuan/docs/comments{/number}"],
    "issue_comment_url": ["https://api.github.com/repos/terrytangyuan/docs/issues/comments{/number}"],
    "contents_url": ["https://api.github.com/repos/terrytangyuan/docs/contents/{+path}"],
    "compare_url": ["https://api.github.com/repos/terrytangyuan/docs/compare/{base}...{head}"],
    "merges_url": ["https://api.github.com/repos/terrytangyuan/docs/merges"],
    "archive_url": ["https://api.github.com/repos/terrytangyuan/docs/{archive_format}{/ref}"],
    "downloads_url": ["https://api.github.com/repos/terrytangyuan/docs/downloads"],
    "issues_url": ["https://api.github.com/repos/terrytangyuan/docs/issues{/number}"],
    "pulls_url": ["https://api.github.com/repos/terrytangyuan/docs/pulls{/number}"],
    "milestones_url": ["https://api.github.com/repos/terrytangyuan/docs/milestones{/number}"],
    "notifications_url": ["https://api.github.com/repos/terrytangyuan/docs/notifications{?since,all,participating}"],
    "labels_url": ["https://api.github.com/repos/terrytangyuan/docs/labels{/name}"],
    "releases_url": ["https://api.github.com/repos/terrytangyuan/docs/releases{/id}"],
    "deployments_url": ["https://api.github.com/repos/terrytangyuan/docs/deployments"],
    "created_at": ["2018-10-10T15:09:56Z"],
    "updated_at": ["2018-11-22T06:31:04Z"],
    "pushed_at": ["2019-02-05T01:56:22Z"],
    "git_url": ["git://github.com/terrytangyuan/docs.git"],
    "ssh_url": ["git@github.com:terrytangyuan/docs.git"],
    "clone_url": ["https://github.com/terrytangyuan/docs.git"],
    "svn_url": ["https://github.com/terrytangyuan/docs"],
    "homepage": ["https://www.tensorflow.org"],
    "size": [3217],
    "stargazers_count": [1],
    "watchers_count": [1],
    "language": ["Jupyter Notebook"],
    "has_issues": [false],
    "has_projects": [true],
    "has_downloads": [true],
    "has_wiki": [false],
    "has_pages": [false],
    "forks_count": [0],
    "mirror_url": {},
    "archived": [false],
    "open_issues_count": [0],
    "license": {
      "key": ["apache-2.0"],
      "name": ["Apache License 2.0"],
      "spdx_id": ["Apache-2.0"],
      "url": ["https://api.github.com/licenses/apache-2.0"],
      "node_id": ["MDc6TGljZW5zZTI="]
    },
    "forks": [0],
    "open_issues": [0],
    "watchers": [1],
    "default_branch": ["master"]
  }
]
