[
  {
    "id": [40505861],
    "node_id": ["MDEwOlJlcG9zaXRvcnk0MDUwNTg2MQ=="],
    "name": ["lfda"],
    "full_name": ["terrytangyuan/lfda"],
    "private": [false],
    "owner": {
      "login": ["terrytangyuan"],
      "id": [4269898],
      "node_id": ["MDQ6VXNlcjQyNjk4OTg="],
      "avatar_url": ["https://avatars3.githubusercontent.com/u/4269898?v=4"],
      "gravatar_id": [""],
      "url": ["https://api.github.com/users/terrytangyuan"],
      "html_url": ["https://github.com/terrytangyuan"],
      "followers_url": ["https://api.github.com/users/terrytangyuan/followers"],
      "following_url": ["https://api.github.com/users/terrytangyuan/following{/other_user}"],
      "gists_url": ["https://api.github.com/users/terrytangyuan/gists{/gist_id}"],
      "starred_url": ["https://api.github.com/users/terrytangyuan/starred{/owner}{/repo}"],
      "subscriptions_url": ["https://api.github.com/users/terrytangyuan/subscriptions"],
      "organizations_url": ["https://api.github.com/users/terrytangyuan/orgs"],
      "repos_url": ["https://api.github.com/users/terrytangyuan/repos"],
      "events_url": ["https://api.github.com/users/terrytangyuan/events{/privacy}"],
      "received_events_url": ["https://api.github.com/users/terrytangyuan/received_events"],
      "type": ["User"],
      "site_admin": [false]
    },
    "html_url": ["https://github.com/terrytangyuan/lfda"],
    "description": ["R package for Local Fisher Discriminant Analysis"],
    "fork": [false],
    "url": ["https://api.github.com/repos/terrytangyuan/lfda"],
    "forks_url": ["https://api.github.com/repos/terrytangyuan/lfda/forks"],
    "keys_url": ["https://api.github.com/repos/terrytangyuan/lfda/keys{/key_id}"],
    "collaborators_url": ["https://api.github.com/repos/terrytangyuan/lfda/collaborators{/collaborator}"],
    "teams_url": ["https://api.github.com/repos/terrytangyuan/lfda/teams"],
    "hooks_url": ["https://api.github.com/repos/terrytangyuan/lfda/hooks"],
    "issue_events_url": ["https://api.github.com/repos/terrytangyuan/lfda/issues/events{/number}"],
    "events_url": ["https://api.github.com/repos/terrytangyuan/lfda/events"],
    "assignees_url": ["https://api.github.com/repos/terrytangyuan/lfda/assignees{/user}"],
    "branches_url": ["https://api.github.com/repos/terrytangyuan/lfda/branches{/branch}"],
    "tags_url": ["https://api.github.com/repos/terrytangyuan/lfda/tags"],
    "blobs_url": ["https://api.github.com/repos/terrytangyuan/lfda/git/blobs{/sha}"],
    "git_tags_url": ["https://api.github.com/repos/terrytangyuan/lfda/git/tags{/sha}"],
    "git_refs_url": ["https://api.github.com/repos/terrytangyuan/lfda/git/refs{/sha}"],
    "trees_url": ["https://api.github.com/repos/terrytangyuan/lfda/git/trees{/sha}"],
    "statuses_url": ["https://api.github.com/repos/terrytangyuan/lfda/statuses/{sha}"],
    "languages_url": ["https://api.github.com/repos/terrytangyuan/lfda/languages"],
    "stargazers_url": ["https://api.github.com/repos/terrytangyuan/lfda/stargazers"],
    "contributors_url": ["https://api.github.com/repos/terrytangyuan/lfda/contributors"],
    "subscribers_url": ["https://api.github.com/repos/terrytangyuan/lfda/subscribers"],
    "subscription_url": ["https://api.github.com/repos/terrytangyuan/lfda/subscription"],
    "commits_url": ["https://api.github.com/repos/terrytangyuan/lfda/commits{/sha}"],
    "git_commits_url": ["https://api.github.com/repos/terrytangyuan/lfda/git/commits{/sha}"],
    "comments_url": ["https://api.github.com/repos/terrytangyuan/lfda/comments{/number}"],
    "issue_comment_url": ["https://api.github.com/repos/terrytangyuan/lfda/issues/comments{/number}"],
    "contents_url": ["https://api.github.com/repos/terrytangyuan/lfda/contents/{+path}"],
    "compare_url": ["https://api.github.com/repos/terrytangyuan/lfda/compare/{base}...{head}"],
    "merges_url": ["https://api.github.com/repos/terrytangyuan/lfda/merges"],
    "archive_url": ["https://api.github.com/repos/terrytangyuan/lfda/{archive_format}{/ref}"],
    "downloads_url": ["https://api.github.com/repos/terrytangyuan/lfda/downloads"],
    "issues_url": ["https://api.github.com/repos/terrytangyuan/lfda/issues{/number}"],
    "pulls_url": ["https://api.github.com/repos/terrytangyuan/lfda/pulls{/number}"],
    "milestones_url": ["https://api.github.com/repos/terrytangyuan/lfda/milestones{/number}"],
    "notifications_url": ["https://api.github.com/repos/terrytangyuan/lfda/notifications{?since,all,participating}"],
    "labels_url": ["https://api.github.com/repos/terrytangyuan/lfda/labels{/name}"],
    "releases_url": ["https://api.github.com/repos/terrytangyuan/lfda/releases{/id}"],
    "deployments_url": ["https://api.github.com/repos/terrytangyuan/lfda/deployments"],
    "created_at": ["2015-08-10T20:58:19Z"],
    "updated_at": ["2018-12-27T12:22:26Z"],
    "pushed_at": ["2017-01-05T09:53:33Z"],
    "git_url": ["git://github.com/terrytangyuan/lfda.git"],
    "ssh_url": ["git@github.com:terrytangyuan/lfda.git"],
    "clone_url": ["https://github.com/terrytangyuan/lfda.git"],
    "svn_url": ["https://github.com/terrytangyuan/lfda"],
    "homepage": {},
    "size": [79],
    "stargazers_count": [66],
    "watchers_count": [66],
    "language": ["R"],
    "has_issues": [true],
    "has_projects": [true],
    "has_downloads": [true],
    "has_wiki": [true],
    "has_pages": [false],
    "forks_count": [23],
    "mirror_url": {},
    "archived": [false],
    "open_issues_count": [1],
    "license": {
      "key": ["other"],
      "name": ["Other"],
      "spdx_id": ["NOASSERTION"],
      "url": {},
      "node_id": ["MDc6TGljZW5zZTA="]
    },
    "forks": [23],
    "open_issues": [1],
    "watchers": [66],
    "default_branch": ["master"]
  }
]
