[
  {
    "id": [160990314],
    "node_id": ["MDEwOlJlcG9zaXRvcnkxNjA5OTAzMTQ="],
    "name": ["io"],
    "full_name": ["terrytangyuan/io"],
    "private": [false],
    "owner": {
      "login": ["terrytangyuan"],
      "id": [4269898],
      "node_id": ["MDQ6VXNlcjQyNjk4OTg="],
      "avatar_url": ["https://avatars3.githubusercontent.com/u/4269898?v=4"],
      "gravatar_id": [""],
      "url": ["https://api.github.com/users/terrytangyuan"],
      "html_url": ["https://github.com/terrytangyuan"],
      "followers_url": ["https://api.github.com/users/terrytangyuan/followers"],
      "following_url": ["https://api.github.com/users/terrytangyuan/following{/other_user}"],
      "gists_url": ["https://api.github.com/users/terrytangyuan/gists{/gist_id}"],
      "starred_url": ["https://api.github.com/users/terrytangyuan/starred{/owner}{/repo}"],
      "subscriptions_url": ["https://api.github.com/users/terrytangyuan/subscriptions"],
      "organizations_url": ["https://api.github.com/users/terrytangyuan/orgs"],
      "repos_url": ["https://api.github.com/users/terrytangyuan/repos"],
      "events_url": ["https://api.github.com/users/terrytangyuan/events{/privacy}"],
      "received_events_url": ["https://api.github.com/users/terrytangyuan/received_events"],
      "type": ["User"],
      "site_admin": [false]
    },
    "html_url": ["https://github.com/terrytangyuan/io"],
    "description": ["Datasets and filesystem extensions maintained by SIG-IO"],
    "fork": [true],
    "url": ["https://api.github.com/repos/terrytangyuan/io"],
    "forks_url": ["https://api.github.com/repos/terrytangyuan/io/forks"],
    "keys_url": ["https://api.github.com/repos/terrytangyuan/io/keys{/key_id}"],
    "collaborators_url": ["https://api.github.com/repos/terrytangyuan/io/collaborators{/collaborator}"],
    "teams_url": ["https://api.github.com/repos/terrytangyuan/io/teams"],
    "hooks_url": ["https://api.github.com/repos/terrytangyuan/io/hooks"],
    "issue_events_url": ["https://api.github.com/repos/terrytangyuan/io/issues/events{/number}"],
    "events_url": ["https://api.github.com/repos/terrytangyuan/io/events"],
    "assignees_url": ["https://api.github.com/repos/terrytangyuan/io/assignees{/user}"],
    "branches_url": ["https://api.github.com/repos/terrytangyuan/io/branches{/branch}"],
    "tags_url": ["https://api.github.com/repos/terrytangyuan/io/tags"],
    "blobs_url": ["https://api.github.com/repos/terrytangyuan/io/git/blobs{/sha}"],
    "git_tags_url": ["https://api.github.com/repos/terrytangyuan/io/git/tags{/sha}"],
    "git_refs_url": ["https://api.github.com/repos/terrytangyuan/io/git/refs{/sha}"],
    "trees_url": ["https://api.github.com/repos/terrytangyuan/io/git/trees{/sha}"],
    "statuses_url": ["https://api.github.com/repos/terrytangyuan/io/statuses/{sha}"],
    "languages_url": ["https://api.github.com/repos/terrytangyuan/io/languages"],
    "stargazers_url": ["https://api.github.com/repos/terrytangyuan/io/stargazers"],
    "contributors_url": ["https://api.github.com/repos/terrytangyuan/io/contributors"],
    "subscribers_url": ["https://api.github.com/repos/terrytangyuan/io/subscribers"],
    "subscription_url": ["https://api.github.com/repos/terrytangyuan/io/subscription"],
    "commits_url": ["https://api.github.com/repos/terrytangyuan/io/commits{/sha}"],
    "git_commits_url": ["https://api.github.com/repos/terrytangyuan/io/git/commits{/sha}"],
    "comments_url": ["https://api.github.com/repos/terrytangyuan/io/comments{/number}"],
    "issue_comment_url": ["https://api.github.com/repos/terrytangyuan/io/issues/comments{/number}"],
    "contents_url": ["https://api.github.com/repos/terrytangyuan/io/contents/{+path}"],
    "compare_url": ["https://api.github.com/repos/terrytangyuan/io/compare/{base}...{head}"],
    "merges_url": ["https://api.github.com/repos/terrytangyuan/io/merges"],
    "archive_url": ["https://api.github.com/repos/terrytangyuan/io/{archive_format}{/ref}"],
    "downloads_url": ["https://api.github.com/repos/terrytangyuan/io/downloads"],
    "issues_url": ["https://api.github.com/repos/terrytangyuan/io/issues{/number}"],
    "pulls_url": ["https://api.github.com/repos/terrytangyuan/io/pulls{/number}"],
    "milestones_url": ["https://api.github.com/repos/terrytangyuan/io/milestones{/number}"],
    "notifications_url": ["https://api.github.com/repos/terrytangyuan/io/notifications{?since,all,participating}"],
    "labels_url": ["https://api.github.com/repos/terrytangyuan/io/labels{/name}"],
    "releases_url": ["https://api.github.com/repos/terrytangyuan/io/releases{/id}"],
    "deployments_url": ["https://api.github.com/repos/terrytangyuan/io/deployments"],
    "created_at": ["2018-12-09T00:18:47Z"],
    "updated_at": ["2019-02-01T02:48:28Z"],
    "pushed_at": ["2019-03-01T16:49:21Z"],
    "git_url": ["git://github.com/terrytangyuan/io.git"],
    "ssh_url": ["git@github.com:terrytangyuan/io.git"],
    "clone_url": ["https://github.com/terrytangyuan/io.git"],
    "svn_url": ["https://github.com/terrytangyuan/io"],
    "homepage": {},
    "size": [1049],
    "stargazers_count": [0],
    "watchers_count": [0],
    "language": ["C++"],
    "has_issues": [false],
    "has_projects": [true],
    "has_downloads": [true],
    "has_wiki": [false],
    "has_pages": [false],
    "forks_count": [0],
    "mirror_url": {},
    "archived": [false],
    "open_issues_count": [0],
    "license": {
      "key": ["apache-2.0"],
      "name": ["Apache License 2.0"],
      "spdx_id": ["Apache-2.0"],
      "url": ["https://api.github.com/licenses/apache-2.0"],
      "node_id": ["MDc6TGljZW5zZTI="]
    },
    "forks": [0],
    "open_issues": [0],
    "watchers": [0],
    "default_branch": ["master"]
  }
]
