[
  {
    "id": [169505187],
    "node_id": ["MDEwOlJlcG9zaXRvcnkxNjk1MDUxODc="],
    "name": ["tf-operator"],
    "full_name": ["terrytangyuan/tf-operator"],
    "private": [false],
    "owner": {
      "login": ["terrytangyuan"],
      "id": [4269898],
      "node_id": ["MDQ6VXNlcjQyNjk4OTg="],
      "avatar_url": ["https://avatars3.githubusercontent.com/u/4269898?v=4"],
      "gravatar_id": [""],
      "url": ["https://api.github.com/users/terrytangyuan"],
      "html_url": ["https://github.com/terrytangyuan"],
      "followers_url": ["https://api.github.com/users/terrytangyuan/followers"],
      "following_url": ["https://api.github.com/users/terrytangyuan/following{/other_user}"],
      "gists_url": ["https://api.github.com/users/terrytangyuan/gists{/gist_id}"],
      "starred_url": ["https://api.github.com/users/terrytangyuan/starred{/owner}{/repo}"],
      "subscriptions_url": ["https://api.github.com/users/terrytangyuan/subscriptions"],
      "organizations_url": ["https://api.github.com/users/terrytangyuan/orgs"],
      "repos_url": ["https://api.github.com/users/terrytangyuan/repos"],
      "events_url": ["https://api.github.com/users/terrytangyuan/events{/privacy}"],
      "received_events_url": ["https://api.github.com/users/terrytangyuan/received_events"],
      "type": ["User"],
      "site_admin": [false]
    },
    "html_url": ["https://github.com/terrytangyuan/tf-operator"],
    "description": ["Tools for ML/Tensorflow on Kubernetes."],
    "fork": [true],
    "url": ["https://api.github.com/repos/terrytangyuan/tf-operator"],
    "forks_url": ["https://api.github.com/repos/terrytangyuan/tf-operator/forks"],
    "keys_url": ["https://api.github.com/repos/terrytangyuan/tf-operator/keys{/key_id}"],
    "collaborators_url": ["https://api.github.com/repos/terrytangyuan/tf-operator/collaborators{/collaborator}"],
    "teams_url": ["https://api.github.com/repos/terrytangyuan/tf-operator/teams"],
    "hooks_url": ["https://api.github.com/repos/terrytangyuan/tf-operator/hooks"],
    "issue_events_url": ["https://api.github.com/repos/terrytangyuan/tf-operator/issues/events{/number}"],
    "events_url": ["https://api.github.com/repos/terrytangyuan/tf-operator/events"],
    "assignees_url": ["https://api.github.com/repos/terrytangyuan/tf-operator/assignees{/user}"],
    "branches_url": ["https://api.github.com/repos/terrytangyuan/tf-operator/branches{/branch}"],
    "tags_url": ["https://api.github.com/repos/terrytangyuan/tf-operator/tags"],
    "blobs_url": ["https://api.github.com/repos/terrytangyuan/tf-operator/git/blobs{/sha}"],
    "git_tags_url": ["https://api.github.com/repos/terrytangyuan/tf-operator/git/tags{/sha}"],
    "git_refs_url": ["https://api.github.com/repos/terrytangyuan/tf-operator/git/refs{/sha}"],
    "trees_url": ["https://api.github.com/repos/terrytangyuan/tf-operator/git/trees{/sha}"],
    "statuses_url": ["https://api.github.com/repos/terrytangyuan/tf-operator/statuses/{sha}"],
    "languages_url": ["https://api.github.com/repos/terrytangyuan/tf-operator/languages"],
    "stargazers_url": ["https://api.github.com/repos/terrytangyuan/tf-operator/stargazers"],
    "contributors_url": ["https://api.github.com/repos/terrytangyuan/tf-operator/contributors"],
    "subscribers_url": ["https://api.github.com/repos/terrytangyuan/tf-operator/subscribers"],
    "subscription_url": ["https://api.github.com/repos/terrytangyuan/tf-operator/subscription"],
    "commits_url": ["https://api.github.com/repos/terrytangyuan/tf-operator/commits{/sha}"],
    "git_commits_url": ["https://api.github.com/repos/terrytangyuan/tf-operator/git/commits{/sha}"],
    "comments_url": ["https://api.github.com/repos/terrytangyuan/tf-operator/comments{/number}"],
    "issue_comment_url": ["https://api.github.com/repos/terrytangyuan/tf-operator/issues/comments{/number}"],
    "contents_url": ["https://api.github.com/repos/terrytangyuan/tf-operator/contents/{+path}"],
    "compare_url": ["https://api.github.com/repos/terrytangyuan/tf-operator/compare/{base}...{head}"],
    "merges_url": ["https://api.github.com/repos/terrytangyuan/tf-operator/merges"],
    "archive_url": ["https://api.github.com/repos/terrytangyuan/tf-operator/{archive_format}{/ref}"],
    "downloads_url": ["https://api.github.com/repos/terrytangyuan/tf-operator/downloads"],
    "issues_url": ["https://api.github.com/repos/terrytangyuan/tf-operator/issues{/number}"],
    "pulls_url": ["https://api.github.com/repos/terrytangyuan/tf-operator/pulls{/number}"],
    "milestones_url": ["https://api.github.com/repos/terrytangyuan/tf-operator/milestones{/number}"],
    "notifications_url": ["https://api.github.com/repos/terrytangyuan/tf-operator/notifications{?since,all,participating}"],
    "labels_url": ["https://api.github.com/repos/terrytangyuan/tf-operator/labels{/name}"],
    "releases_url": ["https://api.github.com/repos/terrytangyuan/tf-operator/releases{/id}"],
    "deployments_url": ["https://api.github.com/repos/terrytangyuan/tf-operator/deployments"],
    "created_at": ["2019-02-07T01:48:34Z"],
    "updated_at": ["2019-02-07T01:48:37Z"],
    "pushed_at": ["2019-02-25T21:57:16Z"],
    "git_url": ["git://github.com/terrytangyuan/tf-operator.git"],
    "ssh_url": ["git@github.com:terrytangyuan/tf-operator.git"],
    "clone_url": ["https://github.com/terrytangyuan/tf-operator.git"],
    "svn_url": ["https://github.com/terrytangyuan/tf-operator"],
    "homepage": {},
    "size": [39465],
    "stargazers_count": [0],
    "watchers_count": [0],
    "language": ["Go"],
    "has_issues": [false],
    "has_projects": [true],
    "has_downloads": [true],
    "has_wiki": [true],
    "has_pages": [false],
    "forks_count": [0],
    "mirror_url": {},
    "archived": [false],
    "open_issues_count": [0],
    "license": {
      "key": ["apache-2.0"],
      "name": ["Apache License 2.0"],
      "spdx_id": ["Apache-2.0"],
      "url": ["https://api.github.com/licenses/apache-2.0"],
      "node_id": ["MDc6TGljZW5zZTI="]
    },
    "forks": [0],
    "open_issues": [0],
    "watchers": [0],
    "default_branch": ["master"]
  }
]
