[
  {
    "id": [39856908],
    "node_id": ["MDEwOlJlcG9zaXRvcnkzOTg1NjkwOA=="],
    "name": ["AnomalyDetection"],
    "full_name": ["terrytangyuan/AnomalyDetection"],
    "private": [false],
    "owner": {
      "login": ["terrytangyuan"],
      "id": [4269898],
      "node_id": ["MDQ6VXNlcjQyNjk4OTg="],
      "avatar_url": ["https://avatars3.githubusercontent.com/u/4269898?v=4"],
      "gravatar_id": [""],
      "url": ["https://api.github.com/users/terrytangyuan"],
      "html_url": ["https://github.com/terrytangyuan"],
      "followers_url": ["https://api.github.com/users/terrytangyuan/followers"],
      "following_url": ["https://api.github.com/users/terrytangyuan/following{/other_user}"],
      "gists_url": ["https://api.github.com/users/terrytangyuan/gists{/gist_id}"],
      "starred_url": ["https://api.github.com/users/terrytangyuan/starred{/owner}{/repo}"],
      "subscriptions_url": ["https://api.github.com/users/terrytangyuan/subscriptions"],
      "organizations_url": ["https://api.github.com/users/terrytangyuan/orgs"],
      "repos_url": ["https://api.github.com/users/terrytangyuan/repos"],
      "events_url": ["https://api.github.com/users/terrytangyuan/events{/privacy}"],
      "received_events_url": ["https://api.github.com/users/terrytangyuan/received_events"],
      "type": ["User"],
      "site_admin": [false]
    },
    "html_url": ["https://github.com/terrytangyuan/AnomalyDetection"],
    "description": ["Anomaly Detection with R"],
    "fork": [true],
    "url": ["https://api.github.com/repos/terrytangyuan/AnomalyDetection"],
    "forks_url": ["https://api.github.com/repos/terrytangyuan/AnomalyDetection/forks"],
    "keys_url": ["https://api.github.com/repos/terrytangyuan/AnomalyDetection/keys{/key_id}"],
    "collaborators_url": ["https://api.github.com/repos/terrytangyuan/AnomalyDetection/collaborators{/collaborator}"],
    "teams_url": ["https://api.github.com/repos/terrytangyuan/AnomalyDetection/teams"],
    "hooks_url": ["https://api.github.com/repos/terrytangyuan/AnomalyDetection/hooks"],
    "issue_events_url": ["https://api.github.com/repos/terrytangyuan/AnomalyDetection/issues/events{/number}"],
    "events_url": ["https://api.github.com/repos/terrytangyuan/AnomalyDetection/events"],
    "assignees_url": ["https://api.github.com/repos/terrytangyuan/AnomalyDetection/assignees{/user}"],
    "branches_url": ["https://api.github.com/repos/terrytangyuan/AnomalyDetection/branches{/branch}"],
    "tags_url": ["https://api.github.com/repos/terrytangyuan/AnomalyDetection/tags"],
    "blobs_url": ["https://api.github.com/repos/terrytangyuan/AnomalyDetection/git/blobs{/sha}"],
    "git_tags_url": ["https://api.github.com/repos/terrytangyuan/AnomalyDetection/git/tags{/sha}"],
    "git_refs_url": ["https://api.github.com/repos/terrytangyuan/AnomalyDetection/git/refs{/sha}"],
    "trees_url": ["https://api.github.com/repos/terrytangyuan/AnomalyDetection/git/trees{/sha}"],
    "statuses_url": ["https://api.github.com/repos/terrytangyuan/AnomalyDetection/statuses/{sha}"],
    "languages_url": ["https://api.github.com/repos/terrytangyuan/AnomalyDetection/languages"],
    "stargazers_url": ["https://api.github.com/repos/terrytangyuan/AnomalyDetection/stargazers"],
    "contributors_url": ["https://api.github.com/repos/terrytangyuan/AnomalyDetection/contributors"],
    "subscribers_url": ["https://api.github.com/repos/terrytangyuan/AnomalyDetection/subscribers"],
    "subscription_url": ["https://api.github.com/repos/terrytangyuan/AnomalyDetection/subscription"],
    "commits_url": ["https://api.github.com/repos/terrytangyuan/AnomalyDetection/commits{/sha}"],
    "git_commits_url": ["https://api.github.com/repos/terrytangyuan/AnomalyDetection/git/commits{/sha}"],
    "comments_url": ["https://api.github.com/repos/terrytangyuan/AnomalyDetection/comments{/number}"],
    "issue_comment_url": ["https://api.github.com/repos/terrytangyuan/AnomalyDetection/issues/comments{/number}"],
    "contents_url": ["https://api.github.com/repos/terrytangyuan/AnomalyDetection/contents/{+path}"],
    "compare_url": ["https://api.github.com/repos/terrytangyuan/AnomalyDetection/compare/{base}...{head}"],
    "merges_url": ["https://api.github.com/repos/terrytangyuan/AnomalyDetection/merges"],
    "archive_url": ["https://api.github.com/repos/terrytangyuan/AnomalyDetection/{archive_format}{/ref}"],
    "downloads_url": ["https://api.github.com/repos/terrytangyuan/AnomalyDetection/downloads"],
    "issues_url": ["https://api.github.com/repos/terrytangyuan/AnomalyDetection/issues{/number}"],
    "pulls_url": ["https://api.github.com/repos/terrytangyuan/AnomalyDetection/pulls{/number}"],
    "milestones_url": ["https://api.github.com/repos/terrytangyuan/AnomalyDetection/milestones{/number}"],
    "notifications_url": ["https://api.github.com/repos/terrytangyuan/AnomalyDetection/notifications{?since,all,participating}"],
    "labels_url": ["https://api.github.com/repos/terrytangyuan/AnomalyDetection/labels{/name}"],
    "releases_url": ["https://api.github.com/repos/terrytangyuan/AnomalyDetection/releases{/id}"],
    "deployments_url": ["https://api.github.com/repos/terrytangyuan/AnomalyDetection/deployments"],
    "created_at": ["2015-07-28T20:45:33Z"],
    "updated_at": ["2018-03-23T17:46:34Z"],
    "pushed_at": ["2018-04-21T23:53:51Z"],
    "git_url": ["git://github.com/terrytangyuan/AnomalyDetection.git"],
    "ssh_url": ["git@github.com:terrytangyuan/AnomalyDetection.git"],
    "clone_url": ["https://github.com/terrytangyuan/AnomalyDetection.git"],
    "svn_url": ["https://github.com/terrytangyuan/AnomalyDetection"],
    "homepage": [""],
    "size": [957],
    "stargazers_count": [2],
    "watchers_count": [2],
    "language": ["R"],
    "has_issues": [false],
    "has_projects": [true],
    "has_downloads": [true],
    "has_wiki": [false],
    "has_pages": [false],
    "forks_count": [3],
    "mirror_url": {},
    "archived": [false],
    "open_issues_count": [0],
    "license": {
      "key": ["gpl-3.0"],
      "name": ["GNU General Public License v3.0"],
      "spdx_id": ["GPL-3.0"],
      "url": ["https://api.github.com/licenses/gpl-3.0"],
      "node_id": ["MDc6TGljZW5zZTk="]
    },
    "forks": [3],
    "open_issues": [0],
    "watchers": [2],
    "default_branch": ["master"]
  }
]
