[
  {
    "id": [53383837],
    "node_id": ["MDEwOlJlcG9zaXRvcnk1MzM4MzgzNw=="],
    "name": ["terrytangyuan.github.com"],
    "full_name": ["terrytangyuan/terrytangyuan.github.com"],
    "private": [false],
    "owner": {
      "login": ["terrytangyuan"],
      "id": [4269898],
      "node_id": ["MDQ6VXNlcjQyNjk4OTg="],
      "avatar_url": ["https://avatars3.githubusercontent.com/u/4269898?v=4"],
      "gravatar_id": [""],
      "url": ["https://api.github.com/users/terrytangyuan"],
      "html_url": ["https://github.com/terrytangyuan"],
      "followers_url": ["https://api.github.com/users/terrytangyuan/followers"],
      "following_url": ["https://api.github.com/users/terrytangyuan/following{/other_user}"],
      "gists_url": ["https://api.github.com/users/terrytangyuan/gists{/gist_id}"],
      "starred_url": ["https://api.github.com/users/terrytangyuan/starred{/owner}{/repo}"],
      "subscriptions_url": ["https://api.github.com/users/terrytangyuan/subscriptions"],
      "organizations_url": ["https://api.github.com/users/terrytangyuan/orgs"],
      "repos_url": ["https://api.github.com/users/terrytangyuan/repos"],
      "events_url": ["https://api.github.com/users/terrytangyuan/events{/privacy}"],
      "received_events_url": ["https://api.github.com/users/terrytangyuan/received_events"],
      "type": ["User"],
      "site_admin": [false]
    },
    "html_url": ["https://github.com/terrytangyuan/terrytangyuan.github.com"],
    "description": ["Personal Blog"],
    "fork": [false],
    "url": ["https://api.github.com/repos/terrytangyuan/terrytangyuan.github.com"],
    "forks_url": ["https://api.github.com/repos/terrytangyuan/terrytangyuan.github.com/forks"],
    "keys_url": ["https://api.github.com/repos/terrytangyuan/terrytangyuan.github.com/keys{/key_id}"],
    "collaborators_url": ["https://api.github.com/repos/terrytangyuan/terrytangyuan.github.com/collaborators{/collaborator}"],
    "teams_url": ["https://api.github.com/repos/terrytangyuan/terrytangyuan.github.com/teams"],
    "hooks_url": ["https://api.github.com/repos/terrytangyuan/terrytangyuan.github.com/hooks"],
    "issue_events_url": ["https://api.github.com/repos/terrytangyuan/terrytangyuan.github.com/issues/events{/number}"],
    "events_url": ["https://api.github.com/repos/terrytangyuan/terrytangyuan.github.com/events"],
    "assignees_url": ["https://api.github.com/repos/terrytangyuan/terrytangyuan.github.com/assignees{/user}"],
    "branches_url": ["https://api.github.com/repos/terrytangyuan/terrytangyuan.github.com/branches{/branch}"],
    "tags_url": ["https://api.github.com/repos/terrytangyuan/terrytangyuan.github.com/tags"],
    "blobs_url": ["https://api.github.com/repos/terrytangyuan/terrytangyuan.github.com/git/blobs{/sha}"],
    "git_tags_url": ["https://api.github.com/repos/terrytangyuan/terrytangyuan.github.com/git/tags{/sha}"],
    "git_refs_url": ["https://api.github.com/repos/terrytangyuan/terrytangyuan.github.com/git/refs{/sha}"],
    "trees_url": ["https://api.github.com/repos/terrytangyuan/terrytangyuan.github.com/git/trees{/sha}"],
    "statuses_url": ["https://api.github.com/repos/terrytangyuan/terrytangyuan.github.com/statuses/{sha}"],
    "languages_url": ["https://api.github.com/repos/terrytangyuan/terrytangyuan.github.com/languages"],
    "stargazers_url": ["https://api.github.com/repos/terrytangyuan/terrytangyuan.github.com/stargazers"],
    "contributors_url": ["https://api.github.com/repos/terrytangyuan/terrytangyuan.github.com/contributors"],
    "subscribers_url": ["https://api.github.com/repos/terrytangyuan/terrytangyuan.github.com/subscribers"],
    "subscription_url": ["https://api.github.com/repos/terrytangyuan/terrytangyuan.github.com/subscription"],
    "commits_url": ["https://api.github.com/repos/terrytangyuan/terrytangyuan.github.com/commits{/sha}"],
    "git_commits_url": ["https://api.github.com/repos/terrytangyuan/terrytangyuan.github.com/git/commits{/sha}"],
    "comments_url": ["https://api.github.com/repos/terrytangyuan/terrytangyuan.github.com/comments{/number}"],
    "issue_comment_url": ["https://api.github.com/repos/terrytangyuan/terrytangyuan.github.com/issues/comments{/number}"],
    "contents_url": ["https://api.github.com/repos/terrytangyuan/terrytangyuan.github.com/contents/{+path}"],
    "compare_url": ["https://api.github.com/repos/terrytangyuan/terrytangyuan.github.com/compare/{base}...{head}"],
    "merges_url": ["https://api.github.com/repos/terrytangyuan/terrytangyuan.github.com/merges"],
    "archive_url": ["https://api.github.com/repos/terrytangyuan/terrytangyuan.github.com/{archive_format}{/ref}"],
    "downloads_url": ["https://api.github.com/repos/terrytangyuan/terrytangyuan.github.com/downloads"],
    "issues_url": ["https://api.github.com/repos/terrytangyuan/terrytangyuan.github.com/issues{/number}"],
    "pulls_url": ["https://api.github.com/repos/terrytangyuan/terrytangyuan.github.com/pulls{/number}"],
    "milestones_url": ["https://api.github.com/repos/terrytangyuan/terrytangyuan.github.com/milestones{/number}"],
    "notifications_url": ["https://api.github.com/repos/terrytangyuan/terrytangyuan.github.com/notifications{?since,all,participating}"],
    "labels_url": ["https://api.github.com/repos/terrytangyuan/terrytangyuan.github.com/labels{/name}"],
    "releases_url": ["https://api.github.com/repos/terrytangyuan/terrytangyuan.github.com/releases{/id}"],
    "deployments_url": ["https://api.github.com/repos/terrytangyuan/terrytangyuan.github.com/deployments"],
    "created_at": ["2016-03-08T04:58:44Z"],
    "updated_at": ["2019-03-28T17:47:11Z"],
    "pushed_at": ["2019-03-28T17:47:09Z"],
    "git_url": ["git://github.com/terrytangyuan/terrytangyuan.github.com.git"],
    "ssh_url": ["git@github.com:terrytangyuan/terrytangyuan.github.com.git"],
    "clone_url": ["https://github.com/terrytangyuan/terrytangyuan.github.com.git"],
    "svn_url": ["https://github.com/terrytangyuan/terrytangyuan.github.com"],
    "homepage": ["http://terrytangyuan.github.io/"],
    "size": [11617],
    "stargazers_count": [7],
    "watchers_count": [7],
    "language": ["HTML"],
    "has_issues": [false],
    "has_projects": [false],
    "has_downloads": [true],
    "has_wiki": [false],
    "has_pages": [true],
    "forks_count": [4],
    "mirror_url": {},
    "archived": [false],
    "open_issues_count": [0],
    "license": {
      "key": ["apache-2.0"],
      "name": ["Apache License 2.0"],
      "spdx_id": ["Apache-2.0"],
      "url": ["https://api.github.com/licenses/apache-2.0"],
      "node_id": ["MDc6TGljZW5zZTI="]
    },
    "forks": [4],
    "open_issues": [0],
    "watchers": [7],
    "default_branch": ["master"]
  }
]
