[
  {
    "id": [156233216],
    "node_id": ["MDEwOlJlcG9zaXRvcnkxNTYyMzMyMTY="],
    "name": ["ctv-databases"],
    "full_name": ["terrytangyuan/ctv-databases"],
    "private": [false],
    "owner": {
      "login": ["terrytangyuan"],
      "id": [4269898],
      "node_id": ["MDQ6VXNlcjQyNjk4OTg="],
      "avatar_url": ["https://avatars3.githubusercontent.com/u/4269898?v=4"],
      "gravatar_id": [""],
      "url": ["https://api.github.com/users/terrytangyuan"],
      "html_url": ["https://github.com/terrytangyuan"],
      "followers_url": ["https://api.github.com/users/terrytangyuan/followers"],
      "following_url": ["https://api.github.com/users/terrytangyuan/following{/other_user}"],
      "gists_url": ["https://api.github.com/users/terrytangyuan/gists{/gist_id}"],
      "starred_url": ["https://api.github.com/users/terrytangyuan/starred{/owner}{/repo}"],
      "subscriptions_url": ["https://api.github.com/users/terrytangyuan/subscriptions"],
      "organizations_url": ["https://api.github.com/users/terrytangyuan/orgs"],
      "repos_url": ["https://api.github.com/users/terrytangyuan/repos"],
      "events_url": ["https://api.github.com/users/terrytangyuan/events{/privacy}"],
      "received_events_url": ["https://api.github.com/users/terrytangyuan/received_events"],
      "type": ["User"],
      "site_admin": [false]
    },
    "html_url": ["https://github.com/terrytangyuan/ctv-databases"],
    "description": ["CRAN Task View: Databases with R"],
    "fork": [false],
    "url": ["https://api.github.com/repos/terrytangyuan/ctv-databases"],
    "forks_url": ["https://api.github.com/repos/terrytangyuan/ctv-databases/forks"],
    "keys_url": ["https://api.github.com/repos/terrytangyuan/ctv-databases/keys{/key_id}"],
    "collaborators_url": ["https://api.github.com/repos/terrytangyuan/ctv-databases/collaborators{/collaborator}"],
    "teams_url": ["https://api.github.com/repos/terrytangyuan/ctv-databases/teams"],
    "hooks_url": ["https://api.github.com/repos/terrytangyuan/ctv-databases/hooks"],
    "issue_events_url": ["https://api.github.com/repos/terrytangyuan/ctv-databases/issues/events{/number}"],
    "events_url": ["https://api.github.com/repos/terrytangyuan/ctv-databases/events"],
    "assignees_url": ["https://api.github.com/repos/terrytangyuan/ctv-databases/assignees{/user}"],
    "branches_url": ["https://api.github.com/repos/terrytangyuan/ctv-databases/branches{/branch}"],
    "tags_url": ["https://api.github.com/repos/terrytangyuan/ctv-databases/tags"],
    "blobs_url": ["https://api.github.com/repos/terrytangyuan/ctv-databases/git/blobs{/sha}"],
    "git_tags_url": ["https://api.github.com/repos/terrytangyuan/ctv-databases/git/tags{/sha}"],
    "git_refs_url": ["https://api.github.com/repos/terrytangyuan/ctv-databases/git/refs{/sha}"],
    "trees_url": ["https://api.github.com/repos/terrytangyuan/ctv-databases/git/trees{/sha}"],
    "statuses_url": ["https://api.github.com/repos/terrytangyuan/ctv-databases/statuses/{sha}"],
    "languages_url": ["https://api.github.com/repos/terrytangyuan/ctv-databases/languages"],
    "stargazers_url": ["https://api.github.com/repos/terrytangyuan/ctv-databases/stargazers"],
    "contributors_url": ["https://api.github.com/repos/terrytangyuan/ctv-databases/contributors"],
    "subscribers_url": ["https://api.github.com/repos/terrytangyuan/ctv-databases/subscribers"],
    "subscription_url": ["https://api.github.com/repos/terrytangyuan/ctv-databases/subscription"],
    "commits_url": ["https://api.github.com/repos/terrytangyuan/ctv-databases/commits{/sha}"],
    "git_commits_url": ["https://api.github.com/repos/terrytangyuan/ctv-databases/git/commits{/sha}"],
    "comments_url": ["https://api.github.com/repos/terrytangyuan/ctv-databases/comments{/number}"],
    "issue_comment_url": ["https://api.github.com/repos/terrytangyuan/ctv-databases/issues/comments{/number}"],
    "contents_url": ["https://api.github.com/repos/terrytangyuan/ctv-databases/contents/{+path}"],
    "compare_url": ["https://api.github.com/repos/terrytangyuan/ctv-databases/compare/{base}...{head}"],
    "merges_url": ["https://api.github.com/repos/terrytangyuan/ctv-databases/merges"],
    "archive_url": ["https://api.github.com/repos/terrytangyuan/ctv-databases/{archive_format}{/ref}"],
    "downloads_url": ["https://api.github.com/repos/terrytangyuan/ctv-databases/downloads"],
    "issues_url": ["https://api.github.com/repos/terrytangyuan/ctv-databases/issues{/number}"],
    "pulls_url": ["https://api.github.com/repos/terrytangyuan/ctv-databases/pulls{/number}"],
    "milestones_url": ["https://api.github.com/repos/terrytangyuan/ctv-databases/milestones{/number}"],
    "notifications_url": ["https://api.github.com/repos/terrytangyuan/ctv-databases/notifications{?since,all,participating}"],
    "labels_url": ["https://api.github.com/repos/terrytangyuan/ctv-databases/labels{/name}"],
    "releases_url": ["https://api.github.com/repos/terrytangyuan/ctv-databases/releases{/id}"],
    "deployments_url": ["https://api.github.com/repos/terrytangyuan/ctv-databases/deployments"],
    "created_at": ["2018-11-05T14:44:35Z"],
    "updated_at": ["2019-02-04T15:30:06Z"],
    "pushed_at": ["2019-02-04T15:30:04Z"],
    "git_url": ["git://github.com/terrytangyuan/ctv-databases.git"],
    "ssh_url": ["git@github.com:terrytangyuan/ctv-databases.git"],
    "clone_url": ["https://github.com/terrytangyuan/ctv-databases.git"],
    "svn_url": ["https://github.com/terrytangyuan/ctv-databases"],
    "homepage": ["https://CRAN.R-project.org/view=Databases"],
    "size": [55],
    "stargazers_count": [13],
    "watchers_count": [13],
    "language": ["R"],
    "has_issues": [true],
    "has_projects": [true],
    "has_downloads": [true],
    "has_wiki": [true],
    "has_pages": [false],
    "forks_count": [6],
    "mirror_url": {},
    "archived": [false],
    "open_issues_count": [0],
    "license": {},
    "forks": [6],
    "open_issues": [0],
    "watchers": [13],
    "default_branch": ["master"]
  }
]
