[
  {
    "id": [152320561],
    "node_id": ["MDEwOlJlcG9zaXRvcnkxNTIzMjA1NjE="],
    "name": ["data-validation"],
    "full_name": ["terrytangyuan/data-validation"],
    "private": [false],
    "owner": {
      "login": ["terrytangyuan"],
      "id": [4269898],
      "node_id": ["MDQ6VXNlcjQyNjk4OTg="],
      "avatar_url": ["https://avatars3.githubusercontent.com/u/4269898?v=4"],
      "gravatar_id": [""],
      "url": ["https://api.github.com/users/terrytangyuan"],
      "html_url": ["https://github.com/terrytangyuan"],
      "followers_url": ["https://api.github.com/users/terrytangyuan/followers"],
      "following_url": ["https://api.github.com/users/terrytangyuan/following{/other_user}"],
      "gists_url": ["https://api.github.com/users/terrytangyuan/gists{/gist_id}"],
      "starred_url": ["https://api.github.com/users/terrytangyuan/starred{/owner}{/repo}"],
      "subscriptions_url": ["https://api.github.com/users/terrytangyuan/subscriptions"],
      "organizations_url": ["https://api.github.com/users/terrytangyuan/orgs"],
      "repos_url": ["https://api.github.com/users/terrytangyuan/repos"],
      "events_url": ["https://api.github.com/users/terrytangyuan/events{/privacy}"],
      "received_events_url": ["https://api.github.com/users/terrytangyuan/received_events"],
      "type": ["User"],
      "site_admin": [false]
    },
    "html_url": ["https://github.com/terrytangyuan/data-validation"],
    "description": ["Library for exploring and validating machine learning data"],
    "fork": [true],
    "url": ["https://api.github.com/repos/terrytangyuan/data-validation"],
    "forks_url": ["https://api.github.com/repos/terrytangyuan/data-validation/forks"],
    "keys_url": ["https://api.github.com/repos/terrytangyuan/data-validation/keys{/key_id}"],
    "collaborators_url": ["https://api.github.com/repos/terrytangyuan/data-validation/collaborators{/collaborator}"],
    "teams_url": ["https://api.github.com/repos/terrytangyuan/data-validation/teams"],
    "hooks_url": ["https://api.github.com/repos/terrytangyuan/data-validation/hooks"],
    "issue_events_url": ["https://api.github.com/repos/terrytangyuan/data-validation/issues/events{/number}"],
    "events_url": ["https://api.github.com/repos/terrytangyuan/data-validation/events"],
    "assignees_url": ["https://api.github.com/repos/terrytangyuan/data-validation/assignees{/user}"],
    "branches_url": ["https://api.github.com/repos/terrytangyuan/data-validation/branches{/branch}"],
    "tags_url": ["https://api.github.com/repos/terrytangyuan/data-validation/tags"],
    "blobs_url": ["https://api.github.com/repos/terrytangyuan/data-validation/git/blobs{/sha}"],
    "git_tags_url": ["https://api.github.com/repos/terrytangyuan/data-validation/git/tags{/sha}"],
    "git_refs_url": ["https://api.github.com/repos/terrytangyuan/data-validation/git/refs{/sha}"],
    "trees_url": ["https://api.github.com/repos/terrytangyuan/data-validation/git/trees{/sha}"],
    "statuses_url": ["https://api.github.com/repos/terrytangyuan/data-validation/statuses/{sha}"],
    "languages_url": ["https://api.github.com/repos/terrytangyuan/data-validation/languages"],
    "stargazers_url": ["https://api.github.com/repos/terrytangyuan/data-validation/stargazers"],
    "contributors_url": ["https://api.github.com/repos/terrytangyuan/data-validation/contributors"],
    "subscribers_url": ["https://api.github.com/repos/terrytangyuan/data-validation/subscribers"],
    "subscription_url": ["https://api.github.com/repos/terrytangyuan/data-validation/subscription"],
    "commits_url": ["https://api.github.com/repos/terrytangyuan/data-validation/commits{/sha}"],
    "git_commits_url": ["https://api.github.com/repos/terrytangyuan/data-validation/git/commits{/sha}"],
    "comments_url": ["https://api.github.com/repos/terrytangyuan/data-validation/comments{/number}"],
    "issue_comment_url": ["https://api.github.com/repos/terrytangyuan/data-validation/issues/comments{/number}"],
    "contents_url": ["https://api.github.com/repos/terrytangyuan/data-validation/contents/{+path}"],
    "compare_url": ["https://api.github.com/repos/terrytangyuan/data-validation/compare/{base}...{head}"],
    "merges_url": ["https://api.github.com/repos/terrytangyuan/data-validation/merges"],
    "archive_url": ["https://api.github.com/repos/terrytangyuan/data-validation/{archive_format}{/ref}"],
    "downloads_url": ["https://api.github.com/repos/terrytangyuan/data-validation/downloads"],
    "issues_url": ["https://api.github.com/repos/terrytangyuan/data-validation/issues{/number}"],
    "pulls_url": ["https://api.github.com/repos/terrytangyuan/data-validation/pulls{/number}"],
    "milestones_url": ["https://api.github.com/repos/terrytangyuan/data-validation/milestones{/number}"],
    "notifications_url": ["https://api.github.com/repos/terrytangyuan/data-validation/notifications{?since,all,participating}"],
    "labels_url": ["https://api.github.com/repos/terrytangyuan/data-validation/labels{/name}"],
    "releases_url": ["https://api.github.com/repos/terrytangyuan/data-validation/releases{/id}"],
    "deployments_url": ["https://api.github.com/repos/terrytangyuan/data-validation/deployments"],
    "created_at": ["2018-10-09T20:59:55Z"],
    "updated_at": ["2018-11-19T21:40:25Z"],
    "pushed_at": ["2018-11-19T21:40:22Z"],
    "git_url": ["git://github.com/terrytangyuan/data-validation.git"],
    "ssh_url": ["git@github.com:terrytangyuan/data-validation.git"],
    "clone_url": ["https://github.com/terrytangyuan/data-validation.git"],
    "svn_url": ["https://github.com/terrytangyuan/data-validation"],
    "homepage": [""],
    "size": [951],
    "stargazers_count": [0],
    "watchers_count": [0],
    "language": ["C++"],
    "has_issues": [false],
    "has_projects": [true],
    "has_downloads": [true],
    "has_wiki": [true],
    "has_pages": [false],
    "forks_count": [0],
    "mirror_url": {},
    "archived": [false],
    "open_issues_count": [0],
    "license": {
      "key": ["apache-2.0"],
      "name": ["Apache License 2.0"],
      "spdx_id": ["Apache-2.0"],
      "url": ["https://api.github.com/licenses/apache-2.0"],
      "node_id": ["MDc6TGljZW5zZTI="]
    },
    "forks": [0],
    "open_issues": [0],
    "watchers": [0],
    "default_branch": ["master"]
  }
]
