[
  {
    "id": [166339852],
    "node_id": ["MDEwOlJlcG9zaXRvcnkxNjYzMzk4NTI="],
    "name": ["kubernetes"],
    "full_name": ["terrytangyuan/kubernetes"],
    "private": [false],
    "owner": {
      "login": ["terrytangyuan"],
      "id": [4269898],
      "node_id": ["MDQ6VXNlcjQyNjk4OTg="],
      "avatar_url": ["https://avatars3.githubusercontent.com/u/4269898?v=4"],
      "gravatar_id": [""],
      "url": ["https://api.github.com/users/terrytangyuan"],
      "html_url": ["https://github.com/terrytangyuan"],
      "followers_url": ["https://api.github.com/users/terrytangyuan/followers"],
      "following_url": ["https://api.github.com/users/terrytangyuan/following{/other_user}"],
      "gists_url": ["https://api.github.com/users/terrytangyuan/gists{/gist_id}"],
      "starred_url": ["https://api.github.com/users/terrytangyuan/starred{/owner}{/repo}"],
      "subscriptions_url": ["https://api.github.com/users/terrytangyuan/subscriptions"],
      "organizations_url": ["https://api.github.com/users/terrytangyuan/orgs"],
      "repos_url": ["https://api.github.com/users/terrytangyuan/repos"],
      "events_url": ["https://api.github.com/users/terrytangyuan/events{/privacy}"],
      "received_events_url": ["https://api.github.com/users/terrytangyuan/received_events"],
      "type": ["User"],
      "site_admin": [false]
    },
    "html_url": ["https://github.com/terrytangyuan/kubernetes"],
    "description": ["Production-Grade Container Scheduling and Management"],
    "fork": [true],
    "url": ["https://api.github.com/repos/terrytangyuan/kubernetes"],
    "forks_url": ["https://api.github.com/repos/terrytangyuan/kubernetes/forks"],
    "keys_url": ["https://api.github.com/repos/terrytangyuan/kubernetes/keys{/key_id}"],
    "collaborators_url": ["https://api.github.com/repos/terrytangyuan/kubernetes/collaborators{/collaborator}"],
    "teams_url": ["https://api.github.com/repos/terrytangyuan/kubernetes/teams"],
    "hooks_url": ["https://api.github.com/repos/terrytangyuan/kubernetes/hooks"],
    "issue_events_url": ["https://api.github.com/repos/terrytangyuan/kubernetes/issues/events{/number}"],
    "events_url": ["https://api.github.com/repos/terrytangyuan/kubernetes/events"],
    "assignees_url": ["https://api.github.com/repos/terrytangyuan/kubernetes/assignees{/user}"],
    "branches_url": ["https://api.github.com/repos/terrytangyuan/kubernetes/branches{/branch}"],
    "tags_url": ["https://api.github.com/repos/terrytangyuan/kubernetes/tags"],
    "blobs_url": ["https://api.github.com/repos/terrytangyuan/kubernetes/git/blobs{/sha}"],
    "git_tags_url": ["https://api.github.com/repos/terrytangyuan/kubernetes/git/tags{/sha}"],
    "git_refs_url": ["https://api.github.com/repos/terrytangyuan/kubernetes/git/refs{/sha}"],
    "trees_url": ["https://api.github.com/repos/terrytangyuan/kubernetes/git/trees{/sha}"],
    "statuses_url": ["https://api.github.com/repos/terrytangyuan/kubernetes/statuses/{sha}"],
    "languages_url": ["https://api.github.com/repos/terrytangyuan/kubernetes/languages"],
    "stargazers_url": ["https://api.github.com/repos/terrytangyuan/kubernetes/stargazers"],
    "contributors_url": ["https://api.github.com/repos/terrytangyuan/kubernetes/contributors"],
    "subscribers_url": ["https://api.github.com/repos/terrytangyuan/kubernetes/subscribers"],
    "subscription_url": ["https://api.github.com/repos/terrytangyuan/kubernetes/subscription"],
    "commits_url": ["https://api.github.com/repos/terrytangyuan/kubernetes/commits{/sha}"],
    "git_commits_url": ["https://api.github.com/repos/terrytangyuan/kubernetes/git/commits{/sha}"],
    "comments_url": ["https://api.github.com/repos/terrytangyuan/kubernetes/comments{/number}"],
    "issue_comment_url": ["https://api.github.com/repos/terrytangyuan/kubernetes/issues/comments{/number}"],
    "contents_url": ["https://api.github.com/repos/terrytangyuan/kubernetes/contents/{+path}"],
    "compare_url": ["https://api.github.com/repos/terrytangyuan/kubernetes/compare/{base}...{head}"],
    "merges_url": ["https://api.github.com/repos/terrytangyuan/kubernetes/merges"],
    "archive_url": ["https://api.github.com/repos/terrytangyuan/kubernetes/{archive_format}{/ref}"],
    "downloads_url": ["https://api.github.com/repos/terrytangyuan/kubernetes/downloads"],
    "issues_url": ["https://api.github.com/repos/terrytangyuan/kubernetes/issues{/number}"],
    "pulls_url": ["https://api.github.com/repos/terrytangyuan/kubernetes/pulls{/number}"],
    "milestones_url": ["https://api.github.com/repos/terrytangyuan/kubernetes/milestones{/number}"],
    "notifications_url": ["https://api.github.com/repos/terrytangyuan/kubernetes/notifications{?since,all,participating}"],
    "labels_url": ["https://api.github.com/repos/terrytangyuan/kubernetes/labels{/name}"],
    "releases_url": ["https://api.github.com/repos/terrytangyuan/kubernetes/releases{/id}"],
    "deployments_url": ["https://api.github.com/repos/terrytangyuan/kubernetes/deployments"],
    "created_at": ["2019-01-18T03:46:46Z"],
    "updated_at": ["2019-01-18T03:47:26Z"],
    "pushed_at": ["2019-01-18T03:45:14Z"],
    "git_url": ["git://github.com/terrytangyuan/kubernetes.git"],
    "ssh_url": ["git@github.com:terrytangyuan/kubernetes.git"],
    "clone_url": ["https://github.com/terrytangyuan/kubernetes.git"],
    "svn_url": ["https://github.com/terrytangyuan/kubernetes"],
    "homepage": ["https://kubernetes.io"],
    "size": [823371],
    "stargazers_count": [0],
    "watchers_count": [0],
    "language": ["Go"],
    "has_issues": [false],
    "has_projects": [true],
    "has_downloads": [true],
    "has_wiki": [false],
    "has_pages": [false],
    "forks_count": [0],
    "mirror_url": {},
    "archived": [false],
    "open_issues_count": [0],
    "license": {
      "key": ["apache-2.0"],
      "name": ["Apache License 2.0"],
      "spdx_id": ["Apache-2.0"],
      "url": ["https://api.github.com/licenses/apache-2.0"],
      "node_id": ["MDc6TGljZW5zZTI="]
    },
    "forks": [0],
    "open_issues": [0],
    "watchers": [0],
    "default_branch": ["master"]
  }
]
