[
  {
    "id": [44120094],
    "node_id": ["MDEwOlJlcG9zaXRvcnk0NDEyMDA5NA=="],
    "name": ["metric-learn"],
    "full_name": ["terrytangyuan/metric-learn"],
    "private": [false],
    "owner": {
      "login": ["terrytangyuan"],
      "id": [4269898],
      "node_id": ["MDQ6VXNlcjQyNjk4OTg="],
      "avatar_url": ["https://avatars3.githubusercontent.com/u/4269898?v=4"],
      "gravatar_id": [""],
      "url": ["https://api.github.com/users/terrytangyuan"],
      "html_url": ["https://github.com/terrytangyuan"],
      "followers_url": ["https://api.github.com/users/terrytangyuan/followers"],
      "following_url": ["https://api.github.com/users/terrytangyuan/following{/other_user}"],
      "gists_url": ["https://api.github.com/users/terrytangyuan/gists{/gist_id}"],
      "starred_url": ["https://api.github.com/users/terrytangyuan/starred{/owner}{/repo}"],
      "subscriptions_url": ["https://api.github.com/users/terrytangyuan/subscriptions"],
      "organizations_url": ["https://api.github.com/users/terrytangyuan/orgs"],
      "repos_url": ["https://api.github.com/users/terrytangyuan/repos"],
      "events_url": ["https://api.github.com/users/terrytangyuan/events{/privacy}"],
      "received_events_url": ["https://api.github.com/users/terrytangyuan/received_events"],
      "type": ["User"],
      "site_admin": [false]
    },
    "html_url": ["https://github.com/terrytangyuan/metric-learn"],
    "description": ["Metric learning algorithms in Python"],
    "fork": [true],
    "url": ["https://api.github.com/repos/terrytangyuan/metric-learn"],
    "forks_url": ["https://api.github.com/repos/terrytangyuan/metric-learn/forks"],
    "keys_url": ["https://api.github.com/repos/terrytangyuan/metric-learn/keys{/key_id}"],
    "collaborators_url": ["https://api.github.com/repos/terrytangyuan/metric-learn/collaborators{/collaborator}"],
    "teams_url": ["https://api.github.com/repos/terrytangyuan/metric-learn/teams"],
    "hooks_url": ["https://api.github.com/repos/terrytangyuan/metric-learn/hooks"],
    "issue_events_url": ["https://api.github.com/repos/terrytangyuan/metric-learn/issues/events{/number}"],
    "events_url": ["https://api.github.com/repos/terrytangyuan/metric-learn/events"],
    "assignees_url": ["https://api.github.com/repos/terrytangyuan/metric-learn/assignees{/user}"],
    "branches_url": ["https://api.github.com/repos/terrytangyuan/metric-learn/branches{/branch}"],
    "tags_url": ["https://api.github.com/repos/terrytangyuan/metric-learn/tags"],
    "blobs_url": ["https://api.github.com/repos/terrytangyuan/metric-learn/git/blobs{/sha}"],
    "git_tags_url": ["https://api.github.com/repos/terrytangyuan/metric-learn/git/tags{/sha}"],
    "git_refs_url": ["https://api.github.com/repos/terrytangyuan/metric-learn/git/refs{/sha}"],
    "trees_url": ["https://api.github.com/repos/terrytangyuan/metric-learn/git/trees{/sha}"],
    "statuses_url": ["https://api.github.com/repos/terrytangyuan/metric-learn/statuses/{sha}"],
    "languages_url": ["https://api.github.com/repos/terrytangyuan/metric-learn/languages"],
    "stargazers_url": ["https://api.github.com/repos/terrytangyuan/metric-learn/stargazers"],
    "contributors_url": ["https://api.github.com/repos/terrytangyuan/metric-learn/contributors"],
    "subscribers_url": ["https://api.github.com/repos/terrytangyuan/metric-learn/subscribers"],
    "subscription_url": ["https://api.github.com/repos/terrytangyuan/metric-learn/subscription"],
    "commits_url": ["https://api.github.com/repos/terrytangyuan/metric-learn/commits{/sha}"],
    "git_commits_url": ["https://api.github.com/repos/terrytangyuan/metric-learn/git/commits{/sha}"],
    "comments_url": ["https://api.github.com/repos/terrytangyuan/metric-learn/comments{/number}"],
    "issue_comment_url": ["https://api.github.com/repos/terrytangyuan/metric-learn/issues/comments{/number}"],
    "contents_url": ["https://api.github.com/repos/terrytangyuan/metric-learn/contents/{+path}"],
    "compare_url": ["https://api.github.com/repos/terrytangyuan/metric-learn/compare/{base}...{head}"],
    "merges_url": ["https://api.github.com/repos/terrytangyuan/metric-learn/merges"],
    "archive_url": ["https://api.github.com/repos/terrytangyuan/metric-learn/{archive_format}{/ref}"],
    "downloads_url": ["https://api.github.com/repos/terrytangyuan/metric-learn/downloads"],
    "issues_url": ["https://api.github.com/repos/terrytangyuan/metric-learn/issues{/number}"],
    "pulls_url": ["https://api.github.com/repos/terrytangyuan/metric-learn/pulls{/number}"],
    "milestones_url": ["https://api.github.com/repos/terrytangyuan/metric-learn/milestones{/number}"],
    "notifications_url": ["https://api.github.com/repos/terrytangyuan/metric-learn/notifications{?since,all,participating}"],
    "labels_url": ["https://api.github.com/repos/terrytangyuan/metric-learn/labels{/name}"],
    "releases_url": ["https://api.github.com/repos/terrytangyuan/metric-learn/releases{/id}"],
    "deployments_url": ["https://api.github.com/repos/terrytangyuan/metric-learn/deployments"],
    "created_at": ["2015-10-12T16:34:39Z"],
    "updated_at": ["2018-10-09T19:01:11Z"],
    "pushed_at": ["2018-10-10T14:08:42Z"],
    "git_url": ["git://github.com/terrytangyuan/metric-learn.git"],
    "ssh_url": ["git@github.com:terrytangyuan/metric-learn.git"],
    "clone_url": ["https://github.com/terrytangyuan/metric-learn.git"],
    "svn_url": ["https://github.com/terrytangyuan/metric-learn"],
    "homepage": {},
    "size": [1322],
    "stargazers_count": [0],
    "watchers_count": [0],
    "language": ["Python"],
    "has_issues": [false],
    "has_projects": [true],
    "has_downloads": [true],
    "has_wiki": [true],
    "has_pages": [false],
    "forks_count": [0],
    "mirror_url": {},
    "archived": [false],
    "open_issues_count": [0],
    "license": {
      "key": ["mit"],
      "name": ["MIT License"],
      "spdx_id": ["MIT"],
      "url": ["https://api.github.com/licenses/mit"],
      "node_id": ["MDc6TGljZW5zZTEz"]
    },
    "forks": [0],
    "open_issues": [0],
    "watchers": [0],
    "default_branch": ["master"]
  }
]
