[
  {
    "id": [123953308],
    "node_id": ["MDEwOlJlcG9zaXRvcnkxMjM5NTMzMDg="],
    "name": ["rweekly.org"],
    "full_name": ["terrytangyuan/rweekly.org"],
    "private": [false],
    "owner": {
      "login": ["terrytangyuan"],
      "id": [4269898],
      "node_id": ["MDQ6VXNlcjQyNjk4OTg="],
      "avatar_url": ["https://avatars3.githubusercontent.com/u/4269898?v=4"],
      "gravatar_id": [""],
      "url": ["https://api.github.com/users/terrytangyuan"],
      "html_url": ["https://github.com/terrytangyuan"],
      "followers_url": ["https://api.github.com/users/terrytangyuan/followers"],
      "following_url": ["https://api.github.com/users/terrytangyuan/following{/other_user}"],
      "gists_url": ["https://api.github.com/users/terrytangyuan/gists{/gist_id}"],
      "starred_url": ["https://api.github.com/users/terrytangyuan/starred{/owner}{/repo}"],
      "subscriptions_url": ["https://api.github.com/users/terrytangyuan/subscriptions"],
      "organizations_url": ["https://api.github.com/users/terrytangyuan/orgs"],
      "repos_url": ["https://api.github.com/users/terrytangyuan/repos"],
      "events_url": ["https://api.github.com/users/terrytangyuan/events{/privacy}"],
      "received_events_url": ["https://api.github.com/users/terrytangyuan/received_events"],
      "type": ["User"],
      "site_admin": [false]
    },
    "html_url": ["https://github.com/terrytangyuan/rweekly.org"],
    "description": ["R Weekly"],
    "fork": [true],
    "url": ["https://api.github.com/repos/terrytangyuan/rweekly.org"],
    "forks_url": ["https://api.github.com/repos/terrytangyuan/rweekly.org/forks"],
    "keys_url": ["https://api.github.com/repos/terrytangyuan/rweekly.org/keys{/key_id}"],
    "collaborators_url": ["https://api.github.com/repos/terrytangyuan/rweekly.org/collaborators{/collaborator}"],
    "teams_url": ["https://api.github.com/repos/terrytangyuan/rweekly.org/teams"],
    "hooks_url": ["https://api.github.com/repos/terrytangyuan/rweekly.org/hooks"],
    "issue_events_url": ["https://api.github.com/repos/terrytangyuan/rweekly.org/issues/events{/number}"],
    "events_url": ["https://api.github.com/repos/terrytangyuan/rweekly.org/events"],
    "assignees_url": ["https://api.github.com/repos/terrytangyuan/rweekly.org/assignees{/user}"],
    "branches_url": ["https://api.github.com/repos/terrytangyuan/rweekly.org/branches{/branch}"],
    "tags_url": ["https://api.github.com/repos/terrytangyuan/rweekly.org/tags"],
    "blobs_url": ["https://api.github.com/repos/terrytangyuan/rweekly.org/git/blobs{/sha}"],
    "git_tags_url": ["https://api.github.com/repos/terrytangyuan/rweekly.org/git/tags{/sha}"],
    "git_refs_url": ["https://api.github.com/repos/terrytangyuan/rweekly.org/git/refs{/sha}"],
    "trees_url": ["https://api.github.com/repos/terrytangyuan/rweekly.org/git/trees{/sha}"],
    "statuses_url": ["https://api.github.com/repos/terrytangyuan/rweekly.org/statuses/{sha}"],
    "languages_url": ["https://api.github.com/repos/terrytangyuan/rweekly.org/languages"],
    "stargazers_url": ["https://api.github.com/repos/terrytangyuan/rweekly.org/stargazers"],
    "contributors_url": ["https://api.github.com/repos/terrytangyuan/rweekly.org/contributors"],
    "subscribers_url": ["https://api.github.com/repos/terrytangyuan/rweekly.org/subscribers"],
    "subscription_url": ["https://api.github.com/repos/terrytangyuan/rweekly.org/subscription"],
    "commits_url": ["https://api.github.com/repos/terrytangyuan/rweekly.org/commits{/sha}"],
    "git_commits_url": ["https://api.github.com/repos/terrytangyuan/rweekly.org/git/commits{/sha}"],
    "comments_url": ["https://api.github.com/repos/terrytangyuan/rweekly.org/comments{/number}"],
    "issue_comment_url": ["https://api.github.com/repos/terrytangyuan/rweekly.org/issues/comments{/number}"],
    "contents_url": ["https://api.github.com/repos/terrytangyuan/rweekly.org/contents/{+path}"],
    "compare_url": ["https://api.github.com/repos/terrytangyuan/rweekly.org/compare/{base}...{head}"],
    "merges_url": ["https://api.github.com/repos/terrytangyuan/rweekly.org/merges"],
    "archive_url": ["https://api.github.com/repos/terrytangyuan/rweekly.org/{archive_format}{/ref}"],
    "downloads_url": ["https://api.github.com/repos/terrytangyuan/rweekly.org/downloads"],
    "issues_url": ["https://api.github.com/repos/terrytangyuan/rweekly.org/issues{/number}"],
    "pulls_url": ["https://api.github.com/repos/terrytangyuan/rweekly.org/pulls{/number}"],
    "milestones_url": ["https://api.github.com/repos/terrytangyuan/rweekly.org/milestones{/number}"],
    "notifications_url": ["https://api.github.com/repos/terrytangyuan/rweekly.org/notifications{?since,all,participating}"],
    "labels_url": ["https://api.github.com/repos/terrytangyuan/rweekly.org/labels{/name}"],
    "releases_url": ["https://api.github.com/repos/terrytangyuan/rweekly.org/releases{/id}"],
    "deployments_url": ["https://api.github.com/repos/terrytangyuan/rweekly.org/deployments"],
    "created_at": ["2018-03-05T17:20:27Z"],
    "updated_at": ["2018-03-05T17:20:32Z"],
    "pushed_at": ["2018-04-19T11:33:42Z"],
    "git_url": ["git://github.com/terrytangyuan/rweekly.org.git"],
    "ssh_url": ["git@github.com:terrytangyuan/rweekly.org.git"],
    "clone_url": ["https://github.com/terrytangyuan/rweekly.org.git"],
    "svn_url": ["https://github.com/terrytangyuan/rweekly.org"],
    "homepage": ["https://rweekly.org"],
    "size": [4192],
    "stargazers_count": [0],
    "watchers_count": [0],
    "language": ["R"],
    "has_issues": [false],
    "has_projects": [true],
    "has_downloads": [true],
    "has_wiki": [true],
    "has_pages": [false],
    "forks_count": [0],
    "mirror_url": {},
    "archived": [false],
    "open_issues_count": [0],
    "license": {},
    "forks": [0],
    "open_issues": [0],
    "watchers": [0],
    "default_branch": ["gh-pages"]
  }
]
