[
  {
    "id": [176366499],
    "node_id": ["MDEwOlJlcG9zaXRvcnkxNzYzNjY0OTk="],
    "name": ["arena"],
    "full_name": ["terrytangyuan/arena"],
    "private": [false],
    "owner": {
      "login": ["terrytangyuan"],
      "id": [4269898],
      "node_id": ["MDQ6VXNlcjQyNjk4OTg="],
      "avatar_url": ["https://avatars3.githubusercontent.com/u/4269898?v=4"],
      "gravatar_id": [""],
      "url": ["https://api.github.com/users/terrytangyuan"],
      "html_url": ["https://github.com/terrytangyuan"],
      "followers_url": ["https://api.github.com/users/terrytangyuan/followers"],
      "following_url": ["https://api.github.com/users/terrytangyuan/following{/other_user}"],
      "gists_url": ["https://api.github.com/users/terrytangyuan/gists{/gist_id}"],
      "starred_url": ["https://api.github.com/users/terrytangyuan/starred{/owner}{/repo}"],
      "subscriptions_url": ["https://api.github.com/users/terrytangyuan/subscriptions"],
      "organizations_url": ["https://api.github.com/users/terrytangyuan/orgs"],
      "repos_url": ["https://api.github.com/users/terrytangyuan/repos"],
      "events_url": ["https://api.github.com/users/terrytangyuan/events{/privacy}"],
      "received_events_url": ["https://api.github.com/users/terrytangyuan/received_events"],
      "type": ["User"],
      "site_admin": [false]
    },
    "html_url": ["https://github.com/terrytangyuan/arena"],
    "description": ["A CLI for Kubeflow. "],
    "fork": [true],
    "url": ["https://api.github.com/repos/terrytangyuan/arena"],
    "forks_url": ["https://api.github.com/repos/terrytangyuan/arena/forks"],
    "keys_url": ["https://api.github.com/repos/terrytangyuan/arena/keys{/key_id}"],
    "collaborators_url": ["https://api.github.com/repos/terrytangyuan/arena/collaborators{/collaborator}"],
    "teams_url": ["https://api.github.com/repos/terrytangyuan/arena/teams"],
    "hooks_url": ["https://api.github.com/repos/terrytangyuan/arena/hooks"],
    "issue_events_url": ["https://api.github.com/repos/terrytangyuan/arena/issues/events{/number}"],
    "events_url": ["https://api.github.com/repos/terrytangyuan/arena/events"],
    "assignees_url": ["https://api.github.com/repos/terrytangyuan/arena/assignees{/user}"],
    "branches_url": ["https://api.github.com/repos/terrytangyuan/arena/branches{/branch}"],
    "tags_url": ["https://api.github.com/repos/terrytangyuan/arena/tags"],
    "blobs_url": ["https://api.github.com/repos/terrytangyuan/arena/git/blobs{/sha}"],
    "git_tags_url": ["https://api.github.com/repos/terrytangyuan/arena/git/tags{/sha}"],
    "git_refs_url": ["https://api.github.com/repos/terrytangyuan/arena/git/refs{/sha}"],
    "trees_url": ["https://api.github.com/repos/terrytangyuan/arena/git/trees{/sha}"],
    "statuses_url": ["https://api.github.com/repos/terrytangyuan/arena/statuses/{sha}"],
    "languages_url": ["https://api.github.com/repos/terrytangyuan/arena/languages"],
    "stargazers_url": ["https://api.github.com/repos/terrytangyuan/arena/stargazers"],
    "contributors_url": ["https://api.github.com/repos/terrytangyuan/arena/contributors"],
    "subscribers_url": ["https://api.github.com/repos/terrytangyuan/arena/subscribers"],
    "subscription_url": ["https://api.github.com/repos/terrytangyuan/arena/subscription"],
    "commits_url": ["https://api.github.com/repos/terrytangyuan/arena/commits{/sha}"],
    "git_commits_url": ["https://api.github.com/repos/terrytangyuan/arena/git/commits{/sha}"],
    "comments_url": ["https://api.github.com/repos/terrytangyuan/arena/comments{/number}"],
    "issue_comment_url": ["https://api.github.com/repos/terrytangyuan/arena/issues/comments{/number}"],
    "contents_url": ["https://api.github.com/repos/terrytangyuan/arena/contents/{+path}"],
    "compare_url": ["https://api.github.com/repos/terrytangyuan/arena/compare/{base}...{head}"],
    "merges_url": ["https://api.github.com/repos/terrytangyuan/arena/merges"],
    "archive_url": ["https://api.github.com/repos/terrytangyuan/arena/{archive_format}{/ref}"],
    "downloads_url": ["https://api.github.com/repos/terrytangyuan/arena/downloads"],
    "issues_url": ["https://api.github.com/repos/terrytangyuan/arena/issues{/number}"],
    "pulls_url": ["https://api.github.com/repos/terrytangyuan/arena/pulls{/number}"],
    "milestones_url": ["https://api.github.com/repos/terrytangyuan/arena/milestones{/number}"],
    "notifications_url": ["https://api.github.com/repos/terrytangyuan/arena/notifications{?since,all,participating}"],
    "labels_url": ["https://api.github.com/repos/terrytangyuan/arena/labels{/name}"],
    "releases_url": ["https://api.github.com/repos/terrytangyuan/arena/releases{/id}"],
    "deployments_url": ["https://api.github.com/repos/terrytangyuan/arena/deployments"],
    "created_at": ["2019-03-18T20:45:06Z"],
    "updated_at": ["2019-03-18T20:45:08Z"],
    "pushed_at": ["2019-04-01T00:54:29Z"],
    "git_url": ["git://github.com/terrytangyuan/arena.git"],
    "ssh_url": ["git@github.com:terrytangyuan/arena.git"],
    "clone_url": ["https://github.com/terrytangyuan/arena.git"],
    "svn_url": ["https://github.com/terrytangyuan/arena"],
    "homepage": [""],
    "size": [7587],
    "stargazers_count": [0],
    "watchers_count": [0],
    "language": ["Go"],
    "has_issues": [false],
    "has_projects": [true],
    "has_downloads": [true],
    "has_wiki": [true],
    "has_pages": [false],
    "forks_count": [0],
    "mirror_url": {},
    "archived": [false],
    "open_issues_count": [0],
    "license": {
      "key": ["other"],
      "name": ["Other"],
      "spdx_id": ["NOASSERTION"],
      "url": {},
      "node_id": ["MDc6TGljZW5zZTA="]
    },
    "forks": [0],
    "open_issues": [0],
    "watchers": [0],
    "default_branch": ["master"]
  }
]
