[
  {
    "id": [178243168],
    "node_id": ["MDEwOlJlcG9zaXRvcnkxNzgyNDMxNjg="],
    "name": ["tfestimators"],
    "full_name": ["terrytangyuan/tfestimators"],
    "private": [false],
    "owner": {
      "login": ["terrytangyuan"],
      "id": [4269898],
      "node_id": ["MDQ6VXNlcjQyNjk4OTg="],
      "avatar_url": ["https://avatars3.githubusercontent.com/u/4269898?v=4"],
      "gravatar_id": [""],
      "url": ["https://api.github.com/users/terrytangyuan"],
      "html_url": ["https://github.com/terrytangyuan"],
      "followers_url": ["https://api.github.com/users/terrytangyuan/followers"],
      "following_url": ["https://api.github.com/users/terrytangyuan/following{/other_user}"],
      "gists_url": ["https://api.github.com/users/terrytangyuan/gists{/gist_id}"],
      "starred_url": ["https://api.github.com/users/terrytangyuan/starred{/owner}{/repo}"],
      "subscriptions_url": ["https://api.github.com/users/terrytangyuan/subscriptions"],
      "organizations_url": ["https://api.github.com/users/terrytangyuan/orgs"],
      "repos_url": ["https://api.github.com/users/terrytangyuan/repos"],
      "events_url": ["https://api.github.com/users/terrytangyuan/events{/privacy}"],
      "received_events_url": ["https://api.github.com/users/terrytangyuan/received_events"],
      "type": ["User"],
      "site_admin": [false]
    },
    "html_url": ["https://github.com/terrytangyuan/tfestimators"],
    "description": ["R interface to TensorFlow Estimators"],
    "fork": [true],
    "url": ["https://api.github.com/repos/terrytangyuan/tfestimators"],
    "forks_url": ["https://api.github.com/repos/terrytangyuan/tfestimators/forks"],
    "keys_url": ["https://api.github.com/repos/terrytangyuan/tfestimators/keys{/key_id}"],
    "collaborators_url": ["https://api.github.com/repos/terrytangyuan/tfestimators/collaborators{/collaborator}"],
    "teams_url": ["https://api.github.com/repos/terrytangyuan/tfestimators/teams"],
    "hooks_url": ["https://api.github.com/repos/terrytangyuan/tfestimators/hooks"],
    "issue_events_url": ["https://api.github.com/repos/terrytangyuan/tfestimators/issues/events{/number}"],
    "events_url": ["https://api.github.com/repos/terrytangyuan/tfestimators/events"],
    "assignees_url": ["https://api.github.com/repos/terrytangyuan/tfestimators/assignees{/user}"],
    "branches_url": ["https://api.github.com/repos/terrytangyuan/tfestimators/branches{/branch}"],
    "tags_url": ["https://api.github.com/repos/terrytangyuan/tfestimators/tags"],
    "blobs_url": ["https://api.github.com/repos/terrytangyuan/tfestimators/git/blobs{/sha}"],
    "git_tags_url": ["https://api.github.com/repos/terrytangyuan/tfestimators/git/tags{/sha}"],
    "git_refs_url": ["https://api.github.com/repos/terrytangyuan/tfestimators/git/refs{/sha}"],
    "trees_url": ["https://api.github.com/repos/terrytangyuan/tfestimators/git/trees{/sha}"],
    "statuses_url": ["https://api.github.com/repos/terrytangyuan/tfestimators/statuses/{sha}"],
    "languages_url": ["https://api.github.com/repos/terrytangyuan/tfestimators/languages"],
    "stargazers_url": ["https://api.github.com/repos/terrytangyuan/tfestimators/stargazers"],
    "contributors_url": ["https://api.github.com/repos/terrytangyuan/tfestimators/contributors"],
    "subscribers_url": ["https://api.github.com/repos/terrytangyuan/tfestimators/subscribers"],
    "subscription_url": ["https://api.github.com/repos/terrytangyuan/tfestimators/subscription"],
    "commits_url": ["https://api.github.com/repos/terrytangyuan/tfestimators/commits{/sha}"],
    "git_commits_url": ["https://api.github.com/repos/terrytangyuan/tfestimators/git/commits{/sha}"],
    "comments_url": ["https://api.github.com/repos/terrytangyuan/tfestimators/comments{/number}"],
    "issue_comment_url": ["https://api.github.com/repos/terrytangyuan/tfestimators/issues/comments{/number}"],
    "contents_url": ["https://api.github.com/repos/terrytangyuan/tfestimators/contents/{+path}"],
    "compare_url": ["https://api.github.com/repos/terrytangyuan/tfestimators/compare/{base}...{head}"],
    "merges_url": ["https://api.github.com/repos/terrytangyuan/tfestimators/merges"],
    "archive_url": ["https://api.github.com/repos/terrytangyuan/tfestimators/{archive_format}{/ref}"],
    "downloads_url": ["https://api.github.com/repos/terrytangyuan/tfestimators/downloads"],
    "issues_url": ["https://api.github.com/repos/terrytangyuan/tfestimators/issues{/number}"],
    "pulls_url": ["https://api.github.com/repos/terrytangyuan/tfestimators/pulls{/number}"],
    "milestones_url": ["https://api.github.com/repos/terrytangyuan/tfestimators/milestones{/number}"],
    "notifications_url": ["https://api.github.com/repos/terrytangyuan/tfestimators/notifications{?since,all,participating}"],
    "labels_url": ["https://api.github.com/repos/terrytangyuan/tfestimators/labels{/name}"],
    "releases_url": ["https://api.github.com/repos/terrytangyuan/tfestimators/releases{/id}"],
    "deployments_url": ["https://api.github.com/repos/terrytangyuan/tfestimators/deployments"],
    "created_at": ["2019-03-28T16:33:09Z"],
    "updated_at": ["2019-03-28T16:33:11Z"],
    "pushed_at": ["2019-03-28T16:45:01Z"],
    "git_url": ["git://github.com/terrytangyuan/tfestimators.git"],
    "ssh_url": ["git@github.com:terrytangyuan/tfestimators.git"],
    "clone_url": ["https://github.com/terrytangyuan/tfestimators.git"],
    "svn_url": ["https://github.com/terrytangyuan/tfestimators"],
    "homepage": ["https://tensorflow.rstudio.com/tfestimators"],
    "size": [15530],
    "stargazers_count": [0],
    "watchers_count": [0],
    "language": ["R"],
    "has_issues": [false],
    "has_projects": [true],
    "has_downloads": [true],
    "has_wiki": [true],
    "has_pages": [false],
    "forks_count": [0],
    "mirror_url": {},
    "archived": [false],
    "open_issues_count": [0],
    "license": {},
    "forks": [0],
    "open_issues": [0],
    "watchers": [0],
    "default_branch": ["master"]
  }
]
