[
  {
    "id": [117366824],
    "node_id": ["MDEwOlJlcG9zaXRvcnkxMTczNjY4MjQ="],
    "name": ["ctv-hpc"],
    "full_name": ["terrytangyuan/ctv-hpc"],
    "private": [false],
    "owner": {
      "login": ["terrytangyuan"],
      "id": [4269898],
      "node_id": ["MDQ6VXNlcjQyNjk4OTg="],
      "avatar_url": ["https://avatars3.githubusercontent.com/u/4269898?v=4"],
      "gravatar_id": [""],
      "url": ["https://api.github.com/users/terrytangyuan"],
      "html_url": ["https://github.com/terrytangyuan"],
      "followers_url": ["https://api.github.com/users/terrytangyuan/followers"],
      "following_url": ["https://api.github.com/users/terrytangyuan/following{/other_user}"],
      "gists_url": ["https://api.github.com/users/terrytangyuan/gists{/gist_id}"],
      "starred_url": ["https://api.github.com/users/terrytangyuan/starred{/owner}{/repo}"],
      "subscriptions_url": ["https://api.github.com/users/terrytangyuan/subscriptions"],
      "organizations_url": ["https://api.github.com/users/terrytangyuan/orgs"],
      "repos_url": ["https://api.github.com/users/terrytangyuan/repos"],
      "events_url": ["https://api.github.com/users/terrytangyuan/events{/privacy}"],
      "received_events_url": ["https://api.github.com/users/terrytangyuan/received_events"],
      "type": ["User"],
      "site_admin": [false]
    },
    "html_url": ["https://github.com/terrytangyuan/ctv-hpc"],
    "description": ["CRAN Task View: High-Performance Computing with R"],
    "fork": [true],
    "url": ["https://api.github.com/repos/terrytangyuan/ctv-hpc"],
    "forks_url": ["https://api.github.com/repos/terrytangyuan/ctv-hpc/forks"],
    "keys_url": ["https://api.github.com/repos/terrytangyuan/ctv-hpc/keys{/key_id}"],
    "collaborators_url": ["https://api.github.com/repos/terrytangyuan/ctv-hpc/collaborators{/collaborator}"],
    "teams_url": ["https://api.github.com/repos/terrytangyuan/ctv-hpc/teams"],
    "hooks_url": ["https://api.github.com/repos/terrytangyuan/ctv-hpc/hooks"],
    "issue_events_url": ["https://api.github.com/repos/terrytangyuan/ctv-hpc/issues/events{/number}"],
    "events_url": ["https://api.github.com/repos/terrytangyuan/ctv-hpc/events"],
    "assignees_url": ["https://api.github.com/repos/terrytangyuan/ctv-hpc/assignees{/user}"],
    "branches_url": ["https://api.github.com/repos/terrytangyuan/ctv-hpc/branches{/branch}"],
    "tags_url": ["https://api.github.com/repos/terrytangyuan/ctv-hpc/tags"],
    "blobs_url": ["https://api.github.com/repos/terrytangyuan/ctv-hpc/git/blobs{/sha}"],
    "git_tags_url": ["https://api.github.com/repos/terrytangyuan/ctv-hpc/git/tags{/sha}"],
    "git_refs_url": ["https://api.github.com/repos/terrytangyuan/ctv-hpc/git/refs{/sha}"],
    "trees_url": ["https://api.github.com/repos/terrytangyuan/ctv-hpc/git/trees{/sha}"],
    "statuses_url": ["https://api.github.com/repos/terrytangyuan/ctv-hpc/statuses/{sha}"],
    "languages_url": ["https://api.github.com/repos/terrytangyuan/ctv-hpc/languages"],
    "stargazers_url": ["https://api.github.com/repos/terrytangyuan/ctv-hpc/stargazers"],
    "contributors_url": ["https://api.github.com/repos/terrytangyuan/ctv-hpc/contributors"],
    "subscribers_url": ["https://api.github.com/repos/terrytangyuan/ctv-hpc/subscribers"],
    "subscription_url": ["https://api.github.com/repos/terrytangyuan/ctv-hpc/subscription"],
    "commits_url": ["https://api.github.com/repos/terrytangyuan/ctv-hpc/commits{/sha}"],
    "git_commits_url": ["https://api.github.com/repos/terrytangyuan/ctv-hpc/git/commits{/sha}"],
    "comments_url": ["https://api.github.com/repos/terrytangyuan/ctv-hpc/comments{/number}"],
    "issue_comment_url": ["https://api.github.com/repos/terrytangyuan/ctv-hpc/issues/comments{/number}"],
    "contents_url": ["https://api.github.com/repos/terrytangyuan/ctv-hpc/contents/{+path}"],
    "compare_url": ["https://api.github.com/repos/terrytangyuan/ctv-hpc/compare/{base}...{head}"],
    "merges_url": ["https://api.github.com/repos/terrytangyuan/ctv-hpc/merges"],
    "archive_url": ["https://api.github.com/repos/terrytangyuan/ctv-hpc/{archive_format}{/ref}"],
    "downloads_url": ["https://api.github.com/repos/terrytangyuan/ctv-hpc/downloads"],
    "issues_url": ["https://api.github.com/repos/terrytangyuan/ctv-hpc/issues{/number}"],
    "pulls_url": ["https://api.github.com/repos/terrytangyuan/ctv-hpc/pulls{/number}"],
    "milestones_url": ["https://api.github.com/repos/terrytangyuan/ctv-hpc/milestones{/number}"],
    "notifications_url": ["https://api.github.com/repos/terrytangyuan/ctv-hpc/notifications{?since,all,participating}"],
    "labels_url": ["https://api.github.com/repos/terrytangyuan/ctv-hpc/labels{/name}"],
    "releases_url": ["https://api.github.com/repos/terrytangyuan/ctv-hpc/releases{/id}"],
    "deployments_url": ["https://api.github.com/repos/terrytangyuan/ctv-hpc/deployments"],
    "created_at": ["2018-01-13T18:14:58Z"],
    "updated_at": ["2018-01-13T18:14:59Z"],
    "pushed_at": ["2018-04-23T20:58:25Z"],
    "git_url": ["git://github.com/terrytangyuan/ctv-hpc.git"],
    "ssh_url": ["git@github.com:terrytangyuan/ctv-hpc.git"],
    "clone_url": ["https://github.com/terrytangyuan/ctv-hpc.git"],
    "svn_url": ["https://github.com/terrytangyuan/ctv-hpc"],
    "homepage": ["https://cran.r-project.org/web/views/HighPerformanceComputing.html"],
    "size": [106],
    "stargazers_count": [0],
    "watchers_count": [0],
    "language": ["R"],
    "has_issues": [false],
    "has_projects": [true],
    "has_downloads": [true],
    "has_wiki": [true],
    "has_pages": [false],
    "forks_count": [0],
    "mirror_url": {},
    "archived": [false],
    "open_issues_count": [0],
    "license": {},
    "forks": [0],
    "open_issues": [0],
    "watchers": [0],
    "default_branch": ["master"]
  }
]
