[
  {
    "id": [45490709],
    "node_id": ["MDEwOlJlcG9zaXRvcnk0NTQ5MDcwOQ=="],
    "name": ["forecast"],
    "full_name": ["terrytangyuan/forecast"],
    "private": [false],
    "owner": {
      "login": ["terrytangyuan"],
      "id": [4269898],
      "node_id": ["MDQ6VXNlcjQyNjk4OTg="],
      "avatar_url": ["https://avatars3.githubusercontent.com/u/4269898?v=4"],
      "gravatar_id": [""],
      "url": ["https://api.github.com/users/terrytangyuan"],
      "html_url": ["https://github.com/terrytangyuan"],
      "followers_url": ["https://api.github.com/users/terrytangyuan/followers"],
      "following_url": ["https://api.github.com/users/terrytangyuan/following{/other_user}"],
      "gists_url": ["https://api.github.com/users/terrytangyuan/gists{/gist_id}"],
      "starred_url": ["https://api.github.com/users/terrytangyuan/starred{/owner}{/repo}"],
      "subscriptions_url": ["https://api.github.com/users/terrytangyuan/subscriptions"],
      "organizations_url": ["https://api.github.com/users/terrytangyuan/orgs"],
      "repos_url": ["https://api.github.com/users/terrytangyuan/repos"],
      "events_url": ["https://api.github.com/users/terrytangyuan/events{/privacy}"],
      "received_events_url": ["https://api.github.com/users/terrytangyuan/received_events"],
      "type": ["User"],
      "site_admin": [false]
    },
    "html_url": ["https://github.com/terrytangyuan/forecast"],
    "description": ["forecast package for R"],
    "fork": [true],
    "url": ["https://api.github.com/repos/terrytangyuan/forecast"],
    "forks_url": ["https://api.github.com/repos/terrytangyuan/forecast/forks"],
    "keys_url": ["https://api.github.com/repos/terrytangyuan/forecast/keys{/key_id}"],
    "collaborators_url": ["https://api.github.com/repos/terrytangyuan/forecast/collaborators{/collaborator}"],
    "teams_url": ["https://api.github.com/repos/terrytangyuan/forecast/teams"],
    "hooks_url": ["https://api.github.com/repos/terrytangyuan/forecast/hooks"],
    "issue_events_url": ["https://api.github.com/repos/terrytangyuan/forecast/issues/events{/number}"],
    "events_url": ["https://api.github.com/repos/terrytangyuan/forecast/events"],
    "assignees_url": ["https://api.github.com/repos/terrytangyuan/forecast/assignees{/user}"],
    "branches_url": ["https://api.github.com/repos/terrytangyuan/forecast/branches{/branch}"],
    "tags_url": ["https://api.github.com/repos/terrytangyuan/forecast/tags"],
    "blobs_url": ["https://api.github.com/repos/terrytangyuan/forecast/git/blobs{/sha}"],
    "git_tags_url": ["https://api.github.com/repos/terrytangyuan/forecast/git/tags{/sha}"],
    "git_refs_url": ["https://api.github.com/repos/terrytangyuan/forecast/git/refs{/sha}"],
    "trees_url": ["https://api.github.com/repos/terrytangyuan/forecast/git/trees{/sha}"],
    "statuses_url": ["https://api.github.com/repos/terrytangyuan/forecast/statuses/{sha}"],
    "languages_url": ["https://api.github.com/repos/terrytangyuan/forecast/languages"],
    "stargazers_url": ["https://api.github.com/repos/terrytangyuan/forecast/stargazers"],
    "contributors_url": ["https://api.github.com/repos/terrytangyuan/forecast/contributors"],
    "subscribers_url": ["https://api.github.com/repos/terrytangyuan/forecast/subscribers"],
    "subscription_url": ["https://api.github.com/repos/terrytangyuan/forecast/subscription"],
    "commits_url": ["https://api.github.com/repos/terrytangyuan/forecast/commits{/sha}"],
    "git_commits_url": ["https://api.github.com/repos/terrytangyuan/forecast/git/commits{/sha}"],
    "comments_url": ["https://api.github.com/repos/terrytangyuan/forecast/comments{/number}"],
    "issue_comment_url": ["https://api.github.com/repos/terrytangyuan/forecast/issues/comments{/number}"],
    "contents_url": ["https://api.github.com/repos/terrytangyuan/forecast/contents/{+path}"],
    "compare_url": ["https://api.github.com/repos/terrytangyuan/forecast/compare/{base}...{head}"],
    "merges_url": ["https://api.github.com/repos/terrytangyuan/forecast/merges"],
    "archive_url": ["https://api.github.com/repos/terrytangyuan/forecast/{archive_format}{/ref}"],
    "downloads_url": ["https://api.github.com/repos/terrytangyuan/forecast/downloads"],
    "issues_url": ["https://api.github.com/repos/terrytangyuan/forecast/issues{/number}"],
    "pulls_url": ["https://api.github.com/repos/terrytangyuan/forecast/pulls{/number}"],
    "milestones_url": ["https://api.github.com/repos/terrytangyuan/forecast/milestones{/number}"],
    "notifications_url": ["https://api.github.com/repos/terrytangyuan/forecast/notifications{?since,all,participating}"],
    "labels_url": ["https://api.github.com/repos/terrytangyuan/forecast/labels{/name}"],
    "releases_url": ["https://api.github.com/repos/terrytangyuan/forecast/releases{/id}"],
    "deployments_url": ["https://api.github.com/repos/terrytangyuan/forecast/deployments"],
    "created_at": ["2015-11-03T19:35:50Z"],
    "updated_at": ["2016-05-31T04:42:32Z"],
    "pushed_at": ["2018-03-16T23:32:52Z"],
    "git_url": ["git://github.com/terrytangyuan/forecast.git"],
    "ssh_url": ["git@github.com:terrytangyuan/forecast.git"],
    "clone_url": ["https://github.com/terrytangyuan/forecast.git"],
    "svn_url": ["https://github.com/terrytangyuan/forecast"],
    "homepage": {},
    "size": [4042],
    "stargazers_count": [1],
    "watchers_count": [1],
    "language": ["R"],
    "has_issues": [false],
    "has_projects": [true],
    "has_downloads": [true],
    "has_wiki": [true],
    "has_pages": [false],
    "forks_count": [0],
    "mirror_url": {},
    "archived": [false],
    "open_issues_count": [0],
    "license": {},
    "forks": [0],
    "open_issues": [0],
    "watchers": [1],
    "default_branch": ["master"]
  }
]
