[
  {
    "id": [89812064],
    "node_id": ["MDEwOlJlcG9zaXRvcnk4OTgxMjA2NA=="],
    "name": ["transform"],
    "full_name": ["terrytangyuan/transform"],
    "private": [false],
    "owner": {
      "login": ["terrytangyuan"],
      "id": [4269898],
      "node_id": ["MDQ6VXNlcjQyNjk4OTg="],
      "avatar_url": ["https://avatars3.githubusercontent.com/u/4269898?v=4"],
      "gravatar_id": [""],
      "url": ["https://api.github.com/users/terrytangyuan"],
      "html_url": ["https://github.com/terrytangyuan"],
      "followers_url": ["https://api.github.com/users/terrytangyuan/followers"],
      "following_url": ["https://api.github.com/users/terrytangyuan/following{/other_user}"],
      "gists_url": ["https://api.github.com/users/terrytangyuan/gists{/gist_id}"],
      "starred_url": ["https://api.github.com/users/terrytangyuan/starred{/owner}{/repo}"],
      "subscriptions_url": ["https://api.github.com/users/terrytangyuan/subscriptions"],
      "organizations_url": ["https://api.github.com/users/terrytangyuan/orgs"],
      "repos_url": ["https://api.github.com/users/terrytangyuan/repos"],
      "events_url": ["https://api.github.com/users/terrytangyuan/events{/privacy}"],
      "received_events_url": ["https://api.github.com/users/terrytangyuan/received_events"],
      "type": ["User"],
      "site_admin": [false]
    },
    "html_url": ["https://github.com/terrytangyuan/transform"],
    "description": ["Input pipeline framework"],
    "fork": [true],
    "url": ["https://api.github.com/repos/terrytangyuan/transform"],
    "forks_url": ["https://api.github.com/repos/terrytangyuan/transform/forks"],
    "keys_url": ["https://api.github.com/repos/terrytangyuan/transform/keys{/key_id}"],
    "collaborators_url": ["https://api.github.com/repos/terrytangyuan/transform/collaborators{/collaborator}"],
    "teams_url": ["https://api.github.com/repos/terrytangyuan/transform/teams"],
    "hooks_url": ["https://api.github.com/repos/terrytangyuan/transform/hooks"],
    "issue_events_url": ["https://api.github.com/repos/terrytangyuan/transform/issues/events{/number}"],
    "events_url": ["https://api.github.com/repos/terrytangyuan/transform/events"],
    "assignees_url": ["https://api.github.com/repos/terrytangyuan/transform/assignees{/user}"],
    "branches_url": ["https://api.github.com/repos/terrytangyuan/transform/branches{/branch}"],
    "tags_url": ["https://api.github.com/repos/terrytangyuan/transform/tags"],
    "blobs_url": ["https://api.github.com/repos/terrytangyuan/transform/git/blobs{/sha}"],
    "git_tags_url": ["https://api.github.com/repos/terrytangyuan/transform/git/tags{/sha}"],
    "git_refs_url": ["https://api.github.com/repos/terrytangyuan/transform/git/refs{/sha}"],
    "trees_url": ["https://api.github.com/repos/terrytangyuan/transform/git/trees{/sha}"],
    "statuses_url": ["https://api.github.com/repos/terrytangyuan/transform/statuses/{sha}"],
    "languages_url": ["https://api.github.com/repos/terrytangyuan/transform/languages"],
    "stargazers_url": ["https://api.github.com/repos/terrytangyuan/transform/stargazers"],
    "contributors_url": ["https://api.github.com/repos/terrytangyuan/transform/contributors"],
    "subscribers_url": ["https://api.github.com/repos/terrytangyuan/transform/subscribers"],
    "subscription_url": ["https://api.github.com/repos/terrytangyuan/transform/subscription"],
    "commits_url": ["https://api.github.com/repos/terrytangyuan/transform/commits{/sha}"],
    "git_commits_url": ["https://api.github.com/repos/terrytangyuan/transform/git/commits{/sha}"],
    "comments_url": ["https://api.github.com/repos/terrytangyuan/transform/comments{/number}"],
    "issue_comment_url": ["https://api.github.com/repos/terrytangyuan/transform/issues/comments{/number}"],
    "contents_url": ["https://api.github.com/repos/terrytangyuan/transform/contents/{+path}"],
    "compare_url": ["https://api.github.com/repos/terrytangyuan/transform/compare/{base}...{head}"],
    "merges_url": ["https://api.github.com/repos/terrytangyuan/transform/merges"],
    "archive_url": ["https://api.github.com/repos/terrytangyuan/transform/{archive_format}{/ref}"],
    "downloads_url": ["https://api.github.com/repos/terrytangyuan/transform/downloads"],
    "issues_url": ["https://api.github.com/repos/terrytangyuan/transform/issues{/number}"],
    "pulls_url": ["https://api.github.com/repos/terrytangyuan/transform/pulls{/number}"],
    "milestones_url": ["https://api.github.com/repos/terrytangyuan/transform/milestones{/number}"],
    "notifications_url": ["https://api.github.com/repos/terrytangyuan/transform/notifications{?since,all,participating}"],
    "labels_url": ["https://api.github.com/repos/terrytangyuan/transform/labels{/name}"],
    "releases_url": ["https://api.github.com/repos/terrytangyuan/transform/releases{/id}"],
    "deployments_url": ["https://api.github.com/repos/terrytangyuan/transform/deployments"],
    "created_at": ["2017-04-29T20:48:19Z"],
    "updated_at": ["2018-10-10T01:50:17Z"],
    "pushed_at": ["2018-10-10T01:50:15Z"],
    "git_url": ["git://github.com/terrytangyuan/transform.git"],
    "ssh_url": ["git@github.com:terrytangyuan/transform.git"],
    "clone_url": ["https://github.com/terrytangyuan/transform.git"],
    "svn_url": ["https://github.com/terrytangyuan/transform"],
    "homepage": {},
    "size": [887],
    "stargazers_count": [0],
    "watchers_count": [0],
    "language": ["Python"],
    "has_issues": [false],
    "has_projects": [true],
    "has_downloads": [true],
    "has_wiki": [true],
    "has_pages": [false],
    "forks_count": [0],
    "mirror_url": {},
    "archived": [false],
    "open_issues_count": [0],
    "license": {
      "key": ["apache-2.0"],
      "name": ["Apache License 2.0"],
      "spdx_id": ["Apache-2.0"],
      "url": ["https://api.github.com/licenses/apache-2.0"],
      "node_id": ["MDc6TGljZW5zZTI="]
    },
    "forks": [0],
    "open_issues": [0],
    "watchers": [0],
    "default_branch": ["master"]
  }
]
