[
  {
    "id": [83511251],
    "node_id": ["MDEwOlJlcG9zaXRvcnk4MzUxMTI1MQ=="],
    "name": ["tensorflow-basic-exercises"],
    "full_name": ["terrytangyuan/tensorflow-basic-exercises"],
    "private": [false],
    "owner": {
      "login": ["terrytangyuan"],
      "id": [4269898],
      "node_id": ["MDQ6VXNlcjQyNjk4OTg="],
      "avatar_url": ["https://avatars3.githubusercontent.com/u/4269898?v=4"],
      "gravatar_id": [""],
      "url": ["https://api.github.com/users/terrytangyuan"],
      "html_url": ["https://github.com/terrytangyuan"],
      "followers_url": ["https://api.github.com/users/terrytangyuan/followers"],
      "following_url": ["https://api.github.com/users/terrytangyuan/following{/other_user}"],
      "gists_url": ["https://api.github.com/users/terrytangyuan/gists{/gist_id}"],
      "starred_url": ["https://api.github.com/users/terrytangyuan/starred{/owner}{/repo}"],
      "subscriptions_url": ["https://api.github.com/users/terrytangyuan/subscriptions"],
      "organizations_url": ["https://api.github.com/users/terrytangyuan/orgs"],
      "repos_url": ["https://api.github.com/users/terrytangyuan/repos"],
      "events_url": ["https://api.github.com/users/terrytangyuan/events{/privacy}"],
      "received_events_url": ["https://api.github.com/users/terrytangyuan/received_events"],
      "type": ["User"],
      "site_admin": [false]
    },
    "html_url": ["https://github.com/terrytangyuan/tensorflow-basic-exercises"],
    "description": ["Exercises for TensorFlow Tutorial"],
    "fork": [false],
    "url": ["https://api.github.com/repos/terrytangyuan/tensorflow-basic-exercises"],
    "forks_url": ["https://api.github.com/repos/terrytangyuan/tensorflow-basic-exercises/forks"],
    "keys_url": ["https://api.github.com/repos/terrytangyuan/tensorflow-basic-exercises/keys{/key_id}"],
    "collaborators_url": ["https://api.github.com/repos/terrytangyuan/tensorflow-basic-exercises/collaborators{/collaborator}"],
    "teams_url": ["https://api.github.com/repos/terrytangyuan/tensorflow-basic-exercises/teams"],
    "hooks_url": ["https://api.github.com/repos/terrytangyuan/tensorflow-basic-exercises/hooks"],
    "issue_events_url": ["https://api.github.com/repos/terrytangyuan/tensorflow-basic-exercises/issues/events{/number}"],
    "events_url": ["https://api.github.com/repos/terrytangyuan/tensorflow-basic-exercises/events"],
    "assignees_url": ["https://api.github.com/repos/terrytangyuan/tensorflow-basic-exercises/assignees{/user}"],
    "branches_url": ["https://api.github.com/repos/terrytangyuan/tensorflow-basic-exercises/branches{/branch}"],
    "tags_url": ["https://api.github.com/repos/terrytangyuan/tensorflow-basic-exercises/tags"],
    "blobs_url": ["https://api.github.com/repos/terrytangyuan/tensorflow-basic-exercises/git/blobs{/sha}"],
    "git_tags_url": ["https://api.github.com/repos/terrytangyuan/tensorflow-basic-exercises/git/tags{/sha}"],
    "git_refs_url": ["https://api.github.com/repos/terrytangyuan/tensorflow-basic-exercises/git/refs{/sha}"],
    "trees_url": ["https://api.github.com/repos/terrytangyuan/tensorflow-basic-exercises/git/trees{/sha}"],
    "statuses_url": ["https://api.github.com/repos/terrytangyuan/tensorflow-basic-exercises/statuses/{sha}"],
    "languages_url": ["https://api.github.com/repos/terrytangyuan/tensorflow-basic-exercises/languages"],
    "stargazers_url": ["https://api.github.com/repos/terrytangyuan/tensorflow-basic-exercises/stargazers"],
    "contributors_url": ["https://api.github.com/repos/terrytangyuan/tensorflow-basic-exercises/contributors"],
    "subscribers_url": ["https://api.github.com/repos/terrytangyuan/tensorflow-basic-exercises/subscribers"],
    "subscription_url": ["https://api.github.com/repos/terrytangyuan/tensorflow-basic-exercises/subscription"],
    "commits_url": ["https://api.github.com/repos/terrytangyuan/tensorflow-basic-exercises/commits{/sha}"],
    "git_commits_url": ["https://api.github.com/repos/terrytangyuan/tensorflow-basic-exercises/git/commits{/sha}"],
    "comments_url": ["https://api.github.com/repos/terrytangyuan/tensorflow-basic-exercises/comments{/number}"],
    "issue_comment_url": ["https://api.github.com/repos/terrytangyuan/tensorflow-basic-exercises/issues/comments{/number}"],
    "contents_url": ["https://api.github.com/repos/terrytangyuan/tensorflow-basic-exercises/contents/{+path}"],
    "compare_url": ["https://api.github.com/repos/terrytangyuan/tensorflow-basic-exercises/compare/{base}...{head}"],
    "merges_url": ["https://api.github.com/repos/terrytangyuan/tensorflow-basic-exercises/merges"],
    "archive_url": ["https://api.github.com/repos/terrytangyuan/tensorflow-basic-exercises/{archive_format}{/ref}"],
    "downloads_url": ["https://api.github.com/repos/terrytangyuan/tensorflow-basic-exercises/downloads"],
    "issues_url": ["https://api.github.com/repos/terrytangyuan/tensorflow-basic-exercises/issues{/number}"],
    "pulls_url": ["https://api.github.com/repos/terrytangyuan/tensorflow-basic-exercises/pulls{/number}"],
    "milestones_url": ["https://api.github.com/repos/terrytangyuan/tensorflow-basic-exercises/milestones{/number}"],
    "notifications_url": ["https://api.github.com/repos/terrytangyuan/tensorflow-basic-exercises/notifications{?since,all,participating}"],
    "labels_url": ["https://api.github.com/repos/terrytangyuan/tensorflow-basic-exercises/labels{/name}"],
    "releases_url": ["https://api.github.com/repos/terrytangyuan/tensorflow-basic-exercises/releases{/id}"],
    "deployments_url": ["https://api.github.com/repos/terrytangyuan/tensorflow-basic-exercises/deployments"],
    "created_at": ["2017-03-01T04:24:18Z"],
    "updated_at": ["2018-09-17T08:34:26Z"],
    "pushed_at": ["2017-10-19T01:01:36Z"],
    "git_url": ["git://github.com/terrytangyuan/tensorflow-basic-exercises.git"],
    "ssh_url": ["git@github.com:terrytangyuan/tensorflow-basic-exercises.git"],
    "clone_url": ["https://github.com/terrytangyuan/tensorflow-basic-exercises.git"],
    "svn_url": ["https://github.com/terrytangyuan/tensorflow-basic-exercises"],
    "homepage": [""],
    "size": [1228],
    "stargazers_count": [3],
    "watchers_count": [3],
    "language": ["Python"],
    "has_issues": [true],
    "has_projects": [true],
    "has_downloads": [true],
    "has_wiki": [true],
    "has_pages": [false],
    "forks_count": [3],
    "mirror_url": {},
    "archived": [false],
    "open_issues_count": [0],
    "license": {},
    "forks": [3],
    "open_issues": [0],
    "watchers": [3],
    "default_branch": ["master"]
  }
]
