[
  {
    "login": ["iohub"],
    "id": [24241956],
    "node_id": ["MDQ6VXNlcjI0MjQxOTU2"],
    "avatar_url": ["https://avatars2.githubusercontent.com/u/24241956?v=4"],
    "gravatar_id": [""],
    "url": ["https://api.github.com/users/iohub"],
    "html_url": ["https://github.com/iohub"],
    "followers_url": ["https://api.github.com/users/iohub/followers"],
    "following_url": ["https://api.github.com/users/iohub/following{/other_user}"],
    "gists_url": ["https://api.github.com/users/iohub/gists{/gist_id}"],
    "starred_url": ["https://api.github.com/users/iohub/starred{/owner}{/repo}"],
    "subscriptions_url": ["https://api.github.com/users/iohub/subscriptions"],
    "organizations_url": ["https://api.github.com/users/iohub/orgs"],
    "repos_url": ["https://api.github.com/users/iohub/repos"],
    "events_url": ["https://api.github.com/users/iohub/events{/privacy}"],
    "received_events_url": ["https://api.github.com/users/iohub/received_events"],
    "type": ["User"],
    "site_admin": [false]
  }
]
