[
  {
    "login": ["felixfuu"],
    "id": [30679630],
    "node_id": ["MDQ6VXNlcjMwNjc5NjMw"],
    "avatar_url": ["https://avatars1.githubusercontent.com/u/30679630?v=4"],
    "gravatar_id": [""],
    "url": ["https://api.github.com/users/felixfuu"],
    "html_url": ["https://github.com/felixfuu"],
    "followers_url": ["https://api.github.com/users/felixfuu/followers"],
    "following_url": ["https://api.github.com/users/felixfuu/following{/other_user}"],
    "gists_url": ["https://api.github.com/users/felixfuu/gists{/gist_id}"],
    "starred_url": ["https://api.github.com/users/felixfuu/starred{/owner}{/repo}"],
    "subscriptions_url": ["https://api.github.com/users/felixfuu/subscriptions"],
    "organizations_url": ["https://api.github.com/users/felixfuu/orgs"],
    "repos_url": ["https://api.github.com/users/felixfuu/repos"],
    "events_url": ["https://api.github.com/users/felixfuu/events{/privacy}"],
    "received_events_url": ["https://api.github.com/users/felixfuu/received_events"],
    "type": ["User"],
    "site_admin": [false]
  }
]
