[
  {
    "login": ["amitkabra59"],
    "id": [13452595],
    "node_id": ["MDQ6VXNlcjEzNDUyNTk1"],
    "avatar_url": ["https://avatars1.githubusercontent.com/u/13452595?v=4"],
    "gravatar_id": [""],
    "url": ["https://api.github.com/users/amitkabra59"],
    "html_url": ["https://github.com/amitkabra59"],
    "followers_url": ["https://api.github.com/users/amitkabra59/followers"],
    "following_url": ["https://api.github.com/users/amitkabra59/following{/other_user}"],
    "gists_url": ["https://api.github.com/users/amitkabra59/gists{/gist_id}"],
    "starred_url": ["https://api.github.com/users/amitkabra59/starred{/owner}{/repo}"],
    "subscriptions_url": ["https://api.github.com/users/amitkabra59/subscriptions"],
    "organizations_url": ["https://api.github.com/users/amitkabra59/orgs"],
    "repos_url": ["https://api.github.com/users/amitkabra59/repos"],
    "events_url": ["https://api.github.com/users/amitkabra59/events{/privacy}"],
    "received_events_url": ["https://api.github.com/users/amitkabra59/received_events"],
    "type": ["User"],
    "site_admin": [false]
  }
]
