[
  {
    "login": ["brendan-r"],
    "id": [3510374],
    "node_id": ["MDQ6VXNlcjM1MTAzNzQ="],
    "avatar_url": ["https://avatars0.githubusercontent.com/u/3510374?v=4"],
    "gravatar_id": [""],
    "url": ["https://api.github.com/users/brendan-r"],
    "html_url": ["https://github.com/brendan-r"],
    "followers_url": ["https://api.github.com/users/brendan-r/followers"],
    "following_url": ["https://api.github.com/users/brendan-r/following{/other_user}"],
    "gists_url": ["https://api.github.com/users/brendan-r/gists{/gist_id}"],
    "starred_url": ["https://api.github.com/users/brendan-r/starred{/owner}{/repo}"],
    "subscriptions_url": ["https://api.github.com/users/brendan-r/subscriptions"],
    "organizations_url": ["https://api.github.com/users/brendan-r/orgs"],
    "repos_url": ["https://api.github.com/users/brendan-r/repos"],
    "events_url": ["https://api.github.com/users/brendan-r/events{/privacy}"],
    "received_events_url": ["https://api.github.com/users/brendan-r/received_events"],
    "type": ["User"],
    "site_admin": [false]
  }
]
