[
  {
    "login": ["manikur"],
    "id": [42117994],
    "node_id": ["MDQ6VXNlcjQyMTE3OTk0"],
    "avatar_url": ["https://avatars1.githubusercontent.com/u/42117994?v=4"],
    "gravatar_id": [""],
    "url": ["https://api.github.com/users/manikur"],
    "html_url": ["https://github.com/manikur"],
    "followers_url": ["https://api.github.com/users/manikur/followers"],
    "following_url": ["https://api.github.com/users/manikur/following{/other_user}"],
    "gists_url": ["https://api.github.com/users/manikur/gists{/gist_id}"],
    "starred_url": ["https://api.github.com/users/manikur/starred{/owner}{/repo}"],
    "subscriptions_url": ["https://api.github.com/users/manikur/subscriptions"],
    "organizations_url": ["https://api.github.com/users/manikur/orgs"],
    "repos_url": ["https://api.github.com/users/manikur/repos"],
    "events_url": ["https://api.github.com/users/manikur/events{/privacy}"],
    "received_events_url": ["https://api.github.com/users/manikur/received_events"],
    "type": ["User"],
    "site_admin": [false]
  }
]
