[
  {
    "login": ["walace-datascientist"],
    "id": [44278808],
    "node_id": ["MDQ6VXNlcjQ0Mjc4ODA4"],
    "avatar_url": ["https://avatars2.githubusercontent.com/u/44278808?v=4"],
    "gravatar_id": [""],
    "url": ["https://api.github.com/users/walace-datascientist"],
    "html_url": ["https://github.com/walace-datascientist"],
    "followers_url": ["https://api.github.com/users/walace-datascientist/followers"],
    "following_url": ["https://api.github.com/users/walace-datascientist/following{/other_user}"],
    "gists_url": ["https://api.github.com/users/walace-datascientist/gists{/gist_id}"],
    "starred_url": ["https://api.github.com/users/walace-datascientist/starred{/owner}{/repo}"],
    "subscriptions_url": ["https://api.github.com/users/walace-datascientist/subscriptions"],
    "organizations_url": ["https://api.github.com/users/walace-datascientist/orgs"],
    "repos_url": ["https://api.github.com/users/walace-datascientist/repos"],
    "events_url": ["https://api.github.com/users/walace-datascientist/events{/privacy}"],
    "received_events_url": ["https://api.github.com/users/walace-datascientist/received_events"],
    "type": ["User"],
    "site_admin": [false]
  }
]
