[
  {
    "login": ["ShawnXiao105"],
    "id": [1658602],
    "node_id": ["MDQ6VXNlcjE2NTg2MDI="],
    "avatar_url": ["https://avatars0.githubusercontent.com/u/1658602?v=4"],
    "gravatar_id": [""],
    "url": ["https://api.github.com/users/ShawnXiao105"],
    "html_url": ["https://github.com/ShawnXiao105"],
    "followers_url": ["https://api.github.com/users/ShawnXiao105/followers"],
    "following_url": ["https://api.github.com/users/ShawnXiao105/following{/other_user}"],
    "gists_url": ["https://api.github.com/users/ShawnXiao105/gists{/gist_id}"],
    "starred_url": ["https://api.github.com/users/ShawnXiao105/starred{/owner}{/repo}"],
    "subscriptions_url": ["https://api.github.com/users/ShawnXiao105/subscriptions"],
    "organizations_url": ["https://api.github.com/users/ShawnXiao105/orgs"],
    "repos_url": ["https://api.github.com/users/ShawnXiao105/repos"],
    "events_url": ["https://api.github.com/users/ShawnXiao105/events{/privacy}"],
    "received_events_url": ["https://api.github.com/users/ShawnXiao105/received_events"],
    "type": ["User"],
    "site_admin": [false]
  }
]
