[
  {
    "login": ["DavidBarbera"],
    "id": [13812901],
    "node_id": ["MDQ6VXNlcjEzODEyOTAx"],
    "avatar_url": ["https://avatars3.githubusercontent.com/u/13812901?v=4"],
    "gravatar_id": [""],
    "url": ["https://api.github.com/users/DavidBarbera"],
    "html_url": ["https://github.com/DavidBarbera"],
    "followers_url": ["https://api.github.com/users/DavidBarbera/followers"],
    "following_url": ["https://api.github.com/users/DavidBarbera/following{/other_user}"],
    "gists_url": ["https://api.github.com/users/DavidBarbera/gists{/gist_id}"],
    "starred_url": ["https://api.github.com/users/DavidBarbera/starred{/owner}{/repo}"],
    "subscriptions_url": ["https://api.github.com/users/DavidBarbera/subscriptions"],
    "organizations_url": ["https://api.github.com/users/DavidBarbera/orgs"],
    "repos_url": ["https://api.github.com/users/DavidBarbera/repos"],
    "events_url": ["https://api.github.com/users/DavidBarbera/events{/privacy}"],
    "received_events_url": ["https://api.github.com/users/DavidBarbera/received_events"],
    "type": ["User"],
    "site_admin": [false]
  }
]
