[
  {
    "login": ["ezwu"],
    "id": [11164962],
    "node_id": ["MDQ6VXNlcjExMTY0OTYy"],
    "avatar_url": ["https://avatars3.githubusercontent.com/u/11164962?v=4"],
    "gravatar_id": [""],
    "url": ["https://api.github.com/users/ezwu"],
    "html_url": ["https://github.com/ezwu"],
    "followers_url": ["https://api.github.com/users/ezwu/followers"],
    "following_url": ["https://api.github.com/users/ezwu/following{/other_user}"],
    "gists_url": ["https://api.github.com/users/ezwu/gists{/gist_id}"],
    "starred_url": ["https://api.github.com/users/ezwu/starred{/owner}{/repo}"],
    "subscriptions_url": ["https://api.github.com/users/ezwu/subscriptions"],
    "organizations_url": ["https://api.github.com/users/ezwu/orgs"],
    "repos_url": ["https://api.github.com/users/ezwu/repos"],
    "events_url": ["https://api.github.com/users/ezwu/events{/privacy}"],
    "received_events_url": ["https://api.github.com/users/ezwu/received_events"],
    "type": ["User"],
    "site_admin": [false]
  }
]
