[
  {
    "login": ["HaveTwoBrush"],
    "id": [7982046],
    "node_id": ["MDQ6VXNlcjc5ODIwNDY="],
    "avatar_url": ["https://avatars1.githubusercontent.com/u/7982046?v=4"],
    "gravatar_id": [""],
    "url": ["https://api.github.com/users/HaveTwoBrush"],
    "html_url": ["https://github.com/HaveTwoBrush"],
    "followers_url": ["https://api.github.com/users/HaveTwoBrush/followers"],
    "following_url": ["https://api.github.com/users/HaveTwoBrush/following{/other_user}"],
    "gists_url": ["https://api.github.com/users/HaveTwoBrush/gists{/gist_id}"],
    "starred_url": ["https://api.github.com/users/HaveTwoBrush/starred{/owner}{/repo}"],
    "subscriptions_url": ["https://api.github.com/users/HaveTwoBrush/subscriptions"],
    "organizations_url": ["https://api.github.com/users/HaveTwoBrush/orgs"],
    "repos_url": ["https://api.github.com/users/HaveTwoBrush/repos"],
    "events_url": ["https://api.github.com/users/HaveTwoBrush/events{/privacy}"],
    "received_events_url": ["https://api.github.com/users/HaveTwoBrush/received_events"],
    "type": ["User"],
    "site_admin": [false]
  }
]
