[
  {
    "login": ["njuaplusplus"],
    "id": [4112055],
    "node_id": ["MDQ6VXNlcjQxMTIwNTU="],
    "avatar_url": ["https://avatars2.githubusercontent.com/u/4112055?v=4"],
    "gravatar_id": [""],
    "url": ["https://api.github.com/users/njuaplusplus"],
    "html_url": ["https://github.com/njuaplusplus"],
    "followers_url": ["https://api.github.com/users/njuaplusplus/followers"],
    "following_url": ["https://api.github.com/users/njuaplusplus/following{/other_user}"],
    "gists_url": ["https://api.github.com/users/njuaplusplus/gists{/gist_id}"],
    "starred_url": ["https://api.github.com/users/njuaplusplus/starred{/owner}{/repo}"],
    "subscriptions_url": ["https://api.github.com/users/njuaplusplus/subscriptions"],
    "organizations_url": ["https://api.github.com/users/njuaplusplus/orgs"],
    "repos_url": ["https://api.github.com/users/njuaplusplus/repos"],
    "events_url": ["https://api.github.com/users/njuaplusplus/events{/privacy}"],
    "received_events_url": ["https://api.github.com/users/njuaplusplus/received_events"],
    "type": ["User"],
    "site_admin": [false]
  }
]
