[
  {
    "login": ["shejiewei"],
    "id": [23095002],
    "node_id": ["MDQ6VXNlcjIzMDk1MDAy"],
    "avatar_url": ["https://avatars1.githubusercontent.com/u/23095002?v=4"],
    "gravatar_id": [""],
    "url": ["https://api.github.com/users/shejiewei"],
    "html_url": ["https://github.com/shejiewei"],
    "followers_url": ["https://api.github.com/users/shejiewei/followers"],
    "following_url": ["https://api.github.com/users/shejiewei/following{/other_user}"],
    "gists_url": ["https://api.github.com/users/shejiewei/gists{/gist_id}"],
    "starred_url": ["https://api.github.com/users/shejiewei/starred{/owner}{/repo}"],
    "subscriptions_url": ["https://api.github.com/users/shejiewei/subscriptions"],
    "organizations_url": ["https://api.github.com/users/shejiewei/orgs"],
    "repos_url": ["https://api.github.com/users/shejiewei/repos"],
    "events_url": ["https://api.github.com/users/shejiewei/events{/privacy}"],
    "received_events_url": ["https://api.github.com/users/shejiewei/received_events"],
    "type": ["User"],
    "site_admin": [false]
  }
]
