[
  {
    "login": ["qiaohaijun"],
    "id": [1198833],
    "node_id": ["MDQ6VXNlcjExOTg4MzM="],
    "avatar_url": ["https://avatars2.githubusercontent.com/u/1198833?v=4"],
    "gravatar_id": [""],
    "url": ["https://api.github.com/users/qiaohaijun"],
    "html_url": ["https://github.com/qiaohaijun"],
    "followers_url": ["https://api.github.com/users/qiaohaijun/followers"],
    "following_url": ["https://api.github.com/users/qiaohaijun/following{/other_user}"],
    "gists_url": ["https://api.github.com/users/qiaohaijun/gists{/gist_id}"],
    "starred_url": ["https://api.github.com/users/qiaohaijun/starred{/owner}{/repo}"],
    "subscriptions_url": ["https://api.github.com/users/qiaohaijun/subscriptions"],
    "organizations_url": ["https://api.github.com/users/qiaohaijun/orgs"],
    "repos_url": ["https://api.github.com/users/qiaohaijun/repos"],
    "events_url": ["https://api.github.com/users/qiaohaijun/events{/privacy}"],
    "received_events_url": ["https://api.github.com/users/qiaohaijun/received_events"],
    "type": ["User"],
    "site_admin": [false]
  }
]
