[
  {
    "login": ["khadkarajesh"],
    "id": [11496688],
    "node_id": ["MDQ6VXNlcjExNDk2Njg4"],
    "avatar_url": ["https://avatars3.githubusercontent.com/u/11496688?v=4"],
    "gravatar_id": [""],
    "url": ["https://api.github.com/users/khadkarajesh"],
    "html_url": ["https://github.com/khadkarajesh"],
    "followers_url": ["https://api.github.com/users/khadkarajesh/followers"],
    "following_url": ["https://api.github.com/users/khadkarajesh/following{/other_user}"],
    "gists_url": ["https://api.github.com/users/khadkarajesh/gists{/gist_id}"],
    "starred_url": ["https://api.github.com/users/khadkarajesh/starred{/owner}{/repo}"],
    "subscriptions_url": ["https://api.github.com/users/khadkarajesh/subscriptions"],
    "organizations_url": ["https://api.github.com/users/khadkarajesh/orgs"],
    "repos_url": ["https://api.github.com/users/khadkarajesh/repos"],
    "events_url": ["https://api.github.com/users/khadkarajesh/events{/privacy}"],
    "received_events_url": ["https://api.github.com/users/khadkarajesh/received_events"],
    "type": ["User"],
    "site_admin": [false]
  }
]
