[
  {
    "login": ["jimmyliu2017"],
    "id": [29910817],
    "node_id": ["MDQ6VXNlcjI5OTEwODE3"],
    "avatar_url": ["https://avatars1.githubusercontent.com/u/29910817?v=4"],
    "gravatar_id": [""],
    "url": ["https://api.github.com/users/jimmyliu2017"],
    "html_url": ["https://github.com/jimmyliu2017"],
    "followers_url": ["https://api.github.com/users/jimmyliu2017/followers"],
    "following_url": ["https://api.github.com/users/jimmyliu2017/following{/other_user}"],
    "gists_url": ["https://api.github.com/users/jimmyliu2017/gists{/gist_id}"],
    "starred_url": ["https://api.github.com/users/jimmyliu2017/starred{/owner}{/repo}"],
    "subscriptions_url": ["https://api.github.com/users/jimmyliu2017/subscriptions"],
    "organizations_url": ["https://api.github.com/users/jimmyliu2017/orgs"],
    "repos_url": ["https://api.github.com/users/jimmyliu2017/repos"],
    "events_url": ["https://api.github.com/users/jimmyliu2017/events{/privacy}"],
    "received_events_url": ["https://api.github.com/users/jimmyliu2017/received_events"],
    "type": ["User"],
    "site_admin": [false]
  }
]
