[
  {
    "login": ["tminoda"],
    "id": [5405171],
    "node_id": ["MDQ6VXNlcjU0MDUxNzE="],
    "avatar_url": ["https://avatars3.githubusercontent.com/u/5405171?v=4"],
    "gravatar_id": [""],
    "url": ["https://api.github.com/users/tminoda"],
    "html_url": ["https://github.com/tminoda"],
    "followers_url": ["https://api.github.com/users/tminoda/followers"],
    "following_url": ["https://api.github.com/users/tminoda/following{/other_user}"],
    "gists_url": ["https://api.github.com/users/tminoda/gists{/gist_id}"],
    "starred_url": ["https://api.github.com/users/tminoda/starred{/owner}{/repo}"],
    "subscriptions_url": ["https://api.github.com/users/tminoda/subscriptions"],
    "organizations_url": ["https://api.github.com/users/tminoda/orgs"],
    "repos_url": ["https://api.github.com/users/tminoda/repos"],
    "events_url": ["https://api.github.com/users/tminoda/events{/privacy}"],
    "received_events_url": ["https://api.github.com/users/tminoda/received_events"],
    "type": ["User"],
    "site_admin": [false]
  }
]
