[
  {
    "login": ["shanezhiu"],
    "id": [5237302],
    "node_id": ["MDQ6VXNlcjUyMzczMDI="],
    "avatar_url": ["https://avatars1.githubusercontent.com/u/5237302?v=4"],
    "gravatar_id": [""],
    "url": ["https://api.github.com/users/shanezhiu"],
    "html_url": ["https://github.com/shanezhiu"],
    "followers_url": ["https://api.github.com/users/shanezhiu/followers"],
    "following_url": ["https://api.github.com/users/shanezhiu/following{/other_user}"],
    "gists_url": ["https://api.github.com/users/shanezhiu/gists{/gist_id}"],
    "starred_url": ["https://api.github.com/users/shanezhiu/starred{/owner}{/repo}"],
    "subscriptions_url": ["https://api.github.com/users/shanezhiu/subscriptions"],
    "organizations_url": ["https://api.github.com/users/shanezhiu/orgs"],
    "repos_url": ["https://api.github.com/users/shanezhiu/repos"],
    "events_url": ["https://api.github.com/users/shanezhiu/events{/privacy}"],
    "received_events_url": ["https://api.github.com/users/shanezhiu/received_events"],
    "type": ["User"],
    "site_admin": [false]
  }
]
