[
  {
    "login": ["afganta"],
    "id": [40913467],
    "node_id": ["MDQ6VXNlcjQwOTEzNDY3"],
    "avatar_url": ["https://avatars3.githubusercontent.com/u/40913467?v=4"],
    "gravatar_id": [""],
    "url": ["https://api.github.com/users/afganta"],
    "html_url": ["https://github.com/afganta"],
    "followers_url": ["https://api.github.com/users/afganta/followers"],
    "following_url": ["https://api.github.com/users/afganta/following{/other_user}"],
    "gists_url": ["https://api.github.com/users/afganta/gists{/gist_id}"],
    "starred_url": ["https://api.github.com/users/afganta/starred{/owner}{/repo}"],
    "subscriptions_url": ["https://api.github.com/users/afganta/subscriptions"],
    "organizations_url": ["https://api.github.com/users/afganta/orgs"],
    "repos_url": ["https://api.github.com/users/afganta/repos"],
    "events_url": ["https://api.github.com/users/afganta/events{/privacy}"],
    "received_events_url": ["https://api.github.com/users/afganta/received_events"],
    "type": ["User"],
    "site_admin": [false]
  }
]
