[
  {
    "login": ["FrogGoose"],
    "id": [35531805],
    "node_id": ["MDQ6VXNlcjM1NTMxODA1"],
    "avatar_url": ["https://avatars2.githubusercontent.com/u/35531805?v=4"],
    "gravatar_id": [""],
    "url": ["https://api.github.com/users/FrogGoose"],
    "html_url": ["https://github.com/FrogGoose"],
    "followers_url": ["https://api.github.com/users/FrogGoose/followers"],
    "following_url": ["https://api.github.com/users/FrogGoose/following{/other_user}"],
    "gists_url": ["https://api.github.com/users/FrogGoose/gists{/gist_id}"],
    "starred_url": ["https://api.github.com/users/FrogGoose/starred{/owner}{/repo}"],
    "subscriptions_url": ["https://api.github.com/users/FrogGoose/subscriptions"],
    "organizations_url": ["https://api.github.com/users/FrogGoose/orgs"],
    "repos_url": ["https://api.github.com/users/FrogGoose/repos"],
    "events_url": ["https://api.github.com/users/FrogGoose/events{/privacy}"],
    "received_events_url": ["https://api.github.com/users/FrogGoose/received_events"],
    "type": ["User"],
    "site_admin": [false]
  }
]
