[
  {
    "login": ["wen-fei"],
    "id": [8847689],
    "node_id": ["MDQ6VXNlcjg4NDc2ODk="],
    "avatar_url": ["https://avatars1.githubusercontent.com/u/8847689?v=4"],
    "gravatar_id": [""],
    "url": ["https://api.github.com/users/wen-fei"],
    "html_url": ["https://github.com/wen-fei"],
    "followers_url": ["https://api.github.com/users/wen-fei/followers"],
    "following_url": ["https://api.github.com/users/wen-fei/following{/other_user}"],
    "gists_url": ["https://api.github.com/users/wen-fei/gists{/gist_id}"],
    "starred_url": ["https://api.github.com/users/wen-fei/starred{/owner}{/repo}"],
    "subscriptions_url": ["https://api.github.com/users/wen-fei/subscriptions"],
    "organizations_url": ["https://api.github.com/users/wen-fei/orgs"],
    "repos_url": ["https://api.github.com/users/wen-fei/repos"],
    "events_url": ["https://api.github.com/users/wen-fei/events{/privacy}"],
    "received_events_url": ["https://api.github.com/users/wen-fei/received_events"],
    "type": ["User"],
    "site_admin": [false]
  }
]
