[
  {
    "login": ["patelke"],
    "id": [35965557],
    "node_id": ["MDQ6VXNlcjM1OTY1NTU3"],
    "avatar_url": ["https://avatars2.githubusercontent.com/u/35965557?v=4"],
    "gravatar_id": [""],
    "url": ["https://api.github.com/users/patelke"],
    "html_url": ["https://github.com/patelke"],
    "followers_url": ["https://api.github.com/users/patelke/followers"],
    "following_url": ["https://api.github.com/users/patelke/following{/other_user}"],
    "gists_url": ["https://api.github.com/users/patelke/gists{/gist_id}"],
    "starred_url": ["https://api.github.com/users/patelke/starred{/owner}{/repo}"],
    "subscriptions_url": ["https://api.github.com/users/patelke/subscriptions"],
    "organizations_url": ["https://api.github.com/users/patelke/orgs"],
    "repos_url": ["https://api.github.com/users/patelke/repos"],
    "events_url": ["https://api.github.com/users/patelke/events{/privacy}"],
    "received_events_url": ["https://api.github.com/users/patelke/received_events"],
    "type": ["User"],
    "site_admin": [false]
  }
]
