[
  {
    "login": ["harvardchen"],
    "id": [21056130],
    "node_id": ["MDQ6VXNlcjIxMDU2MTMw"],
    "avatar_url": ["https://avatars1.githubusercontent.com/u/21056130?v=4"],
    "gravatar_id": [""],
    "url": ["https://api.github.com/users/harvardchen"],
    "html_url": ["https://github.com/harvardchen"],
    "followers_url": ["https://api.github.com/users/harvardchen/followers"],
    "following_url": ["https://api.github.com/users/harvardchen/following{/other_user}"],
    "gists_url": ["https://api.github.com/users/harvardchen/gists{/gist_id}"],
    "starred_url": ["https://api.github.com/users/harvardchen/starred{/owner}{/repo}"],
    "subscriptions_url": ["https://api.github.com/users/harvardchen/subscriptions"],
    "organizations_url": ["https://api.github.com/users/harvardchen/orgs"],
    "repos_url": ["https://api.github.com/users/harvardchen/repos"],
    "events_url": ["https://api.github.com/users/harvardchen/events{/privacy}"],
    "received_events_url": ["https://api.github.com/users/harvardchen/received_events"],
    "type": ["User"],
    "site_admin": [false]
  }
]
