[
  {
    "login": ["xiaozhouX"],
    "id": [2825438],
    "node_id": ["MDQ6VXNlcjI4MjU0Mzg="],
    "avatar_url": ["https://avatars0.githubusercontent.com/u/2825438?v=4"],
    "gravatar_id": [""],
    "url": ["https://api.github.com/users/xiaozhouX"],
    "html_url": ["https://github.com/xiaozhouX"],
    "followers_url": ["https://api.github.com/users/xiaozhouX/followers"],
    "following_url": ["https://api.github.com/users/xiaozhouX/following{/other_user}"],
    "gists_url": ["https://api.github.com/users/xiaozhouX/gists{/gist_id}"],
    "starred_url": ["https://api.github.com/users/xiaozhouX/starred{/owner}{/repo}"],
    "subscriptions_url": ["https://api.github.com/users/xiaozhouX/subscriptions"],
    "organizations_url": ["https://api.github.com/users/xiaozhouX/orgs"],
    "repos_url": ["https://api.github.com/users/xiaozhouX/repos"],
    "events_url": ["https://api.github.com/users/xiaozhouX/events{/privacy}"],
    "received_events_url": ["https://api.github.com/users/xiaozhouX/received_events"],
    "type": ["User"],
    "site_admin": [false]
  }
]
