[
  {
    "login": ["cliu0816"],
    "id": [24817045],
    "node_id": ["MDQ6VXNlcjI0ODE3MDQ1"],
    "avatar_url": ["https://avatars1.githubusercontent.com/u/24817045?v=4"],
    "gravatar_id": [""],
    "url": ["https://api.github.com/users/cliu0816"],
    "html_url": ["https://github.com/cliu0816"],
    "followers_url": ["https://api.github.com/users/cliu0816/followers"],
    "following_url": ["https://api.github.com/users/cliu0816/following{/other_user}"],
    "gists_url": ["https://api.github.com/users/cliu0816/gists{/gist_id}"],
    "starred_url": ["https://api.github.com/users/cliu0816/starred{/owner}{/repo}"],
    "subscriptions_url": ["https://api.github.com/users/cliu0816/subscriptions"],
    "organizations_url": ["https://api.github.com/users/cliu0816/orgs"],
    "repos_url": ["https://api.github.com/users/cliu0816/repos"],
    "events_url": ["https://api.github.com/users/cliu0816/events{/privacy}"],
    "received_events_url": ["https://api.github.com/users/cliu0816/received_events"],
    "type": ["User"],
    "site_admin": [false]
  }
]
