[
  {
    "login": ["altunh"],
    "id": [20803117],
    "node_id": ["MDQ6VXNlcjIwODAzMTE3"],
    "avatar_url": ["https://avatars1.githubusercontent.com/u/20803117?v=4"],
    "gravatar_id": [""],
    "url": ["https://api.github.com/users/altunh"],
    "html_url": ["https://github.com/altunh"],
    "followers_url": ["https://api.github.com/users/altunh/followers"],
    "following_url": ["https://api.github.com/users/altunh/following{/other_user}"],
    "gists_url": ["https://api.github.com/users/altunh/gists{/gist_id}"],
    "starred_url": ["https://api.github.com/users/altunh/starred{/owner}{/repo}"],
    "subscriptions_url": ["https://api.github.com/users/altunh/subscriptions"],
    "organizations_url": ["https://api.github.com/users/altunh/orgs"],
    "repos_url": ["https://api.github.com/users/altunh/repos"],
    "events_url": ["https://api.github.com/users/altunh/events{/privacy}"],
    "received_events_url": ["https://api.github.com/users/altunh/received_events"],
    "type": ["User"],
    "site_admin": [false]
  }
]
