[
  {
    "login": ["bassemfg"],
    "id": [7233916],
    "node_id": ["MDQ6VXNlcjcyMzM5MTY="],
    "avatar_url": ["https://avatars1.githubusercontent.com/u/7233916?v=4"],
    "gravatar_id": [""],
    "url": ["https://api.github.com/users/bassemfg"],
    "html_url": ["https://github.com/bassemfg"],
    "followers_url": ["https://api.github.com/users/bassemfg/followers"],
    "following_url": ["https://api.github.com/users/bassemfg/following{/other_user}"],
    "gists_url": ["https://api.github.com/users/bassemfg/gists{/gist_id}"],
    "starred_url": ["https://api.github.com/users/bassemfg/starred{/owner}{/repo}"],
    "subscriptions_url": ["https://api.github.com/users/bassemfg/subscriptions"],
    "organizations_url": ["https://api.github.com/users/bassemfg/orgs"],
    "repos_url": ["https://api.github.com/users/bassemfg/repos"],
    "events_url": ["https://api.github.com/users/bassemfg/events{/privacy}"],
    "received_events_url": ["https://api.github.com/users/bassemfg/received_events"],
    "type": ["User"],
    "site_admin": [false]
  }
]
