[
  {
    "login": ["amusi"],
    "id": [22436957],
    "node_id": ["MDQ6VXNlcjIyNDM2OTU3"],
    "avatar_url": ["https://avatars2.githubusercontent.com/u/22436957?v=4"],
    "gravatar_id": [""],
    "url": ["https://api.github.com/users/amusi"],
    "html_url": ["https://github.com/amusi"],
    "followers_url": ["https://api.github.com/users/amusi/followers"],
    "following_url": ["https://api.github.com/users/amusi/following{/other_user}"],
    "gists_url": ["https://api.github.com/users/amusi/gists{/gist_id}"],
    "starred_url": ["https://api.github.com/users/amusi/starred{/owner}{/repo}"],
    "subscriptions_url": ["https://api.github.com/users/amusi/subscriptions"],
    "organizations_url": ["https://api.github.com/users/amusi/orgs"],
    "repos_url": ["https://api.github.com/users/amusi/repos"],
    "events_url": ["https://api.github.com/users/amusi/events{/privacy}"],
    "received_events_url": ["https://api.github.com/users/amusi/received_events"],
    "type": ["User"],
    "site_admin": [false]
  }
]
