[
  {
    "login": ["paulhendricks"],
    "id": [7489752],
    "node_id": ["MDQ6VXNlcjc0ODk3NTI="],
    "avatar_url": ["https://avatars0.githubusercontent.com/u/7489752?v=4"],
    "gravatar_id": [""],
    "url": ["https://api.github.com/users/paulhendricks"],
    "html_url": ["https://github.com/paulhendricks"],
    "followers_url": ["https://api.github.com/users/paulhendricks/followers"],
    "following_url": ["https://api.github.com/users/paulhendricks/following{/other_user}"],
    "gists_url": ["https://api.github.com/users/paulhendricks/gists{/gist_id}"],
    "starred_url": ["https://api.github.com/users/paulhendricks/starred{/owner}{/repo}"],
    "subscriptions_url": ["https://api.github.com/users/paulhendricks/subscriptions"],
    "organizations_url": ["https://api.github.com/users/paulhendricks/orgs"],
    "repos_url": ["https://api.github.com/users/paulhendricks/repos"],
    "events_url": ["https://api.github.com/users/paulhendricks/events{/privacy}"],
    "received_events_url": ["https://api.github.com/users/paulhendricks/received_events"],
    "type": ["User"],
    "site_admin": [false]
  }
]
