[
  {
    "login": ["sa615153"],
    "id": [20700602],
    "node_id": ["MDQ6VXNlcjIwNzAwNjAy"],
    "avatar_url": ["https://avatars0.githubusercontent.com/u/20700602?v=4"],
    "gravatar_id": [""],
    "url": ["https://api.github.com/users/sa615153"],
    "html_url": ["https://github.com/sa615153"],
    "followers_url": ["https://api.github.com/users/sa615153/followers"],
    "following_url": ["https://api.github.com/users/sa615153/following{/other_user}"],
    "gists_url": ["https://api.github.com/users/sa615153/gists{/gist_id}"],
    "starred_url": ["https://api.github.com/users/sa615153/starred{/owner}{/repo}"],
    "subscriptions_url": ["https://api.github.com/users/sa615153/subscriptions"],
    "organizations_url": ["https://api.github.com/users/sa615153/orgs"],
    "repos_url": ["https://api.github.com/users/sa615153/repos"],
    "events_url": ["https://api.github.com/users/sa615153/events{/privacy}"],
    "received_events_url": ["https://api.github.com/users/sa615153/received_events"],
    "type": ["User"],
    "site_admin": [false]
  }
]
