[
  {
    "login": ["Inzaghi2012"],
    "id": [2221865],
    "node_id": ["MDQ6VXNlcjIyMjE4NjU="],
    "avatar_url": ["https://avatars1.githubusercontent.com/u/2221865?v=4"],
    "gravatar_id": [""],
    "url": ["https://api.github.com/users/Inzaghi2012"],
    "html_url": ["https://github.com/Inzaghi2012"],
    "followers_url": ["https://api.github.com/users/Inzaghi2012/followers"],
    "following_url": ["https://api.github.com/users/Inzaghi2012/following{/other_user}"],
    "gists_url": ["https://api.github.com/users/Inzaghi2012/gists{/gist_id}"],
    "starred_url": ["https://api.github.com/users/Inzaghi2012/starred{/owner}{/repo}"],
    "subscriptions_url": ["https://api.github.com/users/Inzaghi2012/subscriptions"],
    "organizations_url": ["https://api.github.com/users/Inzaghi2012/orgs"],
    "repos_url": ["https://api.github.com/users/Inzaghi2012/repos"],
    "events_url": ["https://api.github.com/users/Inzaghi2012/events{/privacy}"],
    "received_events_url": ["https://api.github.com/users/Inzaghi2012/received_events"],
    "type": ["User"],
    "site_admin": [false]
  }
]
