[
  {
    "login": ["fmalet"],
    "id": [30489807],
    "node_id": ["MDQ6VXNlcjMwNDg5ODA3"],
    "avatar_url": ["https://avatars2.githubusercontent.com/u/30489807?v=4"],
    "gravatar_id": [""],
    "url": ["https://api.github.com/users/fmalet"],
    "html_url": ["https://github.com/fmalet"],
    "followers_url": ["https://api.github.com/users/fmalet/followers"],
    "following_url": ["https://api.github.com/users/fmalet/following{/other_user}"],
    "gists_url": ["https://api.github.com/users/fmalet/gists{/gist_id}"],
    "starred_url": ["https://api.github.com/users/fmalet/starred{/owner}{/repo}"],
    "subscriptions_url": ["https://api.github.com/users/fmalet/subscriptions"],
    "organizations_url": ["https://api.github.com/users/fmalet/orgs"],
    "repos_url": ["https://api.github.com/users/fmalet/repos"],
    "events_url": ["https://api.github.com/users/fmalet/events{/privacy}"],
    "received_events_url": ["https://api.github.com/users/fmalet/received_events"],
    "type": ["User"],
    "site_admin": [false]
  }
]
