[
  {
    "login": ["zhangxiaoyu-zidif"],
    "id": [5154334],
    "node_id": ["MDQ6VXNlcjUxNTQzMzQ="],
    "avatar_url": ["https://avatars1.githubusercontent.com/u/5154334?v=4"],
    "gravatar_id": [""],
    "url": ["https://api.github.com/users/zhangxiaoyu-zidif"],
    "html_url": ["https://github.com/zhangxiaoyu-zidif"],
    "followers_url": ["https://api.github.com/users/zhangxiaoyu-zidif/followers"],
    "following_url": ["https://api.github.com/users/zhangxiaoyu-zidif/following{/other_user}"],
    "gists_url": ["https://api.github.com/users/zhangxiaoyu-zidif/gists{/gist_id}"],
    "starred_url": ["https://api.github.com/users/zhangxiaoyu-zidif/starred{/owner}{/repo}"],
    "subscriptions_url": ["https://api.github.com/users/zhangxiaoyu-zidif/subscriptions"],
    "organizations_url": ["https://api.github.com/users/zhangxiaoyu-zidif/orgs"],
    "repos_url": ["https://api.github.com/users/zhangxiaoyu-zidif/repos"],
    "events_url": ["https://api.github.com/users/zhangxiaoyu-zidif/events{/privacy}"],
    "received_events_url": ["https://api.github.com/users/zhangxiaoyu-zidif/received_events"],
    "type": ["User"],
    "site_admin": [false]
  }
]
