[
  {
    "login": ["Umiderrick"],
    "id": [15027694],
    "node_id": ["MDQ6VXNlcjE1MDI3Njk0"],
    "avatar_url": ["https://avatars0.githubusercontent.com/u/15027694?v=4"],
    "gravatar_id": [""],
    "url": ["https://api.github.com/users/Umiderrick"],
    "html_url": ["https://github.com/Umiderrick"],
    "followers_url": ["https://api.github.com/users/Umiderrick/followers"],
    "following_url": ["https://api.github.com/users/Umiderrick/following{/other_user}"],
    "gists_url": ["https://api.github.com/users/Umiderrick/gists{/gist_id}"],
    "starred_url": ["https://api.github.com/users/Umiderrick/starred{/owner}{/repo}"],
    "subscriptions_url": ["https://api.github.com/users/Umiderrick/subscriptions"],
    "organizations_url": ["https://api.github.com/users/Umiderrick/orgs"],
    "repos_url": ["https://api.github.com/users/Umiderrick/repos"],
    "events_url": ["https://api.github.com/users/Umiderrick/events{/privacy}"],
    "received_events_url": ["https://api.github.com/users/Umiderrick/received_events"],
    "type": ["User"],
    "site_admin": [false]
  }
]
