[
  {
    "login": ["Margares"],
    "id": [35131143],
    "node_id": ["MDQ6VXNlcjM1MTMxMTQz"],
    "avatar_url": ["https://avatars1.githubusercontent.com/u/35131143?v=4"],
    "gravatar_id": [""],
    "url": ["https://api.github.com/users/Margares"],
    "html_url": ["https://github.com/Margares"],
    "followers_url": ["https://api.github.com/users/Margares/followers"],
    "following_url": ["https://api.github.com/users/Margares/following{/other_user}"],
    "gists_url": ["https://api.github.com/users/Margares/gists{/gist_id}"],
    "starred_url": ["https://api.github.com/users/Margares/starred{/owner}{/repo}"],
    "subscriptions_url": ["https://api.github.com/users/Margares/subscriptions"],
    "organizations_url": ["https://api.github.com/users/Margares/orgs"],
    "repos_url": ["https://api.github.com/users/Margares/repos"],
    "events_url": ["https://api.github.com/users/Margares/events{/privacy}"],
    "received_events_url": ["https://api.github.com/users/Margares/received_events"],
    "type": ["User"],
    "site_admin": [false]
  }
]
