[
  {
    "login": ["tim5go"],
    "id": [12296820],
    "node_id": ["MDQ6VXNlcjEyMjk2ODIw"],
    "avatar_url": ["https://avatars3.githubusercontent.com/u/12296820?v=4"],
    "gravatar_id": [""],
    "url": ["https://api.github.com/users/tim5go"],
    "html_url": ["https://github.com/tim5go"],
    "followers_url": ["https://api.github.com/users/tim5go/followers"],
    "following_url": ["https://api.github.com/users/tim5go/following{/other_user}"],
    "gists_url": ["https://api.github.com/users/tim5go/gists{/gist_id}"],
    "starred_url": ["https://api.github.com/users/tim5go/starred{/owner}{/repo}"],
    "subscriptions_url": ["https://api.github.com/users/tim5go/subscriptions"],
    "organizations_url": ["https://api.github.com/users/tim5go/orgs"],
    "repos_url": ["https://api.github.com/users/tim5go/repos"],
    "events_url": ["https://api.github.com/users/tim5go/events{/privacy}"],
    "received_events_url": ["https://api.github.com/users/tim5go/received_events"],
    "type": ["User"],
    "site_admin": [false]
  }
]
