[
  {
    "login": ["ShaoyiZhang"],
    "id": [11971400],
    "node_id": ["MDQ6VXNlcjExOTcxNDAw"],
    "avatar_url": ["https://avatars1.githubusercontent.com/u/11971400?v=4"],
    "gravatar_id": [""],
    "url": ["https://api.github.com/users/ShaoyiZhang"],
    "html_url": ["https://github.com/ShaoyiZhang"],
    "followers_url": ["https://api.github.com/users/ShaoyiZhang/followers"],
    "following_url": ["https://api.github.com/users/ShaoyiZhang/following{/other_user}"],
    "gists_url": ["https://api.github.com/users/ShaoyiZhang/gists{/gist_id}"],
    "starred_url": ["https://api.github.com/users/ShaoyiZhang/starred{/owner}{/repo}"],
    "subscriptions_url": ["https://api.github.com/users/ShaoyiZhang/subscriptions"],
    "organizations_url": ["https://api.github.com/users/ShaoyiZhang/orgs"],
    "repos_url": ["https://api.github.com/users/ShaoyiZhang/repos"],
    "events_url": ["https://api.github.com/users/ShaoyiZhang/events{/privacy}"],
    "received_events_url": ["https://api.github.com/users/ShaoyiZhang/received_events"],
    "type": ["User"],
    "site_admin": [false]
  }
]
