[
  {
    "login": ["homchou"],
    "id": [6374889],
    "node_id": ["MDQ6VXNlcjYzNzQ4ODk="],
    "avatar_url": ["https://avatars3.githubusercontent.com/u/6374889?v=4"],
    "gravatar_id": [""],
    "url": ["https://api.github.com/users/homchou"],
    "html_url": ["https://github.com/homchou"],
    "followers_url": ["https://api.github.com/users/homchou/followers"],
    "following_url": ["https://api.github.com/users/homchou/following{/other_user}"],
    "gists_url": ["https://api.github.com/users/homchou/gists{/gist_id}"],
    "starred_url": ["https://api.github.com/users/homchou/starred{/owner}{/repo}"],
    "subscriptions_url": ["https://api.github.com/users/homchou/subscriptions"],
    "organizations_url": ["https://api.github.com/users/homchou/orgs"],
    "repos_url": ["https://api.github.com/users/homchou/repos"],
    "events_url": ["https://api.github.com/users/homchou/events{/privacy}"],
    "received_events_url": ["https://api.github.com/users/homchou/received_events"],
    "type": ["User"],
    "site_admin": [false]
  }
]
