[
  {
    "login": ["walkacross"],
    "id": [22115338],
    "node_id": ["MDQ6VXNlcjIyMTE1MzM4"],
    "avatar_url": ["https://avatars1.githubusercontent.com/u/22115338?v=4"],
    "gravatar_id": [""],
    "url": ["https://api.github.com/users/walkacross"],
    "html_url": ["https://github.com/walkacross"],
    "followers_url": ["https://api.github.com/users/walkacross/followers"],
    "following_url": ["https://api.github.com/users/walkacross/following{/other_user}"],
    "gists_url": ["https://api.github.com/users/walkacross/gists{/gist_id}"],
    "starred_url": ["https://api.github.com/users/walkacross/starred{/owner}{/repo}"],
    "subscriptions_url": ["https://api.github.com/users/walkacross/subscriptions"],
    "organizations_url": ["https://api.github.com/users/walkacross/orgs"],
    "repos_url": ["https://api.github.com/users/walkacross/repos"],
    "events_url": ["https://api.github.com/users/walkacross/events{/privacy}"],
    "received_events_url": ["https://api.github.com/users/walkacross/received_events"],
    "type": ["User"],
    "site_admin": [false]
  }
]
