[
  {
    "login": ["jdkv"],
    "id": [20744353],
    "node_id": ["MDQ6VXNlcjIwNzQ0MzUz"],
    "avatar_url": ["https://avatars2.githubusercontent.com/u/20744353?v=4"],
    "gravatar_id": [""],
    "url": ["https://api.github.com/users/jdkv"],
    "html_url": ["https://github.com/jdkv"],
    "followers_url": ["https://api.github.com/users/jdkv/followers"],
    "following_url": ["https://api.github.com/users/jdkv/following{/other_user}"],
    "gists_url": ["https://api.github.com/users/jdkv/gists{/gist_id}"],
    "starred_url": ["https://api.github.com/users/jdkv/starred{/owner}{/repo}"],
    "subscriptions_url": ["https://api.github.com/users/jdkv/subscriptions"],
    "organizations_url": ["https://api.github.com/users/jdkv/orgs"],
    "repos_url": ["https://api.github.com/users/jdkv/repos"],
    "events_url": ["https://api.github.com/users/jdkv/events{/privacy}"],
    "received_events_url": ["https://api.github.com/users/jdkv/received_events"],
    "type": ["User"],
    "site_admin": [false]
  }
]
