[
  {
    "login": ["xhgu"],
    "id": [36773316],
    "node_id": ["MDQ6VXNlcjM2NzczMzE2"],
    "avatar_url": ["https://avatars0.githubusercontent.com/u/36773316?v=4"],
    "gravatar_id": [""],
    "url": ["https://api.github.com/users/xhgu"],
    "html_url": ["https://github.com/xhgu"],
    "followers_url": ["https://api.github.com/users/xhgu/followers"],
    "following_url": ["https://api.github.com/users/xhgu/following{/other_user}"],
    "gists_url": ["https://api.github.com/users/xhgu/gists{/gist_id}"],
    "starred_url": ["https://api.github.com/users/xhgu/starred{/owner}{/repo}"],
    "subscriptions_url": ["https://api.github.com/users/xhgu/subscriptions"],
    "organizations_url": ["https://api.github.com/users/xhgu/orgs"],
    "repos_url": ["https://api.github.com/users/xhgu/repos"],
    "events_url": ["https://api.github.com/users/xhgu/events{/privacy}"],
    "received_events_url": ["https://api.github.com/users/xhgu/received_events"],
    "type": ["User"],
    "site_admin": [false]
  }
]
