[
  {
    "login": ["licangqiong"],
    "id": [1297274],
    "node_id": ["MDQ6VXNlcjEyOTcyNzQ="],
    "avatar_url": ["https://avatars1.githubusercontent.com/u/1297274?v=4"],
    "gravatar_id": [""],
    "url": ["https://api.github.com/users/licangqiong"],
    "html_url": ["https://github.com/licangqiong"],
    "followers_url": ["https://api.github.com/users/licangqiong/followers"],
    "following_url": ["https://api.github.com/users/licangqiong/following{/other_user}"],
    "gists_url": ["https://api.github.com/users/licangqiong/gists{/gist_id}"],
    "starred_url": ["https://api.github.com/users/licangqiong/starred{/owner}{/repo}"],
    "subscriptions_url": ["https://api.github.com/users/licangqiong/subscriptions"],
    "organizations_url": ["https://api.github.com/users/licangqiong/orgs"],
    "repos_url": ["https://api.github.com/users/licangqiong/repos"],
    "events_url": ["https://api.github.com/users/licangqiong/events{/privacy}"],
    "received_events_url": ["https://api.github.com/users/licangqiong/received_events"],
    "type": ["User"],
    "site_admin": [false]
  }
]
