[
  {
    "login": ["wanganzhi"],
    "id": [8628596],
    "node_id": ["MDQ6VXNlcjg2Mjg1OTY="],
    "avatar_url": ["https://avatars1.githubusercontent.com/u/8628596?v=4"],
    "gravatar_id": [""],
    "url": ["https://api.github.com/users/wanganzhi"],
    "html_url": ["https://github.com/wanganzhi"],
    "followers_url": ["https://api.github.com/users/wanganzhi/followers"],
    "following_url": ["https://api.github.com/users/wanganzhi/following{/other_user}"],
    "gists_url": ["https://api.github.com/users/wanganzhi/gists{/gist_id}"],
    "starred_url": ["https://api.github.com/users/wanganzhi/starred{/owner}{/repo}"],
    "subscriptions_url": ["https://api.github.com/users/wanganzhi/subscriptions"],
    "organizations_url": ["https://api.github.com/users/wanganzhi/orgs"],
    "repos_url": ["https://api.github.com/users/wanganzhi/repos"],
    "events_url": ["https://api.github.com/users/wanganzhi/events{/privacy}"],
    "received_events_url": ["https://api.github.com/users/wanganzhi/received_events"],
    "type": ["User"],
    "site_admin": [false]
  }
]
