[
  {
    "login": ["EdgarLGB"],
    "id": [15153347],
    "node_id": ["MDQ6VXNlcjE1MTUzMzQ3"],
    "avatar_url": ["https://avatars0.githubusercontent.com/u/15153347?v=4"],
    "gravatar_id": [""],
    "url": ["https://api.github.com/users/EdgarLGB"],
    "html_url": ["https://github.com/EdgarLGB"],
    "followers_url": ["https://api.github.com/users/EdgarLGB/followers"],
    "following_url": ["https://api.github.com/users/EdgarLGB/following{/other_user}"],
    "gists_url": ["https://api.github.com/users/EdgarLGB/gists{/gist_id}"],
    "starred_url": ["https://api.github.com/users/EdgarLGB/starred{/owner}{/repo}"],
    "subscriptions_url": ["https://api.github.com/users/EdgarLGB/subscriptions"],
    "organizations_url": ["https://api.github.com/users/EdgarLGB/orgs"],
    "repos_url": ["https://api.github.com/users/EdgarLGB/repos"],
    "events_url": ["https://api.github.com/users/EdgarLGB/events{/privacy}"],
    "received_events_url": ["https://api.github.com/users/EdgarLGB/received_events"],
    "type": ["User"],
    "site_admin": [false]
  }
]
