[
  {
    "login": ["allenliule"],
    "id": [2399659],
    "node_id": ["MDQ6VXNlcjIzOTk2NTk="],
    "avatar_url": ["https://avatars1.githubusercontent.com/u/2399659?v=4"],
    "gravatar_id": [""],
    "url": ["https://api.github.com/users/allenliule"],
    "html_url": ["https://github.com/allenliule"],
    "followers_url": ["https://api.github.com/users/allenliule/followers"],
    "following_url": ["https://api.github.com/users/allenliule/following{/other_user}"],
    "gists_url": ["https://api.github.com/users/allenliule/gists{/gist_id}"],
    "starred_url": ["https://api.github.com/users/allenliule/starred{/owner}{/repo}"],
    "subscriptions_url": ["https://api.github.com/users/allenliule/subscriptions"],
    "organizations_url": ["https://api.github.com/users/allenliule/orgs"],
    "repos_url": ["https://api.github.com/users/allenliule/repos"],
    "events_url": ["https://api.github.com/users/allenliule/events{/privacy}"],
    "received_events_url": ["https://api.github.com/users/allenliule/received_events"],
    "type": ["User"],
    "site_admin": [false]
  }
]
