[
  {
    "login": ["beerbottle"],
    "id": [21341471],
    "node_id": ["MDQ6VXNlcjIxMzQxNDcx"],
    "avatar_url": ["https://avatars1.githubusercontent.com/u/21341471?v=4"],
    "gravatar_id": [""],
    "url": ["https://api.github.com/users/beerbottle"],
    "html_url": ["https://github.com/beerbottle"],
    "followers_url": ["https://api.github.com/users/beerbottle/followers"],
    "following_url": ["https://api.github.com/users/beerbottle/following{/other_user}"],
    "gists_url": ["https://api.github.com/users/beerbottle/gists{/gist_id}"],
    "starred_url": ["https://api.github.com/users/beerbottle/starred{/owner}{/repo}"],
    "subscriptions_url": ["https://api.github.com/users/beerbottle/subscriptions"],
    "organizations_url": ["https://api.github.com/users/beerbottle/orgs"],
    "repos_url": ["https://api.github.com/users/beerbottle/repos"],
    "events_url": ["https://api.github.com/users/beerbottle/events{/privacy}"],
    "received_events_url": ["https://api.github.com/users/beerbottle/received_events"],
    "type": ["User"],
    "site_admin": [false]
  }
]
