[
  {
    "login": ["clearliar0525"],
    "id": [30082049],
    "node_id": ["MDQ6VXNlcjMwMDgyMDQ5"],
    "avatar_url": ["https://avatars2.githubusercontent.com/u/30082049?v=4"],
    "gravatar_id": [""],
    "url": ["https://api.github.com/users/clearliar0525"],
    "html_url": ["https://github.com/clearliar0525"],
    "followers_url": ["https://api.github.com/users/clearliar0525/followers"],
    "following_url": ["https://api.github.com/users/clearliar0525/following{/other_user}"],
    "gists_url": ["https://api.github.com/users/clearliar0525/gists{/gist_id}"],
    "starred_url": ["https://api.github.com/users/clearliar0525/starred{/owner}{/repo}"],
    "subscriptions_url": ["https://api.github.com/users/clearliar0525/subscriptions"],
    "organizations_url": ["https://api.github.com/users/clearliar0525/orgs"],
    "repos_url": ["https://api.github.com/users/clearliar0525/repos"],
    "events_url": ["https://api.github.com/users/clearliar0525/events{/privacy}"],
    "received_events_url": ["https://api.github.com/users/clearliar0525/received_events"],
    "type": ["User"],
    "site_admin": [false]
  }
]
