[
  {
    "login": ["utopiazh"],
    "id": [1046826],
    "node_id": ["MDQ6VXNlcjEwNDY4MjY="],
    "avatar_url": ["https://avatars0.githubusercontent.com/u/1046826?v=4"],
    "gravatar_id": [""],
    "url": ["https://api.github.com/users/utopiazh"],
    "html_url": ["https://github.com/utopiazh"],
    "followers_url": ["https://api.github.com/users/utopiazh/followers"],
    "following_url": ["https://api.github.com/users/utopiazh/following{/other_user}"],
    "gists_url": ["https://api.github.com/users/utopiazh/gists{/gist_id}"],
    "starred_url": ["https://api.github.com/users/utopiazh/starred{/owner}{/repo}"],
    "subscriptions_url": ["https://api.github.com/users/utopiazh/subscriptions"],
    "organizations_url": ["https://api.github.com/users/utopiazh/orgs"],
    "repos_url": ["https://api.github.com/users/utopiazh/repos"],
    "events_url": ["https://api.github.com/users/utopiazh/events{/privacy}"],
    "received_events_url": ["https://api.github.com/users/utopiazh/received_events"],
    "type": ["User"],
    "site_admin": [false]
  }
]
