[
  {
    "login": ["northeast250"],
    "id": [8563833],
    "node_id": ["MDQ6VXNlcjg1NjM4MzM="],
    "avatar_url": ["https://avatars2.githubusercontent.com/u/8563833?v=4"],
    "gravatar_id": [""],
    "url": ["https://api.github.com/users/northeast250"],
    "html_url": ["https://github.com/northeast250"],
    "followers_url": ["https://api.github.com/users/northeast250/followers"],
    "following_url": ["https://api.github.com/users/northeast250/following{/other_user}"],
    "gists_url": ["https://api.github.com/users/northeast250/gists{/gist_id}"],
    "starred_url": ["https://api.github.com/users/northeast250/starred{/owner}{/repo}"],
    "subscriptions_url": ["https://api.github.com/users/northeast250/subscriptions"],
    "organizations_url": ["https://api.github.com/users/northeast250/orgs"],
    "repos_url": ["https://api.github.com/users/northeast250/repos"],
    "events_url": ["https://api.github.com/users/northeast250/events{/privacy}"],
    "received_events_url": ["https://api.github.com/users/northeast250/received_events"],
    "type": ["User"],
    "site_admin": [false]
  }
]
