[
  {
    "login": ["LsAntonio"],
    "id": [1724961],
    "node_id": ["MDQ6VXNlcjE3MjQ5NjE="],
    "avatar_url": ["https://avatars0.githubusercontent.com/u/1724961?v=4"],
    "gravatar_id": [""],
    "url": ["https://api.github.com/users/LsAntonio"],
    "html_url": ["https://github.com/LsAntonio"],
    "followers_url": ["https://api.github.com/users/LsAntonio/followers"],
    "following_url": ["https://api.github.com/users/LsAntonio/following{/other_user}"],
    "gists_url": ["https://api.github.com/users/LsAntonio/gists{/gist_id}"],
    "starred_url": ["https://api.github.com/users/LsAntonio/starred{/owner}{/repo}"],
    "subscriptions_url": ["https://api.github.com/users/LsAntonio/subscriptions"],
    "organizations_url": ["https://api.github.com/users/LsAntonio/orgs"],
    "repos_url": ["https://api.github.com/users/LsAntonio/repos"],
    "events_url": ["https://api.github.com/users/LsAntonio/events{/privacy}"],
    "received_events_url": ["https://api.github.com/users/LsAntonio/received_events"],
    "type": ["User"],
    "site_admin": [false]
  }
]
