[
  {
    "login": ["mrdear"],
    "id": [13889883],
    "node_id": ["MDQ6VXNlcjEzODg5ODgz"],
    "avatar_url": ["https://avatars3.githubusercontent.com/u/13889883?v=4"],
    "gravatar_id": [""],
    "url": ["https://api.github.com/users/mrdear"],
    "html_url": ["https://github.com/mrdear"],
    "followers_url": ["https://api.github.com/users/mrdear/followers"],
    "following_url": ["https://api.github.com/users/mrdear/following{/other_user}"],
    "gists_url": ["https://api.github.com/users/mrdear/gists{/gist_id}"],
    "starred_url": ["https://api.github.com/users/mrdear/starred{/owner}{/repo}"],
    "subscriptions_url": ["https://api.github.com/users/mrdear/subscriptions"],
    "organizations_url": ["https://api.github.com/users/mrdear/orgs"],
    "repos_url": ["https://api.github.com/users/mrdear/repos"],
    "events_url": ["https://api.github.com/users/mrdear/events{/privacy}"],
    "received_events_url": ["https://api.github.com/users/mrdear/received_events"],
    "type": ["User"],
    "site_admin": [false]
  }
]
