[
  {
    "login": ["RahulBhasin"],
    "id": [6624376],
    "node_id": ["MDQ6VXNlcjY2MjQzNzY="],
    "avatar_url": ["https://avatars2.githubusercontent.com/u/6624376?v=4"],
    "gravatar_id": [""],
    "url": ["https://api.github.com/users/RahulBhasin"],
    "html_url": ["https://github.com/RahulBhasin"],
    "followers_url": ["https://api.github.com/users/RahulBhasin/followers"],
    "following_url": ["https://api.github.com/users/RahulBhasin/following{/other_user}"],
    "gists_url": ["https://api.github.com/users/RahulBhasin/gists{/gist_id}"],
    "starred_url": ["https://api.github.com/users/RahulBhasin/starred{/owner}{/repo}"],
    "subscriptions_url": ["https://api.github.com/users/RahulBhasin/subscriptions"],
    "organizations_url": ["https://api.github.com/users/RahulBhasin/orgs"],
    "repos_url": ["https://api.github.com/users/RahulBhasin/repos"],
    "events_url": ["https://api.github.com/users/RahulBhasin/events{/privacy}"],
    "received_events_url": ["https://api.github.com/users/RahulBhasin/received_events"],
    "type": ["User"],
    "site_admin": [false]
  }
]
