[
  {
    "login": ["sinancan34"],
    "id": [1384316],
    "node_id": ["MDQ6VXNlcjEzODQzMTY="],
    "avatar_url": ["https://avatars2.githubusercontent.com/u/1384316?v=4"],
    "gravatar_id": [""],
    "url": ["https://api.github.com/users/sinancan34"],
    "html_url": ["https://github.com/sinancan34"],
    "followers_url": ["https://api.github.com/users/sinancan34/followers"],
    "following_url": ["https://api.github.com/users/sinancan34/following{/other_user}"],
    "gists_url": ["https://api.github.com/users/sinancan34/gists{/gist_id}"],
    "starred_url": ["https://api.github.com/users/sinancan34/starred{/owner}{/repo}"],
    "subscriptions_url": ["https://api.github.com/users/sinancan34/subscriptions"],
    "organizations_url": ["https://api.github.com/users/sinancan34/orgs"],
    "repos_url": ["https://api.github.com/users/sinancan34/repos"],
    "events_url": ["https://api.github.com/users/sinancan34/events{/privacy}"],
    "received_events_url": ["https://api.github.com/users/sinancan34/received_events"],
    "type": ["User"],
    "site_admin": [false]
  }
]
