[
  {
    "login": ["berardf"],
    "id": [41877263],
    "node_id": ["MDQ6VXNlcjQxODc3MjYz"],
    "avatar_url": ["https://avatars3.githubusercontent.com/u/41877263?v=4"],
    "gravatar_id": [""],
    "url": ["https://api.github.com/users/berardf"],
    "html_url": ["https://github.com/berardf"],
    "followers_url": ["https://api.github.com/users/berardf/followers"],
    "following_url": ["https://api.github.com/users/berardf/following{/other_user}"],
    "gists_url": ["https://api.github.com/users/berardf/gists{/gist_id}"],
    "starred_url": ["https://api.github.com/users/berardf/starred{/owner}{/repo}"],
    "subscriptions_url": ["https://api.github.com/users/berardf/subscriptions"],
    "organizations_url": ["https://api.github.com/users/berardf/orgs"],
    "repos_url": ["https://api.github.com/users/berardf/repos"],
    "events_url": ["https://api.github.com/users/berardf/events{/privacy}"],
    "received_events_url": ["https://api.github.com/users/berardf/received_events"],
    "type": ["User"],
    "site_admin": [false]
  }
]
