[
  {
    "login": ["prosoitos"],
    "id": [4634851],
    "node_id": ["MDQ6VXNlcjQ2MzQ4NTE="],
    "avatar_url": ["https://avatars1.githubusercontent.com/u/4634851?v=4"],
    "gravatar_id": [""],
    "url": ["https://api.github.com/users/prosoitos"],
    "html_url": ["https://github.com/prosoitos"],
    "followers_url": ["https://api.github.com/users/prosoitos/followers"],
    "following_url": ["https://api.github.com/users/prosoitos/following{/other_user}"],
    "gists_url": ["https://api.github.com/users/prosoitos/gists{/gist_id}"],
    "starred_url": ["https://api.github.com/users/prosoitos/starred{/owner}{/repo}"],
    "subscriptions_url": ["https://api.github.com/users/prosoitos/subscriptions"],
    "organizations_url": ["https://api.github.com/users/prosoitos/orgs"],
    "repos_url": ["https://api.github.com/users/prosoitos/repos"],
    "events_url": ["https://api.github.com/users/prosoitos/events{/privacy}"],
    "received_events_url": ["https://api.github.com/users/prosoitos/received_events"],
    "type": ["User"],
    "site_admin": [false]
  }
]
