[
  {
    "login": ["youngfly11"],
    "id": [24568308],
    "node_id": ["MDQ6VXNlcjI0NTY4MzA4"],
    "avatar_url": ["https://avatars2.githubusercontent.com/u/24568308?v=4"],
    "gravatar_id": [""],
    "url": ["https://api.github.com/users/youngfly11"],
    "html_url": ["https://github.com/youngfly11"],
    "followers_url": ["https://api.github.com/users/youngfly11/followers"],
    "following_url": ["https://api.github.com/users/youngfly11/following{/other_user}"],
    "gists_url": ["https://api.github.com/users/youngfly11/gists{/gist_id}"],
    "starred_url": ["https://api.github.com/users/youngfly11/starred{/owner}{/repo}"],
    "subscriptions_url": ["https://api.github.com/users/youngfly11/subscriptions"],
    "organizations_url": ["https://api.github.com/users/youngfly11/orgs"],
    "repos_url": ["https://api.github.com/users/youngfly11/repos"],
    "events_url": ["https://api.github.com/users/youngfly11/events{/privacy}"],
    "received_events_url": ["https://api.github.com/users/youngfly11/received_events"],
    "type": ["User"],
    "site_admin": [false]
  }
]
