[
  {
    "login": ["neutronest"],
    "id": [2235126],
    "node_id": ["MDQ6VXNlcjIyMzUxMjY="],
    "avatar_url": ["https://avatars1.githubusercontent.com/u/2235126?v=4"],
    "gravatar_id": [""],
    "url": ["https://api.github.com/users/neutronest"],
    "html_url": ["https://github.com/neutronest"],
    "followers_url": ["https://api.github.com/users/neutronest/followers"],
    "following_url": ["https://api.github.com/users/neutronest/following{/other_user}"],
    "gists_url": ["https://api.github.com/users/neutronest/gists{/gist_id}"],
    "starred_url": ["https://api.github.com/users/neutronest/starred{/owner}{/repo}"],
    "subscriptions_url": ["https://api.github.com/users/neutronest/subscriptions"],
    "organizations_url": ["https://api.github.com/users/neutronest/orgs"],
    "repos_url": ["https://api.github.com/users/neutronest/repos"],
    "events_url": ["https://api.github.com/users/neutronest/events{/privacy}"],
    "received_events_url": ["https://api.github.com/users/neutronest/received_events"],
    "type": ["User"],
    "site_admin": [false]
  }
]
