[
  {
    "login": ["Trangle"],
    "id": [3235116],
    "node_id": ["MDQ6VXNlcjMyMzUxMTY="],
    "avatar_url": ["https://avatars3.githubusercontent.com/u/3235116?v=4"],
    "gravatar_id": [""],
    "url": ["https://api.github.com/users/Trangle"],
    "html_url": ["https://github.com/Trangle"],
    "followers_url": ["https://api.github.com/users/Trangle/followers"],
    "following_url": ["https://api.github.com/users/Trangle/following{/other_user}"],
    "gists_url": ["https://api.github.com/users/Trangle/gists{/gist_id}"],
    "starred_url": ["https://api.github.com/users/Trangle/starred{/owner}{/repo}"],
    "subscriptions_url": ["https://api.github.com/users/Trangle/subscriptions"],
    "organizations_url": ["https://api.github.com/users/Trangle/orgs"],
    "repos_url": ["https://api.github.com/users/Trangle/repos"],
    "events_url": ["https://api.github.com/users/Trangle/events{/privacy}"],
    "received_events_url": ["https://api.github.com/users/Trangle/received_events"],
    "type": ["User"],
    "site_admin": [false]
  }
]
