[
  {
    "login": ["AlexStocks"],
    "id": [7959374],
    "node_id": ["MDQ6VXNlcjc5NTkzNzQ="],
    "avatar_url": ["https://avatars3.githubusercontent.com/u/7959374?v=4"],
    "gravatar_id": [""],
    "url": ["https://api.github.com/users/AlexStocks"],
    "html_url": ["https://github.com/AlexStocks"],
    "followers_url": ["https://api.github.com/users/AlexStocks/followers"],
    "following_url": ["https://api.github.com/users/AlexStocks/following{/other_user}"],
    "gists_url": ["https://api.github.com/users/AlexStocks/gists{/gist_id}"],
    "starred_url": ["https://api.github.com/users/AlexStocks/starred{/owner}{/repo}"],
    "subscriptions_url": ["https://api.github.com/users/AlexStocks/subscriptions"],
    "organizations_url": ["https://api.github.com/users/AlexStocks/orgs"],
    "repos_url": ["https://api.github.com/users/AlexStocks/repos"],
    "events_url": ["https://api.github.com/users/AlexStocks/events{/privacy}"],
    "received_events_url": ["https://api.github.com/users/AlexStocks/received_events"],
    "type": ["User"],
    "site_admin": [false]
  }
]
