[
  {
    "login": ["YUFENGWANG"],
    "id": [12859005],
    "node_id": ["MDQ6VXNlcjEyODU5MDA1"],
    "avatar_url": ["https://avatars2.githubusercontent.com/u/12859005?v=4"],
    "gravatar_id": [""],
    "url": ["https://api.github.com/users/YUFENGWANG"],
    "html_url": ["https://github.com/YUFENGWANG"],
    "followers_url": ["https://api.github.com/users/YUFENGWANG/followers"],
    "following_url": ["https://api.github.com/users/YUFENGWANG/following{/other_user}"],
    "gists_url": ["https://api.github.com/users/YUFENGWANG/gists{/gist_id}"],
    "starred_url": ["https://api.github.com/users/YUFENGWANG/starred{/owner}{/repo}"],
    "subscriptions_url": ["https://api.github.com/users/YUFENGWANG/subscriptions"],
    "organizations_url": ["https://api.github.com/users/YUFENGWANG/orgs"],
    "repos_url": ["https://api.github.com/users/YUFENGWANG/repos"],
    "events_url": ["https://api.github.com/users/YUFENGWANG/events{/privacy}"],
    "received_events_url": ["https://api.github.com/users/YUFENGWANG/received_events"],
    "type": ["User"],
    "site_admin": [false]
  }
]
