[
  {
    "login": ["yuanms2"],
    "id": [4755689],
    "node_id": ["MDQ6VXNlcjQ3NTU2ODk="],
    "avatar_url": ["https://avatars1.githubusercontent.com/u/4755689?v=4"],
    "gravatar_id": [""],
    "url": ["https://api.github.com/users/yuanms2"],
    "html_url": ["https://github.com/yuanms2"],
    "followers_url": ["https://api.github.com/users/yuanms2/followers"],
    "following_url": ["https://api.github.com/users/yuanms2/following{/other_user}"],
    "gists_url": ["https://api.github.com/users/yuanms2/gists{/gist_id}"],
    "starred_url": ["https://api.github.com/users/yuanms2/starred{/owner}{/repo}"],
    "subscriptions_url": ["https://api.github.com/users/yuanms2/subscriptions"],
    "organizations_url": ["https://api.github.com/users/yuanms2/orgs"],
    "repos_url": ["https://api.github.com/users/yuanms2/repos"],
    "events_url": ["https://api.github.com/users/yuanms2/events{/privacy}"],
    "received_events_url": ["https://api.github.com/users/yuanms2/received_events"],
    "type": ["User"],
    "site_admin": [false]
  }
]
