[
  {
    "login": ["xiaoningwang"],
    "id": [7898369],
    "node_id": ["MDQ6VXNlcjc4OTgzNjk="],
    "avatar_url": ["https://avatars3.githubusercontent.com/u/7898369?v=4"],
    "gravatar_id": [""],
    "url": ["https://api.github.com/users/xiaoningwang"],
    "html_url": ["https://github.com/xiaoningwang"],
    "followers_url": ["https://api.github.com/users/xiaoningwang/followers"],
    "following_url": ["https://api.github.com/users/xiaoningwang/following{/other_user}"],
    "gists_url": ["https://api.github.com/users/xiaoningwang/gists{/gist_id}"],
    "starred_url": ["https://api.github.com/users/xiaoningwang/starred{/owner}{/repo}"],
    "subscriptions_url": ["https://api.github.com/users/xiaoningwang/subscriptions"],
    "organizations_url": ["https://api.github.com/users/xiaoningwang/orgs"],
    "repos_url": ["https://api.github.com/users/xiaoningwang/repos"],
    "events_url": ["https://api.github.com/users/xiaoningwang/events{/privacy}"],
    "received_events_url": ["https://api.github.com/users/xiaoningwang/received_events"],
    "type": ["User"],
    "site_admin": [false]
  }
]
