[
  {
    "login": ["theainerd"],
    "id": [15798640],
    "node_id": ["MDQ6VXNlcjE1Nzk4NjQw"],
    "avatar_url": ["https://avatars2.githubusercontent.com/u/15798640?v=4"],
    "gravatar_id": [""],
    "url": ["https://api.github.com/users/theainerd"],
    "html_url": ["https://github.com/theainerd"],
    "followers_url": ["https://api.github.com/users/theainerd/followers"],
    "following_url": ["https://api.github.com/users/theainerd/following{/other_user}"],
    "gists_url": ["https://api.github.com/users/theainerd/gists{/gist_id}"],
    "starred_url": ["https://api.github.com/users/theainerd/starred{/owner}{/repo}"],
    "subscriptions_url": ["https://api.github.com/users/theainerd/subscriptions"],
    "organizations_url": ["https://api.github.com/users/theainerd/orgs"],
    "repos_url": ["https://api.github.com/users/theainerd/repos"],
    "events_url": ["https://api.github.com/users/theainerd/events{/privacy}"],
    "received_events_url": ["https://api.github.com/users/theainerd/received_events"],
    "type": ["User"],
    "site_admin": [false]
  }
]
