[
  {
    "login": ["jeanvuda"],
    "id": [16281414],
    "node_id": ["MDQ6VXNlcjE2MjgxNDE0"],
    "avatar_url": ["https://avatars1.githubusercontent.com/u/16281414?v=4"],
    "gravatar_id": [""],
    "url": ["https://api.github.com/users/jeanvuda"],
    "html_url": ["https://github.com/jeanvuda"],
    "followers_url": ["https://api.github.com/users/jeanvuda/followers"],
    "following_url": ["https://api.github.com/users/jeanvuda/following{/other_user}"],
    "gists_url": ["https://api.github.com/users/jeanvuda/gists{/gist_id}"],
    "starred_url": ["https://api.github.com/users/jeanvuda/starred{/owner}{/repo}"],
    "subscriptions_url": ["https://api.github.com/users/jeanvuda/subscriptions"],
    "organizations_url": ["https://api.github.com/users/jeanvuda/orgs"],
    "repos_url": ["https://api.github.com/users/jeanvuda/repos"],
    "events_url": ["https://api.github.com/users/jeanvuda/events{/privacy}"],
    "received_events_url": ["https://api.github.com/users/jeanvuda/received_events"],
    "type": ["User"],
    "site_admin": [false]
  }
]
