[
  {
    "login": ["lllabmaster"],
    "id": [7707783],
    "node_id": ["MDQ6VXNlcjc3MDc3ODM="],
    "avatar_url": ["https://avatars3.githubusercontent.com/u/7707783?v=4"],
    "gravatar_id": [""],
    "url": ["https://api.github.com/users/lllabmaster"],
    "html_url": ["https://github.com/lllabmaster"],
    "followers_url": ["https://api.github.com/users/lllabmaster/followers"],
    "following_url": ["https://api.github.com/users/lllabmaster/following{/other_user}"],
    "gists_url": ["https://api.github.com/users/lllabmaster/gists{/gist_id}"],
    "starred_url": ["https://api.github.com/users/lllabmaster/starred{/owner}{/repo}"],
    "subscriptions_url": ["https://api.github.com/users/lllabmaster/subscriptions"],
    "organizations_url": ["https://api.github.com/users/lllabmaster/orgs"],
    "repos_url": ["https://api.github.com/users/lllabmaster/repos"],
    "events_url": ["https://api.github.com/users/lllabmaster/events{/privacy}"],
    "received_events_url": ["https://api.github.com/users/lllabmaster/received_events"],
    "type": ["User"],
    "site_admin": [false]
  }
]
