[
  {
    "login": ["evgeniitsvetkov"],
    "id": [5213921],
    "node_id": ["MDQ6VXNlcjUyMTM5MjE="],
    "avatar_url": ["https://avatars0.githubusercontent.com/u/5213921?v=4"],
    "gravatar_id": [""],
    "url": ["https://api.github.com/users/evgeniitsvetkov"],
    "html_url": ["https://github.com/evgeniitsvetkov"],
    "followers_url": ["https://api.github.com/users/evgeniitsvetkov/followers"],
    "following_url": ["https://api.github.com/users/evgeniitsvetkov/following{/other_user}"],
    "gists_url": ["https://api.github.com/users/evgeniitsvetkov/gists{/gist_id}"],
    "starred_url": ["https://api.github.com/users/evgeniitsvetkov/starred{/owner}{/repo}"],
    "subscriptions_url": ["https://api.github.com/users/evgeniitsvetkov/subscriptions"],
    "organizations_url": ["https://api.github.com/users/evgeniitsvetkov/orgs"],
    "repos_url": ["https://api.github.com/users/evgeniitsvetkov/repos"],
    "events_url": ["https://api.github.com/users/evgeniitsvetkov/events{/privacy}"],
    "received_events_url": ["https://api.github.com/users/evgeniitsvetkov/received_events"],
    "type": ["User"],
    "site_admin": [false]
  }
]
