[
  {
    "login": ["bryandeng"],
    "id": [1997800],
    "node_id": ["MDQ6VXNlcjE5OTc4MDA="],
    "avatar_url": ["https://avatars0.githubusercontent.com/u/1997800?v=4"],
    "gravatar_id": [""],
    "url": ["https://api.github.com/users/bryandeng"],
    "html_url": ["https://github.com/bryandeng"],
    "followers_url": ["https://api.github.com/users/bryandeng/followers"],
    "following_url": ["https://api.github.com/users/bryandeng/following{/other_user}"],
    "gists_url": ["https://api.github.com/users/bryandeng/gists{/gist_id}"],
    "starred_url": ["https://api.github.com/users/bryandeng/starred{/owner}{/repo}"],
    "subscriptions_url": ["https://api.github.com/users/bryandeng/subscriptions"],
    "organizations_url": ["https://api.github.com/users/bryandeng/orgs"],
    "repos_url": ["https://api.github.com/users/bryandeng/repos"],
    "events_url": ["https://api.github.com/users/bryandeng/events{/privacy}"],
    "received_events_url": ["https://api.github.com/users/bryandeng/received_events"],
    "type": ["User"],
    "site_admin": [false]
  }
]
