[
  {
    "login": ["isdanni"],
    "id": [38550500],
    "node_id": ["MDQ6VXNlcjM4NTUwNTAw"],
    "avatar_url": ["https://avatars1.githubusercontent.com/u/38550500?v=4"],
    "gravatar_id": [""],
    "url": ["https://api.github.com/users/isdanni"],
    "html_url": ["https://github.com/isdanni"],
    "followers_url": ["https://api.github.com/users/isdanni/followers"],
    "following_url": ["https://api.github.com/users/isdanni/following{/other_user}"],
    "gists_url": ["https://api.github.com/users/isdanni/gists{/gist_id}"],
    "starred_url": ["https://api.github.com/users/isdanni/starred{/owner}{/repo}"],
    "subscriptions_url": ["https://api.github.com/users/isdanni/subscriptions"],
    "organizations_url": ["https://api.github.com/users/isdanni/orgs"],
    "repos_url": ["https://api.github.com/users/isdanni/repos"],
    "events_url": ["https://api.github.com/users/isdanni/events{/privacy}"],
    "received_events_url": ["https://api.github.com/users/isdanni/received_events"],
    "type": ["User"],
    "site_admin": [false]
  }
]
