[
  {
    "login": ["1271845364"],
    "id": [22288268],
    "node_id": ["MDQ6VXNlcjIyMjg4MjY4"],
    "avatar_url": ["https://avatars3.githubusercontent.com/u/22288268?v=4"],
    "gravatar_id": [""],
    "url": ["https://api.github.com/users/1271845364"],
    "html_url": ["https://github.com/1271845364"],
    "followers_url": ["https://api.github.com/users/1271845364/followers"],
    "following_url": ["https://api.github.com/users/1271845364/following{/other_user}"],
    "gists_url": ["https://api.github.com/users/1271845364/gists{/gist_id}"],
    "starred_url": ["https://api.github.com/users/1271845364/starred{/owner}{/repo}"],
    "subscriptions_url": ["https://api.github.com/users/1271845364/subscriptions"],
    "organizations_url": ["https://api.github.com/users/1271845364/orgs"],
    "repos_url": ["https://api.github.com/users/1271845364/repos"],
    "events_url": ["https://api.github.com/users/1271845364/events{/privacy}"],
    "received_events_url": ["https://api.github.com/users/1271845364/received_events"],
    "type": ["User"],
    "site_admin": [false]
  }
]
