[
  {
    "login": ["AzizCode92"],
    "id": [19540527],
    "node_id": ["MDQ6VXNlcjE5NTQwNTI3"],
    "avatar_url": ["https://avatars2.githubusercontent.com/u/19540527?v=4"],
    "gravatar_id": [""],
    "url": ["https://api.github.com/users/AzizCode92"],
    "html_url": ["https://github.com/AzizCode92"],
    "followers_url": ["https://api.github.com/users/AzizCode92/followers"],
    "following_url": ["https://api.github.com/users/AzizCode92/following{/other_user}"],
    "gists_url": ["https://api.github.com/users/AzizCode92/gists{/gist_id}"],
    "starred_url": ["https://api.github.com/users/AzizCode92/starred{/owner}{/repo}"],
    "subscriptions_url": ["https://api.github.com/users/AzizCode92/subscriptions"],
    "organizations_url": ["https://api.github.com/users/AzizCode92/orgs"],
    "repos_url": ["https://api.github.com/users/AzizCode92/repos"],
    "events_url": ["https://api.github.com/users/AzizCode92/events{/privacy}"],
    "received_events_url": ["https://api.github.com/users/AzizCode92/received_events"],
    "type": ["User"],
    "site_admin": [false]
  }
]
