[
  {
    "login": ["ronenhamias"],
    "id": [1706296],
    "node_id": ["MDQ6VXNlcjE3MDYyOTY="],
    "avatar_url": ["https://avatars0.githubusercontent.com/u/1706296?v=4"],
    "gravatar_id": [""],
    "url": ["https://api.github.com/users/ronenhamias"],
    "html_url": ["https://github.com/ronenhamias"],
    "followers_url": ["https://api.github.com/users/ronenhamias/followers"],
    "following_url": ["https://api.github.com/users/ronenhamias/following{/other_user}"],
    "gists_url": ["https://api.github.com/users/ronenhamias/gists{/gist_id}"],
    "starred_url": ["https://api.github.com/users/ronenhamias/starred{/owner}{/repo}"],
    "subscriptions_url": ["https://api.github.com/users/ronenhamias/subscriptions"],
    "organizations_url": ["https://api.github.com/users/ronenhamias/orgs"],
    "repos_url": ["https://api.github.com/users/ronenhamias/repos"],
    "events_url": ["https://api.github.com/users/ronenhamias/events{/privacy}"],
    "received_events_url": ["https://api.github.com/users/ronenhamias/received_events"],
    "type": ["User"],
    "site_admin": [false]
  }
]
