[
  {
    "login": ["lubotajoao"],
    "id": [14189040],
    "node_id": ["MDQ6VXNlcjE0MTg5MDQw"],
    "avatar_url": ["https://avatars2.githubusercontent.com/u/14189040?v=4"],
    "gravatar_id": [""],
    "url": ["https://api.github.com/users/lubotajoao"],
    "html_url": ["https://github.com/lubotajoao"],
    "followers_url": ["https://api.github.com/users/lubotajoao/followers"],
    "following_url": ["https://api.github.com/users/lubotajoao/following{/other_user}"],
    "gists_url": ["https://api.github.com/users/lubotajoao/gists{/gist_id}"],
    "starred_url": ["https://api.github.com/users/lubotajoao/starred{/owner}{/repo}"],
    "subscriptions_url": ["https://api.github.com/users/lubotajoao/subscriptions"],
    "organizations_url": ["https://api.github.com/users/lubotajoao/orgs"],
    "repos_url": ["https://api.github.com/users/lubotajoao/repos"],
    "events_url": ["https://api.github.com/users/lubotajoao/events{/privacy}"],
    "received_events_url": ["https://api.github.com/users/lubotajoao/received_events"],
    "type": ["User"],
    "site_admin": [false]
  }
]
