[
  {
    "login": ["kaelthasinfi"],
    "id": [15663124],
    "node_id": ["MDQ6VXNlcjE1NjYzMTI0"],
    "avatar_url": ["https://avatars0.githubusercontent.com/u/15663124?v=4"],
    "gravatar_id": [""],
    "url": ["https://api.github.com/users/kaelthasinfi"],
    "html_url": ["https://github.com/kaelthasinfi"],
    "followers_url": ["https://api.github.com/users/kaelthasinfi/followers"],
    "following_url": ["https://api.github.com/users/kaelthasinfi/following{/other_user}"],
    "gists_url": ["https://api.github.com/users/kaelthasinfi/gists{/gist_id}"],
    "starred_url": ["https://api.github.com/users/kaelthasinfi/starred{/owner}{/repo}"],
    "subscriptions_url": ["https://api.github.com/users/kaelthasinfi/subscriptions"],
    "organizations_url": ["https://api.github.com/users/kaelthasinfi/orgs"],
    "repos_url": ["https://api.github.com/users/kaelthasinfi/repos"],
    "events_url": ["https://api.github.com/users/kaelthasinfi/events{/privacy}"],
    "received_events_url": ["https://api.github.com/users/kaelthasinfi/received_events"],
    "type": ["User"],
    "site_admin": [false]
  }
]
