[
  {
    "login": ["sunheqing"],
    "id": [26194628],
    "node_id": ["MDQ6VXNlcjI2MTk0NjI4"],
    "avatar_url": ["https://avatars3.githubusercontent.com/u/26194628?v=4"],
    "gravatar_id": [""],
    "url": ["https://api.github.com/users/sunheqing"],
    "html_url": ["https://github.com/sunheqing"],
    "followers_url": ["https://api.github.com/users/sunheqing/followers"],
    "following_url": ["https://api.github.com/users/sunheqing/following{/other_user}"],
    "gists_url": ["https://api.github.com/users/sunheqing/gists{/gist_id}"],
    "starred_url": ["https://api.github.com/users/sunheqing/starred{/owner}{/repo}"],
    "subscriptions_url": ["https://api.github.com/users/sunheqing/subscriptions"],
    "organizations_url": ["https://api.github.com/users/sunheqing/orgs"],
    "repos_url": ["https://api.github.com/users/sunheqing/repos"],
    "events_url": ["https://api.github.com/users/sunheqing/events{/privacy}"],
    "received_events_url": ["https://api.github.com/users/sunheqing/received_events"],
    "type": ["User"],
    "site_admin": [false]
  }
]
