[
  {
    "login": ["DDurling"],
    "id": [8271024],
    "node_id": ["MDQ6VXNlcjgyNzEwMjQ="],
    "avatar_url": ["https://avatars3.githubusercontent.com/u/8271024?v=4"],
    "gravatar_id": [""],
    "url": ["https://api.github.com/users/DDurling"],
    "html_url": ["https://github.com/DDurling"],
    "followers_url": ["https://api.github.com/users/DDurling/followers"],
    "following_url": ["https://api.github.com/users/DDurling/following{/other_user}"],
    "gists_url": ["https://api.github.com/users/DDurling/gists{/gist_id}"],
    "starred_url": ["https://api.github.com/users/DDurling/starred{/owner}{/repo}"],
    "subscriptions_url": ["https://api.github.com/users/DDurling/subscriptions"],
    "organizations_url": ["https://api.github.com/users/DDurling/orgs"],
    "repos_url": ["https://api.github.com/users/DDurling/repos"],
    "events_url": ["https://api.github.com/users/DDurling/events{/privacy}"],
    "received_events_url": ["https://api.github.com/users/DDurling/received_events"],
    "type": ["User"],
    "site_admin": [false]
  }
]
