[
  {
    "login": ["shuckle16"],
    "id": [5322820],
    "node_id": ["MDQ6VXNlcjUzMjI4MjA="],
    "avatar_url": ["https://avatars1.githubusercontent.com/u/5322820?v=4"],
    "gravatar_id": [""],
    "url": ["https://api.github.com/users/shuckle16"],
    "html_url": ["https://github.com/shuckle16"],
    "followers_url": ["https://api.github.com/users/shuckle16/followers"],
    "following_url": ["https://api.github.com/users/shuckle16/following{/other_user}"],
    "gists_url": ["https://api.github.com/users/shuckle16/gists{/gist_id}"],
    "starred_url": ["https://api.github.com/users/shuckle16/starred{/owner}{/repo}"],
    "subscriptions_url": ["https://api.github.com/users/shuckle16/subscriptions"],
    "organizations_url": ["https://api.github.com/users/shuckle16/orgs"],
    "repos_url": ["https://api.github.com/users/shuckle16/repos"],
    "events_url": ["https://api.github.com/users/shuckle16/events{/privacy}"],
    "received_events_url": ["https://api.github.com/users/shuckle16/received_events"],
    "type": ["User"],
    "site_admin": [false]
  }
]
