[
  {
    "login": ["binss"],
    "id": [5955698],
    "node_id": ["MDQ6VXNlcjU5NTU2OTg="],
    "avatar_url": ["https://avatars3.githubusercontent.com/u/5955698?v=4"],
    "gravatar_id": [""],
    "url": ["https://api.github.com/users/binss"],
    "html_url": ["https://github.com/binss"],
    "followers_url": ["https://api.github.com/users/binss/followers"],
    "following_url": ["https://api.github.com/users/binss/following{/other_user}"],
    "gists_url": ["https://api.github.com/users/binss/gists{/gist_id}"],
    "starred_url": ["https://api.github.com/users/binss/starred{/owner}{/repo}"],
    "subscriptions_url": ["https://api.github.com/users/binss/subscriptions"],
    "organizations_url": ["https://api.github.com/users/binss/orgs"],
    "repos_url": ["https://api.github.com/users/binss/repos"],
    "events_url": ["https://api.github.com/users/binss/events{/privacy}"],
    "received_events_url": ["https://api.github.com/users/binss/received_events"],
    "type": ["User"],
    "site_admin": [false]
  }
]
