[
  {
    "login": ["wiitht"],
    "id": [12843260],
    "node_id": ["MDQ6VXNlcjEyODQzMjYw"],
    "avatar_url": ["https://avatars1.githubusercontent.com/u/12843260?v=4"],
    "gravatar_id": [""],
    "url": ["https://api.github.com/users/wiitht"],
    "html_url": ["https://github.com/wiitht"],
    "followers_url": ["https://api.github.com/users/wiitht/followers"],
    "following_url": ["https://api.github.com/users/wiitht/following{/other_user}"],
    "gists_url": ["https://api.github.com/users/wiitht/gists{/gist_id}"],
    "starred_url": ["https://api.github.com/users/wiitht/starred{/owner}{/repo}"],
    "subscriptions_url": ["https://api.github.com/users/wiitht/subscriptions"],
    "organizations_url": ["https://api.github.com/users/wiitht/orgs"],
    "repos_url": ["https://api.github.com/users/wiitht/repos"],
    "events_url": ["https://api.github.com/users/wiitht/events{/privacy}"],
    "received_events_url": ["https://api.github.com/users/wiitht/received_events"],
    "type": ["User"],
    "site_admin": [false]
  }
]
