[
  {
    "login": ["Richard-H-Wang"],
    "id": [19413130],
    "node_id": ["MDQ6VXNlcjE5NDEzMTMw"],
    "avatar_url": ["https://avatars2.githubusercontent.com/u/19413130?v=4"],
    "gravatar_id": [""],
    "url": ["https://api.github.com/users/Richard-H-Wang"],
    "html_url": ["https://github.com/Richard-H-Wang"],
    "followers_url": ["https://api.github.com/users/Richard-H-Wang/followers"],
    "following_url": ["https://api.github.com/users/Richard-H-Wang/following{/other_user}"],
    "gists_url": ["https://api.github.com/users/Richard-H-Wang/gists{/gist_id}"],
    "starred_url": ["https://api.github.com/users/Richard-H-Wang/starred{/owner}{/repo}"],
    "subscriptions_url": ["https://api.github.com/users/Richard-H-Wang/subscriptions"],
    "organizations_url": ["https://api.github.com/users/Richard-H-Wang/orgs"],
    "repos_url": ["https://api.github.com/users/Richard-H-Wang/repos"],
    "events_url": ["https://api.github.com/users/Richard-H-Wang/events{/privacy}"],
    "received_events_url": ["https://api.github.com/users/Richard-H-Wang/received_events"],
    "type": ["User"],
    "site_admin": [false]
  }
]
