[
  {
    "login": ["yangtong123"],
    "id": [19484557],
    "node_id": ["MDQ6VXNlcjE5NDg0NTU3"],
    "avatar_url": ["https://avatars2.githubusercontent.com/u/19484557?v=4"],
    "gravatar_id": [""],
    "url": ["https://api.github.com/users/yangtong123"],
    "html_url": ["https://github.com/yangtong123"],
    "followers_url": ["https://api.github.com/users/yangtong123/followers"],
    "following_url": ["https://api.github.com/users/yangtong123/following{/other_user}"],
    "gists_url": ["https://api.github.com/users/yangtong123/gists{/gist_id}"],
    "starred_url": ["https://api.github.com/users/yangtong123/starred{/owner}{/repo}"],
    "subscriptions_url": ["https://api.github.com/users/yangtong123/subscriptions"],
    "organizations_url": ["https://api.github.com/users/yangtong123/orgs"],
    "repos_url": ["https://api.github.com/users/yangtong123/repos"],
    "events_url": ["https://api.github.com/users/yangtong123/events{/privacy}"],
    "received_events_url": ["https://api.github.com/users/yangtong123/received_events"],
    "type": ["User"],
    "site_admin": [false]
  }
]
