[
  {
    "login": ["oahziur"],
    "id": [4604464],
    "node_id": ["MDQ6VXNlcjQ2MDQ0NjQ="],
    "avatar_url": ["https://avatars2.githubusercontent.com/u/4604464?v=4"],
    "gravatar_id": [""],
    "url": ["https://api.github.com/users/oahziur"],
    "html_url": ["https://github.com/oahziur"],
    "followers_url": ["https://api.github.com/users/oahziur/followers"],
    "following_url": ["https://api.github.com/users/oahziur/following{/other_user}"],
    "gists_url": ["https://api.github.com/users/oahziur/gists{/gist_id}"],
    "starred_url": ["https://api.github.com/users/oahziur/starred{/owner}{/repo}"],
    "subscriptions_url": ["https://api.github.com/users/oahziur/subscriptions"],
    "organizations_url": ["https://api.github.com/users/oahziur/orgs"],
    "repos_url": ["https://api.github.com/users/oahziur/repos"],
    "events_url": ["https://api.github.com/users/oahziur/events{/privacy}"],
    "received_events_url": ["https://api.github.com/users/oahziur/received_events"],
    "type": ["User"],
    "site_admin": [false]
  }
]
