[
  {
    "login": ["bennadell"],
    "id": [39564868],
    "node_id": ["MDQ6VXNlcjM5NTY0ODY4"],
    "avatar_url": ["https://avatars2.githubusercontent.com/u/39564868?v=4"],
    "gravatar_id": [""],
    "url": ["https://api.github.com/users/bennadell"],
    "html_url": ["https://github.com/bennadell"],
    "followers_url": ["https://api.github.com/users/bennadell/followers"],
    "following_url": ["https://api.github.com/users/bennadell/following{/other_user}"],
    "gists_url": ["https://api.github.com/users/bennadell/gists{/gist_id}"],
    "starred_url": ["https://api.github.com/users/bennadell/starred{/owner}{/repo}"],
    "subscriptions_url": ["https://api.github.com/users/bennadell/subscriptions"],
    "organizations_url": ["https://api.github.com/users/bennadell/orgs"],
    "repos_url": ["https://api.github.com/users/bennadell/repos"],
    "events_url": ["https://api.github.com/users/bennadell/events{/privacy}"],
    "received_events_url": ["https://api.github.com/users/bennadell/received_events"],
    "type": ["User"],
    "site_admin": [false]
  }
]
