[
  {
    "login": ["alanzhai219"],
    "id": [20253532],
    "node_id": ["MDQ6VXNlcjIwMjUzNTMy"],
    "avatar_url": ["https://avatars3.githubusercontent.com/u/20253532?v=4"],
    "gravatar_id": [""],
    "url": ["https://api.github.com/users/alanzhai219"],
    "html_url": ["https://github.com/alanzhai219"],
    "followers_url": ["https://api.github.com/users/alanzhai219/followers"],
    "following_url": ["https://api.github.com/users/alanzhai219/following{/other_user}"],
    "gists_url": ["https://api.github.com/users/alanzhai219/gists{/gist_id}"],
    "starred_url": ["https://api.github.com/users/alanzhai219/starred{/owner}{/repo}"],
    "subscriptions_url": ["https://api.github.com/users/alanzhai219/subscriptions"],
    "organizations_url": ["https://api.github.com/users/alanzhai219/orgs"],
    "repos_url": ["https://api.github.com/users/alanzhai219/repos"],
    "events_url": ["https://api.github.com/users/alanzhai219/events{/privacy}"],
    "received_events_url": ["https://api.github.com/users/alanzhai219/received_events"],
    "type": ["User"],
    "site_admin": [false]
  }
]
