[
  {
    "login": ["lengly"],
    "id": [6082866],
    "node_id": ["MDQ6VXNlcjYwODI4NjY="],
    "avatar_url": ["https://avatars3.githubusercontent.com/u/6082866?v=4"],
    "gravatar_id": [""],
    "url": ["https://api.github.com/users/lengly"],
    "html_url": ["https://github.com/lengly"],
    "followers_url": ["https://api.github.com/users/lengly/followers"],
    "following_url": ["https://api.github.com/users/lengly/following{/other_user}"],
    "gists_url": ["https://api.github.com/users/lengly/gists{/gist_id}"],
    "starred_url": ["https://api.github.com/users/lengly/starred{/owner}{/repo}"],
    "subscriptions_url": ["https://api.github.com/users/lengly/subscriptions"],
    "organizations_url": ["https://api.github.com/users/lengly/orgs"],
    "repos_url": ["https://api.github.com/users/lengly/repos"],
    "events_url": ["https://api.github.com/users/lengly/events{/privacy}"],
    "received_events_url": ["https://api.github.com/users/lengly/received_events"],
    "type": ["User"],
    "site_admin": [false]
  }
]
