[
  {
    "login": ["xwwscu"],
    "id": [8022267],
    "node_id": ["MDQ6VXNlcjgwMjIyNjc="],
    "avatar_url": ["https://avatars1.githubusercontent.com/u/8022267?v=4"],
    "gravatar_id": [""],
    "url": ["https://api.github.com/users/xwwscu"],
    "html_url": ["https://github.com/xwwscu"],
    "followers_url": ["https://api.github.com/users/xwwscu/followers"],
    "following_url": ["https://api.github.com/users/xwwscu/following{/other_user}"],
    "gists_url": ["https://api.github.com/users/xwwscu/gists{/gist_id}"],
    "starred_url": ["https://api.github.com/users/xwwscu/starred{/owner}{/repo}"],
    "subscriptions_url": ["https://api.github.com/users/xwwscu/subscriptions"],
    "organizations_url": ["https://api.github.com/users/xwwscu/orgs"],
    "repos_url": ["https://api.github.com/users/xwwscu/repos"],
    "events_url": ["https://api.github.com/users/xwwscu/events{/privacy}"],
    "received_events_url": ["https://api.github.com/users/xwwscu/received_events"],
    "type": ["User"],
    "site_admin": [false]
  }
]
