[
  {
    "login": ["vivek2319"],
    "id": [21111859],
    "node_id": ["MDQ6VXNlcjIxMTExODU5"],
    "avatar_url": ["https://avatars1.githubusercontent.com/u/21111859?v=4"],
    "gravatar_id": [""],
    "url": ["https://api.github.com/users/vivek2319"],
    "html_url": ["https://github.com/vivek2319"],
    "followers_url": ["https://api.github.com/users/vivek2319/followers"],
    "following_url": ["https://api.github.com/users/vivek2319/following{/other_user}"],
    "gists_url": ["https://api.github.com/users/vivek2319/gists{/gist_id}"],
    "starred_url": ["https://api.github.com/users/vivek2319/starred{/owner}{/repo}"],
    "subscriptions_url": ["https://api.github.com/users/vivek2319/subscriptions"],
    "organizations_url": ["https://api.github.com/users/vivek2319/orgs"],
    "repos_url": ["https://api.github.com/users/vivek2319/repos"],
    "events_url": ["https://api.github.com/users/vivek2319/events{/privacy}"],
    "received_events_url": ["https://api.github.com/users/vivek2319/received_events"],
    "type": ["User"],
    "site_admin": [false]
  }
]
