[
  {
    "login": ["cymqqqq"],
    "id": [8555534],
    "node_id": ["MDQ6VXNlcjg1NTU1MzQ="],
    "avatar_url": ["https://avatars0.githubusercontent.com/u/8555534?v=4"],
    "gravatar_id": [""],
    "url": ["https://api.github.com/users/cymqqqq"],
    "html_url": ["https://github.com/cymqqqq"],
    "followers_url": ["https://api.github.com/users/cymqqqq/followers"],
    "following_url": ["https://api.github.com/users/cymqqqq/following{/other_user}"],
    "gists_url": ["https://api.github.com/users/cymqqqq/gists{/gist_id}"],
    "starred_url": ["https://api.github.com/users/cymqqqq/starred{/owner}{/repo}"],
    "subscriptions_url": ["https://api.github.com/users/cymqqqq/subscriptions"],
    "organizations_url": ["https://api.github.com/users/cymqqqq/orgs"],
    "repos_url": ["https://api.github.com/users/cymqqqq/repos"],
    "events_url": ["https://api.github.com/users/cymqqqq/events{/privacy}"],
    "received_events_url": ["https://api.github.com/users/cymqqqq/received_events"],
    "type": ["User"],
    "site_admin": [false]
  }
]
