[
  {
    "login": ["txfhJohn"],
    "id": [32234947],
    "node_id": ["MDQ6VXNlcjMyMjM0OTQ3"],
    "avatar_url": ["https://avatars2.githubusercontent.com/u/32234947?v=4"],
    "gravatar_id": [""],
    "url": ["https://api.github.com/users/txfhJohn"],
    "html_url": ["https://github.com/txfhJohn"],
    "followers_url": ["https://api.github.com/users/txfhJohn/followers"],
    "following_url": ["https://api.github.com/users/txfhJohn/following{/other_user}"],
    "gists_url": ["https://api.github.com/users/txfhJohn/gists{/gist_id}"],
    "starred_url": ["https://api.github.com/users/txfhJohn/starred{/owner}{/repo}"],
    "subscriptions_url": ["https://api.github.com/users/txfhJohn/subscriptions"],
    "organizations_url": ["https://api.github.com/users/txfhJohn/orgs"],
    "repos_url": ["https://api.github.com/users/txfhJohn/repos"],
    "events_url": ["https://api.github.com/users/txfhJohn/events{/privacy}"],
    "received_events_url": ["https://api.github.com/users/txfhJohn/received_events"],
    "type": ["User"],
    "site_admin": [false]
  }
]
