[
  {
    "login": ["wbellmelodyw"],
    "id": [8423842],
    "node_id": ["MDQ6VXNlcjg0MjM4NDI="],
    "avatar_url": ["https://avatars0.githubusercontent.com/u/8423842?v=4"],
    "gravatar_id": [""],
    "url": ["https://api.github.com/users/wbellmelodyw"],
    "html_url": ["https://github.com/wbellmelodyw"],
    "followers_url": ["https://api.github.com/users/wbellmelodyw/followers"],
    "following_url": ["https://api.github.com/users/wbellmelodyw/following{/other_user}"],
    "gists_url": ["https://api.github.com/users/wbellmelodyw/gists{/gist_id}"],
    "starred_url": ["https://api.github.com/users/wbellmelodyw/starred{/owner}{/repo}"],
    "subscriptions_url": ["https://api.github.com/users/wbellmelodyw/subscriptions"],
    "organizations_url": ["https://api.github.com/users/wbellmelodyw/orgs"],
    "repos_url": ["https://api.github.com/users/wbellmelodyw/repos"],
    "events_url": ["https://api.github.com/users/wbellmelodyw/events{/privacy}"],
    "received_events_url": ["https://api.github.com/users/wbellmelodyw/received_events"],
    "type": ["User"],
    "site_admin": [false]
  }
]
