[
  {
    "login": ["JiaxiangBU"],
    "id": [15884785],
    "node_id": ["MDQ6VXNlcjE1ODg0Nzg1"],
    "avatar_url": ["https://avatars0.githubusercontent.com/u/15884785?v=4"],
    "gravatar_id": [""],
    "url": ["https://api.github.com/users/JiaxiangBU"],
    "html_url": ["https://github.com/JiaxiangBU"],
    "followers_url": ["https://api.github.com/users/JiaxiangBU/followers"],
    "following_url": ["https://api.github.com/users/JiaxiangBU/following{/other_user}"],
    "gists_url": ["https://api.github.com/users/JiaxiangBU/gists{/gist_id}"],
    "starred_url": ["https://api.github.com/users/JiaxiangBU/starred{/owner}{/repo}"],
    "subscriptions_url": ["https://api.github.com/users/JiaxiangBU/subscriptions"],
    "organizations_url": ["https://api.github.com/users/JiaxiangBU/orgs"],
    "repos_url": ["https://api.github.com/users/JiaxiangBU/repos"],
    "events_url": ["https://api.github.com/users/JiaxiangBU/events{/privacy}"],
    "received_events_url": ["https://api.github.com/users/JiaxiangBU/received_events"],
    "type": ["User"],
    "site_admin": [false]
  }
]
