[
  {
    "login": ["CristianPachacama"],
    "id": [21132492],
    "node_id": ["MDQ6VXNlcjIxMTMyNDky"],
    "avatar_url": ["https://avatars2.githubusercontent.com/u/21132492?v=4"],
    "gravatar_id": [""],
    "url": ["https://api.github.com/users/CristianPachacama"],
    "html_url": ["https://github.com/CristianPachacama"],
    "followers_url": ["https://api.github.com/users/CristianPachacama/followers"],
    "following_url": ["https://api.github.com/users/CristianPachacama/following{/other_user}"],
    "gists_url": ["https://api.github.com/users/CristianPachacama/gists{/gist_id}"],
    "starred_url": ["https://api.github.com/users/CristianPachacama/starred{/owner}{/repo}"],
    "subscriptions_url": ["https://api.github.com/users/CristianPachacama/subscriptions"],
    "organizations_url": ["https://api.github.com/users/CristianPachacama/orgs"],
    "repos_url": ["https://api.github.com/users/CristianPachacama/repos"],
    "events_url": ["https://api.github.com/users/CristianPachacama/events{/privacy}"],
    "received_events_url": ["https://api.github.com/users/CristianPachacama/received_events"],
    "type": ["User"],
    "site_admin": [false]
  }
]
