[
  {
    "login": ["Puriney"],
    "id": [1233372],
    "node_id": ["MDQ6VXNlcjEyMzMzNzI="],
    "avatar_url": ["https://avatars1.githubusercontent.com/u/1233372?v=4"],
    "gravatar_id": [""],
    "url": ["https://api.github.com/users/Puriney"],
    "html_url": ["https://github.com/Puriney"],
    "followers_url": ["https://api.github.com/users/Puriney/followers"],
    "following_url": ["https://api.github.com/users/Puriney/following{/other_user}"],
    "gists_url": ["https://api.github.com/users/Puriney/gists{/gist_id}"],
    "starred_url": ["https://api.github.com/users/Puriney/starred{/owner}{/repo}"],
    "subscriptions_url": ["https://api.github.com/users/Puriney/subscriptions"],
    "organizations_url": ["https://api.github.com/users/Puriney/orgs"],
    "repos_url": ["https://api.github.com/users/Puriney/repos"],
    "events_url": ["https://api.github.com/users/Puriney/events{/privacy}"],
    "received_events_url": ["https://api.github.com/users/Puriney/received_events"],
    "type": ["User"],
    "site_admin": [false]
  }
]
