[
  {
    "login": ["zsboss"],
    "id": [19493235],
    "node_id": ["MDQ6VXNlcjE5NDkzMjM1"],
    "avatar_url": ["https://avatars3.githubusercontent.com/u/19493235?v=4"],
    "gravatar_id": [""],
    "url": ["https://api.github.com/users/zsboss"],
    "html_url": ["https://github.com/zsboss"],
    "followers_url": ["https://api.github.com/users/zsboss/followers"],
    "following_url": ["https://api.github.com/users/zsboss/following{/other_user}"],
    "gists_url": ["https://api.github.com/users/zsboss/gists{/gist_id}"],
    "starred_url": ["https://api.github.com/users/zsboss/starred{/owner}{/repo}"],
    "subscriptions_url": ["https://api.github.com/users/zsboss/subscriptions"],
    "organizations_url": ["https://api.github.com/users/zsboss/orgs"],
    "repos_url": ["https://api.github.com/users/zsboss/repos"],
    "events_url": ["https://api.github.com/users/zsboss/events{/privacy}"],
    "received_events_url": ["https://api.github.com/users/zsboss/received_events"],
    "type": ["User"],
    "site_admin": [false]
  }
]
