[
  {
    "login": ["ries9112"],
    "id": [32306488],
    "node_id": ["MDQ6VXNlcjMyMzA2NDg4"],
    "avatar_url": ["https://avatars2.githubusercontent.com/u/32306488?v=4"],
    "gravatar_id": [""],
    "url": ["https://api.github.com/users/ries9112"],
    "html_url": ["https://github.com/ries9112"],
    "followers_url": ["https://api.github.com/users/ries9112/followers"],
    "following_url": ["https://api.github.com/users/ries9112/following{/other_user}"],
    "gists_url": ["https://api.github.com/users/ries9112/gists{/gist_id}"],
    "starred_url": ["https://api.github.com/users/ries9112/starred{/owner}{/repo}"],
    "subscriptions_url": ["https://api.github.com/users/ries9112/subscriptions"],
    "organizations_url": ["https://api.github.com/users/ries9112/orgs"],
    "repos_url": ["https://api.github.com/users/ries9112/repos"],
    "events_url": ["https://api.github.com/users/ries9112/events{/privacy}"],
    "received_events_url": ["https://api.github.com/users/ries9112/received_events"],
    "type": ["User"],
    "site_admin": [false]
  }
]
