[
  {
    "login": ["Eroica-cpp"],
    "id": [1961748],
    "node_id": ["MDQ6VXNlcjE5NjE3NDg="],
    "avatar_url": ["https://avatars0.githubusercontent.com/u/1961748?v=4"],
    "gravatar_id": [""],
    "url": ["https://api.github.com/users/Eroica-cpp"],
    "html_url": ["https://github.com/Eroica-cpp"],
    "followers_url": ["https://api.github.com/users/Eroica-cpp/followers"],
    "following_url": ["https://api.github.com/users/Eroica-cpp/following{/other_user}"],
    "gists_url": ["https://api.github.com/users/Eroica-cpp/gists{/gist_id}"],
    "starred_url": ["https://api.github.com/users/Eroica-cpp/starred{/owner}{/repo}"],
    "subscriptions_url": ["https://api.github.com/users/Eroica-cpp/subscriptions"],
    "organizations_url": ["https://api.github.com/users/Eroica-cpp/orgs"],
    "repos_url": ["https://api.github.com/users/Eroica-cpp/repos"],
    "events_url": ["https://api.github.com/users/Eroica-cpp/events{/privacy}"],
    "received_events_url": ["https://api.github.com/users/Eroica-cpp/received_events"],
    "type": ["User"],
    "site_admin": [false]
  }
]
