[
  {
    "login": ["xulunfan"],
    "id": [5166598],
    "node_id": ["MDQ6VXNlcjUxNjY1OTg="],
    "avatar_url": ["https://avatars0.githubusercontent.com/u/5166598?v=4"],
    "gravatar_id": [""],
    "url": ["https://api.github.com/users/xulunfan"],
    "html_url": ["https://github.com/xulunfan"],
    "followers_url": ["https://api.github.com/users/xulunfan/followers"],
    "following_url": ["https://api.github.com/users/xulunfan/following{/other_user}"],
    "gists_url": ["https://api.github.com/users/xulunfan/gists{/gist_id}"],
    "starred_url": ["https://api.github.com/users/xulunfan/starred{/owner}{/repo}"],
    "subscriptions_url": ["https://api.github.com/users/xulunfan/subscriptions"],
    "organizations_url": ["https://api.github.com/users/xulunfan/orgs"],
    "repos_url": ["https://api.github.com/users/xulunfan/repos"],
    "events_url": ["https://api.github.com/users/xulunfan/events{/privacy}"],
    "received_events_url": ["https://api.github.com/users/xulunfan/received_events"],
    "type": ["User"],
    "site_admin": [false]
  }
]
