[
  {
    "login": ["monckxqq"],
    "id": [10221288],
    "node_id": ["MDQ6VXNlcjEwMjIxMjg4"],
    "avatar_url": ["https://avatars3.githubusercontent.com/u/10221288?v=4"],
    "gravatar_id": [""],
    "url": ["https://api.github.com/users/monckxqq"],
    "html_url": ["https://github.com/monckxqq"],
    "followers_url": ["https://api.github.com/users/monckxqq/followers"],
    "following_url": ["https://api.github.com/users/monckxqq/following{/other_user}"],
    "gists_url": ["https://api.github.com/users/monckxqq/gists{/gist_id}"],
    "starred_url": ["https://api.github.com/users/monckxqq/starred{/owner}{/repo}"],
    "subscriptions_url": ["https://api.github.com/users/monckxqq/subscriptions"],
    "organizations_url": ["https://api.github.com/users/monckxqq/orgs"],
    "repos_url": ["https://api.github.com/users/monckxqq/repos"],
    "events_url": ["https://api.github.com/users/monckxqq/events{/privacy}"],
    "received_events_url": ["https://api.github.com/users/monckxqq/received_events"],
    "type": ["User"],
    "site_admin": [false]
  }
]
