[
  {
    "login": ["LinJM"],
    "id": [5347113],
    "node_id": ["MDQ6VXNlcjUzNDcxMTM="],
    "avatar_url": ["https://avatars2.githubusercontent.com/u/5347113?v=4"],
    "gravatar_id": [""],
    "url": ["https://api.github.com/users/LinJM"],
    "html_url": ["https://github.com/LinJM"],
    "followers_url": ["https://api.github.com/users/LinJM/followers"],
    "following_url": ["https://api.github.com/users/LinJM/following{/other_user}"],
    "gists_url": ["https://api.github.com/users/LinJM/gists{/gist_id}"],
    "starred_url": ["https://api.github.com/users/LinJM/starred{/owner}{/repo}"],
    "subscriptions_url": ["https://api.github.com/users/LinJM/subscriptions"],
    "organizations_url": ["https://api.github.com/users/LinJM/orgs"],
    "repos_url": ["https://api.github.com/users/LinJM/repos"],
    "events_url": ["https://api.github.com/users/LinJM/events{/privacy}"],
    "received_events_url": ["https://api.github.com/users/LinJM/received_events"],
    "type": ["User"],
    "site_admin": [false]
  }
]
