[
  {
    "login": ["attawutn"],
    "id": [2309989],
    "node_id": ["MDQ6VXNlcjIzMDk5ODk="],
    "avatar_url": ["https://avatars1.githubusercontent.com/u/2309989?v=4"],
    "gravatar_id": [""],
    "url": ["https://api.github.com/users/attawutn"],
    "html_url": ["https://github.com/attawutn"],
    "followers_url": ["https://api.github.com/users/attawutn/followers"],
    "following_url": ["https://api.github.com/users/attawutn/following{/other_user}"],
    "gists_url": ["https://api.github.com/users/attawutn/gists{/gist_id}"],
    "starred_url": ["https://api.github.com/users/attawutn/starred{/owner}{/repo}"],
    "subscriptions_url": ["https://api.github.com/users/attawutn/subscriptions"],
    "organizations_url": ["https://api.github.com/users/attawutn/orgs"],
    "repos_url": ["https://api.github.com/users/attawutn/repos"],
    "events_url": ["https://api.github.com/users/attawutn/events{/privacy}"],
    "received_events_url": ["https://api.github.com/users/attawutn/received_events"],
    "type": ["User"],
    "site_admin": [false]
  }
]
