[
  {
    "login": ["theGreenJedi"],
    "id": [16416542],
    "node_id": ["MDQ6VXNlcjE2NDE2NTQy"],
    "avatar_url": ["https://avatars3.githubusercontent.com/u/16416542?v=4"],
    "gravatar_id": [""],
    "url": ["https://api.github.com/users/theGreenJedi"],
    "html_url": ["https://github.com/theGreenJedi"],
    "followers_url": ["https://api.github.com/users/theGreenJedi/followers"],
    "following_url": ["https://api.github.com/users/theGreenJedi/following{/other_user}"],
    "gists_url": ["https://api.github.com/users/theGreenJedi/gists{/gist_id}"],
    "starred_url": ["https://api.github.com/users/theGreenJedi/starred{/owner}{/repo}"],
    "subscriptions_url": ["https://api.github.com/users/theGreenJedi/subscriptions"],
    "organizations_url": ["https://api.github.com/users/theGreenJedi/orgs"],
    "repos_url": ["https://api.github.com/users/theGreenJedi/repos"],
    "events_url": ["https://api.github.com/users/theGreenJedi/events{/privacy}"],
    "received_events_url": ["https://api.github.com/users/theGreenJedi/received_events"],
    "type": ["User"],
    "site_admin": [false]
  }
]
