[
  {
    "login": ["Liuxiang6622"],
    "id": [12334501],
    "node_id": ["MDQ6VXNlcjEyMzM0NTAx"],
    "avatar_url": ["https://avatars1.githubusercontent.com/u/12334501?v=4"],
    "gravatar_id": [""],
    "url": ["https://api.github.com/users/Liuxiang6622"],
    "html_url": ["https://github.com/Liuxiang6622"],
    "followers_url": ["https://api.github.com/users/Liuxiang6622/followers"],
    "following_url": ["https://api.github.com/users/Liuxiang6622/following{/other_user}"],
    "gists_url": ["https://api.github.com/users/Liuxiang6622/gists{/gist_id}"],
    "starred_url": ["https://api.github.com/users/Liuxiang6622/starred{/owner}{/repo}"],
    "subscriptions_url": ["https://api.github.com/users/Liuxiang6622/subscriptions"],
    "organizations_url": ["https://api.github.com/users/Liuxiang6622/orgs"],
    "repos_url": ["https://api.github.com/users/Liuxiang6622/repos"],
    "events_url": ["https://api.github.com/users/Liuxiang6622/events{/privacy}"],
    "received_events_url": ["https://api.github.com/users/Liuxiang6622/received_events"],
    "type": ["User"],
    "site_admin": [false]
  }
]
