[
  {
    "login": ["littolee"],
    "id": [33919550],
    "node_id": ["MDQ6VXNlcjMzOTE5NTUw"],
    "avatar_url": ["https://avatars3.githubusercontent.com/u/33919550?v=4"],
    "gravatar_id": [""],
    "url": ["https://api.github.com/users/littolee"],
    "html_url": ["https://github.com/littolee"],
    "followers_url": ["https://api.github.com/users/littolee/followers"],
    "following_url": ["https://api.github.com/users/littolee/following{/other_user}"],
    "gists_url": ["https://api.github.com/users/littolee/gists{/gist_id}"],
    "starred_url": ["https://api.github.com/users/littolee/starred{/owner}{/repo}"],
    "subscriptions_url": ["https://api.github.com/users/littolee/subscriptions"],
    "organizations_url": ["https://api.github.com/users/littolee/orgs"],
    "repos_url": ["https://api.github.com/users/littolee/repos"],
    "events_url": ["https://api.github.com/users/littolee/events{/privacy}"],
    "received_events_url": ["https://api.github.com/users/littolee/received_events"],
    "type": ["User"],
    "site_admin": [false]
  }
]
