[
  {
    "login": ["uribo"],
    "id": [228649],
    "node_id": ["MDQ6VXNlcjIyODY0OQ=="],
    "avatar_url": ["https://avatars0.githubusercontent.com/u/228649?v=4"],
    "gravatar_id": [""],
    "url": ["https://api.github.com/users/uribo"],
    "html_url": ["https://github.com/uribo"],
    "followers_url": ["https://api.github.com/users/uribo/followers"],
    "following_url": ["https://api.github.com/users/uribo/following{/other_user}"],
    "gists_url": ["https://api.github.com/users/uribo/gists{/gist_id}"],
    "starred_url": ["https://api.github.com/users/uribo/starred{/owner}{/repo}"],
    "subscriptions_url": ["https://api.github.com/users/uribo/subscriptions"],
    "organizations_url": ["https://api.github.com/users/uribo/orgs"],
    "repos_url": ["https://api.github.com/users/uribo/repos"],
    "events_url": ["https://api.github.com/users/uribo/events{/privacy}"],
    "received_events_url": ["https://api.github.com/users/uribo/received_events"],
    "type": ["User"],
    "site_admin": [false]
  }
]
