[
  {
    "login": ["studynon"],
    "id": [7485365],
    "node_id": ["MDQ6VXNlcjc0ODUzNjU="],
    "avatar_url": ["https://avatars2.githubusercontent.com/u/7485365?v=4"],
    "gravatar_id": [""],
    "url": ["https://api.github.com/users/studynon"],
    "html_url": ["https://github.com/studynon"],
    "followers_url": ["https://api.github.com/users/studynon/followers"],
    "following_url": ["https://api.github.com/users/studynon/following{/other_user}"],
    "gists_url": ["https://api.github.com/users/studynon/gists{/gist_id}"],
    "starred_url": ["https://api.github.com/users/studynon/starred{/owner}{/repo}"],
    "subscriptions_url": ["https://api.github.com/users/studynon/subscriptions"],
    "organizations_url": ["https://api.github.com/users/studynon/orgs"],
    "repos_url": ["https://api.github.com/users/studynon/repos"],
    "events_url": ["https://api.github.com/users/studynon/events{/privacy}"],
    "received_events_url": ["https://api.github.com/users/studynon/received_events"],
    "type": ["User"],
    "site_admin": [false]
  }
]
