[
  {
    "login": ["TuxDase"],
    "id": [23621691],
    "node_id": ["MDQ6VXNlcjIzNjIxNjkx"],
    "avatar_url": ["https://avatars3.githubusercontent.com/u/23621691?v=4"],
    "gravatar_id": [""],
    "url": ["https://api.github.com/users/TuxDase"],
    "html_url": ["https://github.com/TuxDase"],
    "followers_url": ["https://api.github.com/users/TuxDase/followers"],
    "following_url": ["https://api.github.com/users/TuxDase/following{/other_user}"],
    "gists_url": ["https://api.github.com/users/TuxDase/gists{/gist_id}"],
    "starred_url": ["https://api.github.com/users/TuxDase/starred{/owner}{/repo}"],
    "subscriptions_url": ["https://api.github.com/users/TuxDase/subscriptions"],
    "organizations_url": ["https://api.github.com/users/TuxDase/orgs"],
    "repos_url": ["https://api.github.com/users/TuxDase/repos"],
    "events_url": ["https://api.github.com/users/TuxDase/events{/privacy}"],
    "received_events_url": ["https://api.github.com/users/TuxDase/received_events"],
    "type": ["User"],
    "site_admin": [false]
  }
]
