[
  {
    "login": ["MagicCoffeeNinja"],
    "id": [28833074],
    "node_id": ["MDQ6VXNlcjI4ODMzMDc0"],
    "avatar_url": ["https://avatars0.githubusercontent.com/u/28833074?v=4"],
    "gravatar_id": [""],
    "url": ["https://api.github.com/users/MagicCoffeeNinja"],
    "html_url": ["https://github.com/MagicCoffeeNinja"],
    "followers_url": ["https://api.github.com/users/MagicCoffeeNinja/followers"],
    "following_url": ["https://api.github.com/users/MagicCoffeeNinja/following{/other_user}"],
    "gists_url": ["https://api.github.com/users/MagicCoffeeNinja/gists{/gist_id}"],
    "starred_url": ["https://api.github.com/users/MagicCoffeeNinja/starred{/owner}{/repo}"],
    "subscriptions_url": ["https://api.github.com/users/MagicCoffeeNinja/subscriptions"],
    "organizations_url": ["https://api.github.com/users/MagicCoffeeNinja/orgs"],
    "repos_url": ["https://api.github.com/users/MagicCoffeeNinja/repos"],
    "events_url": ["https://api.github.com/users/MagicCoffeeNinja/events{/privacy}"],
    "received_events_url": ["https://api.github.com/users/MagicCoffeeNinja/received_events"],
    "type": ["User"],
    "site_admin": [false]
  }
]
