[
  {
    "login": ["mounirlt"],
    "id": [33554896],
    "node_id": ["MDQ6VXNlcjMzNTU0ODk2"],
    "avatar_url": ["https://avatars3.githubusercontent.com/u/33554896?v=4"],
    "gravatar_id": [""],
    "url": ["https://api.github.com/users/mounirlt"],
    "html_url": ["https://github.com/mounirlt"],
    "followers_url": ["https://api.github.com/users/mounirlt/followers"],
    "following_url": ["https://api.github.com/users/mounirlt/following{/other_user}"],
    "gists_url": ["https://api.github.com/users/mounirlt/gists{/gist_id}"],
    "starred_url": ["https://api.github.com/users/mounirlt/starred{/owner}{/repo}"],
    "subscriptions_url": ["https://api.github.com/users/mounirlt/subscriptions"],
    "organizations_url": ["https://api.github.com/users/mounirlt/orgs"],
    "repos_url": ["https://api.github.com/users/mounirlt/repos"],
    "events_url": ["https://api.github.com/users/mounirlt/events{/privacy}"],
    "received_events_url": ["https://api.github.com/users/mounirlt/received_events"],
    "type": ["User"],
    "site_admin": [false]
  }
]
