[
  {
    "login": ["yyll008"],
    "id": [21259251],
    "node_id": ["MDQ6VXNlcjIxMjU5MjUx"],
    "avatar_url": ["https://avatars0.githubusercontent.com/u/21259251?v=4"],
    "gravatar_id": [""],
    "url": ["https://api.github.com/users/yyll008"],
    "html_url": ["https://github.com/yyll008"],
    "followers_url": ["https://api.github.com/users/yyll008/followers"],
    "following_url": ["https://api.github.com/users/yyll008/following{/other_user}"],
    "gists_url": ["https://api.github.com/users/yyll008/gists{/gist_id}"],
    "starred_url": ["https://api.github.com/users/yyll008/starred{/owner}{/repo}"],
    "subscriptions_url": ["https://api.github.com/users/yyll008/subscriptions"],
    "organizations_url": ["https://api.github.com/users/yyll008/orgs"],
    "repos_url": ["https://api.github.com/users/yyll008/repos"],
    "events_url": ["https://api.github.com/users/yyll008/events{/privacy}"],
    "received_events_url": ["https://api.github.com/users/yyll008/received_events"],
    "type": ["User"],
    "site_admin": [false]
  }
]
