[
  {
    "login": ["GioUther"],
    "id": [42904369],
    "node_id": ["MDQ6VXNlcjQyOTA0MzY5"],
    "avatar_url": ["https://avatars3.githubusercontent.com/u/42904369?v=4"],
    "gravatar_id": [""],
    "url": ["https://api.github.com/users/GioUther"],
    "html_url": ["https://github.com/GioUther"],
    "followers_url": ["https://api.github.com/users/GioUther/followers"],
    "following_url": ["https://api.github.com/users/GioUther/following{/other_user}"],
    "gists_url": ["https://api.github.com/users/GioUther/gists{/gist_id}"],
    "starred_url": ["https://api.github.com/users/GioUther/starred{/owner}{/repo}"],
    "subscriptions_url": ["https://api.github.com/users/GioUther/subscriptions"],
    "organizations_url": ["https://api.github.com/users/GioUther/orgs"],
    "repos_url": ["https://api.github.com/users/GioUther/repos"],
    "events_url": ["https://api.github.com/users/GioUther/events{/privacy}"],
    "received_events_url": ["https://api.github.com/users/GioUther/received_events"],
    "type": ["User"],
    "site_admin": [false]
  }
]
