[
  {
    "login": ["liuxiongwei"],
    "id": [13287073],
    "node_id": ["MDQ6VXNlcjEzMjg3MDcz"],
    "avatar_url": ["https://avatars2.githubusercontent.com/u/13287073?v=4"],
    "gravatar_id": [""],
    "url": ["https://api.github.com/users/liuxiongwei"],
    "html_url": ["https://github.com/liuxiongwei"],
    "followers_url": ["https://api.github.com/users/liuxiongwei/followers"],
    "following_url": ["https://api.github.com/users/liuxiongwei/following{/other_user}"],
    "gists_url": ["https://api.github.com/users/liuxiongwei/gists{/gist_id}"],
    "starred_url": ["https://api.github.com/users/liuxiongwei/starred{/owner}{/repo}"],
    "subscriptions_url": ["https://api.github.com/users/liuxiongwei/subscriptions"],
    "organizations_url": ["https://api.github.com/users/liuxiongwei/orgs"],
    "repos_url": ["https://api.github.com/users/liuxiongwei/repos"],
    "events_url": ["https://api.github.com/users/liuxiongwei/events{/privacy}"],
    "received_events_url": ["https://api.github.com/users/liuxiongwei/received_events"],
    "type": ["User"],
    "site_admin": [false]
  }
]
