[
  {
    "login": ["lizl90"],
    "id": [31535521],
    "node_id": ["MDQ6VXNlcjMxNTM1NTIx"],
    "avatar_url": ["https://avatars1.githubusercontent.com/u/31535521?v=4"],
    "gravatar_id": [""],
    "url": ["https://api.github.com/users/lizl90"],
    "html_url": ["https://github.com/lizl90"],
    "followers_url": ["https://api.github.com/users/lizl90/followers"],
    "following_url": ["https://api.github.com/users/lizl90/following{/other_user}"],
    "gists_url": ["https://api.github.com/users/lizl90/gists{/gist_id}"],
    "starred_url": ["https://api.github.com/users/lizl90/starred{/owner}{/repo}"],
    "subscriptions_url": ["https://api.github.com/users/lizl90/subscriptions"],
    "organizations_url": ["https://api.github.com/users/lizl90/orgs"],
    "repos_url": ["https://api.github.com/users/lizl90/repos"],
    "events_url": ["https://api.github.com/users/lizl90/events{/privacy}"],
    "received_events_url": ["https://api.github.com/users/lizl90/received_events"],
    "type": ["User"],
    "site_admin": [false]
  }
]
