[
  {
    "login": ["rajeshree295"],
    "id": [19859049],
    "node_id": ["MDQ6VXNlcjE5ODU5MDQ5"],
    "avatar_url": ["https://avatars1.githubusercontent.com/u/19859049?v=4"],
    "gravatar_id": [""],
    "url": ["https://api.github.com/users/rajeshree295"],
    "html_url": ["https://github.com/rajeshree295"],
    "followers_url": ["https://api.github.com/users/rajeshree295/followers"],
    "following_url": ["https://api.github.com/users/rajeshree295/following{/other_user}"],
    "gists_url": ["https://api.github.com/users/rajeshree295/gists{/gist_id}"],
    "starred_url": ["https://api.github.com/users/rajeshree295/starred{/owner}{/repo}"],
    "subscriptions_url": ["https://api.github.com/users/rajeshree295/subscriptions"],
    "organizations_url": ["https://api.github.com/users/rajeshree295/orgs"],
    "repos_url": ["https://api.github.com/users/rajeshree295/repos"],
    "events_url": ["https://api.github.com/users/rajeshree295/events{/privacy}"],
    "received_events_url": ["https://api.github.com/users/rajeshree295/received_events"],
    "type": ["User"],
    "site_admin": [false]
  }
]
