[
  {
    "login": ["martinwithyou"],
    "id": [14690036],
    "node_id": ["MDQ6VXNlcjE0NjkwMDM2"],
    "avatar_url": ["https://avatars3.githubusercontent.com/u/14690036?v=4"],
    "gravatar_id": [""],
    "url": ["https://api.github.com/users/martinwithyou"],
    "html_url": ["https://github.com/martinwithyou"],
    "followers_url": ["https://api.github.com/users/martinwithyou/followers"],
    "following_url": ["https://api.github.com/users/martinwithyou/following{/other_user}"],
    "gists_url": ["https://api.github.com/users/martinwithyou/gists{/gist_id}"],
    "starred_url": ["https://api.github.com/users/martinwithyou/starred{/owner}{/repo}"],
    "subscriptions_url": ["https://api.github.com/users/martinwithyou/subscriptions"],
    "organizations_url": ["https://api.github.com/users/martinwithyou/orgs"],
    "repos_url": ["https://api.github.com/users/martinwithyou/repos"],
    "events_url": ["https://api.github.com/users/martinwithyou/events{/privacy}"],
    "received_events_url": ["https://api.github.com/users/martinwithyou/received_events"],
    "type": ["User"],
    "site_admin": [false]
  }
]
