[
  {
    "login": ["brioglade"],
    "id": [13229692],
    "node_id": ["MDQ6VXNlcjEzMjI5Njky"],
    "avatar_url": ["https://avatars0.githubusercontent.com/u/13229692?v=4"],
    "gravatar_id": [""],
    "url": ["https://api.github.com/users/brioglade"],
    "html_url": ["https://github.com/brioglade"],
    "followers_url": ["https://api.github.com/users/brioglade/followers"],
    "following_url": ["https://api.github.com/users/brioglade/following{/other_user}"],
    "gists_url": ["https://api.github.com/users/brioglade/gists{/gist_id}"],
    "starred_url": ["https://api.github.com/users/brioglade/starred{/owner}{/repo}"],
    "subscriptions_url": ["https://api.github.com/users/brioglade/subscriptions"],
    "organizations_url": ["https://api.github.com/users/brioglade/orgs"],
    "repos_url": ["https://api.github.com/users/brioglade/repos"],
    "events_url": ["https://api.github.com/users/brioglade/events{/privacy}"],
    "received_events_url": ["https://api.github.com/users/brioglade/received_events"],
    "type": ["User"],
    "site_admin": [false]
  }
]
