[
  {
    "login": ["wangkaikai07"],
    "id": [43789220],
    "node_id": ["MDQ6VXNlcjQzNzg5MjIw"],
    "avatar_url": ["https://avatars2.githubusercontent.com/u/43789220?v=4"],
    "gravatar_id": [""],
    "url": ["https://api.github.com/users/wangkaikai07"],
    "html_url": ["https://github.com/wangkaikai07"],
    "followers_url": ["https://api.github.com/users/wangkaikai07/followers"],
    "following_url": ["https://api.github.com/users/wangkaikai07/following{/other_user}"],
    "gists_url": ["https://api.github.com/users/wangkaikai07/gists{/gist_id}"],
    "starred_url": ["https://api.github.com/users/wangkaikai07/starred{/owner}{/repo}"],
    "subscriptions_url": ["https://api.github.com/users/wangkaikai07/subscriptions"],
    "organizations_url": ["https://api.github.com/users/wangkaikai07/orgs"],
    "repos_url": ["https://api.github.com/users/wangkaikai07/repos"],
    "events_url": ["https://api.github.com/users/wangkaikai07/events{/privacy}"],
    "received_events_url": ["https://api.github.com/users/wangkaikai07/received_events"],
    "type": ["User"],
    "site_admin": [false]
  }
]
