[
  {
    "login": ["EYcab"],
    "id": [11568206],
    "node_id": ["MDQ6VXNlcjExNTY4MjA2"],
    "avatar_url": ["https://avatars1.githubusercontent.com/u/11568206?v=4"],
    "gravatar_id": [""],
    "url": ["https://api.github.com/users/EYcab"],
    "html_url": ["https://github.com/EYcab"],
    "followers_url": ["https://api.github.com/users/EYcab/followers"],
    "following_url": ["https://api.github.com/users/EYcab/following{/other_user}"],
    "gists_url": ["https://api.github.com/users/EYcab/gists{/gist_id}"],
    "starred_url": ["https://api.github.com/users/EYcab/starred{/owner}{/repo}"],
    "subscriptions_url": ["https://api.github.com/users/EYcab/subscriptions"],
    "organizations_url": ["https://api.github.com/users/EYcab/orgs"],
    "repos_url": ["https://api.github.com/users/EYcab/repos"],
    "events_url": ["https://api.github.com/users/EYcab/events{/privacy}"],
    "received_events_url": ["https://api.github.com/users/EYcab/received_events"],
    "type": ["User"],
    "site_admin": [false]
  }
]
