[
  {
    "login": ["unna97"],
    "id": [31486108],
    "node_id": ["MDQ6VXNlcjMxNDg2MTA4"],
    "avatar_url": ["https://avatars0.githubusercontent.com/u/31486108?v=4"],
    "gravatar_id": [""],
    "url": ["https://api.github.com/users/unna97"],
    "html_url": ["https://github.com/unna97"],
    "followers_url": ["https://api.github.com/users/unna97/followers"],
    "following_url": ["https://api.github.com/users/unna97/following{/other_user}"],
    "gists_url": ["https://api.github.com/users/unna97/gists{/gist_id}"],
    "starred_url": ["https://api.github.com/users/unna97/starred{/owner}{/repo}"],
    "subscriptions_url": ["https://api.github.com/users/unna97/subscriptions"],
    "organizations_url": ["https://api.github.com/users/unna97/orgs"],
    "repos_url": ["https://api.github.com/users/unna97/repos"],
    "events_url": ["https://api.github.com/users/unna97/events{/privacy}"],
    "received_events_url": ["https://api.github.com/users/unna97/received_events"],
    "type": ["User"],
    "site_admin": [false]
  }
]
