[
  {
    "login": ["xiaozhuchacha"],
    "id": [3633269],
    "node_id": ["MDQ6VXNlcjM2MzMyNjk="],
    "avatar_url": ["https://avatars2.githubusercontent.com/u/3633269?v=4"],
    "gravatar_id": [""],
    "url": ["https://api.github.com/users/xiaozhuchacha"],
    "html_url": ["https://github.com/xiaozhuchacha"],
    "followers_url": ["https://api.github.com/users/xiaozhuchacha/followers"],
    "following_url": ["https://api.github.com/users/xiaozhuchacha/following{/other_user}"],
    "gists_url": ["https://api.github.com/users/xiaozhuchacha/gists{/gist_id}"],
    "starred_url": ["https://api.github.com/users/xiaozhuchacha/starred{/owner}{/repo}"],
    "subscriptions_url": ["https://api.github.com/users/xiaozhuchacha/subscriptions"],
    "organizations_url": ["https://api.github.com/users/xiaozhuchacha/orgs"],
    "repos_url": ["https://api.github.com/users/xiaozhuchacha/repos"],
    "events_url": ["https://api.github.com/users/xiaozhuchacha/events{/privacy}"],
    "received_events_url": ["https://api.github.com/users/xiaozhuchacha/received_events"],
    "type": ["User"],
    "site_admin": [false]
  }
]
