[
  {
    "login": ["sergiopichardo"],
    "id": [10542280],
    "node_id": ["MDQ6VXNlcjEwNTQyMjgw"],
    "avatar_url": ["https://avatars2.githubusercontent.com/u/10542280?v=4"],
    "gravatar_id": [""],
    "url": ["https://api.github.com/users/sergiopichardo"],
    "html_url": ["https://github.com/sergiopichardo"],
    "followers_url": ["https://api.github.com/users/sergiopichardo/followers"],
    "following_url": ["https://api.github.com/users/sergiopichardo/following{/other_user}"],
    "gists_url": ["https://api.github.com/users/sergiopichardo/gists{/gist_id}"],
    "starred_url": ["https://api.github.com/users/sergiopichardo/starred{/owner}{/repo}"],
    "subscriptions_url": ["https://api.github.com/users/sergiopichardo/subscriptions"],
    "organizations_url": ["https://api.github.com/users/sergiopichardo/orgs"],
    "repos_url": ["https://api.github.com/users/sergiopichardo/repos"],
    "events_url": ["https://api.github.com/users/sergiopichardo/events{/privacy}"],
    "received_events_url": ["https://api.github.com/users/sergiopichardo/received_events"],
    "type": ["User"],
    "site_admin": [false]
  }
]
