[
  {
    "login": ["nathaneastwood"],
    "id": [9799530],
    "node_id": ["MDQ6VXNlcjk3OTk1MzA="],
    "avatar_url": ["https://avatars2.githubusercontent.com/u/9799530?v=4"],
    "gravatar_id": [""],
    "url": ["https://api.github.com/users/nathaneastwood"],
    "html_url": ["https://github.com/nathaneastwood"],
    "followers_url": ["https://api.github.com/users/nathaneastwood/followers"],
    "following_url": ["https://api.github.com/users/nathaneastwood/following{/other_user}"],
    "gists_url": ["https://api.github.com/users/nathaneastwood/gists{/gist_id}"],
    "starred_url": ["https://api.github.com/users/nathaneastwood/starred{/owner}{/repo}"],
    "subscriptions_url": ["https://api.github.com/users/nathaneastwood/subscriptions"],
    "organizations_url": ["https://api.github.com/users/nathaneastwood/orgs"],
    "repos_url": ["https://api.github.com/users/nathaneastwood/repos"],
    "events_url": ["https://api.github.com/users/nathaneastwood/events{/privacy}"],
    "received_events_url": ["https://api.github.com/users/nathaneastwood/received_events"],
    "type": ["User"],
    "site_admin": [false]
  }
]
