[
  {
    "login": ["yzhliu"],
    "id": [631860],
    "node_id": ["MDQ6VXNlcjYzMTg2MA=="],
    "avatar_url": ["https://avatars1.githubusercontent.com/u/631860?v=4"],
    "gravatar_id": [""],
    "url": ["https://api.github.com/users/yzhliu"],
    "html_url": ["https://github.com/yzhliu"],
    "followers_url": ["https://api.github.com/users/yzhliu/followers"],
    "following_url": ["https://api.github.com/users/yzhliu/following{/other_user}"],
    "gists_url": ["https://api.github.com/users/yzhliu/gists{/gist_id}"],
    "starred_url": ["https://api.github.com/users/yzhliu/starred{/owner}{/repo}"],
    "subscriptions_url": ["https://api.github.com/users/yzhliu/subscriptions"],
    "organizations_url": ["https://api.github.com/users/yzhliu/orgs"],
    "repos_url": ["https://api.github.com/users/yzhliu/repos"],
    "events_url": ["https://api.github.com/users/yzhliu/events{/privacy}"],
    "received_events_url": ["https://api.github.com/users/yzhliu/received_events"],
    "type": ["User"],
    "site_admin": [false]
  }
]
