[
  {
    "login": ["apeforest"],
    "id": [6807113],
    "node_id": ["MDQ6VXNlcjY4MDcxMTM="],
    "avatar_url": ["https://avatars0.githubusercontent.com/u/6807113?v=4"],
    "gravatar_id": [""],
    "url": ["https://api.github.com/users/apeforest"],
    "html_url": ["https://github.com/apeforest"],
    "followers_url": ["https://api.github.com/users/apeforest/followers"],
    "following_url": ["https://api.github.com/users/apeforest/following{/other_user}"],
    "gists_url": ["https://api.github.com/users/apeforest/gists{/gist_id}"],
    "starred_url": ["https://api.github.com/users/apeforest/starred{/owner}{/repo}"],
    "subscriptions_url": ["https://api.github.com/users/apeforest/subscriptions"],
    "organizations_url": ["https://api.github.com/users/apeforest/orgs"],
    "repos_url": ["https://api.github.com/users/apeforest/repos"],
    "events_url": ["https://api.github.com/users/apeforest/events{/privacy}"],
    "received_events_url": ["https://api.github.com/users/apeforest/received_events"],
    "type": ["User"],
    "site_admin": [false]
  }
]
