[
  {
    "login": ["changbinlu"],
    "id": [8422851],
    "node_id": ["MDQ6VXNlcjg0MjI4NTE="],
    "avatar_url": ["https://avatars3.githubusercontent.com/u/8422851?v=4"],
    "gravatar_id": [""],
    "url": ["https://api.github.com/users/changbinlu"],
    "html_url": ["https://github.com/changbinlu"],
    "followers_url": ["https://api.github.com/users/changbinlu/followers"],
    "following_url": ["https://api.github.com/users/changbinlu/following{/other_user}"],
    "gists_url": ["https://api.github.com/users/changbinlu/gists{/gist_id}"],
    "starred_url": ["https://api.github.com/users/changbinlu/starred{/owner}{/repo}"],
    "subscriptions_url": ["https://api.github.com/users/changbinlu/subscriptions"],
    "organizations_url": ["https://api.github.com/users/changbinlu/orgs"],
    "repos_url": ["https://api.github.com/users/changbinlu/repos"],
    "events_url": ["https://api.github.com/users/changbinlu/events{/privacy}"],
    "received_events_url": ["https://api.github.com/users/changbinlu/received_events"],
    "type": ["User"],
    "site_admin": [false]
  }
]
