[
  {
    "login": ["linersheng"],
    "id": [8233084],
    "node_id": ["MDQ6VXNlcjgyMzMwODQ="],
    "avatar_url": ["https://avatars0.githubusercontent.com/u/8233084?v=4"],
    "gravatar_id": [""],
    "url": ["https://api.github.com/users/linersheng"],
    "html_url": ["https://github.com/linersheng"],
    "followers_url": ["https://api.github.com/users/linersheng/followers"],
    "following_url": ["https://api.github.com/users/linersheng/following{/other_user}"],
    "gists_url": ["https://api.github.com/users/linersheng/gists{/gist_id}"],
    "starred_url": ["https://api.github.com/users/linersheng/starred{/owner}{/repo}"],
    "subscriptions_url": ["https://api.github.com/users/linersheng/subscriptions"],
    "organizations_url": ["https://api.github.com/users/linersheng/orgs"],
    "repos_url": ["https://api.github.com/users/linersheng/repos"],
    "events_url": ["https://api.github.com/users/linersheng/events{/privacy}"],
    "received_events_url": ["https://api.github.com/users/linersheng/received_events"],
    "type": ["User"],
    "site_admin": [false]
  }
]
