[
  {
    "login": ["gkourogiorgas"],
    "id": [24841178],
    "node_id": ["MDQ6VXNlcjI0ODQxMTc4"],
    "avatar_url": ["https://avatars2.githubusercontent.com/u/24841178?v=4"],
    "gravatar_id": [""],
    "url": ["https://api.github.com/users/gkourogiorgas"],
    "html_url": ["https://github.com/gkourogiorgas"],
    "followers_url": ["https://api.github.com/users/gkourogiorgas/followers"],
    "following_url": ["https://api.github.com/users/gkourogiorgas/following{/other_user}"],
    "gists_url": ["https://api.github.com/users/gkourogiorgas/gists{/gist_id}"],
    "starred_url": ["https://api.github.com/users/gkourogiorgas/starred{/owner}{/repo}"],
    "subscriptions_url": ["https://api.github.com/users/gkourogiorgas/subscriptions"],
    "organizations_url": ["https://api.github.com/users/gkourogiorgas/orgs"],
    "repos_url": ["https://api.github.com/users/gkourogiorgas/repos"],
    "events_url": ["https://api.github.com/users/gkourogiorgas/events{/privacy}"],
    "received_events_url": ["https://api.github.com/users/gkourogiorgas/received_events"],
    "type": ["User"],
    "site_admin": [false]
  }
]
