[
  {
    "login": ["atttx123"],
    "id": [1284339],
    "node_id": ["MDQ6VXNlcjEyODQzMzk="],
    "avatar_url": ["https://avatars2.githubusercontent.com/u/1284339?v=4"],
    "gravatar_id": [""],
    "url": ["https://api.github.com/users/atttx123"],
    "html_url": ["https://github.com/atttx123"],
    "followers_url": ["https://api.github.com/users/atttx123/followers"],
    "following_url": ["https://api.github.com/users/atttx123/following{/other_user}"],
    "gists_url": ["https://api.github.com/users/atttx123/gists{/gist_id}"],
    "starred_url": ["https://api.github.com/users/atttx123/starred{/owner}{/repo}"],
    "subscriptions_url": ["https://api.github.com/users/atttx123/subscriptions"],
    "organizations_url": ["https://api.github.com/users/atttx123/orgs"],
    "repos_url": ["https://api.github.com/users/atttx123/repos"],
    "events_url": ["https://api.github.com/users/atttx123/events{/privacy}"],
    "received_events_url": ["https://api.github.com/users/atttx123/received_events"],
    "type": ["User"],
    "site_admin": [false]
  }
]
