[
  {
    "login": ["ntdef"],
    "id": [9503857],
    "node_id": ["MDQ6VXNlcjk1MDM4NTc="],
    "avatar_url": ["https://avatars1.githubusercontent.com/u/9503857?v=4"],
    "gravatar_id": [""],
    "url": ["https://api.github.com/users/ntdef"],
    "html_url": ["https://github.com/ntdef"],
    "followers_url": ["https://api.github.com/users/ntdef/followers"],
    "following_url": ["https://api.github.com/users/ntdef/following{/other_user}"],
    "gists_url": ["https://api.github.com/users/ntdef/gists{/gist_id}"],
    "starred_url": ["https://api.github.com/users/ntdef/starred{/owner}{/repo}"],
    "subscriptions_url": ["https://api.github.com/users/ntdef/subscriptions"],
    "organizations_url": ["https://api.github.com/users/ntdef/orgs"],
    "repos_url": ["https://api.github.com/users/ntdef/repos"],
    "events_url": ["https://api.github.com/users/ntdef/events{/privacy}"],
    "received_events_url": ["https://api.github.com/users/ntdef/received_events"],
    "type": ["User"],
    "site_admin": [false]
  }
]
