[
  {
    "login": ["panicooo"],
    "id": [17820593],
    "node_id": ["MDQ6VXNlcjE3ODIwNTkz"],
    "avatar_url": ["https://avatars1.githubusercontent.com/u/17820593?v=4"],
    "gravatar_id": [""],
    "url": ["https://api.github.com/users/panicooo"],
    "html_url": ["https://github.com/panicooo"],
    "followers_url": ["https://api.github.com/users/panicooo/followers"],
    "following_url": ["https://api.github.com/users/panicooo/following{/other_user}"],
    "gists_url": ["https://api.github.com/users/panicooo/gists{/gist_id}"],
    "starred_url": ["https://api.github.com/users/panicooo/starred{/owner}{/repo}"],
    "subscriptions_url": ["https://api.github.com/users/panicooo/subscriptions"],
    "organizations_url": ["https://api.github.com/users/panicooo/orgs"],
    "repos_url": ["https://api.github.com/users/panicooo/repos"],
    "events_url": ["https://api.github.com/users/panicooo/events{/privacy}"],
    "received_events_url": ["https://api.github.com/users/panicooo/received_events"],
    "type": ["User"],
    "site_admin": [false]
  }
]
