[
  {
    "login": ["wavecero"],
    "id": [16839734],
    "node_id": ["MDQ6VXNlcjE2ODM5NzM0"],
    "avatar_url": ["https://avatars2.githubusercontent.com/u/16839734?v=4"],
    "gravatar_id": [""],
    "url": ["https://api.github.com/users/wavecero"],
    "html_url": ["https://github.com/wavecero"],
    "followers_url": ["https://api.github.com/users/wavecero/followers"],
    "following_url": ["https://api.github.com/users/wavecero/following{/other_user}"],
    "gists_url": ["https://api.github.com/users/wavecero/gists{/gist_id}"],
    "starred_url": ["https://api.github.com/users/wavecero/starred{/owner}{/repo}"],
    "subscriptions_url": ["https://api.github.com/users/wavecero/subscriptions"],
    "organizations_url": ["https://api.github.com/users/wavecero/orgs"],
    "repos_url": ["https://api.github.com/users/wavecero/repos"],
    "events_url": ["https://api.github.com/users/wavecero/events{/privacy}"],
    "received_events_url": ["https://api.github.com/users/wavecero/received_events"],
    "type": ["User"],
    "site_admin": [false]
  }
]
