[
  {
    "login": ["chrispaquet"],
    "id": [9876373],
    "node_id": ["MDQ6VXNlcjk4NzYzNzM="],
    "avatar_url": ["https://avatars1.githubusercontent.com/u/9876373?v=4"],
    "gravatar_id": [""],
    "url": ["https://api.github.com/users/chrispaquet"],
    "html_url": ["https://github.com/chrispaquet"],
    "followers_url": ["https://api.github.com/users/chrispaquet/followers"],
    "following_url": ["https://api.github.com/users/chrispaquet/following{/other_user}"],
    "gists_url": ["https://api.github.com/users/chrispaquet/gists{/gist_id}"],
    "starred_url": ["https://api.github.com/users/chrispaquet/starred{/owner}{/repo}"],
    "subscriptions_url": ["https://api.github.com/users/chrispaquet/subscriptions"],
    "organizations_url": ["https://api.github.com/users/chrispaquet/orgs"],
    "repos_url": ["https://api.github.com/users/chrispaquet/repos"],
    "events_url": ["https://api.github.com/users/chrispaquet/events{/privacy}"],
    "received_events_url": ["https://api.github.com/users/chrispaquet/received_events"],
    "type": ["User"],
    "site_admin": [false]
  }
]
