[
  {
    "login": ["varuy322"],
    "id": [3005062],
    "node_id": ["MDQ6VXNlcjMwMDUwNjI="],
    "avatar_url": ["https://avatars3.githubusercontent.com/u/3005062?v=4"],
    "gravatar_id": [""],
    "url": ["https://api.github.com/users/varuy322"],
    "html_url": ["https://github.com/varuy322"],
    "followers_url": ["https://api.github.com/users/varuy322/followers"],
    "following_url": ["https://api.github.com/users/varuy322/following{/other_user}"],
    "gists_url": ["https://api.github.com/users/varuy322/gists{/gist_id}"],
    "starred_url": ["https://api.github.com/users/varuy322/starred{/owner}{/repo}"],
    "subscriptions_url": ["https://api.github.com/users/varuy322/subscriptions"],
    "organizations_url": ["https://api.github.com/users/varuy322/orgs"],
    "repos_url": ["https://api.github.com/users/varuy322/repos"],
    "events_url": ["https://api.github.com/users/varuy322/events{/privacy}"],
    "received_events_url": ["https://api.github.com/users/varuy322/received_events"],
    "type": ["User"],
    "site_admin": [false]
  }
]
