[
  {
    "login": ["zezoox5x"],
    "id": [46104124],
    "node_id": ["MDQ6VXNlcjQ2MTA0MTI0"],
    "avatar_url": ["https://avatars3.githubusercontent.com/u/46104124?v=4"],
    "gravatar_id": [""],
    "url": ["https://api.github.com/users/zezoox5x"],
    "html_url": ["https://github.com/zezoox5x"],
    "followers_url": ["https://api.github.com/users/zezoox5x/followers"],
    "following_url": ["https://api.github.com/users/zezoox5x/following{/other_user}"],
    "gists_url": ["https://api.github.com/users/zezoox5x/gists{/gist_id}"],
    "starred_url": ["https://api.github.com/users/zezoox5x/starred{/owner}{/repo}"],
    "subscriptions_url": ["https://api.github.com/users/zezoox5x/subscriptions"],
    "organizations_url": ["https://api.github.com/users/zezoox5x/orgs"],
    "repos_url": ["https://api.github.com/users/zezoox5x/repos"],
    "events_url": ["https://api.github.com/users/zezoox5x/events{/privacy}"],
    "received_events_url": ["https://api.github.com/users/zezoox5x/received_events"],
    "type": ["User"],
    "site_admin": [false]
  }
]
