[
  {
    "login": ["gtpedrosa"],
    "id": [5048784],
    "node_id": ["MDQ6VXNlcjUwNDg3ODQ="],
    "avatar_url": ["https://avatars3.githubusercontent.com/u/5048784?v=4"],
    "gravatar_id": [""],
    "url": ["https://api.github.com/users/gtpedrosa"],
    "html_url": ["https://github.com/gtpedrosa"],
    "followers_url": ["https://api.github.com/users/gtpedrosa/followers"],
    "following_url": ["https://api.github.com/users/gtpedrosa/following{/other_user}"],
    "gists_url": ["https://api.github.com/users/gtpedrosa/gists{/gist_id}"],
    "starred_url": ["https://api.github.com/users/gtpedrosa/starred{/owner}{/repo}"],
    "subscriptions_url": ["https://api.github.com/users/gtpedrosa/subscriptions"],
    "organizations_url": ["https://api.github.com/users/gtpedrosa/orgs"],
    "repos_url": ["https://api.github.com/users/gtpedrosa/repos"],
    "events_url": ["https://api.github.com/users/gtpedrosa/events{/privacy}"],
    "received_events_url": ["https://api.github.com/users/gtpedrosa/received_events"],
    "type": ["User"],
    "site_admin": [false]
  }
]
