[
  {
    "login": ["angusshire"],
    "id": [5877145],
    "node_id": ["MDQ6VXNlcjU4NzcxNDU="],
    "avatar_url": ["https://avatars3.githubusercontent.com/u/5877145?v=4"],
    "gravatar_id": [""],
    "url": ["https://api.github.com/users/angusshire"],
    "html_url": ["https://github.com/angusshire"],
    "followers_url": ["https://api.github.com/users/angusshire/followers"],
    "following_url": ["https://api.github.com/users/angusshire/following{/other_user}"],
    "gists_url": ["https://api.github.com/users/angusshire/gists{/gist_id}"],
    "starred_url": ["https://api.github.com/users/angusshire/starred{/owner}{/repo}"],
    "subscriptions_url": ["https://api.github.com/users/angusshire/subscriptions"],
    "organizations_url": ["https://api.github.com/users/angusshire/orgs"],
    "repos_url": ["https://api.github.com/users/angusshire/repos"],
    "events_url": ["https://api.github.com/users/angusshire/events{/privacy}"],
    "received_events_url": ["https://api.github.com/users/angusshire/received_events"],
    "type": ["User"],
    "site_admin": [false]
  }
]
