[
  {
    "login": ["feihugis"],
    "id": [5057740],
    "node_id": ["MDQ6VXNlcjUwNTc3NDA="],
    "avatar_url": ["https://avatars3.githubusercontent.com/u/5057740?v=4"],
    "gravatar_id": [""],
    "url": ["https://api.github.com/users/feihugis"],
    "html_url": ["https://github.com/feihugis"],
    "followers_url": ["https://api.github.com/users/feihugis/followers"],
    "following_url": ["https://api.github.com/users/feihugis/following{/other_user}"],
    "gists_url": ["https://api.github.com/users/feihugis/gists{/gist_id}"],
    "starred_url": ["https://api.github.com/users/feihugis/starred{/owner}{/repo}"],
    "subscriptions_url": ["https://api.github.com/users/feihugis/subscriptions"],
    "organizations_url": ["https://api.github.com/users/feihugis/orgs"],
    "repos_url": ["https://api.github.com/users/feihugis/repos"],
    "events_url": ["https://api.github.com/users/feihugis/events{/privacy}"],
    "received_events_url": ["https://api.github.com/users/feihugis/received_events"],
    "type": ["User"],
    "site_admin": [false]
  }
]
