[
  {
    "login": ["lipiji"],
    "id": [1300085],
    "node_id": ["MDQ6VXNlcjEzMDAwODU="],
    "avatar_url": ["https://avatars1.githubusercontent.com/u/1300085?v=4"],
    "gravatar_id": [""],
    "url": ["https://api.github.com/users/lipiji"],
    "html_url": ["https://github.com/lipiji"],
    "followers_url": ["https://api.github.com/users/lipiji/followers"],
    "following_url": ["https://api.github.com/users/lipiji/following{/other_user}"],
    "gists_url": ["https://api.github.com/users/lipiji/gists{/gist_id}"],
    "starred_url": ["https://api.github.com/users/lipiji/starred{/owner}{/repo}"],
    "subscriptions_url": ["https://api.github.com/users/lipiji/subscriptions"],
    "organizations_url": ["https://api.github.com/users/lipiji/orgs"],
    "repos_url": ["https://api.github.com/users/lipiji/repos"],
    "events_url": ["https://api.github.com/users/lipiji/events{/privacy}"],
    "received_events_url": ["https://api.github.com/users/lipiji/received_events"],
    "type": ["User"],
    "site_admin": [false]
  }
]
