[
  {
    "login": ["sizhexi"],
    "id": [48418402],
    "node_id": ["MDQ6VXNlcjQ4NDE4NDAy"],
    "avatar_url": ["https://avatars1.githubusercontent.com/u/48418402?v=4"],
    "gravatar_id": [""],
    "url": ["https://api.github.com/users/sizhexi"],
    "html_url": ["https://github.com/sizhexi"],
    "followers_url": ["https://api.github.com/users/sizhexi/followers"],
    "following_url": ["https://api.github.com/users/sizhexi/following{/other_user}"],
    "gists_url": ["https://api.github.com/users/sizhexi/gists{/gist_id}"],
    "starred_url": ["https://api.github.com/users/sizhexi/starred{/owner}{/repo}"],
    "subscriptions_url": ["https://api.github.com/users/sizhexi/subscriptions"],
    "organizations_url": ["https://api.github.com/users/sizhexi/orgs"],
    "repos_url": ["https://api.github.com/users/sizhexi/repos"],
    "events_url": ["https://api.github.com/users/sizhexi/events{/privacy}"],
    "received_events_url": ["https://api.github.com/users/sizhexi/received_events"],
    "type": ["User"],
    "site_admin": [false]
  }
]
