[
  {
    "login": ["mGalarnyk"],
    "id": [11932986],
    "node_id": ["MDQ6VXNlcjExOTMyOTg2"],
    "avatar_url": ["https://avatars3.githubusercontent.com/u/11932986?v=4"],
    "gravatar_id": [""],
    "url": ["https://api.github.com/users/mGalarnyk"],
    "html_url": ["https://github.com/mGalarnyk"],
    "followers_url": ["https://api.github.com/users/mGalarnyk/followers"],
    "following_url": ["https://api.github.com/users/mGalarnyk/following{/other_user}"],
    "gists_url": ["https://api.github.com/users/mGalarnyk/gists{/gist_id}"],
    "starred_url": ["https://api.github.com/users/mGalarnyk/starred{/owner}{/repo}"],
    "subscriptions_url": ["https://api.github.com/users/mGalarnyk/subscriptions"],
    "organizations_url": ["https://api.github.com/users/mGalarnyk/orgs"],
    "repos_url": ["https://api.github.com/users/mGalarnyk/repos"],
    "events_url": ["https://api.github.com/users/mGalarnyk/events{/privacy}"],
    "received_events_url": ["https://api.github.com/users/mGalarnyk/received_events"],
    "type": ["User"],
    "site_admin": [false]
  }
]
