[
  {
    "login": ["ocampor"],
    "id": [10488868],
    "node_id": ["MDQ6VXNlcjEwNDg4ODY4"],
    "avatar_url": ["https://avatars3.githubusercontent.com/u/10488868?v=4"],
    "gravatar_id": [""],
    "url": ["https://api.github.com/users/ocampor"],
    "html_url": ["https://github.com/ocampor"],
    "followers_url": ["https://api.github.com/users/ocampor/followers"],
    "following_url": ["https://api.github.com/users/ocampor/following{/other_user}"],
    "gists_url": ["https://api.github.com/users/ocampor/gists{/gist_id}"],
    "starred_url": ["https://api.github.com/users/ocampor/starred{/owner}{/repo}"],
    "subscriptions_url": ["https://api.github.com/users/ocampor/subscriptions"],
    "organizations_url": ["https://api.github.com/users/ocampor/orgs"],
    "repos_url": ["https://api.github.com/users/ocampor/repos"],
    "events_url": ["https://api.github.com/users/ocampor/events{/privacy}"],
    "received_events_url": ["https://api.github.com/users/ocampor/received_events"],
    "type": ["User"],
    "site_admin": [false]
  }
]
