[
  {
    "login": ["DrDarbin"],
    "id": [3502744],
    "node_id": ["MDQ6VXNlcjM1MDI3NDQ="],
    "avatar_url": ["https://avatars3.githubusercontent.com/u/3502744?v=4"],
    "gravatar_id": [""],
    "url": ["https://api.github.com/users/DrDarbin"],
    "html_url": ["https://github.com/DrDarbin"],
    "followers_url": ["https://api.github.com/users/DrDarbin/followers"],
    "following_url": ["https://api.github.com/users/DrDarbin/following{/other_user}"],
    "gists_url": ["https://api.github.com/users/DrDarbin/gists{/gist_id}"],
    "starred_url": ["https://api.github.com/users/DrDarbin/starred{/owner}{/repo}"],
    "subscriptions_url": ["https://api.github.com/users/DrDarbin/subscriptions"],
    "organizations_url": ["https://api.github.com/users/DrDarbin/orgs"],
    "repos_url": ["https://api.github.com/users/DrDarbin/repos"],
    "events_url": ["https://api.github.com/users/DrDarbin/events{/privacy}"],
    "received_events_url": ["https://api.github.com/users/DrDarbin/received_events"],
    "type": ["User"],
    "site_admin": [false]
  }
]
