[
  {
    "login": ["liukun4515"],
    "id": [7450163],
    "node_id": ["MDQ6VXNlcjc0NTAxNjM="],
    "avatar_url": ["https://avatars0.githubusercontent.com/u/7450163?v=4"],
    "gravatar_id": [""],
    "url": ["https://api.github.com/users/liukun4515"],
    "html_url": ["https://github.com/liukun4515"],
    "followers_url": ["https://api.github.com/users/liukun4515/followers"],
    "following_url": ["https://api.github.com/users/liukun4515/following{/other_user}"],
    "gists_url": ["https://api.github.com/users/liukun4515/gists{/gist_id}"],
    "starred_url": ["https://api.github.com/users/liukun4515/starred{/owner}{/repo}"],
    "subscriptions_url": ["https://api.github.com/users/liukun4515/subscriptions"],
    "organizations_url": ["https://api.github.com/users/liukun4515/orgs"],
    "repos_url": ["https://api.github.com/users/liukun4515/repos"],
    "events_url": ["https://api.github.com/users/liukun4515/events{/privacy}"],
    "received_events_url": ["https://api.github.com/users/liukun4515/received_events"],
    "type": ["User"],
    "site_admin": [false]
  }
]
