[
  {
    "login": ["DjangoPeng"],
    "id": [16943353],
    "node_id": ["MDQ6VXNlcjE2OTQzMzUz"],
    "avatar_url": ["https://avatars3.githubusercontent.com/u/16943353?v=4"],
    "gravatar_id": [""],
    "url": ["https://api.github.com/users/DjangoPeng"],
    "html_url": ["https://github.com/DjangoPeng"],
    "followers_url": ["https://api.github.com/users/DjangoPeng/followers"],
    "following_url": ["https://api.github.com/users/DjangoPeng/following{/other_user}"],
    "gists_url": ["https://api.github.com/users/DjangoPeng/gists{/gist_id}"],
    "starred_url": ["https://api.github.com/users/DjangoPeng/starred{/owner}{/repo}"],
    "subscriptions_url": ["https://api.github.com/users/DjangoPeng/subscriptions"],
    "organizations_url": ["https://api.github.com/users/DjangoPeng/orgs"],
    "repos_url": ["https://api.github.com/users/DjangoPeng/repos"],
    "events_url": ["https://api.github.com/users/DjangoPeng/events{/privacy}"],
    "received_events_url": ["https://api.github.com/users/DjangoPeng/received_events"],
    "type": ["User"],
    "site_admin": [false]
  }
]
