[
  {
    "login": ["abresler"],
    "id": [740564],
    "node_id": ["MDQ6VXNlcjc0MDU2NA=="],
    "avatar_url": ["https://avatars0.githubusercontent.com/u/740564?v=4"],
    "gravatar_id": [""],
    "url": ["https://api.github.com/users/abresler"],
    "html_url": ["https://github.com/abresler"],
    "followers_url": ["https://api.github.com/users/abresler/followers"],
    "following_url": ["https://api.github.com/users/abresler/following{/other_user}"],
    "gists_url": ["https://api.github.com/users/abresler/gists{/gist_id}"],
    "starred_url": ["https://api.github.com/users/abresler/starred{/owner}{/repo}"],
    "subscriptions_url": ["https://api.github.com/users/abresler/subscriptions"],
    "organizations_url": ["https://api.github.com/users/abresler/orgs"],
    "repos_url": ["https://api.github.com/users/abresler/repos"],
    "events_url": ["https://api.github.com/users/abresler/events{/privacy}"],
    "received_events_url": ["https://api.github.com/users/abresler/received_events"],
    "type": ["User"],
    "site_admin": [false]
  }
]
