[
  {
    "login": ["evanwang1990"],
    "id": [6215852],
    "node_id": ["MDQ6VXNlcjYyMTU4NTI="],
    "avatar_url": ["https://avatars2.githubusercontent.com/u/6215852?v=4"],
    "gravatar_id": [""],
    "url": ["https://api.github.com/users/evanwang1990"],
    "html_url": ["https://github.com/evanwang1990"],
    "followers_url": ["https://api.github.com/users/evanwang1990/followers"],
    "following_url": ["https://api.github.com/users/evanwang1990/following{/other_user}"],
    "gists_url": ["https://api.github.com/users/evanwang1990/gists{/gist_id}"],
    "starred_url": ["https://api.github.com/users/evanwang1990/starred{/owner}{/repo}"],
    "subscriptions_url": ["https://api.github.com/users/evanwang1990/subscriptions"],
    "organizations_url": ["https://api.github.com/users/evanwang1990/orgs"],
    "repos_url": ["https://api.github.com/users/evanwang1990/repos"],
    "events_url": ["https://api.github.com/users/evanwang1990/events{/privacy}"],
    "received_events_url": ["https://api.github.com/users/evanwang1990/received_events"],
    "type": ["User"],
    "site_admin": [false]
  }
]
