[
  {
    "login": ["jason9263"],
    "id": [7481852],
    "node_id": ["MDQ6VXNlcjc0ODE4NTI="],
    "avatar_url": ["https://avatars0.githubusercontent.com/u/7481852?v=4"],
    "gravatar_id": [""],
    "url": ["https://api.github.com/users/jason9263"],
    "html_url": ["https://github.com/jason9263"],
    "followers_url": ["https://api.github.com/users/jason9263/followers"],
    "following_url": ["https://api.github.com/users/jason9263/following{/other_user}"],
    "gists_url": ["https://api.github.com/users/jason9263/gists{/gist_id}"],
    "starred_url": ["https://api.github.com/users/jason9263/starred{/owner}{/repo}"],
    "subscriptions_url": ["https://api.github.com/users/jason9263/subscriptions"],
    "organizations_url": ["https://api.github.com/users/jason9263/orgs"],
    "repos_url": ["https://api.github.com/users/jason9263/repos"],
    "events_url": ["https://api.github.com/users/jason9263/events{/privacy}"],
    "received_events_url": ["https://api.github.com/users/jason9263/received_events"],
    "type": ["User"],
    "site_admin": [false]
  }
]
