[
  {
    "login": ["calelin"],
    "id": [30495845],
    "node_id": ["MDQ6VXNlcjMwNDk1ODQ1"],
    "avatar_url": ["https://avatars0.githubusercontent.com/u/30495845?v=4"],
    "gravatar_id": [""],
    "url": ["https://api.github.com/users/calelin"],
    "html_url": ["https://github.com/calelin"],
    "followers_url": ["https://api.github.com/users/calelin/followers"],
    "following_url": ["https://api.github.com/users/calelin/following{/other_user}"],
    "gists_url": ["https://api.github.com/users/calelin/gists{/gist_id}"],
    "starred_url": ["https://api.github.com/users/calelin/starred{/owner}{/repo}"],
    "subscriptions_url": ["https://api.github.com/users/calelin/subscriptions"],
    "organizations_url": ["https://api.github.com/users/calelin/orgs"],
    "repos_url": ["https://api.github.com/users/calelin/repos"],
    "events_url": ["https://api.github.com/users/calelin/events{/privacy}"],
    "received_events_url": ["https://api.github.com/users/calelin/received_events"],
    "type": ["User"],
    "site_admin": [false]
  }
]
