[
  {
    "login": ["cppcoffee"],
    "id": [6635286],
    "node_id": ["MDQ6VXNlcjY2MzUyODY="],
    "avatar_url": ["https://avatars2.githubusercontent.com/u/6635286?v=4"],
    "gravatar_id": [""],
    "url": ["https://api.github.com/users/cppcoffee"],
    "html_url": ["https://github.com/cppcoffee"],
    "followers_url": ["https://api.github.com/users/cppcoffee/followers"],
    "following_url": ["https://api.github.com/users/cppcoffee/following{/other_user}"],
    "gists_url": ["https://api.github.com/users/cppcoffee/gists{/gist_id}"],
    "starred_url": ["https://api.github.com/users/cppcoffee/starred{/owner}{/repo}"],
    "subscriptions_url": ["https://api.github.com/users/cppcoffee/subscriptions"],
    "organizations_url": ["https://api.github.com/users/cppcoffee/orgs"],
    "repos_url": ["https://api.github.com/users/cppcoffee/repos"],
    "events_url": ["https://api.github.com/users/cppcoffee/events{/privacy}"],
    "received_events_url": ["https://api.github.com/users/cppcoffee/received_events"],
    "type": ["User"],
    "site_admin": [false]
  }
]
