[
  {
    "login": ["JokingLove"],
    "id": [18134074],
    "node_id": ["MDQ6VXNlcjE4MTM0MDc0"],
    "avatar_url": ["https://avatars3.githubusercontent.com/u/18134074?v=4"],
    "gravatar_id": [""],
    "url": ["https://api.github.com/users/JokingLove"],
    "html_url": ["https://github.com/JokingLove"],
    "followers_url": ["https://api.github.com/users/JokingLove/followers"],
    "following_url": ["https://api.github.com/users/JokingLove/following{/other_user}"],
    "gists_url": ["https://api.github.com/users/JokingLove/gists{/gist_id}"],
    "starred_url": ["https://api.github.com/users/JokingLove/starred{/owner}{/repo}"],
    "subscriptions_url": ["https://api.github.com/users/JokingLove/subscriptions"],
    "organizations_url": ["https://api.github.com/users/JokingLove/orgs"],
    "repos_url": ["https://api.github.com/users/JokingLove/repos"],
    "events_url": ["https://api.github.com/users/JokingLove/events{/privacy}"],
    "received_events_url": ["https://api.github.com/users/JokingLove/received_events"],
    "type": ["User"],
    "site_admin": [false]
  }
]
