[
  {
    "login": ["John443"],
    "id": [14309247],
    "node_id": ["MDQ6VXNlcjE0MzA5MjQ3"],
    "avatar_url": ["https://avatars2.githubusercontent.com/u/14309247?v=4"],
    "gravatar_id": [""],
    "url": ["https://api.github.com/users/John443"],
    "html_url": ["https://github.com/John443"],
    "followers_url": ["https://api.github.com/users/John443/followers"],
    "following_url": ["https://api.github.com/users/John443/following{/other_user}"],
    "gists_url": ["https://api.github.com/users/John443/gists{/gist_id}"],
    "starred_url": ["https://api.github.com/users/John443/starred{/owner}{/repo}"],
    "subscriptions_url": ["https://api.github.com/users/John443/subscriptions"],
    "organizations_url": ["https://api.github.com/users/John443/orgs"],
    "repos_url": ["https://api.github.com/users/John443/repos"],
    "events_url": ["https://api.github.com/users/John443/events{/privacy}"],
    "received_events_url": ["https://api.github.com/users/John443/received_events"],
    "type": ["User"],
    "site_admin": [false]
  }
]
