[
  {
    "login": ["chrisliu54"],
    "id": [12222396],
    "node_id": ["MDQ6VXNlcjEyMjIyMzk2"],
    "avatar_url": ["https://avatars1.githubusercontent.com/u/12222396?v=4"],
    "gravatar_id": [""],
    "url": ["https://api.github.com/users/chrisliu54"],
    "html_url": ["https://github.com/chrisliu54"],
    "followers_url": ["https://api.github.com/users/chrisliu54/followers"],
    "following_url": ["https://api.github.com/users/chrisliu54/following{/other_user}"],
    "gists_url": ["https://api.github.com/users/chrisliu54/gists{/gist_id}"],
    "starred_url": ["https://api.github.com/users/chrisliu54/starred{/owner}{/repo}"],
    "subscriptions_url": ["https://api.github.com/users/chrisliu54/subscriptions"],
    "organizations_url": ["https://api.github.com/users/chrisliu54/orgs"],
    "repos_url": ["https://api.github.com/users/chrisliu54/repos"],
    "events_url": ["https://api.github.com/users/chrisliu54/events{/privacy}"],
    "received_events_url": ["https://api.github.com/users/chrisliu54/received_events"],
    "type": ["User"],
    "site_admin": [false]
  }
]
