[
  {
    "login": ["240084173"],
    "id": [4324382],
    "node_id": ["MDQ6VXNlcjQzMjQzODI="],
    "avatar_url": ["https://avatars2.githubusercontent.com/u/4324382?v=4"],
    "gravatar_id": [""],
    "url": ["https://api.github.com/users/240084173"],
    "html_url": ["https://github.com/240084173"],
    "followers_url": ["https://api.github.com/users/240084173/followers"],
    "following_url": ["https://api.github.com/users/240084173/following{/other_user}"],
    "gists_url": ["https://api.github.com/users/240084173/gists{/gist_id}"],
    "starred_url": ["https://api.github.com/users/240084173/starred{/owner}{/repo}"],
    "subscriptions_url": ["https://api.github.com/users/240084173/subscriptions"],
    "organizations_url": ["https://api.github.com/users/240084173/orgs"],
    "repos_url": ["https://api.github.com/users/240084173/repos"],
    "events_url": ["https://api.github.com/users/240084173/events{/privacy}"],
    "received_events_url": ["https://api.github.com/users/240084173/received_events"],
    "type": ["User"],
    "site_admin": [false]
  }
]
