[
  {
    "login": ["steve-liang"],
    "id": [24439387],
    "node_id": ["MDQ6VXNlcjI0NDM5Mzg3"],
    "avatar_url": ["https://avatars1.githubusercontent.com/u/24439387?v=4"],
    "gravatar_id": [""],
    "url": ["https://api.github.com/users/steve-liang"],
    "html_url": ["https://github.com/steve-liang"],
    "followers_url": ["https://api.github.com/users/steve-liang/followers"],
    "following_url": ["https://api.github.com/users/steve-liang/following{/other_user}"],
    "gists_url": ["https://api.github.com/users/steve-liang/gists{/gist_id}"],
    "starred_url": ["https://api.github.com/users/steve-liang/starred{/owner}{/repo}"],
    "subscriptions_url": ["https://api.github.com/users/steve-liang/subscriptions"],
    "organizations_url": ["https://api.github.com/users/steve-liang/orgs"],
    "repos_url": ["https://api.github.com/users/steve-liang/repos"],
    "events_url": ["https://api.github.com/users/steve-liang/events{/privacy}"],
    "received_events_url": ["https://api.github.com/users/steve-liang/received_events"],
    "type": ["User"],
    "site_admin": [false]
  }
]
