[
  {
    "login": ["shashimanyam"],
    "id": [45917118],
    "node_id": ["MDQ6VXNlcjQ1OTE3MTE4"],
    "avatar_url": ["https://avatars1.githubusercontent.com/u/45917118?v=4"],
    "gravatar_id": [""],
    "url": ["https://api.github.com/users/shashimanyam"],
    "html_url": ["https://github.com/shashimanyam"],
    "followers_url": ["https://api.github.com/users/shashimanyam/followers"],
    "following_url": ["https://api.github.com/users/shashimanyam/following{/other_user}"],
    "gists_url": ["https://api.github.com/users/shashimanyam/gists{/gist_id}"],
    "starred_url": ["https://api.github.com/users/shashimanyam/starred{/owner}{/repo}"],
    "subscriptions_url": ["https://api.github.com/users/shashimanyam/subscriptions"],
    "organizations_url": ["https://api.github.com/users/shashimanyam/orgs"],
    "repos_url": ["https://api.github.com/users/shashimanyam/repos"],
    "events_url": ["https://api.github.com/users/shashimanyam/events{/privacy}"],
    "received_events_url": ["https://api.github.com/users/shashimanyam/received_events"],
    "type": ["User"],
    "site_admin": [false]
  }
]
