[
  {
    "login": ["imgarylai"],
    "id": [1407908],
    "node_id": ["MDQ6VXNlcjE0MDc5MDg="],
    "avatar_url": ["https://avatars2.githubusercontent.com/u/1407908?v=4"],
    "gravatar_id": [""],
    "url": ["https://api.github.com/users/imgarylai"],
    "html_url": ["https://github.com/imgarylai"],
    "followers_url": ["https://api.github.com/users/imgarylai/followers"],
    "following_url": ["https://api.github.com/users/imgarylai/following{/other_user}"],
    "gists_url": ["https://api.github.com/users/imgarylai/gists{/gist_id}"],
    "starred_url": ["https://api.github.com/users/imgarylai/starred{/owner}{/repo}"],
    "subscriptions_url": ["https://api.github.com/users/imgarylai/subscriptions"],
    "organizations_url": ["https://api.github.com/users/imgarylai/orgs"],
    "repos_url": ["https://api.github.com/users/imgarylai/repos"],
    "events_url": ["https://api.github.com/users/imgarylai/events{/privacy}"],
    "received_events_url": ["https://api.github.com/users/imgarylai/received_events"],
    "type": ["User"],
    "site_admin": [false]
  }
]
