[
  {
    "login": ["shandanjay"],
    "id": [5156052],
    "node_id": ["MDQ6VXNlcjUxNTYwNTI="],
    "avatar_url": ["https://avatars0.githubusercontent.com/u/5156052?v=4"],
    "gravatar_id": [""],
    "url": ["https://api.github.com/users/shandanjay"],
    "html_url": ["https://github.com/shandanjay"],
    "followers_url": ["https://api.github.com/users/shandanjay/followers"],
    "following_url": ["https://api.github.com/users/shandanjay/following{/other_user}"],
    "gists_url": ["https://api.github.com/users/shandanjay/gists{/gist_id}"],
    "starred_url": ["https://api.github.com/users/shandanjay/starred{/owner}{/repo}"],
    "subscriptions_url": ["https://api.github.com/users/shandanjay/subscriptions"],
    "organizations_url": ["https://api.github.com/users/shandanjay/orgs"],
    "repos_url": ["https://api.github.com/users/shandanjay/repos"],
    "events_url": ["https://api.github.com/users/shandanjay/events{/privacy}"],
    "received_events_url": ["https://api.github.com/users/shandanjay/received_events"],
    "type": ["User"],
    "site_admin": [false]
  }
]
