[
  {
    "login": ["clobos"],
    "id": [8989595],
    "node_id": ["MDQ6VXNlcjg5ODk1OTU="],
    "avatar_url": ["https://avatars0.githubusercontent.com/u/8989595?v=4"],
    "gravatar_id": [""],
    "url": ["https://api.github.com/users/clobos"],
    "html_url": ["https://github.com/clobos"],
    "followers_url": ["https://api.github.com/users/clobos/followers"],
    "following_url": ["https://api.github.com/users/clobos/following{/other_user}"],
    "gists_url": ["https://api.github.com/users/clobos/gists{/gist_id}"],
    "starred_url": ["https://api.github.com/users/clobos/starred{/owner}{/repo}"],
    "subscriptions_url": ["https://api.github.com/users/clobos/subscriptions"],
    "organizations_url": ["https://api.github.com/users/clobos/orgs"],
    "repos_url": ["https://api.github.com/users/clobos/repos"],
    "events_url": ["https://api.github.com/users/clobos/events{/privacy}"],
    "received_events_url": ["https://api.github.com/users/clobos/received_events"],
    "type": ["User"],
    "site_admin": [false]
  }
]
