[
  {
    "login": ["Asingwa"],
    "id": [13062385],
    "node_id": ["MDQ6VXNlcjEzMDYyMzg1"],
    "avatar_url": ["https://avatars1.githubusercontent.com/u/13062385?v=4"],
    "gravatar_id": [""],
    "url": ["https://api.github.com/users/Asingwa"],
    "html_url": ["https://github.com/Asingwa"],
    "followers_url": ["https://api.github.com/users/Asingwa/followers"],
    "following_url": ["https://api.github.com/users/Asingwa/following{/other_user}"],
    "gists_url": ["https://api.github.com/users/Asingwa/gists{/gist_id}"],
    "starred_url": ["https://api.github.com/users/Asingwa/starred{/owner}{/repo}"],
    "subscriptions_url": ["https://api.github.com/users/Asingwa/subscriptions"],
    "organizations_url": ["https://api.github.com/users/Asingwa/orgs"],
    "repos_url": ["https://api.github.com/users/Asingwa/repos"],
    "events_url": ["https://api.github.com/users/Asingwa/events{/privacy}"],
    "received_events_url": ["https://api.github.com/users/Asingwa/received_events"],
    "type": ["User"],
    "site_admin": [false]
  }
]
