[
  {
    "login": ["StatML"],
    "id": [3596431],
    "node_id": ["MDQ6VXNlcjM1OTY0MzE="],
    "avatar_url": ["https://avatars3.githubusercontent.com/u/3596431?v=4"],
    "gravatar_id": [""],
    "url": ["https://api.github.com/users/StatML"],
    "html_url": ["https://github.com/StatML"],
    "followers_url": ["https://api.github.com/users/StatML/followers"],
    "following_url": ["https://api.github.com/users/StatML/following{/other_user}"],
    "gists_url": ["https://api.github.com/users/StatML/gists{/gist_id}"],
    "starred_url": ["https://api.github.com/users/StatML/starred{/owner}{/repo}"],
    "subscriptions_url": ["https://api.github.com/users/StatML/subscriptions"],
    "organizations_url": ["https://api.github.com/users/StatML/orgs"],
    "repos_url": ["https://api.github.com/users/StatML/repos"],
    "events_url": ["https://api.github.com/users/StatML/events{/privacy}"],
    "received_events_url": ["https://api.github.com/users/StatML/received_events"],
    "type": ["User"],
    "site_admin": [false]
  }
]
