[
  {
    "login": ["jasonjyc"],
    "id": [33375617],
    "node_id": ["MDQ6VXNlcjMzMzc1NjE3"],
    "avatar_url": ["https://avatars0.githubusercontent.com/u/33375617?v=4"],
    "gravatar_id": [""],
    "url": ["https://api.github.com/users/jasonjyc"],
    "html_url": ["https://github.com/jasonjyc"],
    "followers_url": ["https://api.github.com/users/jasonjyc/followers"],
    "following_url": ["https://api.github.com/users/jasonjyc/following{/other_user}"],
    "gists_url": ["https://api.github.com/users/jasonjyc/gists{/gist_id}"],
    "starred_url": ["https://api.github.com/users/jasonjyc/starred{/owner}{/repo}"],
    "subscriptions_url": ["https://api.github.com/users/jasonjyc/subscriptions"],
    "organizations_url": ["https://api.github.com/users/jasonjyc/orgs"],
    "repos_url": ["https://api.github.com/users/jasonjyc/repos"],
    "events_url": ["https://api.github.com/users/jasonjyc/events{/privacy}"],
    "received_events_url": ["https://api.github.com/users/jasonjyc/received_events"],
    "type": ["User"],
    "site_admin": [false]
  }
]
