[
  {
    "login": ["Moriarty12138"],
    "id": [11976651],
    "node_id": ["MDQ6VXNlcjExOTc2NjUx"],
    "avatar_url": ["https://avatars2.githubusercontent.com/u/11976651?v=4"],
    "gravatar_id": [""],
    "url": ["https://api.github.com/users/Moriarty12138"],
    "html_url": ["https://github.com/Moriarty12138"],
    "followers_url": ["https://api.github.com/users/Moriarty12138/followers"],
    "following_url": ["https://api.github.com/users/Moriarty12138/following{/other_user}"],
    "gists_url": ["https://api.github.com/users/Moriarty12138/gists{/gist_id}"],
    "starred_url": ["https://api.github.com/users/Moriarty12138/starred{/owner}{/repo}"],
    "subscriptions_url": ["https://api.github.com/users/Moriarty12138/subscriptions"],
    "organizations_url": ["https://api.github.com/users/Moriarty12138/orgs"],
    "repos_url": ["https://api.github.com/users/Moriarty12138/repos"],
    "events_url": ["https://api.github.com/users/Moriarty12138/events{/privacy}"],
    "received_events_url": ["https://api.github.com/users/Moriarty12138/received_events"],
    "type": ["User"],
    "site_admin": [false]
  }
]
