[
  {
    "login": ["Mikelaifu"],
    "id": [30615309],
    "node_id": ["MDQ6VXNlcjMwNjE1MzA5"],
    "avatar_url": ["https://avatars0.githubusercontent.com/u/30615309?v=4"],
    "gravatar_id": [""],
    "url": ["https://api.github.com/users/Mikelaifu"],
    "html_url": ["https://github.com/Mikelaifu"],
    "followers_url": ["https://api.github.com/users/Mikelaifu/followers"],
    "following_url": ["https://api.github.com/users/Mikelaifu/following{/other_user}"],
    "gists_url": ["https://api.github.com/users/Mikelaifu/gists{/gist_id}"],
    "starred_url": ["https://api.github.com/users/Mikelaifu/starred{/owner}{/repo}"],
    "subscriptions_url": ["https://api.github.com/users/Mikelaifu/subscriptions"],
    "organizations_url": ["https://api.github.com/users/Mikelaifu/orgs"],
    "repos_url": ["https://api.github.com/users/Mikelaifu/repos"],
    "events_url": ["https://api.github.com/users/Mikelaifu/events{/privacy}"],
    "received_events_url": ["https://api.github.com/users/Mikelaifu/received_events"],
    "type": ["User"],
    "site_admin": [false]
  }
]
