[
  {
    "login": ["wangxianbin1987"],
    "id": [5035670],
    "node_id": ["MDQ6VXNlcjUwMzU2NzA="],
    "avatar_url": ["https://avatars2.githubusercontent.com/u/5035670?v=4"],
    "gravatar_id": [""],
    "url": ["https://api.github.com/users/wangxianbin1987"],
    "html_url": ["https://github.com/wangxianbin1987"],
    "followers_url": ["https://api.github.com/users/wangxianbin1987/followers"],
    "following_url": ["https://api.github.com/users/wangxianbin1987/following{/other_user}"],
    "gists_url": ["https://api.github.com/users/wangxianbin1987/gists{/gist_id}"],
    "starred_url": ["https://api.github.com/users/wangxianbin1987/starred{/owner}{/repo}"],
    "subscriptions_url": ["https://api.github.com/users/wangxianbin1987/subscriptions"],
    "organizations_url": ["https://api.github.com/users/wangxianbin1987/orgs"],
    "repos_url": ["https://api.github.com/users/wangxianbin1987/repos"],
    "events_url": ["https://api.github.com/users/wangxianbin1987/events{/privacy}"],
    "received_events_url": ["https://api.github.com/users/wangxianbin1987/received_events"],
    "type": ["User"],
    "site_admin": [false]
  }
]
