[
  {
    "login": ["helxsz"],
    "id": [669670],
    "node_id": ["MDQ6VXNlcjY2OTY3MA=="],
    "avatar_url": ["https://avatars3.githubusercontent.com/u/669670?v=4"],
    "gravatar_id": [""],
    "url": ["https://api.github.com/users/helxsz"],
    "html_url": ["https://github.com/helxsz"],
    "followers_url": ["https://api.github.com/users/helxsz/followers"],
    "following_url": ["https://api.github.com/users/helxsz/following{/other_user}"],
    "gists_url": ["https://api.github.com/users/helxsz/gists{/gist_id}"],
    "starred_url": ["https://api.github.com/users/helxsz/starred{/owner}{/repo}"],
    "subscriptions_url": ["https://api.github.com/users/helxsz/subscriptions"],
    "organizations_url": ["https://api.github.com/users/helxsz/orgs"],
    "repos_url": ["https://api.github.com/users/helxsz/repos"],
    "events_url": ["https://api.github.com/users/helxsz/events{/privacy}"],
    "received_events_url": ["https://api.github.com/users/helxsz/received_events"],
    "type": ["User"],
    "site_admin": [false]
  }
]
