[
  {
    "login": ["anhnguyendepocen"],
    "id": [22577288],
    "node_id": ["MDQ6VXNlcjIyNTc3Mjg4"],
    "avatar_url": ["https://avatars3.githubusercontent.com/u/22577288?v=4"],
    "gravatar_id": [""],
    "url": ["https://api.github.com/users/anhnguyendepocen"],
    "html_url": ["https://github.com/anhnguyendepocen"],
    "followers_url": ["https://api.github.com/users/anhnguyendepocen/followers"],
    "following_url": ["https://api.github.com/users/anhnguyendepocen/following{/other_user}"],
    "gists_url": ["https://api.github.com/users/anhnguyendepocen/gists{/gist_id}"],
    "starred_url": ["https://api.github.com/users/anhnguyendepocen/starred{/owner}{/repo}"],
    "subscriptions_url": ["https://api.github.com/users/anhnguyendepocen/subscriptions"],
    "organizations_url": ["https://api.github.com/users/anhnguyendepocen/orgs"],
    "repos_url": ["https://api.github.com/users/anhnguyendepocen/repos"],
    "events_url": ["https://api.github.com/users/anhnguyendepocen/events{/privacy}"],
    "received_events_url": ["https://api.github.com/users/anhnguyendepocen/received_events"],
    "type": ["User"],
    "site_admin": [false]
  }
]
