[
  {
    "login": ["Loganfigting"],
    "id": [34090952],
    "node_id": ["MDQ6VXNlcjM0MDkwOTUy"],
    "avatar_url": ["https://avatars1.githubusercontent.com/u/34090952?v=4"],
    "gravatar_id": [""],
    "url": ["https://api.github.com/users/Loganfigting"],
    "html_url": ["https://github.com/Loganfigting"],
    "followers_url": ["https://api.github.com/users/Loganfigting/followers"],
    "following_url": ["https://api.github.com/users/Loganfigting/following{/other_user}"],
    "gists_url": ["https://api.github.com/users/Loganfigting/gists{/gist_id}"],
    "starred_url": ["https://api.github.com/users/Loganfigting/starred{/owner}{/repo}"],
    "subscriptions_url": ["https://api.github.com/users/Loganfigting/subscriptions"],
    "organizations_url": ["https://api.github.com/users/Loganfigting/orgs"],
    "repos_url": ["https://api.github.com/users/Loganfigting/repos"],
    "events_url": ["https://api.github.com/users/Loganfigting/events{/privacy}"],
    "received_events_url": ["https://api.github.com/users/Loganfigting/received_events"],
    "type": ["User"],
    "site_admin": [false]
  }
]
