[
  {
    "login": ["lamdeyton"],
    "id": [3387612],
    "node_id": ["MDQ6VXNlcjMzODc2MTI="],
    "avatar_url": ["https://avatars3.githubusercontent.com/u/3387612?v=4"],
    "gravatar_id": [""],
    "url": ["https://api.github.com/users/lamdeyton"],
    "html_url": ["https://github.com/lamdeyton"],
    "followers_url": ["https://api.github.com/users/lamdeyton/followers"],
    "following_url": ["https://api.github.com/users/lamdeyton/following{/other_user}"],
    "gists_url": ["https://api.github.com/users/lamdeyton/gists{/gist_id}"],
    "starred_url": ["https://api.github.com/users/lamdeyton/starred{/owner}{/repo}"],
    "subscriptions_url": ["https://api.github.com/users/lamdeyton/subscriptions"],
    "organizations_url": ["https://api.github.com/users/lamdeyton/orgs"],
    "repos_url": ["https://api.github.com/users/lamdeyton/repos"],
    "events_url": ["https://api.github.com/users/lamdeyton/events{/privacy}"],
    "received_events_url": ["https://api.github.com/users/lamdeyton/received_events"],
    "type": ["User"],
    "site_admin": [false]
  }
]
