[
  {
    "login": ["xiaocai123"],
    "id": [21117469],
    "node_id": ["MDQ6VXNlcjIxMTE3NDY5"],
    "avatar_url": ["https://avatars0.githubusercontent.com/u/21117469?v=4"],
    "gravatar_id": [""],
    "url": ["https://api.github.com/users/xiaocai123"],
    "html_url": ["https://github.com/xiaocai123"],
    "followers_url": ["https://api.github.com/users/xiaocai123/followers"],
    "following_url": ["https://api.github.com/users/xiaocai123/following{/other_user}"],
    "gists_url": ["https://api.github.com/users/xiaocai123/gists{/gist_id}"],
    "starred_url": ["https://api.github.com/users/xiaocai123/starred{/owner}{/repo}"],
    "subscriptions_url": ["https://api.github.com/users/xiaocai123/subscriptions"],
    "organizations_url": ["https://api.github.com/users/xiaocai123/orgs"],
    "repos_url": ["https://api.github.com/users/xiaocai123/repos"],
    "events_url": ["https://api.github.com/users/xiaocai123/events{/privacy}"],
    "received_events_url": ["https://api.github.com/users/xiaocai123/received_events"],
    "type": ["User"],
    "site_admin": [false]
  }
]
