[
  {
    "login": ["YiLiu6240"],
    "id": [7643740],
    "node_id": ["MDQ6VXNlcjc2NDM3NDA="],
    "avatar_url": ["https://avatars0.githubusercontent.com/u/7643740?v=4"],
    "gravatar_id": [""],
    "url": ["https://api.github.com/users/YiLiu6240"],
    "html_url": ["https://github.com/YiLiu6240"],
    "followers_url": ["https://api.github.com/users/YiLiu6240/followers"],
    "following_url": ["https://api.github.com/users/YiLiu6240/following{/other_user}"],
    "gists_url": ["https://api.github.com/users/YiLiu6240/gists{/gist_id}"],
    "starred_url": ["https://api.github.com/users/YiLiu6240/starred{/owner}{/repo}"],
    "subscriptions_url": ["https://api.github.com/users/YiLiu6240/subscriptions"],
    "organizations_url": ["https://api.github.com/users/YiLiu6240/orgs"],
    "repos_url": ["https://api.github.com/users/YiLiu6240/repos"],
    "events_url": ["https://api.github.com/users/YiLiu6240/events{/privacy}"],
    "received_events_url": ["https://api.github.com/users/YiLiu6240/received_events"],
    "type": ["User"],
    "site_admin": [false]
  }
]
