[
  {
    "login": ["FPZhang2015"],
    "id": [15674527],
    "node_id": ["MDQ6VXNlcjE1Njc0NTI3"],
    "avatar_url": ["https://avatars1.githubusercontent.com/u/15674527?v=4"],
    "gravatar_id": [""],
    "url": ["https://api.github.com/users/FPZhang2015"],
    "html_url": ["https://github.com/FPZhang2015"],
    "followers_url": ["https://api.github.com/users/FPZhang2015/followers"],
    "following_url": ["https://api.github.com/users/FPZhang2015/following{/other_user}"],
    "gists_url": ["https://api.github.com/users/FPZhang2015/gists{/gist_id}"],
    "starred_url": ["https://api.github.com/users/FPZhang2015/starred{/owner}{/repo}"],
    "subscriptions_url": ["https://api.github.com/users/FPZhang2015/subscriptions"],
    "organizations_url": ["https://api.github.com/users/FPZhang2015/orgs"],
    "repos_url": ["https://api.github.com/users/FPZhang2015/repos"],
    "events_url": ["https://api.github.com/users/FPZhang2015/events{/privacy}"],
    "received_events_url": ["https://api.github.com/users/FPZhang2015/received_events"],
    "type": ["User"],
    "site_admin": [false]
  }
]
