[
  {
    "login": ["suredream"],
    "id": [1661077],
    "node_id": ["MDQ6VXNlcjE2NjEwNzc="],
    "avatar_url": ["https://avatars0.githubusercontent.com/u/1661077?v=4"],
    "gravatar_id": [""],
    "url": ["https://api.github.com/users/suredream"],
    "html_url": ["https://github.com/suredream"],
    "followers_url": ["https://api.github.com/users/suredream/followers"],
    "following_url": ["https://api.github.com/users/suredream/following{/other_user}"],
    "gists_url": ["https://api.github.com/users/suredream/gists{/gist_id}"],
    "starred_url": ["https://api.github.com/users/suredream/starred{/owner}{/repo}"],
    "subscriptions_url": ["https://api.github.com/users/suredream/subscriptions"],
    "organizations_url": ["https://api.github.com/users/suredream/orgs"],
    "repos_url": ["https://api.github.com/users/suredream/repos"],
    "events_url": ["https://api.github.com/users/suredream/events{/privacy}"],
    "received_events_url": ["https://api.github.com/users/suredream/received_events"],
    "type": ["User"],
    "site_admin": [false]
  }
]
