[
  {
    "login": ["kklt007"],
    "id": [7539438],
    "node_id": ["MDQ6VXNlcjc1Mzk0Mzg="],
    "avatar_url": ["https://avatars2.githubusercontent.com/u/7539438?v=4"],
    "gravatar_id": [""],
    "url": ["https://api.github.com/users/kklt007"],
    "html_url": ["https://github.com/kklt007"],
    "followers_url": ["https://api.github.com/users/kklt007/followers"],
    "following_url": ["https://api.github.com/users/kklt007/following{/other_user}"],
    "gists_url": ["https://api.github.com/users/kklt007/gists{/gist_id}"],
    "starred_url": ["https://api.github.com/users/kklt007/starred{/owner}{/repo}"],
    "subscriptions_url": ["https://api.github.com/users/kklt007/subscriptions"],
    "organizations_url": ["https://api.github.com/users/kklt007/orgs"],
    "repos_url": ["https://api.github.com/users/kklt007/repos"],
    "events_url": ["https://api.github.com/users/kklt007/events{/privacy}"],
    "received_events_url": ["https://api.github.com/users/kklt007/received_events"],
    "type": ["User"],
    "site_admin": [false]
  }
]
