[
  {
    "login": ["rubengura"],
    "id": [25196341],
    "node_id": ["MDQ6VXNlcjI1MTk2MzQx"],
    "avatar_url": ["https://avatars0.githubusercontent.com/u/25196341?v=4"],
    "gravatar_id": [""],
    "url": ["https://api.github.com/users/rubengura"],
    "html_url": ["https://github.com/rubengura"],
    "followers_url": ["https://api.github.com/users/rubengura/followers"],
    "following_url": ["https://api.github.com/users/rubengura/following{/other_user}"],
    "gists_url": ["https://api.github.com/users/rubengura/gists{/gist_id}"],
    "starred_url": ["https://api.github.com/users/rubengura/starred{/owner}{/repo}"],
    "subscriptions_url": ["https://api.github.com/users/rubengura/subscriptions"],
    "organizations_url": ["https://api.github.com/users/rubengura/orgs"],
    "repos_url": ["https://api.github.com/users/rubengura/repos"],
    "events_url": ["https://api.github.com/users/rubengura/events{/privacy}"],
    "received_events_url": ["https://api.github.com/users/rubengura/received_events"],
    "type": ["User"],
    "site_admin": [false]
  }
]
