[
  {
    "login": ["dbarobin"],
    "id": [3949252],
    "node_id": ["MDQ6VXNlcjM5NDkyNTI="],
    "avatar_url": ["https://avatars1.githubusercontent.com/u/3949252?v=4"],
    "gravatar_id": [""],
    "url": ["https://api.github.com/users/dbarobin"],
    "html_url": ["https://github.com/dbarobin"],
    "followers_url": ["https://api.github.com/users/dbarobin/followers"],
    "following_url": ["https://api.github.com/users/dbarobin/following{/other_user}"],
    "gists_url": ["https://api.github.com/users/dbarobin/gists{/gist_id}"],
    "starred_url": ["https://api.github.com/users/dbarobin/starred{/owner}{/repo}"],
    "subscriptions_url": ["https://api.github.com/users/dbarobin/subscriptions"],
    "organizations_url": ["https://api.github.com/users/dbarobin/orgs"],
    "repos_url": ["https://api.github.com/users/dbarobin/repos"],
    "events_url": ["https://api.github.com/users/dbarobin/events{/privacy}"],
    "received_events_url": ["https://api.github.com/users/dbarobin/received_events"],
    "type": ["User"],
    "site_admin": [false]
  }
]
