[
  {
    "login": ["laurazh"],
    "id": [22414438],
    "node_id": ["MDQ6VXNlcjIyNDE0NDM4"],
    "avatar_url": ["https://avatars1.githubusercontent.com/u/22414438?v=4"],
    "gravatar_id": [""],
    "url": ["https://api.github.com/users/laurazh"],
    "html_url": ["https://github.com/laurazh"],
    "followers_url": ["https://api.github.com/users/laurazh/followers"],
    "following_url": ["https://api.github.com/users/laurazh/following{/other_user}"],
    "gists_url": ["https://api.github.com/users/laurazh/gists{/gist_id}"],
    "starred_url": ["https://api.github.com/users/laurazh/starred{/owner}{/repo}"],
    "subscriptions_url": ["https://api.github.com/users/laurazh/subscriptions"],
    "organizations_url": ["https://api.github.com/users/laurazh/orgs"],
    "repos_url": ["https://api.github.com/users/laurazh/repos"],
    "events_url": ["https://api.github.com/users/laurazh/events{/privacy}"],
    "received_events_url": ["https://api.github.com/users/laurazh/received_events"],
    "type": ["User"],
    "site_admin": [false]
  }
]
