[
  {
    "login": ["rwright88"],
    "id": [7097566],
    "node_id": ["MDQ6VXNlcjcwOTc1NjY="],
    "avatar_url": ["https://avatars0.githubusercontent.com/u/7097566?v=4"],
    "gravatar_id": [""],
    "url": ["https://api.github.com/users/rwright88"],
    "html_url": ["https://github.com/rwright88"],
    "followers_url": ["https://api.github.com/users/rwright88/followers"],
    "following_url": ["https://api.github.com/users/rwright88/following{/other_user}"],
    "gists_url": ["https://api.github.com/users/rwright88/gists{/gist_id}"],
    "starred_url": ["https://api.github.com/users/rwright88/starred{/owner}{/repo}"],
    "subscriptions_url": ["https://api.github.com/users/rwright88/subscriptions"],
    "organizations_url": ["https://api.github.com/users/rwright88/orgs"],
    "repos_url": ["https://api.github.com/users/rwright88/repos"],
    "events_url": ["https://api.github.com/users/rwright88/events{/privacy}"],
    "received_events_url": ["https://api.github.com/users/rwright88/received_events"],
    "type": ["User"],
    "site_admin": [false]
  }
]
