[
  {
    "login": ["Jarvin-M"],
    "id": [24790933],
    "node_id": ["MDQ6VXNlcjI0NzkwOTMz"],
    "avatar_url": ["https://avatars2.githubusercontent.com/u/24790933?v=4"],
    "gravatar_id": [""],
    "url": ["https://api.github.com/users/Jarvin-M"],
    "html_url": ["https://github.com/Jarvin-M"],
    "followers_url": ["https://api.github.com/users/Jarvin-M/followers"],
    "following_url": ["https://api.github.com/users/Jarvin-M/following{/other_user}"],
    "gists_url": ["https://api.github.com/users/Jarvin-M/gists{/gist_id}"],
    "starred_url": ["https://api.github.com/users/Jarvin-M/starred{/owner}{/repo}"],
    "subscriptions_url": ["https://api.github.com/users/Jarvin-M/subscriptions"],
    "organizations_url": ["https://api.github.com/users/Jarvin-M/orgs"],
    "repos_url": ["https://api.github.com/users/Jarvin-M/repos"],
    "events_url": ["https://api.github.com/users/Jarvin-M/events{/privacy}"],
    "received_events_url": ["https://api.github.com/users/Jarvin-M/received_events"],
    "type": ["User"],
    "site_admin": [false]
  }
]
