[
  {
    "login": ["imxintian"],
    "id": [20968904],
    "node_id": ["MDQ6VXNlcjIwOTY4OTA0"],
    "avatar_url": ["https://avatars1.githubusercontent.com/u/20968904?v=4"],
    "gravatar_id": [""],
    "url": ["https://api.github.com/users/imxintian"],
    "html_url": ["https://github.com/imxintian"],
    "followers_url": ["https://api.github.com/users/imxintian/followers"],
    "following_url": ["https://api.github.com/users/imxintian/following{/other_user}"],
    "gists_url": ["https://api.github.com/users/imxintian/gists{/gist_id}"],
    "starred_url": ["https://api.github.com/users/imxintian/starred{/owner}{/repo}"],
    "subscriptions_url": ["https://api.github.com/users/imxintian/subscriptions"],
    "organizations_url": ["https://api.github.com/users/imxintian/orgs"],
    "repos_url": ["https://api.github.com/users/imxintian/repos"],
    "events_url": ["https://api.github.com/users/imxintian/events{/privacy}"],
    "received_events_url": ["https://api.github.com/users/imxintian/received_events"],
    "type": ["User"],
    "site_admin": [false]
  }
]
