[
  {
    "login": ["2018zohra"],
    "id": [45355923],
    "node_id": ["MDQ6VXNlcjQ1MzU1OTIz"],
    "avatar_url": ["https://avatars1.githubusercontent.com/u/45355923?v=4"],
    "gravatar_id": [""],
    "url": ["https://api.github.com/users/2018zohra"],
    "html_url": ["https://github.com/2018zohra"],
    "followers_url": ["https://api.github.com/users/2018zohra/followers"],
    "following_url": ["https://api.github.com/users/2018zohra/following{/other_user}"],
    "gists_url": ["https://api.github.com/users/2018zohra/gists{/gist_id}"],
    "starred_url": ["https://api.github.com/users/2018zohra/starred{/owner}{/repo}"],
    "subscriptions_url": ["https://api.github.com/users/2018zohra/subscriptions"],
    "organizations_url": ["https://api.github.com/users/2018zohra/orgs"],
    "repos_url": ["https://api.github.com/users/2018zohra/repos"],
    "events_url": ["https://api.github.com/users/2018zohra/events{/privacy}"],
    "received_events_url": ["https://api.github.com/users/2018zohra/received_events"],
    "type": ["User"],
    "site_admin": [false]
  }
]
