[
  {
    "login": ["mycobiome"],
    "id": [43144881],
    "node_id": ["MDQ6VXNlcjQzMTQ0ODgx"],
    "avatar_url": ["https://avatars0.githubusercontent.com/u/43144881?v=4"],
    "gravatar_id": [""],
    "url": ["https://api.github.com/users/mycobiome"],
    "html_url": ["https://github.com/mycobiome"],
    "followers_url": ["https://api.github.com/users/mycobiome/followers"],
    "following_url": ["https://api.github.com/users/mycobiome/following{/other_user}"],
    "gists_url": ["https://api.github.com/users/mycobiome/gists{/gist_id}"],
    "starred_url": ["https://api.github.com/users/mycobiome/starred{/owner}{/repo}"],
    "subscriptions_url": ["https://api.github.com/users/mycobiome/subscriptions"],
    "organizations_url": ["https://api.github.com/users/mycobiome/orgs"],
    "repos_url": ["https://api.github.com/users/mycobiome/repos"],
    "events_url": ["https://api.github.com/users/mycobiome/events{/privacy}"],
    "received_events_url": ["https://api.github.com/users/mycobiome/received_events"],
    "type": ["User"],
    "site_admin": [false]
  }
]
