[
  {
    "login": ["mendoncagary"],
    "id": [16235031],
    "node_id": ["MDQ6VXNlcjE2MjM1MDMx"],
    "avatar_url": ["https://avatars2.githubusercontent.com/u/16235031?v=4"],
    "gravatar_id": [""],
    "url": ["https://api.github.com/users/mendoncagary"],
    "html_url": ["https://github.com/mendoncagary"],
    "followers_url": ["https://api.github.com/users/mendoncagary/followers"],
    "following_url": ["https://api.github.com/users/mendoncagary/following{/other_user}"],
    "gists_url": ["https://api.github.com/users/mendoncagary/gists{/gist_id}"],
    "starred_url": ["https://api.github.com/users/mendoncagary/starred{/owner}{/repo}"],
    "subscriptions_url": ["https://api.github.com/users/mendoncagary/subscriptions"],
    "organizations_url": ["https://api.github.com/users/mendoncagary/orgs"],
    "repos_url": ["https://api.github.com/users/mendoncagary/repos"],
    "events_url": ["https://api.github.com/users/mendoncagary/events{/privacy}"],
    "received_events_url": ["https://api.github.com/users/mendoncagary/received_events"],
    "type": ["User"],
    "site_admin": [false]
  }
]
