[
  {
    "login": ["psitronic"],
    "id": [32975200],
    "node_id": ["MDQ6VXNlcjMyOTc1MjAw"],
    "avatar_url": ["https://avatars3.githubusercontent.com/u/32975200?v=4"],
    "gravatar_id": [""],
    "url": ["https://api.github.com/users/psitronic"],
    "html_url": ["https://github.com/psitronic"],
    "followers_url": ["https://api.github.com/users/psitronic/followers"],
    "following_url": ["https://api.github.com/users/psitronic/following{/other_user}"],
    "gists_url": ["https://api.github.com/users/psitronic/gists{/gist_id}"],
    "starred_url": ["https://api.github.com/users/psitronic/starred{/owner}{/repo}"],
    "subscriptions_url": ["https://api.github.com/users/psitronic/subscriptions"],
    "organizations_url": ["https://api.github.com/users/psitronic/orgs"],
    "repos_url": ["https://api.github.com/users/psitronic/repos"],
    "events_url": ["https://api.github.com/users/psitronic/events{/privacy}"],
    "received_events_url": ["https://api.github.com/users/psitronic/received_events"],
    "type": ["User"],
    "site_admin": [false]
  }
]
