[
  {
    "login": ["wwwsctvcom"],
    "id": [35336792],
    "node_id": ["MDQ6VXNlcjM1MzM2Nzky"],
    "avatar_url": ["https://avatars1.githubusercontent.com/u/35336792?v=4"],
    "gravatar_id": [""],
    "url": ["https://api.github.com/users/wwwsctvcom"],
    "html_url": ["https://github.com/wwwsctvcom"],
    "followers_url": ["https://api.github.com/users/wwwsctvcom/followers"],
    "following_url": ["https://api.github.com/users/wwwsctvcom/following{/other_user}"],
    "gists_url": ["https://api.github.com/users/wwwsctvcom/gists{/gist_id}"],
    "starred_url": ["https://api.github.com/users/wwwsctvcom/starred{/owner}{/repo}"],
    "subscriptions_url": ["https://api.github.com/users/wwwsctvcom/subscriptions"],
    "organizations_url": ["https://api.github.com/users/wwwsctvcom/orgs"],
    "repos_url": ["https://api.github.com/users/wwwsctvcom/repos"],
    "events_url": ["https://api.github.com/users/wwwsctvcom/events{/privacy}"],
    "received_events_url": ["https://api.github.com/users/wwwsctvcom/received_events"],
    "type": ["User"],
    "site_admin": [false]
  }
]
