[
  {
    "login": ["atlasian"],
    "id": [1577714],
    "node_id": ["MDQ6VXNlcjE1Nzc3MTQ="],
    "avatar_url": ["https://avatars0.githubusercontent.com/u/1577714?v=4"],
    "gravatar_id": [""],
    "url": ["https://api.github.com/users/atlasian"],
    "html_url": ["https://github.com/atlasian"],
    "followers_url": ["https://api.github.com/users/atlasian/followers"],
    "following_url": ["https://api.github.com/users/atlasian/following{/other_user}"],
    "gists_url": ["https://api.github.com/users/atlasian/gists{/gist_id}"],
    "starred_url": ["https://api.github.com/users/atlasian/starred{/owner}{/repo}"],
    "subscriptions_url": ["https://api.github.com/users/atlasian/subscriptions"],
    "organizations_url": ["https://api.github.com/users/atlasian/orgs"],
    "repos_url": ["https://api.github.com/users/atlasian/repos"],
    "events_url": ["https://api.github.com/users/atlasian/events{/privacy}"],
    "received_events_url": ["https://api.github.com/users/atlasian/received_events"],
    "type": ["User"],
    "site_admin": [false]
  }
]
