[
  {
    "login": ["karansomaiah"],
    "id": [21977263],
    "node_id": ["MDQ6VXNlcjIxOTc3MjYz"],
    "avatar_url": ["https://avatars1.githubusercontent.com/u/21977263?v=4"],
    "gravatar_id": [""],
    "url": ["https://api.github.com/users/karansomaiah"],
    "html_url": ["https://github.com/karansomaiah"],
    "followers_url": ["https://api.github.com/users/karansomaiah/followers"],
    "following_url": ["https://api.github.com/users/karansomaiah/following{/other_user}"],
    "gists_url": ["https://api.github.com/users/karansomaiah/gists{/gist_id}"],
    "starred_url": ["https://api.github.com/users/karansomaiah/starred{/owner}{/repo}"],
    "subscriptions_url": ["https://api.github.com/users/karansomaiah/subscriptions"],
    "organizations_url": ["https://api.github.com/users/karansomaiah/orgs"],
    "repos_url": ["https://api.github.com/users/karansomaiah/repos"],
    "events_url": ["https://api.github.com/users/karansomaiah/events{/privacy}"],
    "received_events_url": ["https://api.github.com/users/karansomaiah/received_events"],
    "type": ["User"],
    "site_admin": [false]
  }
]
