[
  {
    "login": ["zhangxu19830126"],
    "id": [2995754],
    "node_id": ["MDQ6VXNlcjI5OTU3NTQ="],
    "avatar_url": ["https://avatars2.githubusercontent.com/u/2995754?v=4"],
    "gravatar_id": [""],
    "url": ["https://api.github.com/users/zhangxu19830126"],
    "html_url": ["https://github.com/zhangxu19830126"],
    "followers_url": ["https://api.github.com/users/zhangxu19830126/followers"],
    "following_url": ["https://api.github.com/users/zhangxu19830126/following{/other_user}"],
    "gists_url": ["https://api.github.com/users/zhangxu19830126/gists{/gist_id}"],
    "starred_url": ["https://api.github.com/users/zhangxu19830126/starred{/owner}{/repo}"],
    "subscriptions_url": ["https://api.github.com/users/zhangxu19830126/subscriptions"],
    "organizations_url": ["https://api.github.com/users/zhangxu19830126/orgs"],
    "repos_url": ["https://api.github.com/users/zhangxu19830126/repos"],
    "events_url": ["https://api.github.com/users/zhangxu19830126/events{/privacy}"],
    "received_events_url": ["https://api.github.com/users/zhangxu19830126/received_events"],
    "type": ["User"],
    "site_admin": [false]
  }
]
