[
  {
    "login": ["trafficonese"],
    "id": [35805180],
    "node_id": ["MDQ6VXNlcjM1ODA1MTgw"],
    "avatar_url": ["https://avatars3.githubusercontent.com/u/35805180?v=4"],
    "gravatar_id": [""],
    "url": ["https://api.github.com/users/trafficonese"],
    "html_url": ["https://github.com/trafficonese"],
    "followers_url": ["https://api.github.com/users/trafficonese/followers"],
    "following_url": ["https://api.github.com/users/trafficonese/following{/other_user}"],
    "gists_url": ["https://api.github.com/users/trafficonese/gists{/gist_id}"],
    "starred_url": ["https://api.github.com/users/trafficonese/starred{/owner}{/repo}"],
    "subscriptions_url": ["https://api.github.com/users/trafficonese/subscriptions"],
    "organizations_url": ["https://api.github.com/users/trafficonese/orgs"],
    "repos_url": ["https://api.github.com/users/trafficonese/repos"],
    "events_url": ["https://api.github.com/users/trafficonese/events{/privacy}"],
    "received_events_url": ["https://api.github.com/users/trafficonese/received_events"],
    "type": ["User"],
    "site_admin": [false]
  }
]
