[
  {
    "login": ["dejanbatanjac"],
    "id": [22777111],
    "node_id": ["MDQ6VXNlcjIyNzc3MTEx"],
    "avatar_url": ["https://avatars2.githubusercontent.com/u/22777111?v=4"],
    "gravatar_id": [""],
    "url": ["https://api.github.com/users/dejanbatanjac"],
    "html_url": ["https://github.com/dejanbatanjac"],
    "followers_url": ["https://api.github.com/users/dejanbatanjac/followers"],
    "following_url": ["https://api.github.com/users/dejanbatanjac/following{/other_user}"],
    "gists_url": ["https://api.github.com/users/dejanbatanjac/gists{/gist_id}"],
    "starred_url": ["https://api.github.com/users/dejanbatanjac/starred{/owner}{/repo}"],
    "subscriptions_url": ["https://api.github.com/users/dejanbatanjac/subscriptions"],
    "organizations_url": ["https://api.github.com/users/dejanbatanjac/orgs"],
    "repos_url": ["https://api.github.com/users/dejanbatanjac/repos"],
    "events_url": ["https://api.github.com/users/dejanbatanjac/events{/privacy}"],
    "received_events_url": ["https://api.github.com/users/dejanbatanjac/received_events"],
    "type": ["User"],
    "site_admin": [false]
  }
]
