[
  {
    "login": ["Leejackie"],
    "id": [15072461],
    "node_id": ["MDQ6VXNlcjE1MDcyNDYx"],
    "avatar_url": ["https://avatars3.githubusercontent.com/u/15072461?v=4"],
    "gravatar_id": [""],
    "url": ["https://api.github.com/users/Leejackie"],
    "html_url": ["https://github.com/Leejackie"],
    "followers_url": ["https://api.github.com/users/Leejackie/followers"],
    "following_url": ["https://api.github.com/users/Leejackie/following{/other_user}"],
    "gists_url": ["https://api.github.com/users/Leejackie/gists{/gist_id}"],
    "starred_url": ["https://api.github.com/users/Leejackie/starred{/owner}{/repo}"],
    "subscriptions_url": ["https://api.github.com/users/Leejackie/subscriptions"],
    "organizations_url": ["https://api.github.com/users/Leejackie/orgs"],
    "repos_url": ["https://api.github.com/users/Leejackie/repos"],
    "events_url": ["https://api.github.com/users/Leejackie/events{/privacy}"],
    "received_events_url": ["https://api.github.com/users/Leejackie/received_events"],
    "type": ["User"],
    "site_admin": [false]
  }
]
