[
  {
    "login": ["alma2004"],
    "id": [1681969],
    "node_id": ["MDQ6VXNlcjE2ODE5Njk="],
    "avatar_url": ["https://avatars1.githubusercontent.com/u/1681969?v=4"],
    "gravatar_id": [""],
    "url": ["https://api.github.com/users/alma2004"],
    "html_url": ["https://github.com/alma2004"],
    "followers_url": ["https://api.github.com/users/alma2004/followers"],
    "following_url": ["https://api.github.com/users/alma2004/following{/other_user}"],
    "gists_url": ["https://api.github.com/users/alma2004/gists{/gist_id}"],
    "starred_url": ["https://api.github.com/users/alma2004/starred{/owner}{/repo}"],
    "subscriptions_url": ["https://api.github.com/users/alma2004/subscriptions"],
    "organizations_url": ["https://api.github.com/users/alma2004/orgs"],
    "repos_url": ["https://api.github.com/users/alma2004/repos"],
    "events_url": ["https://api.github.com/users/alma2004/events{/privacy}"],
    "received_events_url": ["https://api.github.com/users/alma2004/received_events"],
    "type": ["User"],
    "site_admin": [false]
  }
]
