[
  {
    "login": ["cuongpm"],
    "id": [2792438],
    "node_id": ["MDQ6VXNlcjI3OTI0Mzg="],
    "avatar_url": ["https://avatars1.githubusercontent.com/u/2792438?v=4"],
    "gravatar_id": [""],
    "url": ["https://api.github.com/users/cuongpm"],
    "html_url": ["https://github.com/cuongpm"],
    "followers_url": ["https://api.github.com/users/cuongpm/followers"],
    "following_url": ["https://api.github.com/users/cuongpm/following{/other_user}"],
    "gists_url": ["https://api.github.com/users/cuongpm/gists{/gist_id}"],
    "starred_url": ["https://api.github.com/users/cuongpm/starred{/owner}{/repo}"],
    "subscriptions_url": ["https://api.github.com/users/cuongpm/subscriptions"],
    "organizations_url": ["https://api.github.com/users/cuongpm/orgs"],
    "repos_url": ["https://api.github.com/users/cuongpm/repos"],
    "events_url": ["https://api.github.com/users/cuongpm/events{/privacy}"],
    "received_events_url": ["https://api.github.com/users/cuongpm/received_events"],
    "type": ["User"],
    "site_admin": [false]
  }
]
