[
  {
    "login": ["siliang42"],
    "id": [26504098],
    "node_id": ["MDQ6VXNlcjI2NTA0MDk4"],
    "avatar_url": ["https://avatars3.githubusercontent.com/u/26504098?v=4"],
    "gravatar_id": [""],
    "url": ["https://api.github.com/users/siliang42"],
    "html_url": ["https://github.com/siliang42"],
    "followers_url": ["https://api.github.com/users/siliang42/followers"],
    "following_url": ["https://api.github.com/users/siliang42/following{/other_user}"],
    "gists_url": ["https://api.github.com/users/siliang42/gists{/gist_id}"],
    "starred_url": ["https://api.github.com/users/siliang42/starred{/owner}{/repo}"],
    "subscriptions_url": ["https://api.github.com/users/siliang42/subscriptions"],
    "organizations_url": ["https://api.github.com/users/siliang42/orgs"],
    "repos_url": ["https://api.github.com/users/siliang42/repos"],
    "events_url": ["https://api.github.com/users/siliang42/events{/privacy}"],
    "received_events_url": ["https://api.github.com/users/siliang42/received_events"],
    "type": ["User"],
    "site_admin": [false]
  }
]
