[
  {
    "login": ["imbaguanxin"],
    "id": [33470168],
    "node_id": ["MDQ6VXNlcjMzNDcwMTY4"],
    "avatar_url": ["https://avatars2.githubusercontent.com/u/33470168?v=4"],
    "gravatar_id": [""],
    "url": ["https://api.github.com/users/imbaguanxin"],
    "html_url": ["https://github.com/imbaguanxin"],
    "followers_url": ["https://api.github.com/users/imbaguanxin/followers"],
    "following_url": ["https://api.github.com/users/imbaguanxin/following{/other_user}"],
    "gists_url": ["https://api.github.com/users/imbaguanxin/gists{/gist_id}"],
    "starred_url": ["https://api.github.com/users/imbaguanxin/starred{/owner}{/repo}"],
    "subscriptions_url": ["https://api.github.com/users/imbaguanxin/subscriptions"],
    "organizations_url": ["https://api.github.com/users/imbaguanxin/orgs"],
    "repos_url": ["https://api.github.com/users/imbaguanxin/repos"],
    "events_url": ["https://api.github.com/users/imbaguanxin/events{/privacy}"],
    "received_events_url": ["https://api.github.com/users/imbaguanxin/received_events"],
    "type": ["User"],
    "site_admin": [false]
  }
]
