[
  {
    "login": ["hclown9804"],
    "id": [32100214],
    "node_id": ["MDQ6VXNlcjMyMTAwMjE0"],
    "avatar_url": ["https://avatars3.githubusercontent.com/u/32100214?v=4"],
    "gravatar_id": [""],
    "url": ["https://api.github.com/users/hclown9804"],
    "html_url": ["https://github.com/hclown9804"],
    "followers_url": ["https://api.github.com/users/hclown9804/followers"],
    "following_url": ["https://api.github.com/users/hclown9804/following{/other_user}"],
    "gists_url": ["https://api.github.com/users/hclown9804/gists{/gist_id}"],
    "starred_url": ["https://api.github.com/users/hclown9804/starred{/owner}{/repo}"],
    "subscriptions_url": ["https://api.github.com/users/hclown9804/subscriptions"],
    "organizations_url": ["https://api.github.com/users/hclown9804/orgs"],
    "repos_url": ["https://api.github.com/users/hclown9804/repos"],
    "events_url": ["https://api.github.com/users/hclown9804/events{/privacy}"],
    "received_events_url": ["https://api.github.com/users/hclown9804/received_events"],
    "type": ["User"],
    "site_admin": [false]
  }
]
