[
  {
    "login": ["jasmeetsohal"],
    "id": [20149200],
    "node_id": ["MDQ6VXNlcjIwMTQ5MjAw"],
    "avatar_url": ["https://avatars3.githubusercontent.com/u/20149200?v=4"],
    "gravatar_id": [""],
    "url": ["https://api.github.com/users/jasmeetsohal"],
    "html_url": ["https://github.com/jasmeetsohal"],
    "followers_url": ["https://api.github.com/users/jasmeetsohal/followers"],
    "following_url": ["https://api.github.com/users/jasmeetsohal/following{/other_user}"],
    "gists_url": ["https://api.github.com/users/jasmeetsohal/gists{/gist_id}"],
    "starred_url": ["https://api.github.com/users/jasmeetsohal/starred{/owner}{/repo}"],
    "subscriptions_url": ["https://api.github.com/users/jasmeetsohal/subscriptions"],
    "organizations_url": ["https://api.github.com/users/jasmeetsohal/orgs"],
    "repos_url": ["https://api.github.com/users/jasmeetsohal/repos"],
    "events_url": ["https://api.github.com/users/jasmeetsohal/events{/privacy}"],
    "received_events_url": ["https://api.github.com/users/jasmeetsohal/received_events"],
    "type": ["User"],
    "site_admin": [false]
  }
]
