[
  {
    "login": ["sunbc0120"],
    "id": [7380988],
    "node_id": ["MDQ6VXNlcjczODA5ODg="],
    "avatar_url": ["https://avatars0.githubusercontent.com/u/7380988?v=4"],
    "gravatar_id": [""],
    "url": ["https://api.github.com/users/sunbc0120"],
    "html_url": ["https://github.com/sunbc0120"],
    "followers_url": ["https://api.github.com/users/sunbc0120/followers"],
    "following_url": ["https://api.github.com/users/sunbc0120/following{/other_user}"],
    "gists_url": ["https://api.github.com/users/sunbc0120/gists{/gist_id}"],
    "starred_url": ["https://api.github.com/users/sunbc0120/starred{/owner}{/repo}"],
    "subscriptions_url": ["https://api.github.com/users/sunbc0120/subscriptions"],
    "organizations_url": ["https://api.github.com/users/sunbc0120/orgs"],
    "repos_url": ["https://api.github.com/users/sunbc0120/repos"],
    "events_url": ["https://api.github.com/users/sunbc0120/events{/privacy}"],
    "received_events_url": ["https://api.github.com/users/sunbc0120/received_events"],
    "type": ["User"],
    "site_admin": [false]
  }
]
