[
  {
    "login": ["henry090"],
    "id": [38523699],
    "node_id": ["MDQ6VXNlcjM4NTIzNjk5"],
    "avatar_url": ["https://avatars3.githubusercontent.com/u/38523699?v=4"],
    "gravatar_id": [""],
    "url": ["https://api.github.com/users/henry090"],
    "html_url": ["https://github.com/henry090"],
    "followers_url": ["https://api.github.com/users/henry090/followers"],
    "following_url": ["https://api.github.com/users/henry090/following{/other_user}"],
    "gists_url": ["https://api.github.com/users/henry090/gists{/gist_id}"],
    "starred_url": ["https://api.github.com/users/henry090/starred{/owner}{/repo}"],
    "subscriptions_url": ["https://api.github.com/users/henry090/subscriptions"],
    "organizations_url": ["https://api.github.com/users/henry090/orgs"],
    "repos_url": ["https://api.github.com/users/henry090/repos"],
    "events_url": ["https://api.github.com/users/henry090/events{/privacy}"],
    "received_events_url": ["https://api.github.com/users/henry090/received_events"],
    "type": ["User"],
    "site_admin": [false]
  }
]
