[
  {
    "login": ["dyb10101"],
    "id": [22037728],
    "node_id": ["MDQ6VXNlcjIyMDM3NzI4"],
    "avatar_url": ["https://avatars2.githubusercontent.com/u/22037728?v=4"],
    "gravatar_id": [""],
    "url": ["https://api.github.com/users/dyb10101"],
    "html_url": ["https://github.com/dyb10101"],
    "followers_url": ["https://api.github.com/users/dyb10101/followers"],
    "following_url": ["https://api.github.com/users/dyb10101/following{/other_user}"],
    "gists_url": ["https://api.github.com/users/dyb10101/gists{/gist_id}"],
    "starred_url": ["https://api.github.com/users/dyb10101/starred{/owner}{/repo}"],
    "subscriptions_url": ["https://api.github.com/users/dyb10101/subscriptions"],
    "organizations_url": ["https://api.github.com/users/dyb10101/orgs"],
    "repos_url": ["https://api.github.com/users/dyb10101/repos"],
    "events_url": ["https://api.github.com/users/dyb10101/events{/privacy}"],
    "received_events_url": ["https://api.github.com/users/dyb10101/received_events"],
    "type": ["User"],
    "site_admin": [false]
  }
]
