[
  {
    "login": ["hugh1li"],
    "id": [6027595],
    "node_id": ["MDQ6VXNlcjYwMjc1OTU="],
    "avatar_url": ["https://avatars0.githubusercontent.com/u/6027595?v=4"],
    "gravatar_id": [""],
    "url": ["https://api.github.com/users/hugh1li"],
    "html_url": ["https://github.com/hugh1li"],
    "followers_url": ["https://api.github.com/users/hugh1li/followers"],
    "following_url": ["https://api.github.com/users/hugh1li/following{/other_user}"],
    "gists_url": ["https://api.github.com/users/hugh1li/gists{/gist_id}"],
    "starred_url": ["https://api.github.com/users/hugh1li/starred{/owner}{/repo}"],
    "subscriptions_url": ["https://api.github.com/users/hugh1li/subscriptions"],
    "organizations_url": ["https://api.github.com/users/hugh1li/orgs"],
    "repos_url": ["https://api.github.com/users/hugh1li/repos"],
    "events_url": ["https://api.github.com/users/hugh1li/events{/privacy}"],
    "received_events_url": ["https://api.github.com/users/hugh1li/received_events"],
    "type": ["User"],
    "site_admin": [false]
  }
]
