[
  {
    "login": ["saitej123"],
    "id": [18657211],
    "node_id": ["MDQ6VXNlcjE4NjU3MjEx"],
    "avatar_url": ["https://avatars3.githubusercontent.com/u/18657211?v=4"],
    "gravatar_id": [""],
    "url": ["https://api.github.com/users/saitej123"],
    "html_url": ["https://github.com/saitej123"],
    "followers_url": ["https://api.github.com/users/saitej123/followers"],
    "following_url": ["https://api.github.com/users/saitej123/following{/other_user}"],
    "gists_url": ["https://api.github.com/users/saitej123/gists{/gist_id}"],
    "starred_url": ["https://api.github.com/users/saitej123/starred{/owner}{/repo}"],
    "subscriptions_url": ["https://api.github.com/users/saitej123/subscriptions"],
    "organizations_url": ["https://api.github.com/users/saitej123/orgs"],
    "repos_url": ["https://api.github.com/users/saitej123/repos"],
    "events_url": ["https://api.github.com/users/saitej123/events{/privacy}"],
    "received_events_url": ["https://api.github.com/users/saitej123/received_events"],
    "type": ["User"],
    "site_admin": [false]
  }
]
