[
  {
    "login": ["SteveYang1"],
    "id": [30425590],
    "node_id": ["MDQ6VXNlcjMwNDI1NTkw"],
    "avatar_url": ["https://avatars3.githubusercontent.com/u/30425590?v=4"],
    "gravatar_id": [""],
    "url": ["https://api.github.com/users/SteveYang1"],
    "html_url": ["https://github.com/SteveYang1"],
    "followers_url": ["https://api.github.com/users/SteveYang1/followers"],
    "following_url": ["https://api.github.com/users/SteveYang1/following{/other_user}"],
    "gists_url": ["https://api.github.com/users/SteveYang1/gists{/gist_id}"],
    "starred_url": ["https://api.github.com/users/SteveYang1/starred{/owner}{/repo}"],
    "subscriptions_url": ["https://api.github.com/users/SteveYang1/subscriptions"],
    "organizations_url": ["https://api.github.com/users/SteveYang1/orgs"],
    "repos_url": ["https://api.github.com/users/SteveYang1/repos"],
    "events_url": ["https://api.github.com/users/SteveYang1/events{/privacy}"],
    "received_events_url": ["https://api.github.com/users/SteveYang1/received_events"],
    "type": ["User"],
    "site_admin": [false]
  }
]
