[
  {
    "login": ["houzhengzhang"],
    "id": [25079094],
    "node_id": ["MDQ6VXNlcjI1MDc5MDk0"],
    "avatar_url": ["https://avatars3.githubusercontent.com/u/25079094?v=4"],
    "gravatar_id": [""],
    "url": ["https://api.github.com/users/houzhengzhang"],
    "html_url": ["https://github.com/houzhengzhang"],
    "followers_url": ["https://api.github.com/users/houzhengzhang/followers"],
    "following_url": ["https://api.github.com/users/houzhengzhang/following{/other_user}"],
    "gists_url": ["https://api.github.com/users/houzhengzhang/gists{/gist_id}"],
    "starred_url": ["https://api.github.com/users/houzhengzhang/starred{/owner}{/repo}"],
    "subscriptions_url": ["https://api.github.com/users/houzhengzhang/subscriptions"],
    "organizations_url": ["https://api.github.com/users/houzhengzhang/orgs"],
    "repos_url": ["https://api.github.com/users/houzhengzhang/repos"],
    "events_url": ["https://api.github.com/users/houzhengzhang/events{/privacy}"],
    "received_events_url": ["https://api.github.com/users/houzhengzhang/received_events"],
    "type": ["User"],
    "site_admin": [false]
  }
]
