[
  {
    "login": ["macy0122"],
    "id": [14027173],
    "node_id": ["MDQ6VXNlcjE0MDI3MTcz"],
    "avatar_url": ["https://avatars2.githubusercontent.com/u/14027173?v=4"],
    "gravatar_id": [""],
    "url": ["https://api.github.com/users/macy0122"],
    "html_url": ["https://github.com/macy0122"],
    "followers_url": ["https://api.github.com/users/macy0122/followers"],
    "following_url": ["https://api.github.com/users/macy0122/following{/other_user}"],
    "gists_url": ["https://api.github.com/users/macy0122/gists{/gist_id}"],
    "starred_url": ["https://api.github.com/users/macy0122/starred{/owner}{/repo}"],
    "subscriptions_url": ["https://api.github.com/users/macy0122/subscriptions"],
    "organizations_url": ["https://api.github.com/users/macy0122/orgs"],
    "repos_url": ["https://api.github.com/users/macy0122/repos"],
    "events_url": ["https://api.github.com/users/macy0122/events{/privacy}"],
    "received_events_url": ["https://api.github.com/users/macy0122/received_events"],
    "type": ["User"],
    "site_admin": [false]
  }
]
