[
  {
    "login": ["aaronabraham311"],
    "id": [21224282],
    "node_id": ["MDQ6VXNlcjIxMjI0Mjgy"],
    "avatar_url": ["https://avatars2.githubusercontent.com/u/21224282?v=4"],
    "gravatar_id": [""],
    "url": ["https://api.github.com/users/aaronabraham311"],
    "html_url": ["https://github.com/aaronabraham311"],
    "followers_url": ["https://api.github.com/users/aaronabraham311/followers"],
    "following_url": ["https://api.github.com/users/aaronabraham311/following{/other_user}"],
    "gists_url": ["https://api.github.com/users/aaronabraham311/gists{/gist_id}"],
    "starred_url": ["https://api.github.com/users/aaronabraham311/starred{/owner}{/repo}"],
    "subscriptions_url": ["https://api.github.com/users/aaronabraham311/subscriptions"],
    "organizations_url": ["https://api.github.com/users/aaronabraham311/orgs"],
    "repos_url": ["https://api.github.com/users/aaronabraham311/repos"],
    "events_url": ["https://api.github.com/users/aaronabraham311/events{/privacy}"],
    "received_events_url": ["https://api.github.com/users/aaronabraham311/received_events"],
    "type": ["User"],
    "site_admin": [false]
  }
]
