[
  {
    "login": ["karenfreemansmith"],
    "id": [6623141],
    "node_id": ["MDQ6VXNlcjY2MjMxNDE="],
    "avatar_url": ["https://avatars0.githubusercontent.com/u/6623141?v=4"],
    "gravatar_id": [""],
    "url": ["https://api.github.com/users/karenfreemansmith"],
    "html_url": ["https://github.com/karenfreemansmith"],
    "followers_url": ["https://api.github.com/users/karenfreemansmith/followers"],
    "following_url": ["https://api.github.com/users/karenfreemansmith/following{/other_user}"],
    "gists_url": ["https://api.github.com/users/karenfreemansmith/gists{/gist_id}"],
    "starred_url": ["https://api.github.com/users/karenfreemansmith/starred{/owner}{/repo}"],
    "subscriptions_url": ["https://api.github.com/users/karenfreemansmith/subscriptions"],
    "organizations_url": ["https://api.github.com/users/karenfreemansmith/orgs"],
    "repos_url": ["https://api.github.com/users/karenfreemansmith/repos"],
    "events_url": ["https://api.github.com/users/karenfreemansmith/events{/privacy}"],
    "received_events_url": ["https://api.github.com/users/karenfreemansmith/received_events"],
    "type": ["User"],
    "site_admin": [false]
  }
]
