[
  {
    "login": ["zubiix"],
    "id": [5270289],
    "node_id": ["MDQ6VXNlcjUyNzAyODk="],
    "avatar_url": ["https://avatars0.githubusercontent.com/u/5270289?v=4"],
    "gravatar_id": [""],
    "url": ["https://api.github.com/users/zubiix"],
    "html_url": ["https://github.com/zubiix"],
    "followers_url": ["https://api.github.com/users/zubiix/followers"],
    "following_url": ["https://api.github.com/users/zubiix/following{/other_user}"],
    "gists_url": ["https://api.github.com/users/zubiix/gists{/gist_id}"],
    "starred_url": ["https://api.github.com/users/zubiix/starred{/owner}{/repo}"],
    "subscriptions_url": ["https://api.github.com/users/zubiix/subscriptions"],
    "organizations_url": ["https://api.github.com/users/zubiix/orgs"],
    "repos_url": ["https://api.github.com/users/zubiix/repos"],
    "events_url": ["https://api.github.com/users/zubiix/events{/privacy}"],
    "received_events_url": ["https://api.github.com/users/zubiix/received_events"],
    "type": ["User"],
    "site_admin": [false]
  }
]
