[
  {
    "login": ["gdequeiroz"],
    "id": [1934546],
    "node_id": ["MDQ6VXNlcjE5MzQ1NDY="],
    "avatar_url": ["https://avatars3.githubusercontent.com/u/1934546?v=4"],
    "gravatar_id": [""],
    "url": ["https://api.github.com/users/gdequeiroz"],
    "html_url": ["https://github.com/gdequeiroz"],
    "followers_url": ["https://api.github.com/users/gdequeiroz/followers"],
    "following_url": ["https://api.github.com/users/gdequeiroz/following{/other_user}"],
    "gists_url": ["https://api.github.com/users/gdequeiroz/gists{/gist_id}"],
    "starred_url": ["https://api.github.com/users/gdequeiroz/starred{/owner}{/repo}"],
    "subscriptions_url": ["https://api.github.com/users/gdequeiroz/subscriptions"],
    "organizations_url": ["https://api.github.com/users/gdequeiroz/orgs"],
    "repos_url": ["https://api.github.com/users/gdequeiroz/repos"],
    "events_url": ["https://api.github.com/users/gdequeiroz/events{/privacy}"],
    "received_events_url": ["https://api.github.com/users/gdequeiroz/received_events"],
    "type": ["User"],
    "site_admin": [false]
  }
]
