[
  {
    "login": ["yylin1"],
    "id": [39441918],
    "node_id": ["MDQ6VXNlcjM5NDQxOTE4"],
    "avatar_url": ["https://avatars2.githubusercontent.com/u/39441918?v=4"],
    "gravatar_id": [""],
    "url": ["https://api.github.com/users/yylin1"],
    "html_url": ["https://github.com/yylin1"],
    "followers_url": ["https://api.github.com/users/yylin1/followers"],
    "following_url": ["https://api.github.com/users/yylin1/following{/other_user}"],
    "gists_url": ["https://api.github.com/users/yylin1/gists{/gist_id}"],
    "starred_url": ["https://api.github.com/users/yylin1/starred{/owner}{/repo}"],
    "subscriptions_url": ["https://api.github.com/users/yylin1/subscriptions"],
    "organizations_url": ["https://api.github.com/users/yylin1/orgs"],
    "repos_url": ["https://api.github.com/users/yylin1/repos"],
    "events_url": ["https://api.github.com/users/yylin1/events{/privacy}"],
    "received_events_url": ["https://api.github.com/users/yylin1/received_events"],
    "type": ["User"],
    "site_admin": [false]
  }
]
