[
  {
    "login": ["tianliangJin"],
    "id": [41559832],
    "node_id": ["MDQ6VXNlcjQxNTU5ODMy"],
    "avatar_url": ["https://avatars2.githubusercontent.com/u/41559832?v=4"],
    "gravatar_id": [""],
    "url": ["https://api.github.com/users/tianliangJin"],
    "html_url": ["https://github.com/tianliangJin"],
    "followers_url": ["https://api.github.com/users/tianliangJin/followers"],
    "following_url": ["https://api.github.com/users/tianliangJin/following{/other_user}"],
    "gists_url": ["https://api.github.com/users/tianliangJin/gists{/gist_id}"],
    "starred_url": ["https://api.github.com/users/tianliangJin/starred{/owner}{/repo}"],
    "subscriptions_url": ["https://api.github.com/users/tianliangJin/subscriptions"],
    "organizations_url": ["https://api.github.com/users/tianliangJin/orgs"],
    "repos_url": ["https://api.github.com/users/tianliangJin/repos"],
    "events_url": ["https://api.github.com/users/tianliangJin/events{/privacy}"],
    "received_events_url": ["https://api.github.com/users/tianliangJin/received_events"],
    "type": ["User"],
    "site_admin": [false]
  }
]
