[
  {
    "login": ["junrushao1994"],
    "id": [22515877],
    "node_id": ["MDQ6VXNlcjIyNTE1ODc3"],
    "avatar_url": ["https://avatars2.githubusercontent.com/u/22515877?v=4"],
    "gravatar_id": [""],
    "url": ["https://api.github.com/users/junrushao1994"],
    "html_url": ["https://github.com/junrushao1994"],
    "followers_url": ["https://api.github.com/users/junrushao1994/followers"],
    "following_url": ["https://api.github.com/users/junrushao1994/following{/other_user}"],
    "gists_url": ["https://api.github.com/users/junrushao1994/gists{/gist_id}"],
    "starred_url": ["https://api.github.com/users/junrushao1994/starred{/owner}{/repo}"],
    "subscriptions_url": ["https://api.github.com/users/junrushao1994/subscriptions"],
    "organizations_url": ["https://api.github.com/users/junrushao1994/orgs"],
    "repos_url": ["https://api.github.com/users/junrushao1994/repos"],
    "events_url": ["https://api.github.com/users/junrushao1994/events{/privacy}"],
    "received_events_url": ["https://api.github.com/users/junrushao1994/received_events"],
    "type": ["User"],
    "site_admin": [false]
  }
]
