[
  {
    "login": ["ccurro"],
    "id": [44445],
    "node_id": ["MDQ6VXNlcjQ0NDQ1"],
    "avatar_url": ["https://avatars1.githubusercontent.com/u/44445?v=4"],
    "gravatar_id": [""],
    "url": ["https://api.github.com/users/ccurro"],
    "html_url": ["https://github.com/ccurro"],
    "followers_url": ["https://api.github.com/users/ccurro/followers"],
    "following_url": ["https://api.github.com/users/ccurro/following{/other_user}"],
    "gists_url": ["https://api.github.com/users/ccurro/gists{/gist_id}"],
    "starred_url": ["https://api.github.com/users/ccurro/starred{/owner}{/repo}"],
    "subscriptions_url": ["https://api.github.com/users/ccurro/subscriptions"],
    "organizations_url": ["https://api.github.com/users/ccurro/orgs"],
    "repos_url": ["https://api.github.com/users/ccurro/repos"],
    "events_url": ["https://api.github.com/users/ccurro/events{/privacy}"],
    "received_events_url": ["https://api.github.com/users/ccurro/received_events"],
    "type": ["User"],
    "site_admin": [false]
  }
]
