[
  {
    "login": ["Haripriya195"],
    "id": [36433456],
    "node_id": ["MDQ6VXNlcjM2NDMzNDU2"],
    "avatar_url": ["https://avatars3.githubusercontent.com/u/36433456?v=4"],
    "gravatar_id": [""],
    "url": ["https://api.github.com/users/Haripriya195"],
    "html_url": ["https://github.com/Haripriya195"],
    "followers_url": ["https://api.github.com/users/Haripriya195/followers"],
    "following_url": ["https://api.github.com/users/Haripriya195/following{/other_user}"],
    "gists_url": ["https://api.github.com/users/Haripriya195/gists{/gist_id}"],
    "starred_url": ["https://api.github.com/users/Haripriya195/starred{/owner}{/repo}"],
    "subscriptions_url": ["https://api.github.com/users/Haripriya195/subscriptions"],
    "organizations_url": ["https://api.github.com/users/Haripriya195/orgs"],
    "repos_url": ["https://api.github.com/users/Haripriya195/repos"],
    "events_url": ["https://api.github.com/users/Haripriya195/events{/privacy}"],
    "received_events_url": ["https://api.github.com/users/Haripriya195/received_events"],
    "type": ["User"],
    "site_admin": [false]
  }
]
