[
  {
    "login": ["diegohalabi"],
    "id": [40133520],
    "node_id": ["MDQ6VXNlcjQwMTMzNTIw"],
    "avatar_url": ["https://avatars3.githubusercontent.com/u/40133520?v=4"],
    "gravatar_id": [""],
    "url": ["https://api.github.com/users/diegohalabi"],
    "html_url": ["https://github.com/diegohalabi"],
    "followers_url": ["https://api.github.com/users/diegohalabi/followers"],
    "following_url": ["https://api.github.com/users/diegohalabi/following{/other_user}"],
    "gists_url": ["https://api.github.com/users/diegohalabi/gists{/gist_id}"],
    "starred_url": ["https://api.github.com/users/diegohalabi/starred{/owner}{/repo}"],
    "subscriptions_url": ["https://api.github.com/users/diegohalabi/subscriptions"],
    "organizations_url": ["https://api.github.com/users/diegohalabi/orgs"],
    "repos_url": ["https://api.github.com/users/diegohalabi/repos"],
    "events_url": ["https://api.github.com/users/diegohalabi/events{/privacy}"],
    "received_events_url": ["https://api.github.com/users/diegohalabi/received_events"],
    "type": ["User"],
    "site_admin": [false]
  }
]
