[
  {
    "login": ["vmelan"],
    "id": [23057970],
    "node_id": ["MDQ6VXNlcjIzMDU3OTcw"],
    "avatar_url": ["https://avatars3.githubusercontent.com/u/23057970?v=4"],
    "gravatar_id": [""],
    "url": ["https://api.github.com/users/vmelan"],
    "html_url": ["https://github.com/vmelan"],
    "followers_url": ["https://api.github.com/users/vmelan/followers"],
    "following_url": ["https://api.github.com/users/vmelan/following{/other_user}"],
    "gists_url": ["https://api.github.com/users/vmelan/gists{/gist_id}"],
    "starred_url": ["https://api.github.com/users/vmelan/starred{/owner}{/repo}"],
    "subscriptions_url": ["https://api.github.com/users/vmelan/subscriptions"],
    "organizations_url": ["https://api.github.com/users/vmelan/orgs"],
    "repos_url": ["https://api.github.com/users/vmelan/repos"],
    "events_url": ["https://api.github.com/users/vmelan/events{/privacy}"],
    "received_events_url": ["https://api.github.com/users/vmelan/received_events"],
    "type": ["User"],
    "site_admin": [false]
  }
]
