[
  {
    "login": ["ywskycn"],
    "id": [1824905],
    "node_id": ["MDQ6VXNlcjE4MjQ5MDU="],
    "avatar_url": ["https://avatars0.githubusercontent.com/u/1824905?v=4"],
    "gravatar_id": [""],
    "url": ["https://api.github.com/users/ywskycn"],
    "html_url": ["https://github.com/ywskycn"],
    "followers_url": ["https://api.github.com/users/ywskycn/followers"],
    "following_url": ["https://api.github.com/users/ywskycn/following{/other_user}"],
    "gists_url": ["https://api.github.com/users/ywskycn/gists{/gist_id}"],
    "starred_url": ["https://api.github.com/users/ywskycn/starred{/owner}{/repo}"],
    "subscriptions_url": ["https://api.github.com/users/ywskycn/subscriptions"],
    "organizations_url": ["https://api.github.com/users/ywskycn/orgs"],
    "repos_url": ["https://api.github.com/users/ywskycn/repos"],
    "events_url": ["https://api.github.com/users/ywskycn/events{/privacy}"],
    "received_events_url": ["https://api.github.com/users/ywskycn/received_events"],
    "type": ["User"],
    "site_admin": [false]
  }
]
