[
  {
    "login": ["Dickens-odera"],
    "id": [25624697],
    "node_id": ["MDQ6VXNlcjI1NjI0Njk3"],
    "avatar_url": ["https://avatars0.githubusercontent.com/u/25624697?v=4"],
    "gravatar_id": [""],
    "url": ["https://api.github.com/users/Dickens-odera"],
    "html_url": ["https://github.com/Dickens-odera"],
    "followers_url": ["https://api.github.com/users/Dickens-odera/followers"],
    "following_url": ["https://api.github.com/users/Dickens-odera/following{/other_user}"],
    "gists_url": ["https://api.github.com/users/Dickens-odera/gists{/gist_id}"],
    "starred_url": ["https://api.github.com/users/Dickens-odera/starred{/owner}{/repo}"],
    "subscriptions_url": ["https://api.github.com/users/Dickens-odera/subscriptions"],
    "organizations_url": ["https://api.github.com/users/Dickens-odera/orgs"],
    "repos_url": ["https://api.github.com/users/Dickens-odera/repos"],
    "events_url": ["https://api.github.com/users/Dickens-odera/events{/privacy}"],
    "received_events_url": ["https://api.github.com/users/Dickens-odera/received_events"],
    "type": ["User"],
    "site_admin": [false]
  }
]
