[
  {
    "login": ["harkanwals"],
    "id": [33413881],
    "node_id": ["MDQ6VXNlcjMzNDEzODgx"],
    "avatar_url": ["https://avatars1.githubusercontent.com/u/33413881?v=4"],
    "gravatar_id": [""],
    "url": ["https://api.github.com/users/harkanwals"],
    "html_url": ["https://github.com/harkanwals"],
    "followers_url": ["https://api.github.com/users/harkanwals/followers"],
    "following_url": ["https://api.github.com/users/harkanwals/following{/other_user}"],
    "gists_url": ["https://api.github.com/users/harkanwals/gists{/gist_id}"],
    "starred_url": ["https://api.github.com/users/harkanwals/starred{/owner}{/repo}"],
    "subscriptions_url": ["https://api.github.com/users/harkanwals/subscriptions"],
    "organizations_url": ["https://api.github.com/users/harkanwals/orgs"],
    "repos_url": ["https://api.github.com/users/harkanwals/repos"],
    "events_url": ["https://api.github.com/users/harkanwals/events{/privacy}"],
    "received_events_url": ["https://api.github.com/users/harkanwals/received_events"],
    "type": ["User"],
    "site_admin": [false]
  }
]
