[
  {
    "login": ["MilesMcBain"],
    "id": [9996346],
    "node_id": ["MDQ6VXNlcjk5OTYzNDY="],
    "avatar_url": ["https://avatars3.githubusercontent.com/u/9996346?v=4"],
    "gravatar_id": [""],
    "url": ["https://api.github.com/users/MilesMcBain"],
    "html_url": ["https://github.com/MilesMcBain"],
    "followers_url": ["https://api.github.com/users/MilesMcBain/followers"],
    "following_url": ["https://api.github.com/users/MilesMcBain/following{/other_user}"],
    "gists_url": ["https://api.github.com/users/MilesMcBain/gists{/gist_id}"],
    "starred_url": ["https://api.github.com/users/MilesMcBain/starred{/owner}{/repo}"],
    "subscriptions_url": ["https://api.github.com/users/MilesMcBain/subscriptions"],
    "organizations_url": ["https://api.github.com/users/MilesMcBain/orgs"],
    "repos_url": ["https://api.github.com/users/MilesMcBain/repos"],
    "events_url": ["https://api.github.com/users/MilesMcBain/events{/privacy}"],
    "received_events_url": ["https://api.github.com/users/MilesMcBain/received_events"],
    "type": ["User"],
    "site_admin": [false]
  }
]
