[
  {
    "login": ["eda-ricercatore"],
    "id": [18295279],
    "node_id": ["MDQ6VXNlcjE4Mjk1Mjc5"],
    "avatar_url": ["https://avatars0.githubusercontent.com/u/18295279?v=4"],
    "gravatar_id": [""],
    "url": ["https://api.github.com/users/eda-ricercatore"],
    "html_url": ["https://github.com/eda-ricercatore"],
    "followers_url": ["https://api.github.com/users/eda-ricercatore/followers"],
    "following_url": ["https://api.github.com/users/eda-ricercatore/following{/other_user}"],
    "gists_url": ["https://api.github.com/users/eda-ricercatore/gists{/gist_id}"],
    "starred_url": ["https://api.github.com/users/eda-ricercatore/starred{/owner}{/repo}"],
    "subscriptions_url": ["https://api.github.com/users/eda-ricercatore/subscriptions"],
    "organizations_url": ["https://api.github.com/users/eda-ricercatore/orgs"],
    "repos_url": ["https://api.github.com/users/eda-ricercatore/repos"],
    "events_url": ["https://api.github.com/users/eda-ricercatore/events{/privacy}"],
    "received_events_url": ["https://api.github.com/users/eda-ricercatore/received_events"],
    "type": ["User"],
    "site_admin": [false]
  }
]
