[
  {
    "login": ["adamzz01"],
    "id": [34013327],
    "node_id": ["MDQ6VXNlcjM0MDEzMzI3"],
    "avatar_url": ["https://avatars0.githubusercontent.com/u/34013327?v=4"],
    "gravatar_id": [""],
    "url": ["https://api.github.com/users/adamzz01"],
    "html_url": ["https://github.com/adamzz01"],
    "followers_url": ["https://api.github.com/users/adamzz01/followers"],
    "following_url": ["https://api.github.com/users/adamzz01/following{/other_user}"],
    "gists_url": ["https://api.github.com/users/adamzz01/gists{/gist_id}"],
    "starred_url": ["https://api.github.com/users/adamzz01/starred{/owner}{/repo}"],
    "subscriptions_url": ["https://api.github.com/users/adamzz01/subscriptions"],
    "organizations_url": ["https://api.github.com/users/adamzz01/orgs"],
    "repos_url": ["https://api.github.com/users/adamzz01/repos"],
    "events_url": ["https://api.github.com/users/adamzz01/events{/privacy}"],
    "received_events_url": ["https://api.github.com/users/adamzz01/received_events"],
    "type": ["User"],
    "site_admin": [false]
  }
]
