[
  {
    "login": ["jichangee"],
    "id": [24801847],
    "node_id": ["MDQ6VXNlcjI0ODAxODQ3"],
    "avatar_url": ["https://avatars2.githubusercontent.com/u/24801847?v=4"],
    "gravatar_id": [""],
    "url": ["https://api.github.com/users/jichangee"],
    "html_url": ["https://github.com/jichangee"],
    "followers_url": ["https://api.github.com/users/jichangee/followers"],
    "following_url": ["https://api.github.com/users/jichangee/following{/other_user}"],
    "gists_url": ["https://api.github.com/users/jichangee/gists{/gist_id}"],
    "starred_url": ["https://api.github.com/users/jichangee/starred{/owner}{/repo}"],
    "subscriptions_url": ["https://api.github.com/users/jichangee/subscriptions"],
    "organizations_url": ["https://api.github.com/users/jichangee/orgs"],
    "repos_url": ["https://api.github.com/users/jichangee/repos"],
    "events_url": ["https://api.github.com/users/jichangee/events{/privacy}"],
    "received_events_url": ["https://api.github.com/users/jichangee/received_events"],
    "type": ["User"],
    "site_admin": [false]
  }
]
