[
  {
    "login": ["shubhampachori12110095"],
    "id": [10264153],
    "node_id": ["MDQ6VXNlcjEwMjY0MTUz"],
    "avatar_url": ["https://avatars1.githubusercontent.com/u/10264153?v=4"],
    "gravatar_id": [""],
    "url": ["https://api.github.com/users/shubhampachori12110095"],
    "html_url": ["https://github.com/shubhampachori12110095"],
    "followers_url": ["https://api.github.com/users/shubhampachori12110095/followers"],
    "following_url": ["https://api.github.com/users/shubhampachori12110095/following{/other_user}"],
    "gists_url": ["https://api.github.com/users/shubhampachori12110095/gists{/gist_id}"],
    "starred_url": ["https://api.github.com/users/shubhampachori12110095/starred{/owner}{/repo}"],
    "subscriptions_url": ["https://api.github.com/users/shubhampachori12110095/subscriptions"],
    "organizations_url": ["https://api.github.com/users/shubhampachori12110095/orgs"],
    "repos_url": ["https://api.github.com/users/shubhampachori12110095/repos"],
    "events_url": ["https://api.github.com/users/shubhampachori12110095/events{/privacy}"],
    "received_events_url": ["https://api.github.com/users/shubhampachori12110095/received_events"],
    "type": ["User"],
    "site_admin": [false]
  }
]
