[
  {
    "login": ["gqlxj1987"],
    "id": [233066],
    "node_id": ["MDQ6VXNlcjIzMzA2Ng=="],
    "avatar_url": ["https://avatars1.githubusercontent.com/u/233066?v=4"],
    "gravatar_id": [""],
    "url": ["https://api.github.com/users/gqlxj1987"],
    "html_url": ["https://github.com/gqlxj1987"],
    "followers_url": ["https://api.github.com/users/gqlxj1987/followers"],
    "following_url": ["https://api.github.com/users/gqlxj1987/following{/other_user}"],
    "gists_url": ["https://api.github.com/users/gqlxj1987/gists{/gist_id}"],
    "starred_url": ["https://api.github.com/users/gqlxj1987/starred{/owner}{/repo}"],
    "subscriptions_url": ["https://api.github.com/users/gqlxj1987/subscriptions"],
    "organizations_url": ["https://api.github.com/users/gqlxj1987/orgs"],
    "repos_url": ["https://api.github.com/users/gqlxj1987/repos"],
    "events_url": ["https://api.github.com/users/gqlxj1987/events{/privacy}"],
    "received_events_url": ["https://api.github.com/users/gqlxj1987/received_events"],
    "type": ["User"],
    "site_admin": [false]
  }
]
