[
  {
    "login": ["gravitywp"],
    "id": [8477504],
    "node_id": ["MDQ6VXNlcjg0Nzc1MDQ="],
    "avatar_url": ["https://avatars3.githubusercontent.com/u/8477504?v=4"],
    "gravatar_id": [""],
    "url": ["https://api.github.com/users/gravitywp"],
    "html_url": ["https://github.com/gravitywp"],
    "followers_url": ["https://api.github.com/users/gravitywp/followers"],
    "following_url": ["https://api.github.com/users/gravitywp/following{/other_user}"],
    "gists_url": ["https://api.github.com/users/gravitywp/gists{/gist_id}"],
    "starred_url": ["https://api.github.com/users/gravitywp/starred{/owner}{/repo}"],
    "subscriptions_url": ["https://api.github.com/users/gravitywp/subscriptions"],
    "organizations_url": ["https://api.github.com/users/gravitywp/orgs"],
    "repos_url": ["https://api.github.com/users/gravitywp/repos"],
    "events_url": ["https://api.github.com/users/gravitywp/events{/privacy}"],
    "received_events_url": ["https://api.github.com/users/gravitywp/received_events"],
    "type": ["User"],
    "site_admin": [false]
  }
]
