[
  {
    "login": ["NanaAkwasiAbayieBoateng"],
    "id": [8417014],
    "node_id": ["MDQ6VXNlcjg0MTcwMTQ="],
    "avatar_url": ["https://avatars3.githubusercontent.com/u/8417014?v=4"],
    "gravatar_id": [""],
    "url": ["https://api.github.com/users/NanaAkwasiAbayieBoateng"],
    "html_url": ["https://github.com/NanaAkwasiAbayieBoateng"],
    "followers_url": ["https://api.github.com/users/NanaAkwasiAbayieBoateng/followers"],
    "following_url": ["https://api.github.com/users/NanaAkwasiAbayieBoateng/following{/other_user}"],
    "gists_url": ["https://api.github.com/users/NanaAkwasiAbayieBoateng/gists{/gist_id}"],
    "starred_url": ["https://api.github.com/users/NanaAkwasiAbayieBoateng/starred{/owner}{/repo}"],
    "subscriptions_url": ["https://api.github.com/users/NanaAkwasiAbayieBoateng/subscriptions"],
    "organizations_url": ["https://api.github.com/users/NanaAkwasiAbayieBoateng/orgs"],
    "repos_url": ["https://api.github.com/users/NanaAkwasiAbayieBoateng/repos"],
    "events_url": ["https://api.github.com/users/NanaAkwasiAbayieBoateng/events{/privacy}"],
    "received_events_url": ["https://api.github.com/users/NanaAkwasiAbayieBoateng/received_events"],
    "type": ["User"],
    "site_admin": [false]
  }
]
