[
  {
    "login": ["jk-gan"],
    "id": [7545747],
    "node_id": ["MDQ6VXNlcjc1NDU3NDc="],
    "avatar_url": ["https://avatars0.githubusercontent.com/u/7545747?v=4"],
    "gravatar_id": [""],
    "url": ["https://api.github.com/users/jk-gan"],
    "html_url": ["https://github.com/jk-gan"],
    "followers_url": ["https://api.github.com/users/jk-gan/followers"],
    "following_url": ["https://api.github.com/users/jk-gan/following{/other_user}"],
    "gists_url": ["https://api.github.com/users/jk-gan/gists{/gist_id}"],
    "starred_url": ["https://api.github.com/users/jk-gan/starred{/owner}{/repo}"],
    "subscriptions_url": ["https://api.github.com/users/jk-gan/subscriptions"],
    "organizations_url": ["https://api.github.com/users/jk-gan/orgs"],
    "repos_url": ["https://api.github.com/users/jk-gan/repos"],
    "events_url": ["https://api.github.com/users/jk-gan/events{/privacy}"],
    "received_events_url": ["https://api.github.com/users/jk-gan/received_events"],
    "type": ["User"],
    "site_admin": [false]
  }
]
