[
  {
    "login": ["wagperes"],
    "id": [2267914],
    "node_id": ["MDQ6VXNlcjIyNjc5MTQ="],
    "avatar_url": ["https://avatars2.githubusercontent.com/u/2267914?v=4"],
    "gravatar_id": [""],
    "url": ["https://api.github.com/users/wagperes"],
    "html_url": ["https://github.com/wagperes"],
    "followers_url": ["https://api.github.com/users/wagperes/followers"],
    "following_url": ["https://api.github.com/users/wagperes/following{/other_user}"],
    "gists_url": ["https://api.github.com/users/wagperes/gists{/gist_id}"],
    "starred_url": ["https://api.github.com/users/wagperes/starred{/owner}{/repo}"],
    "subscriptions_url": ["https://api.github.com/users/wagperes/subscriptions"],
    "organizations_url": ["https://api.github.com/users/wagperes/orgs"],
    "repos_url": ["https://api.github.com/users/wagperes/repos"],
    "events_url": ["https://api.github.com/users/wagperes/events{/privacy}"],
    "received_events_url": ["https://api.github.com/users/wagperes/received_events"],
    "type": ["User"],
    "site_admin": [false]
  }
]
