[
  {
    "login": ["arigroisman"],
    "id": [41212682],
    "node_id": ["MDQ6VXNlcjQxMjEyNjgy"],
    "avatar_url": ["https://avatars3.githubusercontent.com/u/41212682?v=4"],
    "gravatar_id": [""],
    "url": ["https://api.github.com/users/arigroisman"],
    "html_url": ["https://github.com/arigroisman"],
    "followers_url": ["https://api.github.com/users/arigroisman/followers"],
    "following_url": ["https://api.github.com/users/arigroisman/following{/other_user}"],
    "gists_url": ["https://api.github.com/users/arigroisman/gists{/gist_id}"],
    "starred_url": ["https://api.github.com/users/arigroisman/starred{/owner}{/repo}"],
    "subscriptions_url": ["https://api.github.com/users/arigroisman/subscriptions"],
    "organizations_url": ["https://api.github.com/users/arigroisman/orgs"],
    "repos_url": ["https://api.github.com/users/arigroisman/repos"],
    "events_url": ["https://api.github.com/users/arigroisman/events{/privacy}"],
    "received_events_url": ["https://api.github.com/users/arigroisman/received_events"],
    "type": ["User"],
    "site_admin": [false]
  }
]
