[
  {
    "login": ["Nydhal"],
    "id": [6721157],
    "node_id": ["MDQ6VXNlcjY3MjExNTc="],
    "avatar_url": ["https://avatars2.githubusercontent.com/u/6721157?v=4"],
    "gravatar_id": [""],
    "url": ["https://api.github.com/users/Nydhal"],
    "html_url": ["https://github.com/Nydhal"],
    "followers_url": ["https://api.github.com/users/Nydhal/followers"],
    "following_url": ["https://api.github.com/users/Nydhal/following{/other_user}"],
    "gists_url": ["https://api.github.com/users/Nydhal/gists{/gist_id}"],
    "starred_url": ["https://api.github.com/users/Nydhal/starred{/owner}{/repo}"],
    "subscriptions_url": ["https://api.github.com/users/Nydhal/subscriptions"],
    "organizations_url": ["https://api.github.com/users/Nydhal/orgs"],
    "repos_url": ["https://api.github.com/users/Nydhal/repos"],
    "events_url": ["https://api.github.com/users/Nydhal/events{/privacy}"],
    "received_events_url": ["https://api.github.com/users/Nydhal/received_events"],
    "type": ["User"],
    "site_admin": [false]
  }
]
