[
  {
    "login": ["kid1412z"],
    "id": [1208327],
    "node_id": ["MDQ6VXNlcjEyMDgzMjc="],
    "avatar_url": ["https://avatars1.githubusercontent.com/u/1208327?v=4"],
    "gravatar_id": [""],
    "url": ["https://api.github.com/users/kid1412z"],
    "html_url": ["https://github.com/kid1412z"],
    "followers_url": ["https://api.github.com/users/kid1412z/followers"],
    "following_url": ["https://api.github.com/users/kid1412z/following{/other_user}"],
    "gists_url": ["https://api.github.com/users/kid1412z/gists{/gist_id}"],
    "starred_url": ["https://api.github.com/users/kid1412z/starred{/owner}{/repo}"],
    "subscriptions_url": ["https://api.github.com/users/kid1412z/subscriptions"],
    "organizations_url": ["https://api.github.com/users/kid1412z/orgs"],
    "repos_url": ["https://api.github.com/users/kid1412z/repos"],
    "events_url": ["https://api.github.com/users/kid1412z/events{/privacy}"],
    "received_events_url": ["https://api.github.com/users/kid1412z/received_events"],
    "type": ["User"],
    "site_admin": [false]
  }
]
