[
  {
    "login": ["justicelee"],
    "id": [2952273],
    "node_id": ["MDQ6VXNlcjI5NTIyNzM="],
    "avatar_url": ["https://avatars3.githubusercontent.com/u/2952273?v=4"],
    "gravatar_id": [""],
    "url": ["https://api.github.com/users/justicelee"],
    "html_url": ["https://github.com/justicelee"],
    "followers_url": ["https://api.github.com/users/justicelee/followers"],
    "following_url": ["https://api.github.com/users/justicelee/following{/other_user}"],
    "gists_url": ["https://api.github.com/users/justicelee/gists{/gist_id}"],
    "starred_url": ["https://api.github.com/users/justicelee/starred{/owner}{/repo}"],
    "subscriptions_url": ["https://api.github.com/users/justicelee/subscriptions"],
    "organizations_url": ["https://api.github.com/users/justicelee/orgs"],
    "repos_url": ["https://api.github.com/users/justicelee/repos"],
    "events_url": ["https://api.github.com/users/justicelee/events{/privacy}"],
    "received_events_url": ["https://api.github.com/users/justicelee/received_events"],
    "type": ["User"],
    "site_admin": [false]
  }
]
