[
  {
    "login": ["riless"],
    "id": [1511944],
    "node_id": ["MDQ6VXNlcjE1MTE5NDQ="],
    "avatar_url": ["https://avatars3.githubusercontent.com/u/1511944?v=4"],
    "gravatar_id": [""],
    "url": ["https://api.github.com/users/riless"],
    "html_url": ["https://github.com/riless"],
    "followers_url": ["https://api.github.com/users/riless/followers"],
    "following_url": ["https://api.github.com/users/riless/following{/other_user}"],
    "gists_url": ["https://api.github.com/users/riless/gists{/gist_id}"],
    "starred_url": ["https://api.github.com/users/riless/starred{/owner}{/repo}"],
    "subscriptions_url": ["https://api.github.com/users/riless/subscriptions"],
    "organizations_url": ["https://api.github.com/users/riless/orgs"],
    "repos_url": ["https://api.github.com/users/riless/repos"],
    "events_url": ["https://api.github.com/users/riless/events{/privacy}"],
    "received_events_url": ["https://api.github.com/users/riless/received_events"],
    "type": ["User"],
    "site_admin": [false]
  }
]
