[
  {
    "login": ["legend507"],
    "id": [13175538],
    "node_id": ["MDQ6VXNlcjEzMTc1NTM4"],
    "avatar_url": ["https://avatars1.githubusercontent.com/u/13175538?v=4"],
    "gravatar_id": [""],
    "url": ["https://api.github.com/users/legend507"],
    "html_url": ["https://github.com/legend507"],
    "followers_url": ["https://api.github.com/users/legend507/followers"],
    "following_url": ["https://api.github.com/users/legend507/following{/other_user}"],
    "gists_url": ["https://api.github.com/users/legend507/gists{/gist_id}"],
    "starred_url": ["https://api.github.com/users/legend507/starred{/owner}{/repo}"],
    "subscriptions_url": ["https://api.github.com/users/legend507/subscriptions"],
    "organizations_url": ["https://api.github.com/users/legend507/orgs"],
    "repos_url": ["https://api.github.com/users/legend507/repos"],
    "events_url": ["https://api.github.com/users/legend507/events{/privacy}"],
    "received_events_url": ["https://api.github.com/users/legend507/received_events"],
    "type": ["User"],
    "site_admin": [false]
  }
]
