[
  {
    "login": ["efcaguab"],
    "id": [8033969],
    "node_id": ["MDQ6VXNlcjgwMzM5Njk="],
    "avatar_url": ["https://avatars3.githubusercontent.com/u/8033969?v=4"],
    "gravatar_id": [""],
    "url": ["https://api.github.com/users/efcaguab"],
    "html_url": ["https://github.com/efcaguab"],
    "followers_url": ["https://api.github.com/users/efcaguab/followers"],
    "following_url": ["https://api.github.com/users/efcaguab/following{/other_user}"],
    "gists_url": ["https://api.github.com/users/efcaguab/gists{/gist_id}"],
    "starred_url": ["https://api.github.com/users/efcaguab/starred{/owner}{/repo}"],
    "subscriptions_url": ["https://api.github.com/users/efcaguab/subscriptions"],
    "organizations_url": ["https://api.github.com/users/efcaguab/orgs"],
    "repos_url": ["https://api.github.com/users/efcaguab/repos"],
    "events_url": ["https://api.github.com/users/efcaguab/events{/privacy}"],
    "received_events_url": ["https://api.github.com/users/efcaguab/received_events"],
    "type": ["User"],
    "site_admin": [false]
  }
]
