[
  {
    "login": ["MomSweetMom"],
    "id": [15896679],
    "node_id": ["MDQ6VXNlcjE1ODk2Njc5"],
    "avatar_url": ["https://avatars2.githubusercontent.com/u/15896679?v=4"],
    "gravatar_id": [""],
    "url": ["https://api.github.com/users/MomSweetMom"],
    "html_url": ["https://github.com/MomSweetMom"],
    "followers_url": ["https://api.github.com/users/MomSweetMom/followers"],
    "following_url": ["https://api.github.com/users/MomSweetMom/following{/other_user}"],
    "gists_url": ["https://api.github.com/users/MomSweetMom/gists{/gist_id}"],
    "starred_url": ["https://api.github.com/users/MomSweetMom/starred{/owner}{/repo}"],
    "subscriptions_url": ["https://api.github.com/users/MomSweetMom/subscriptions"],
    "organizations_url": ["https://api.github.com/users/MomSweetMom/orgs"],
    "repos_url": ["https://api.github.com/users/MomSweetMom/repos"],
    "events_url": ["https://api.github.com/users/MomSweetMom/events{/privacy}"],
    "received_events_url": ["https://api.github.com/users/MomSweetMom/received_events"],
    "type": ["User"],
    "site_admin": [false]
  }
]
