[
  {
    "login": ["Itackin"],
    "id": [15799995],
    "node_id": ["MDQ6VXNlcjE1Nzk5OTk1"],
    "avatar_url": ["https://avatars3.githubusercontent.com/u/15799995?v=4"],
    "gravatar_id": [""],
    "url": ["https://api.github.com/users/Itackin"],
    "html_url": ["https://github.com/Itackin"],
    "followers_url": ["https://api.github.com/users/Itackin/followers"],
    "following_url": ["https://api.github.com/users/Itackin/following{/other_user}"],
    "gists_url": ["https://api.github.com/users/Itackin/gists{/gist_id}"],
    "starred_url": ["https://api.github.com/users/Itackin/starred{/owner}{/repo}"],
    "subscriptions_url": ["https://api.github.com/users/Itackin/subscriptions"],
    "organizations_url": ["https://api.github.com/users/Itackin/orgs"],
    "repos_url": ["https://api.github.com/users/Itackin/repos"],
    "events_url": ["https://api.github.com/users/Itackin/events{/privacy}"],
    "received_events_url": ["https://api.github.com/users/Itackin/received_events"],
    "type": ["User"],
    "site_admin": [false]
  }
]
