[
  {
    "login": ["hectormtc"],
    "id": [29613341],
    "node_id": ["MDQ6VXNlcjI5NjEzMzQx"],
    "avatar_url": ["https://avatars2.githubusercontent.com/u/29613341?v=4"],
    "gravatar_id": [""],
    "url": ["https://api.github.com/users/hectormtc"],
    "html_url": ["https://github.com/hectormtc"],
    "followers_url": ["https://api.github.com/users/hectormtc/followers"],
    "following_url": ["https://api.github.com/users/hectormtc/following{/other_user}"],
    "gists_url": ["https://api.github.com/users/hectormtc/gists{/gist_id}"],
    "starred_url": ["https://api.github.com/users/hectormtc/starred{/owner}{/repo}"],
    "subscriptions_url": ["https://api.github.com/users/hectormtc/subscriptions"],
    "organizations_url": ["https://api.github.com/users/hectormtc/orgs"],
    "repos_url": ["https://api.github.com/users/hectormtc/repos"],
    "events_url": ["https://api.github.com/users/hectormtc/events{/privacy}"],
    "received_events_url": ["https://api.github.com/users/hectormtc/received_events"],
    "type": ["User"],
    "site_admin": [false]
  }
]
