[
  {
    "login": ["testtwouser"],
    "id": [44413530],
    "node_id": ["MDQ6VXNlcjQ0NDEzNTMw"],
    "avatar_url": ["https://avatars2.githubusercontent.com/u/44413530?v=4"],
    "gravatar_id": [""],
    "url": ["https://api.github.com/users/testtwouser"],
    "html_url": ["https://github.com/testtwouser"],
    "followers_url": ["https://api.github.com/users/testtwouser/followers"],
    "following_url": ["https://api.github.com/users/testtwouser/following{/other_user}"],
    "gists_url": ["https://api.github.com/users/testtwouser/gists{/gist_id}"],
    "starred_url": ["https://api.github.com/users/testtwouser/starred{/owner}{/repo}"],
    "subscriptions_url": ["https://api.github.com/users/testtwouser/subscriptions"],
    "organizations_url": ["https://api.github.com/users/testtwouser/orgs"],
    "repos_url": ["https://api.github.com/users/testtwouser/repos"],
    "events_url": ["https://api.github.com/users/testtwouser/events{/privacy}"],
    "received_events_url": ["https://api.github.com/users/testtwouser/received_events"],
    "type": ["User"],
    "site_admin": [false]
  }
]
