[
  {
    "login": ["suzhenghang"],
    "id": [8575329],
    "node_id": ["MDQ6VXNlcjg1NzUzMjk="],
    "avatar_url": ["https://avatars0.githubusercontent.com/u/8575329?v=4"],
    "gravatar_id": [""],
    "url": ["https://api.github.com/users/suzhenghang"],
    "html_url": ["https://github.com/suzhenghang"],
    "followers_url": ["https://api.github.com/users/suzhenghang/followers"],
    "following_url": ["https://api.github.com/users/suzhenghang/following{/other_user}"],
    "gists_url": ["https://api.github.com/users/suzhenghang/gists{/gist_id}"],
    "starred_url": ["https://api.github.com/users/suzhenghang/starred{/owner}{/repo}"],
    "subscriptions_url": ["https://api.github.com/users/suzhenghang/subscriptions"],
    "organizations_url": ["https://api.github.com/users/suzhenghang/orgs"],
    "repos_url": ["https://api.github.com/users/suzhenghang/repos"],
    "events_url": ["https://api.github.com/users/suzhenghang/events{/privacy}"],
    "received_events_url": ["https://api.github.com/users/suzhenghang/received_events"],
    "type": ["User"],
    "site_admin": [false]
  }
]
