[
  {
    "login": ["zhulugithub"],
    "id": [21163099],
    "node_id": ["MDQ6VXNlcjIxMTYzMDk5"],
    "avatar_url": ["https://avatars1.githubusercontent.com/u/21163099?v=4"],
    "gravatar_id": [""],
    "url": ["https://api.github.com/users/zhulugithub"],
    "html_url": ["https://github.com/zhulugithub"],
    "followers_url": ["https://api.github.com/users/zhulugithub/followers"],
    "following_url": ["https://api.github.com/users/zhulugithub/following{/other_user}"],
    "gists_url": ["https://api.github.com/users/zhulugithub/gists{/gist_id}"],
    "starred_url": ["https://api.github.com/users/zhulugithub/starred{/owner}{/repo}"],
    "subscriptions_url": ["https://api.github.com/users/zhulugithub/subscriptions"],
    "organizations_url": ["https://api.github.com/users/zhulugithub/orgs"],
    "repos_url": ["https://api.github.com/users/zhulugithub/repos"],
    "events_url": ["https://api.github.com/users/zhulugithub/events{/privacy}"],
    "received_events_url": ["https://api.github.com/users/zhulugithub/received_events"],
    "type": ["User"],
    "site_admin": [false]
  }
]
