[
  {
    "login": ["shenxiangzhuang"],
    "id": [17157965],
    "node_id": ["MDQ6VXNlcjE3MTU3OTY1"],
    "avatar_url": ["https://avatars2.githubusercontent.com/u/17157965?v=4"],
    "gravatar_id": [""],
    "url": ["https://api.github.com/users/shenxiangzhuang"],
    "html_url": ["https://github.com/shenxiangzhuang"],
    "followers_url": ["https://api.github.com/users/shenxiangzhuang/followers"],
    "following_url": ["https://api.github.com/users/shenxiangzhuang/following{/other_user}"],
    "gists_url": ["https://api.github.com/users/shenxiangzhuang/gists{/gist_id}"],
    "starred_url": ["https://api.github.com/users/shenxiangzhuang/starred{/owner}{/repo}"],
    "subscriptions_url": ["https://api.github.com/users/shenxiangzhuang/subscriptions"],
    "organizations_url": ["https://api.github.com/users/shenxiangzhuang/orgs"],
    "repos_url": ["https://api.github.com/users/shenxiangzhuang/repos"],
    "events_url": ["https://api.github.com/users/shenxiangzhuang/events{/privacy}"],
    "received_events_url": ["https://api.github.com/users/shenxiangzhuang/received_events"],
    "type": ["User"],
    "site_admin": [false]
  }
]
