[
  {
    "login": ["duyuankai1992"],
    "id": [30469067],
    "node_id": ["MDQ6VXNlcjMwNDY5MDY3"],
    "avatar_url": ["https://avatars2.githubusercontent.com/u/30469067?v=4"],
    "gravatar_id": [""],
    "url": ["https://api.github.com/users/duyuankai1992"],
    "html_url": ["https://github.com/duyuankai1992"],
    "followers_url": ["https://api.github.com/users/duyuankai1992/followers"],
    "following_url": ["https://api.github.com/users/duyuankai1992/following{/other_user}"],
    "gists_url": ["https://api.github.com/users/duyuankai1992/gists{/gist_id}"],
    "starred_url": ["https://api.github.com/users/duyuankai1992/starred{/owner}{/repo}"],
    "subscriptions_url": ["https://api.github.com/users/duyuankai1992/subscriptions"],
    "organizations_url": ["https://api.github.com/users/duyuankai1992/orgs"],
    "repos_url": ["https://api.github.com/users/duyuankai1992/repos"],
    "events_url": ["https://api.github.com/users/duyuankai1992/events{/privacy}"],
    "received_events_url": ["https://api.github.com/users/duyuankai1992/received_events"],
    "type": ["User"],
    "site_admin": [false]
  }
]
