[
  {
    "login": ["lychristy"],
    "id": [10456101],
    "node_id": ["MDQ6VXNlcjEwNDU2MTAx"],
    "avatar_url": ["https://avatars1.githubusercontent.com/u/10456101?v=4"],
    "gravatar_id": [""],
    "url": ["https://api.github.com/users/lychristy"],
    "html_url": ["https://github.com/lychristy"],
    "followers_url": ["https://api.github.com/users/lychristy/followers"],
    "following_url": ["https://api.github.com/users/lychristy/following{/other_user}"],
    "gists_url": ["https://api.github.com/users/lychristy/gists{/gist_id}"],
    "starred_url": ["https://api.github.com/users/lychristy/starred{/owner}{/repo}"],
    "subscriptions_url": ["https://api.github.com/users/lychristy/subscriptions"],
    "organizations_url": ["https://api.github.com/users/lychristy/orgs"],
    "repos_url": ["https://api.github.com/users/lychristy/repos"],
    "events_url": ["https://api.github.com/users/lychristy/events{/privacy}"],
    "received_events_url": ["https://api.github.com/users/lychristy/received_events"],
    "type": ["User"],
    "site_admin": [false]
  }
]
