[
  {
    "login": ["liu431"],
    "id": [29471085],
    "node_id": ["MDQ6VXNlcjI5NDcxMDg1"],
    "avatar_url": ["https://avatars2.githubusercontent.com/u/29471085?v=4"],
    "gravatar_id": [""],
    "url": ["https://api.github.com/users/liu431"],
    "html_url": ["https://github.com/liu431"],
    "followers_url": ["https://api.github.com/users/liu431/followers"],
    "following_url": ["https://api.github.com/users/liu431/following{/other_user}"],
    "gists_url": ["https://api.github.com/users/liu431/gists{/gist_id}"],
    "starred_url": ["https://api.github.com/users/liu431/starred{/owner}{/repo}"],
    "subscriptions_url": ["https://api.github.com/users/liu431/subscriptions"],
    "organizations_url": ["https://api.github.com/users/liu431/orgs"],
    "repos_url": ["https://api.github.com/users/liu431/repos"],
    "events_url": ["https://api.github.com/users/liu431/events{/privacy}"],
    "received_events_url": ["https://api.github.com/users/liu431/received_events"],
    "type": ["User"],
    "site_admin": [false]
  }
]
