[
  {
    "login": ["hangcheers"],
    "id": [43411453],
    "node_id": ["MDQ6VXNlcjQzNDExNDUz"],
    "avatar_url": ["https://avatars1.githubusercontent.com/u/43411453?v=4"],
    "gravatar_id": [""],
    "url": ["https://api.github.com/users/hangcheers"],
    "html_url": ["https://github.com/hangcheers"],
    "followers_url": ["https://api.github.com/users/hangcheers/followers"],
    "following_url": ["https://api.github.com/users/hangcheers/following{/other_user}"],
    "gists_url": ["https://api.github.com/users/hangcheers/gists{/gist_id}"],
    "starred_url": ["https://api.github.com/users/hangcheers/starred{/owner}{/repo}"],
    "subscriptions_url": ["https://api.github.com/users/hangcheers/subscriptions"],
    "organizations_url": ["https://api.github.com/users/hangcheers/orgs"],
    "repos_url": ["https://api.github.com/users/hangcheers/repos"],
    "events_url": ["https://api.github.com/users/hangcheers/events{/privacy}"],
    "received_events_url": ["https://api.github.com/users/hangcheers/received_events"],
    "type": ["User"],
    "site_admin": [false]
  }
]
