[
  {
    "login": ["panshi-wang"],
    "id": [18292322],
    "node_id": ["MDQ6VXNlcjE4MjkyMzIy"],
    "avatar_url": ["https://avatars3.githubusercontent.com/u/18292322?v=4"],
    "gravatar_id": [""],
    "url": ["https://api.github.com/users/panshi-wang"],
    "html_url": ["https://github.com/panshi-wang"],
    "followers_url": ["https://api.github.com/users/panshi-wang/followers"],
    "following_url": ["https://api.github.com/users/panshi-wang/following{/other_user}"],
    "gists_url": ["https://api.github.com/users/panshi-wang/gists{/gist_id}"],
    "starred_url": ["https://api.github.com/users/panshi-wang/starred{/owner}{/repo}"],
    "subscriptions_url": ["https://api.github.com/users/panshi-wang/subscriptions"],
    "organizations_url": ["https://api.github.com/users/panshi-wang/orgs"],
    "repos_url": ["https://api.github.com/users/panshi-wang/repos"],
    "events_url": ["https://api.github.com/users/panshi-wang/events{/privacy}"],
    "received_events_url": ["https://api.github.com/users/panshi-wang/received_events"],
    "type": ["User"],
    "site_admin": [false]
  }
]
