[
  {
    "login": ["cZachJohnson"],
    "id": [42352464],
    "node_id": ["MDQ6VXNlcjQyMzUyNDY0"],
    "avatar_url": ["https://avatars1.githubusercontent.com/u/42352464?v=4"],
    "gravatar_id": [""],
    "url": ["https://api.github.com/users/cZachJohnson"],
    "html_url": ["https://github.com/cZachJohnson"],
    "followers_url": ["https://api.github.com/users/cZachJohnson/followers"],
    "following_url": ["https://api.github.com/users/cZachJohnson/following{/other_user}"],
    "gists_url": ["https://api.github.com/users/cZachJohnson/gists{/gist_id}"],
    "starred_url": ["https://api.github.com/users/cZachJohnson/starred{/owner}{/repo}"],
    "subscriptions_url": ["https://api.github.com/users/cZachJohnson/subscriptions"],
    "organizations_url": ["https://api.github.com/users/cZachJohnson/orgs"],
    "repos_url": ["https://api.github.com/users/cZachJohnson/repos"],
    "events_url": ["https://api.github.com/users/cZachJohnson/events{/privacy}"],
    "received_events_url": ["https://api.github.com/users/cZachJohnson/received_events"],
    "type": ["User"],
    "site_admin": [false]
  }
]
