[
  {
    "login": ["weijian001"],
    "id": [18544010],
    "node_id": ["MDQ6VXNlcjE4NTQ0MDEw"],
    "avatar_url": ["https://avatars1.githubusercontent.com/u/18544010?v=4"],
    "gravatar_id": [""],
    "url": ["https://api.github.com/users/weijian001"],
    "html_url": ["https://github.com/weijian001"],
    "followers_url": ["https://api.github.com/users/weijian001/followers"],
    "following_url": ["https://api.github.com/users/weijian001/following{/other_user}"],
    "gists_url": ["https://api.github.com/users/weijian001/gists{/gist_id}"],
    "starred_url": ["https://api.github.com/users/weijian001/starred{/owner}{/repo}"],
    "subscriptions_url": ["https://api.github.com/users/weijian001/subscriptions"],
    "organizations_url": ["https://api.github.com/users/weijian001/orgs"],
    "repos_url": ["https://api.github.com/users/weijian001/repos"],
    "events_url": ["https://api.github.com/users/weijian001/events{/privacy}"],
    "received_events_url": ["https://api.github.com/users/weijian001/received_events"],
    "type": ["User"],
    "site_admin": [false]
  }
]
