[
  {
    "login": ["jinangela"],
    "id": [12730488],
    "node_id": ["MDQ6VXNlcjEyNzMwNDg4"],
    "avatar_url": ["https://avatars1.githubusercontent.com/u/12730488?v=4"],
    "gravatar_id": [""],
    "url": ["https://api.github.com/users/jinangela"],
    "html_url": ["https://github.com/jinangela"],
    "followers_url": ["https://api.github.com/users/jinangela/followers"],
    "following_url": ["https://api.github.com/users/jinangela/following{/other_user}"],
    "gists_url": ["https://api.github.com/users/jinangela/gists{/gist_id}"],
    "starred_url": ["https://api.github.com/users/jinangela/starred{/owner}{/repo}"],
    "subscriptions_url": ["https://api.github.com/users/jinangela/subscriptions"],
    "organizations_url": ["https://api.github.com/users/jinangela/orgs"],
    "repos_url": ["https://api.github.com/users/jinangela/repos"],
    "events_url": ["https://api.github.com/users/jinangela/events{/privacy}"],
    "received_events_url": ["https://api.github.com/users/jinangela/received_events"],
    "type": ["User"],
    "site_admin": [false]
  }
]
