[
  {
    "login": ["eduardoschk"],
    "id": [20307800],
    "node_id": ["MDQ6VXNlcjIwMzA3ODAw"],
    "avatar_url": ["https://avatars2.githubusercontent.com/u/20307800?v=4"],
    "gravatar_id": [""],
    "url": ["https://api.github.com/users/eduardoschk"],
    "html_url": ["https://github.com/eduardoschk"],
    "followers_url": ["https://api.github.com/users/eduardoschk/followers"],
    "following_url": ["https://api.github.com/users/eduardoschk/following{/other_user}"],
    "gists_url": ["https://api.github.com/users/eduardoschk/gists{/gist_id}"],
    "starred_url": ["https://api.github.com/users/eduardoschk/starred{/owner}{/repo}"],
    "subscriptions_url": ["https://api.github.com/users/eduardoschk/subscriptions"],
    "organizations_url": ["https://api.github.com/users/eduardoschk/orgs"],
    "repos_url": ["https://api.github.com/users/eduardoschk/repos"],
    "events_url": ["https://api.github.com/users/eduardoschk/events{/privacy}"],
    "received_events_url": ["https://api.github.com/users/eduardoschk/received_events"],
    "type": ["User"],
    "site_admin": [false]
  }
]
