[
  {
    "login": ["zhcv"],
    "id": [21541033],
    "node_id": ["MDQ6VXNlcjIxNTQxMDMz"],
    "avatar_url": ["https://avatars3.githubusercontent.com/u/21541033?v=4"],
    "gravatar_id": [""],
    "url": ["https://api.github.com/users/zhcv"],
    "html_url": ["https://github.com/zhcv"],
    "followers_url": ["https://api.github.com/users/zhcv/followers"],
    "following_url": ["https://api.github.com/users/zhcv/following{/other_user}"],
    "gists_url": ["https://api.github.com/users/zhcv/gists{/gist_id}"],
    "starred_url": ["https://api.github.com/users/zhcv/starred{/owner}{/repo}"],
    "subscriptions_url": ["https://api.github.com/users/zhcv/subscriptions"],
    "organizations_url": ["https://api.github.com/users/zhcv/orgs"],
    "repos_url": ["https://api.github.com/users/zhcv/repos"],
    "events_url": ["https://api.github.com/users/zhcv/events{/privacy}"],
    "received_events_url": ["https://api.github.com/users/zhcv/received_events"],
    "type": ["User"],
    "site_admin": [false]
  }
]
