[
  {
    "login": ["tusonggao"],
    "id": [19642290],
    "node_id": ["MDQ6VXNlcjE5NjQyMjkw"],
    "avatar_url": ["https://avatars1.githubusercontent.com/u/19642290?v=4"],
    "gravatar_id": [""],
    "url": ["https://api.github.com/users/tusonggao"],
    "html_url": ["https://github.com/tusonggao"],
    "followers_url": ["https://api.github.com/users/tusonggao/followers"],
    "following_url": ["https://api.github.com/users/tusonggao/following{/other_user}"],
    "gists_url": ["https://api.github.com/users/tusonggao/gists{/gist_id}"],
    "starred_url": ["https://api.github.com/users/tusonggao/starred{/owner}{/repo}"],
    "subscriptions_url": ["https://api.github.com/users/tusonggao/subscriptions"],
    "organizations_url": ["https://api.github.com/users/tusonggao/orgs"],
    "repos_url": ["https://api.github.com/users/tusonggao/repos"],
    "events_url": ["https://api.github.com/users/tusonggao/events{/privacy}"],
    "received_events_url": ["https://api.github.com/users/tusonggao/received_events"],
    "type": ["User"],
    "site_admin": [false]
  }
]
