[
  {
    "login": ["khairooo"],
    "id": [37207534],
    "node_id": ["MDQ6VXNlcjM3MjA3NTM0"],
    "avatar_url": ["https://avatars2.githubusercontent.com/u/37207534?v=4"],
    "gravatar_id": [""],
    "url": ["https://api.github.com/users/khairooo"],
    "html_url": ["https://github.com/khairooo"],
    "followers_url": ["https://api.github.com/users/khairooo/followers"],
    "following_url": ["https://api.github.com/users/khairooo/following{/other_user}"],
    "gists_url": ["https://api.github.com/users/khairooo/gists{/gist_id}"],
    "starred_url": ["https://api.github.com/users/khairooo/starred{/owner}{/repo}"],
    "subscriptions_url": ["https://api.github.com/users/khairooo/subscriptions"],
    "organizations_url": ["https://api.github.com/users/khairooo/orgs"],
    "repos_url": ["https://api.github.com/users/khairooo/repos"],
    "events_url": ["https://api.github.com/users/khairooo/events{/privacy}"],
    "received_events_url": ["https://api.github.com/users/khairooo/received_events"],
    "type": ["User"],
    "site_admin": [false]
  }
]
