[
  {
    "login": ["jileiahaha"],
    "id": [39719268],
    "node_id": ["MDQ6VXNlcjM5NzE5MjY4"],
    "avatar_url": ["https://avatars1.githubusercontent.com/u/39719268?v=4"],
    "gravatar_id": [""],
    "url": ["https://api.github.com/users/jileiahaha"],
    "html_url": ["https://github.com/jileiahaha"],
    "followers_url": ["https://api.github.com/users/jileiahaha/followers"],
    "following_url": ["https://api.github.com/users/jileiahaha/following{/other_user}"],
    "gists_url": ["https://api.github.com/users/jileiahaha/gists{/gist_id}"],
    "starred_url": ["https://api.github.com/users/jileiahaha/starred{/owner}{/repo}"],
    "subscriptions_url": ["https://api.github.com/users/jileiahaha/subscriptions"],
    "organizations_url": ["https://api.github.com/users/jileiahaha/orgs"],
    "repos_url": ["https://api.github.com/users/jileiahaha/repos"],
    "events_url": ["https://api.github.com/users/jileiahaha/events{/privacy}"],
    "received_events_url": ["https://api.github.com/users/jileiahaha/received_events"],
    "type": ["User"],
    "site_admin": [false]
  }
]
