[
  {
    "login": ["zakariaelaimani"],
    "id": [16206062],
    "node_id": ["MDQ6VXNlcjE2MjA2MDYy"],
    "avatar_url": ["https://avatars3.githubusercontent.com/u/16206062?v=4"],
    "gravatar_id": [""],
    "url": ["https://api.github.com/users/zakariaelaimani"],
    "html_url": ["https://github.com/zakariaelaimani"],
    "followers_url": ["https://api.github.com/users/zakariaelaimani/followers"],
    "following_url": ["https://api.github.com/users/zakariaelaimani/following{/other_user}"],
    "gists_url": ["https://api.github.com/users/zakariaelaimani/gists{/gist_id}"],
    "starred_url": ["https://api.github.com/users/zakariaelaimani/starred{/owner}{/repo}"],
    "subscriptions_url": ["https://api.github.com/users/zakariaelaimani/subscriptions"],
    "organizations_url": ["https://api.github.com/users/zakariaelaimani/orgs"],
    "repos_url": ["https://api.github.com/users/zakariaelaimani/repos"],
    "events_url": ["https://api.github.com/users/zakariaelaimani/events{/privacy}"],
    "received_events_url": ["https://api.github.com/users/zakariaelaimani/received_events"],
    "type": ["User"],
    "site_admin": [false]
  }
]
