[
  {
    "login": ["himanshusin"],
    "id": [8253586],
    "node_id": ["MDQ6VXNlcjgyNTM1ODY="],
    "avatar_url": ["https://avatars1.githubusercontent.com/u/8253586?v=4"],
    "gravatar_id": [""],
    "url": ["https://api.github.com/users/himanshusin"],
    "html_url": ["https://github.com/himanshusin"],
    "followers_url": ["https://api.github.com/users/himanshusin/followers"],
    "following_url": ["https://api.github.com/users/himanshusin/following{/other_user}"],
    "gists_url": ["https://api.github.com/users/himanshusin/gists{/gist_id}"],
    "starred_url": ["https://api.github.com/users/himanshusin/starred{/owner}{/repo}"],
    "subscriptions_url": ["https://api.github.com/users/himanshusin/subscriptions"],
    "organizations_url": ["https://api.github.com/users/himanshusin/orgs"],
    "repos_url": ["https://api.github.com/users/himanshusin/repos"],
    "events_url": ["https://api.github.com/users/himanshusin/events{/privacy}"],
    "received_events_url": ["https://api.github.com/users/himanshusin/received_events"],
    "type": ["User"],
    "site_admin": [false]
  }
]
