[
  {
    "login": ["nikhilshekhar"],
    "id": [10365908],
    "node_id": ["MDQ6VXNlcjEwMzY1OTA4"],
    "avatar_url": ["https://avatars0.githubusercontent.com/u/10365908?v=4"],
    "gravatar_id": [""],
    "url": ["https://api.github.com/users/nikhilshekhar"],
    "html_url": ["https://github.com/nikhilshekhar"],
    "followers_url": ["https://api.github.com/users/nikhilshekhar/followers"],
    "following_url": ["https://api.github.com/users/nikhilshekhar/following{/other_user}"],
    "gists_url": ["https://api.github.com/users/nikhilshekhar/gists{/gist_id}"],
    "starred_url": ["https://api.github.com/users/nikhilshekhar/starred{/owner}{/repo}"],
    "subscriptions_url": ["https://api.github.com/users/nikhilshekhar/subscriptions"],
    "organizations_url": ["https://api.github.com/users/nikhilshekhar/orgs"],
    "repos_url": ["https://api.github.com/users/nikhilshekhar/repos"],
    "events_url": ["https://api.github.com/users/nikhilshekhar/events{/privacy}"],
    "received_events_url": ["https://api.github.com/users/nikhilshekhar/received_events"],
    "type": ["User"],
    "site_admin": [false]
  }
]
