[
  {
    "login": ["TooSchoolForCool"],
    "id": [17400901],
    "node_id": ["MDQ6VXNlcjE3NDAwOTAx"],
    "avatar_url": ["https://avatars1.githubusercontent.com/u/17400901?v=4"],
    "gravatar_id": [""],
    "url": ["https://api.github.com/users/TooSchoolForCool"],
    "html_url": ["https://github.com/TooSchoolForCool"],
    "followers_url": ["https://api.github.com/users/TooSchoolForCool/followers"],
    "following_url": ["https://api.github.com/users/TooSchoolForCool/following{/other_user}"],
    "gists_url": ["https://api.github.com/users/TooSchoolForCool/gists{/gist_id}"],
    "starred_url": ["https://api.github.com/users/TooSchoolForCool/starred{/owner}{/repo}"],
    "subscriptions_url": ["https://api.github.com/users/TooSchoolForCool/subscriptions"],
    "organizations_url": ["https://api.github.com/users/TooSchoolForCool/orgs"],
    "repos_url": ["https://api.github.com/users/TooSchoolForCool/repos"],
    "events_url": ["https://api.github.com/users/TooSchoolForCool/events{/privacy}"],
    "received_events_url": ["https://api.github.com/users/TooSchoolForCool/received_events"],
    "type": ["User"],
    "site_admin": [false]
  }
]
