[
  {
    "login": ["xinxiaozhe12345"],
    "id": [10916523],
    "node_id": ["MDQ6VXNlcjEwOTE2NTIz"],
    "avatar_url": ["https://avatars1.githubusercontent.com/u/10916523?v=4"],
    "gravatar_id": [""],
    "url": ["https://api.github.com/users/xinxiaozhe12345"],
    "html_url": ["https://github.com/xinxiaozhe12345"],
    "followers_url": ["https://api.github.com/users/xinxiaozhe12345/followers"],
    "following_url": ["https://api.github.com/users/xinxiaozhe12345/following{/other_user}"],
    "gists_url": ["https://api.github.com/users/xinxiaozhe12345/gists{/gist_id}"],
    "starred_url": ["https://api.github.com/users/xinxiaozhe12345/starred{/owner}{/repo}"],
    "subscriptions_url": ["https://api.github.com/users/xinxiaozhe12345/subscriptions"],
    "organizations_url": ["https://api.github.com/users/xinxiaozhe12345/orgs"],
    "repos_url": ["https://api.github.com/users/xinxiaozhe12345/repos"],
    "events_url": ["https://api.github.com/users/xinxiaozhe12345/events{/privacy}"],
    "received_events_url": ["https://api.github.com/users/xinxiaozhe12345/received_events"],
    "type": ["User"],
    "site_admin": [false]
  }
]
