[
  {
    "login": ["freytheviking"],
    "id": [16825648],
    "node_id": ["MDQ6VXNlcjE2ODI1NjQ4"],
    "avatar_url": ["https://avatars3.githubusercontent.com/u/16825648?v=4"],
    "gravatar_id": [""],
    "url": ["https://api.github.com/users/freytheviking"],
    "html_url": ["https://github.com/freytheviking"],
    "followers_url": ["https://api.github.com/users/freytheviking/followers"],
    "following_url": ["https://api.github.com/users/freytheviking/following{/other_user}"],
    "gists_url": ["https://api.github.com/users/freytheviking/gists{/gist_id}"],
    "starred_url": ["https://api.github.com/users/freytheviking/starred{/owner}{/repo}"],
    "subscriptions_url": ["https://api.github.com/users/freytheviking/subscriptions"],
    "organizations_url": ["https://api.github.com/users/freytheviking/orgs"],
    "repos_url": ["https://api.github.com/users/freytheviking/repos"],
    "events_url": ["https://api.github.com/users/freytheviking/events{/privacy}"],
    "received_events_url": ["https://api.github.com/users/freytheviking/received_events"],
    "type": ["User"],
    "site_admin": [false]
  }
]
