[
  {
    "login": ["tigerjim"],
    "id": [16160668],
    "node_id": ["MDQ6VXNlcjE2MTYwNjY4"],
    "avatar_url": ["https://avatars2.githubusercontent.com/u/16160668?v=4"],
    "gravatar_id": [""],
    "url": ["https://api.github.com/users/tigerjim"],
    "html_url": ["https://github.com/tigerjim"],
    "followers_url": ["https://api.github.com/users/tigerjim/followers"],
    "following_url": ["https://api.github.com/users/tigerjim/following{/other_user}"],
    "gists_url": ["https://api.github.com/users/tigerjim/gists{/gist_id}"],
    "starred_url": ["https://api.github.com/users/tigerjim/starred{/owner}{/repo}"],
    "subscriptions_url": ["https://api.github.com/users/tigerjim/subscriptions"],
    "organizations_url": ["https://api.github.com/users/tigerjim/orgs"],
    "repos_url": ["https://api.github.com/users/tigerjim/repos"],
    "events_url": ["https://api.github.com/users/tigerjim/events{/privacy}"],
    "received_events_url": ["https://api.github.com/users/tigerjim/received_events"],
    "type": ["User"],
    "site_admin": [false]
  }
]
