[
  {
    "login": ["sriharsha0806"],
    "id": [6563096],
    "node_id": ["MDQ6VXNlcjY1NjMwOTY="],
    "avatar_url": ["https://avatars1.githubusercontent.com/u/6563096?v=4"],
    "gravatar_id": [""],
    "url": ["https://api.github.com/users/sriharsha0806"],
    "html_url": ["https://github.com/sriharsha0806"],
    "followers_url": ["https://api.github.com/users/sriharsha0806/followers"],
    "following_url": ["https://api.github.com/users/sriharsha0806/following{/other_user}"],
    "gists_url": ["https://api.github.com/users/sriharsha0806/gists{/gist_id}"],
    "starred_url": ["https://api.github.com/users/sriharsha0806/starred{/owner}{/repo}"],
    "subscriptions_url": ["https://api.github.com/users/sriharsha0806/subscriptions"],
    "organizations_url": ["https://api.github.com/users/sriharsha0806/orgs"],
    "repos_url": ["https://api.github.com/users/sriharsha0806/repos"],
    "events_url": ["https://api.github.com/users/sriharsha0806/events{/privacy}"],
    "received_events_url": ["https://api.github.com/users/sriharsha0806/received_events"],
    "type": ["User"],
    "site_admin": [false]
  }
]
