[
  {
    "login": ["sshangtong"],
    "id": [4918063],
    "node_id": ["MDQ6VXNlcjQ5MTgwNjM="],
    "avatar_url": ["https://avatars0.githubusercontent.com/u/4918063?v=4"],
    "gravatar_id": [""],
    "url": ["https://api.github.com/users/sshangtong"],
    "html_url": ["https://github.com/sshangtong"],
    "followers_url": ["https://api.github.com/users/sshangtong/followers"],
    "following_url": ["https://api.github.com/users/sshangtong/following{/other_user}"],
    "gists_url": ["https://api.github.com/users/sshangtong/gists{/gist_id}"],
    "starred_url": ["https://api.github.com/users/sshangtong/starred{/owner}{/repo}"],
    "subscriptions_url": ["https://api.github.com/users/sshangtong/subscriptions"],
    "organizations_url": ["https://api.github.com/users/sshangtong/orgs"],
    "repos_url": ["https://api.github.com/users/sshangtong/repos"],
    "events_url": ["https://api.github.com/users/sshangtong/events{/privacy}"],
    "received_events_url": ["https://api.github.com/users/sshangtong/received_events"],
    "type": ["User"],
    "site_admin": [false]
  }
]
