[
  {
    "login": ["MaximusWudy"],
    "id": [12496921],
    "node_id": ["MDQ6VXNlcjEyNDk2OTIx"],
    "avatar_url": ["https://avatars0.githubusercontent.com/u/12496921?v=4"],
    "gravatar_id": [""],
    "url": ["https://api.github.com/users/MaximusWudy"],
    "html_url": ["https://github.com/MaximusWudy"],
    "followers_url": ["https://api.github.com/users/MaximusWudy/followers"],
    "following_url": ["https://api.github.com/users/MaximusWudy/following{/other_user}"],
    "gists_url": ["https://api.github.com/users/MaximusWudy/gists{/gist_id}"],
    "starred_url": ["https://api.github.com/users/MaximusWudy/starred{/owner}{/repo}"],
    "subscriptions_url": ["https://api.github.com/users/MaximusWudy/subscriptions"],
    "organizations_url": ["https://api.github.com/users/MaximusWudy/orgs"],
    "repos_url": ["https://api.github.com/users/MaximusWudy/repos"],
    "events_url": ["https://api.github.com/users/MaximusWudy/events{/privacy}"],
    "received_events_url": ["https://api.github.com/users/MaximusWudy/received_events"],
    "type": ["User"],
    "site_admin": [false]
  }
]
