[
  {
    "login": ["zhangxiaodi"],
    "id": [8230223],
    "node_id": ["MDQ6VXNlcjgyMzAyMjM="],
    "avatar_url": ["https://avatars0.githubusercontent.com/u/8230223?v=4"],
    "gravatar_id": [""],
    "url": ["https://api.github.com/users/zhangxiaodi"],
    "html_url": ["https://github.com/zhangxiaodi"],
    "followers_url": ["https://api.github.com/users/zhangxiaodi/followers"],
    "following_url": ["https://api.github.com/users/zhangxiaodi/following{/other_user}"],
    "gists_url": ["https://api.github.com/users/zhangxiaodi/gists{/gist_id}"],
    "starred_url": ["https://api.github.com/users/zhangxiaodi/starred{/owner}{/repo}"],
    "subscriptions_url": ["https://api.github.com/users/zhangxiaodi/subscriptions"],
    "organizations_url": ["https://api.github.com/users/zhangxiaodi/orgs"],
    "repos_url": ["https://api.github.com/users/zhangxiaodi/repos"],
    "events_url": ["https://api.github.com/users/zhangxiaodi/events{/privacy}"],
    "received_events_url": ["https://api.github.com/users/zhangxiaodi/received_events"],
    "type": ["User"],
    "site_admin": [false]
  }
]
