[
  {
    "login": ["josephwillard"],
    "id": [16073960],
    "node_id": ["MDQ6VXNlcjE2MDczOTYw"],
    "avatar_url": ["https://avatars0.githubusercontent.com/u/16073960?v=4"],
    "gravatar_id": [""],
    "url": ["https://api.github.com/users/josephwillard"],
    "html_url": ["https://github.com/josephwillard"],
    "followers_url": ["https://api.github.com/users/josephwillard/followers"],
    "following_url": ["https://api.github.com/users/josephwillard/following{/other_user}"],
    "gists_url": ["https://api.github.com/users/josephwillard/gists{/gist_id}"],
    "starred_url": ["https://api.github.com/users/josephwillard/starred{/owner}{/repo}"],
    "subscriptions_url": ["https://api.github.com/users/josephwillard/subscriptions"],
    "organizations_url": ["https://api.github.com/users/josephwillard/orgs"],
    "repos_url": ["https://api.github.com/users/josephwillard/repos"],
    "events_url": ["https://api.github.com/users/josephwillard/events{/privacy}"],
    "received_events_url": ["https://api.github.com/users/josephwillard/received_events"],
    "type": ["User"],
    "site_admin": [false]
  }
]
