[
  {
    "login": ["mjbahmani"],
    "id": [22489707],
    "node_id": ["MDQ6VXNlcjIyNDg5NzA3"],
    "avatar_url": ["https://avatars1.githubusercontent.com/u/22489707?v=4"],
    "gravatar_id": [""],
    "url": ["https://api.github.com/users/mjbahmani"],
    "html_url": ["https://github.com/mjbahmani"],
    "followers_url": ["https://api.github.com/users/mjbahmani/followers"],
    "following_url": ["https://api.github.com/users/mjbahmani/following{/other_user}"],
    "gists_url": ["https://api.github.com/users/mjbahmani/gists{/gist_id}"],
    "starred_url": ["https://api.github.com/users/mjbahmani/starred{/owner}{/repo}"],
    "subscriptions_url": ["https://api.github.com/users/mjbahmani/subscriptions"],
    "organizations_url": ["https://api.github.com/users/mjbahmani/orgs"],
    "repos_url": ["https://api.github.com/users/mjbahmani/repos"],
    "events_url": ["https://api.github.com/users/mjbahmani/events{/privacy}"],
    "received_events_url": ["https://api.github.com/users/mjbahmani/received_events"],
    "type": ["User"],
    "site_admin": [false]
  }
]
