[
  {
    "login": ["ikaixu"],
    "id": [37808599],
    "node_id": ["MDQ6VXNlcjM3ODA4NTk5"],
    "avatar_url": ["https://avatars0.githubusercontent.com/u/37808599?v=4"],
    "gravatar_id": [""],
    "url": ["https://api.github.com/users/ikaixu"],
    "html_url": ["https://github.com/ikaixu"],
    "followers_url": ["https://api.github.com/users/ikaixu/followers"],
    "following_url": ["https://api.github.com/users/ikaixu/following{/other_user}"],
    "gists_url": ["https://api.github.com/users/ikaixu/gists{/gist_id}"],
    "starred_url": ["https://api.github.com/users/ikaixu/starred{/owner}{/repo}"],
    "subscriptions_url": ["https://api.github.com/users/ikaixu/subscriptions"],
    "organizations_url": ["https://api.github.com/users/ikaixu/orgs"],
    "repos_url": ["https://api.github.com/users/ikaixu/repos"],
    "events_url": ["https://api.github.com/users/ikaixu/events{/privacy}"],
    "received_events_url": ["https://api.github.com/users/ikaixu/received_events"],
    "type": ["User"],
    "site_admin": [false]
  }
]
