[
  {
    "login": ["tinytang"],
    "id": [579126],
    "node_id": ["MDQ6VXNlcjU3OTEyNg=="],
    "avatar_url": ["https://avatars2.githubusercontent.com/u/579126?v=4"],
    "gravatar_id": [""],
    "url": ["https://api.github.com/users/tinytang"],
    "html_url": ["https://github.com/tinytang"],
    "followers_url": ["https://api.github.com/users/tinytang/followers"],
    "following_url": ["https://api.github.com/users/tinytang/following{/other_user}"],
    "gists_url": ["https://api.github.com/users/tinytang/gists{/gist_id}"],
    "starred_url": ["https://api.github.com/users/tinytang/starred{/owner}{/repo}"],
    "subscriptions_url": ["https://api.github.com/users/tinytang/subscriptions"],
    "organizations_url": ["https://api.github.com/users/tinytang/orgs"],
    "repos_url": ["https://api.github.com/users/tinytang/repos"],
    "events_url": ["https://api.github.com/users/tinytang/events{/privacy}"],
    "received_events_url": ["https://api.github.com/users/tinytang/received_events"],
    "type": ["User"],
    "site_admin": [false]
  }
]
