[
  {
    "login": ["AYIDouble"],
    "id": [18186995],
    "node_id": ["MDQ6VXNlcjE4MTg2OTk1"],
    "avatar_url": ["https://avatars0.githubusercontent.com/u/18186995?v=4"],
    "gravatar_id": [""],
    "url": ["https://api.github.com/users/AYIDouble"],
    "html_url": ["https://github.com/AYIDouble"],
    "followers_url": ["https://api.github.com/users/AYIDouble/followers"],
    "following_url": ["https://api.github.com/users/AYIDouble/following{/other_user}"],
    "gists_url": ["https://api.github.com/users/AYIDouble/gists{/gist_id}"],
    "starred_url": ["https://api.github.com/users/AYIDouble/starred{/owner}{/repo}"],
    "subscriptions_url": ["https://api.github.com/users/AYIDouble/subscriptions"],
    "organizations_url": ["https://api.github.com/users/AYIDouble/orgs"],
    "repos_url": ["https://api.github.com/users/AYIDouble/repos"],
    "events_url": ["https://api.github.com/users/AYIDouble/events{/privacy}"],
    "received_events_url": ["https://api.github.com/users/AYIDouble/received_events"],
    "type": ["User"],
    "site_admin": [false]
  }
]
