[
  {
    "login": ["Zoery"],
    "id": [15888853],
    "node_id": ["MDQ6VXNlcjE1ODg4ODUz"],
    "avatar_url": ["https://avatars0.githubusercontent.com/u/15888853?v=4"],
    "gravatar_id": [""],
    "url": ["https://api.github.com/users/Zoery"],
    "html_url": ["https://github.com/Zoery"],
    "followers_url": ["https://api.github.com/users/Zoery/followers"],
    "following_url": ["https://api.github.com/users/Zoery/following{/other_user}"],
    "gists_url": ["https://api.github.com/users/Zoery/gists{/gist_id}"],
    "starred_url": ["https://api.github.com/users/Zoery/starred{/owner}{/repo}"],
    "subscriptions_url": ["https://api.github.com/users/Zoery/subscriptions"],
    "organizations_url": ["https://api.github.com/users/Zoery/orgs"],
    "repos_url": ["https://api.github.com/users/Zoery/repos"],
    "events_url": ["https://api.github.com/users/Zoery/events{/privacy}"],
    "received_events_url": ["https://api.github.com/users/Zoery/received_events"],
    "type": ["User"],
    "site_admin": [false]
  }
]
