[
  {
    "login": ["heydary"],
    "id": [38706165],
    "node_id": ["MDQ6VXNlcjM4NzA2MTY1"],
    "avatar_url": ["https://avatars2.githubusercontent.com/u/38706165?v=4"],
    "gravatar_id": [""],
    "url": ["https://api.github.com/users/heydary"],
    "html_url": ["https://github.com/heydary"],
    "followers_url": ["https://api.github.com/users/heydary/followers"],
    "following_url": ["https://api.github.com/users/heydary/following{/other_user}"],
    "gists_url": ["https://api.github.com/users/heydary/gists{/gist_id}"],
    "starred_url": ["https://api.github.com/users/heydary/starred{/owner}{/repo}"],
    "subscriptions_url": ["https://api.github.com/users/heydary/subscriptions"],
    "organizations_url": ["https://api.github.com/users/heydary/orgs"],
    "repos_url": ["https://api.github.com/users/heydary/repos"],
    "events_url": ["https://api.github.com/users/heydary/events{/privacy}"],
    "received_events_url": ["https://api.github.com/users/heydary/received_events"],
    "type": ["User"],
    "site_admin": [false]
  }
]
