[
  {
    "login": ["saisuchetha"],
    "id": [35664195],
    "node_id": ["MDQ6VXNlcjM1NjY0MTk1"],
    "avatar_url": ["https://avatars1.githubusercontent.com/u/35664195?v=4"],
    "gravatar_id": [""],
    "url": ["https://api.github.com/users/saisuchetha"],
    "html_url": ["https://github.com/saisuchetha"],
    "followers_url": ["https://api.github.com/users/saisuchetha/followers"],
    "following_url": ["https://api.github.com/users/saisuchetha/following{/other_user}"],
    "gists_url": ["https://api.github.com/users/saisuchetha/gists{/gist_id}"],
    "starred_url": ["https://api.github.com/users/saisuchetha/starred{/owner}{/repo}"],
    "subscriptions_url": ["https://api.github.com/users/saisuchetha/subscriptions"],
    "organizations_url": ["https://api.github.com/users/saisuchetha/orgs"],
    "repos_url": ["https://api.github.com/users/saisuchetha/repos"],
    "events_url": ["https://api.github.com/users/saisuchetha/events{/privacy}"],
    "received_events_url": ["https://api.github.com/users/saisuchetha/received_events"],
    "type": ["User"],
    "site_admin": [false]
  }
]
