[
  {
    "login": ["jllin90"],
    "id": [19511714],
    "node_id": ["MDQ6VXNlcjE5NTExNzE0"],
    "avatar_url": ["https://avatars0.githubusercontent.com/u/19511714?v=4"],
    "gravatar_id": [""],
    "url": ["https://api.github.com/users/jllin90"],
    "html_url": ["https://github.com/jllin90"],
    "followers_url": ["https://api.github.com/users/jllin90/followers"],
    "following_url": ["https://api.github.com/users/jllin90/following{/other_user}"],
    "gists_url": ["https://api.github.com/users/jllin90/gists{/gist_id}"],
    "starred_url": ["https://api.github.com/users/jllin90/starred{/owner}{/repo}"],
    "subscriptions_url": ["https://api.github.com/users/jllin90/subscriptions"],
    "organizations_url": ["https://api.github.com/users/jllin90/orgs"],
    "repos_url": ["https://api.github.com/users/jllin90/repos"],
    "events_url": ["https://api.github.com/users/jllin90/events{/privacy}"],
    "received_events_url": ["https://api.github.com/users/jllin90/received_events"],
    "type": ["User"],
    "site_admin": [false]
  }
]
