[
  {
    "login": ["1401062808"],
    "id": [23295996],
    "node_id": ["MDQ6VXNlcjIzMjk1OTk2"],
    "avatar_url": ["https://avatars3.githubusercontent.com/u/23295996?v=4"],
    "gravatar_id": [""],
    "url": ["https://api.github.com/users/1401062808"],
    "html_url": ["https://github.com/1401062808"],
    "followers_url": ["https://api.github.com/users/1401062808/followers"],
    "following_url": ["https://api.github.com/users/1401062808/following{/other_user}"],
    "gists_url": ["https://api.github.com/users/1401062808/gists{/gist_id}"],
    "starred_url": ["https://api.github.com/users/1401062808/starred{/owner}{/repo}"],
    "subscriptions_url": ["https://api.github.com/users/1401062808/subscriptions"],
    "organizations_url": ["https://api.github.com/users/1401062808/orgs"],
    "repos_url": ["https://api.github.com/users/1401062808/repos"],
    "events_url": ["https://api.github.com/users/1401062808/events{/privacy}"],
    "received_events_url": ["https://api.github.com/users/1401062808/received_events"],
    "type": ["User"],
    "site_admin": [false]
  }
]
