[
  {
    "login": ["alexleevn"],
    "id": [32956412],
    "node_id": ["MDQ6VXNlcjMyOTU2NDEy"],
    "avatar_url": ["https://avatars1.githubusercontent.com/u/32956412?v=4"],
    "gravatar_id": [""],
    "url": ["https://api.github.com/users/alexleevn"],
    "html_url": ["https://github.com/alexleevn"],
    "followers_url": ["https://api.github.com/users/alexleevn/followers"],
    "following_url": ["https://api.github.com/users/alexleevn/following{/other_user}"],
    "gists_url": ["https://api.github.com/users/alexleevn/gists{/gist_id}"],
    "starred_url": ["https://api.github.com/users/alexleevn/starred{/owner}{/repo}"],
    "subscriptions_url": ["https://api.github.com/users/alexleevn/subscriptions"],
    "organizations_url": ["https://api.github.com/users/alexleevn/orgs"],
    "repos_url": ["https://api.github.com/users/alexleevn/repos"],
    "events_url": ["https://api.github.com/users/alexleevn/events{/privacy}"],
    "received_events_url": ["https://api.github.com/users/alexleevn/received_events"],
    "type": ["User"],
    "site_admin": [false]
  }
]
