[
  {
    "login": ["Shujian2015"],
    "id": [11813717],
    "node_id": ["MDQ6VXNlcjExODEzNzE3"],
    "avatar_url": ["https://avatars0.githubusercontent.com/u/11813717?v=4"],
    "gravatar_id": [""],
    "url": ["https://api.github.com/users/Shujian2015"],
    "html_url": ["https://github.com/Shujian2015"],
    "followers_url": ["https://api.github.com/users/Shujian2015/followers"],
    "following_url": ["https://api.github.com/users/Shujian2015/following{/other_user}"],
    "gists_url": ["https://api.github.com/users/Shujian2015/gists{/gist_id}"],
    "starred_url": ["https://api.github.com/users/Shujian2015/starred{/owner}{/repo}"],
    "subscriptions_url": ["https://api.github.com/users/Shujian2015/subscriptions"],
    "organizations_url": ["https://api.github.com/users/Shujian2015/orgs"],
    "repos_url": ["https://api.github.com/users/Shujian2015/repos"],
    "events_url": ["https://api.github.com/users/Shujian2015/events{/privacy}"],
    "received_events_url": ["https://api.github.com/users/Shujian2015/received_events"],
    "type": ["User"],
    "site_admin": [false]
  }
]
