[
  {
    "login": ["winroot"],
    "id": [1222732],
    "node_id": ["MDQ6VXNlcjEyMjI3MzI="],
    "avatar_url": ["https://avatars1.githubusercontent.com/u/1222732?v=4"],
    "gravatar_id": [""],
    "url": ["https://api.github.com/users/winroot"],
    "html_url": ["https://github.com/winroot"],
    "followers_url": ["https://api.github.com/users/winroot/followers"],
    "following_url": ["https://api.github.com/users/winroot/following{/other_user}"],
    "gists_url": ["https://api.github.com/users/winroot/gists{/gist_id}"],
    "starred_url": ["https://api.github.com/users/winroot/starred{/owner}{/repo}"],
    "subscriptions_url": ["https://api.github.com/users/winroot/subscriptions"],
    "organizations_url": ["https://api.github.com/users/winroot/orgs"],
    "repos_url": ["https://api.github.com/users/winroot/repos"],
    "events_url": ["https://api.github.com/users/winroot/events{/privacy}"],
    "received_events_url": ["https://api.github.com/users/winroot/received_events"],
    "type": ["User"],
    "site_admin": [false]
  }
]
