[
  {
    "login": ["luckyDTF"],
    "id": [38217585],
    "node_id": ["MDQ6VXNlcjM4MjE3NTg1"],
    "avatar_url": ["https://avatars0.githubusercontent.com/u/38217585?v=4"],
    "gravatar_id": [""],
    "url": ["https://api.github.com/users/luckyDTF"],
    "html_url": ["https://github.com/luckyDTF"],
    "followers_url": ["https://api.github.com/users/luckyDTF/followers"],
    "following_url": ["https://api.github.com/users/luckyDTF/following{/other_user}"],
    "gists_url": ["https://api.github.com/users/luckyDTF/gists{/gist_id}"],
    "starred_url": ["https://api.github.com/users/luckyDTF/starred{/owner}{/repo}"],
    "subscriptions_url": ["https://api.github.com/users/luckyDTF/subscriptions"],
    "organizations_url": ["https://api.github.com/users/luckyDTF/orgs"],
    "repos_url": ["https://api.github.com/users/luckyDTF/repos"],
    "events_url": ["https://api.github.com/users/luckyDTF/events{/privacy}"],
    "received_events_url": ["https://api.github.com/users/luckyDTF/received_events"],
    "type": ["User"],
    "site_admin": [false]
  }
]
