[
  {
    "login": ["g4idrijs"],
    "id": [6381596],
    "node_id": ["MDQ6VXNlcjYzODE1OTY="],
    "avatar_url": ["https://avatars2.githubusercontent.com/u/6381596?v=4"],
    "gravatar_id": [""],
    "url": ["https://api.github.com/users/g4idrijs"],
    "html_url": ["https://github.com/g4idrijs"],
    "followers_url": ["https://api.github.com/users/g4idrijs/followers"],
    "following_url": ["https://api.github.com/users/g4idrijs/following{/other_user}"],
    "gists_url": ["https://api.github.com/users/g4idrijs/gists{/gist_id}"],
    "starred_url": ["https://api.github.com/users/g4idrijs/starred{/owner}{/repo}"],
    "subscriptions_url": ["https://api.github.com/users/g4idrijs/subscriptions"],
    "organizations_url": ["https://api.github.com/users/g4idrijs/orgs"],
    "repos_url": ["https://api.github.com/users/g4idrijs/repos"],
    "events_url": ["https://api.github.com/users/g4idrijs/events{/privacy}"],
    "received_events_url": ["https://api.github.com/users/g4idrijs/received_events"],
    "type": ["User"],
    "site_admin": [false]
  }
]
