[
  {
    "login": ["qizhengyang2017"],
    "id": [27215125],
    "node_id": ["MDQ6VXNlcjI3MjE1MTI1"],
    "avatar_url": ["https://avatars1.githubusercontent.com/u/27215125?v=4"],
    "gravatar_id": [""],
    "url": ["https://api.github.com/users/qizhengyang2017"],
    "html_url": ["https://github.com/qizhengyang2017"],
    "followers_url": ["https://api.github.com/users/qizhengyang2017/followers"],
    "following_url": ["https://api.github.com/users/qizhengyang2017/following{/other_user}"],
    "gists_url": ["https://api.github.com/users/qizhengyang2017/gists{/gist_id}"],
    "starred_url": ["https://api.github.com/users/qizhengyang2017/starred{/owner}{/repo}"],
    "subscriptions_url": ["https://api.github.com/users/qizhengyang2017/subscriptions"],
    "organizations_url": ["https://api.github.com/users/qizhengyang2017/orgs"],
    "repos_url": ["https://api.github.com/users/qizhengyang2017/repos"],
    "events_url": ["https://api.github.com/users/qizhengyang2017/events{/privacy}"],
    "received_events_url": ["https://api.github.com/users/qizhengyang2017/received_events"],
    "type": ["User"],
    "site_admin": [false]
  }
]
