[
  {
    "login": ["kevinheee"],
    "id": [39854888],
    "node_id": ["MDQ6VXNlcjM5ODU0ODg4"],
    "avatar_url": ["https://avatars3.githubusercontent.com/u/39854888?v=4"],
    "gravatar_id": [""],
    "url": ["https://api.github.com/users/kevinheee"],
    "html_url": ["https://github.com/kevinheee"],
    "followers_url": ["https://api.github.com/users/kevinheee/followers"],
    "following_url": ["https://api.github.com/users/kevinheee/following{/other_user}"],
    "gists_url": ["https://api.github.com/users/kevinheee/gists{/gist_id}"],
    "starred_url": ["https://api.github.com/users/kevinheee/starred{/owner}{/repo}"],
    "subscriptions_url": ["https://api.github.com/users/kevinheee/subscriptions"],
    "organizations_url": ["https://api.github.com/users/kevinheee/orgs"],
    "repos_url": ["https://api.github.com/users/kevinheee/repos"],
    "events_url": ["https://api.github.com/users/kevinheee/events{/privacy}"],
    "received_events_url": ["https://api.github.com/users/kevinheee/received_events"],
    "type": ["User"],
    "site_admin": [false]
  }
]
