[
  {
    "login": ["jyfeather"],
    "id": [2344998],
    "node_id": ["MDQ6VXNlcjIzNDQ5OTg="],
    "avatar_url": ["https://avatars1.githubusercontent.com/u/2344998?v=4"],
    "gravatar_id": [""],
    "url": ["https://api.github.com/users/jyfeather"],
    "html_url": ["https://github.com/jyfeather"],
    "followers_url": ["https://api.github.com/users/jyfeather/followers"],
    "following_url": ["https://api.github.com/users/jyfeather/following{/other_user}"],
    "gists_url": ["https://api.github.com/users/jyfeather/gists{/gist_id}"],
    "starred_url": ["https://api.github.com/users/jyfeather/starred{/owner}{/repo}"],
    "subscriptions_url": ["https://api.github.com/users/jyfeather/subscriptions"],
    "organizations_url": ["https://api.github.com/users/jyfeather/orgs"],
    "repos_url": ["https://api.github.com/users/jyfeather/repos"],
    "events_url": ["https://api.github.com/users/jyfeather/events{/privacy}"],
    "received_events_url": ["https://api.github.com/users/jyfeather/received_events"],
    "type": ["User"],
    "site_admin": [false]
  }
]
