[
  {
    "login": ["looklukelookluke"],
    "id": [16121665],
    "node_id": ["MDQ6VXNlcjE2MTIxNjY1"],
    "avatar_url": ["https://avatars1.githubusercontent.com/u/16121665?v=4"],
    "gravatar_id": [""],
    "url": ["https://api.github.com/users/looklukelookluke"],
    "html_url": ["https://github.com/looklukelookluke"],
    "followers_url": ["https://api.github.com/users/looklukelookluke/followers"],
    "following_url": ["https://api.github.com/users/looklukelookluke/following{/other_user}"],
    "gists_url": ["https://api.github.com/users/looklukelookluke/gists{/gist_id}"],
    "starred_url": ["https://api.github.com/users/looklukelookluke/starred{/owner}{/repo}"],
    "subscriptions_url": ["https://api.github.com/users/looklukelookluke/subscriptions"],
    "organizations_url": ["https://api.github.com/users/looklukelookluke/orgs"],
    "repos_url": ["https://api.github.com/users/looklukelookluke/repos"],
    "events_url": ["https://api.github.com/users/looklukelookluke/events{/privacy}"],
    "received_events_url": ["https://api.github.com/users/looklukelookluke/received_events"],
    "type": ["User"],
    "site_admin": [false]
  }
]
