[
  {
    "login": ["hfutwei"],
    "id": [16451720],
    "node_id": ["MDQ6VXNlcjE2NDUxNzIw"],
    "avatar_url": ["https://avatars2.githubusercontent.com/u/16451720?v=4"],
    "gravatar_id": [""],
    "url": ["https://api.github.com/users/hfutwei"],
    "html_url": ["https://github.com/hfutwei"],
    "followers_url": ["https://api.github.com/users/hfutwei/followers"],
    "following_url": ["https://api.github.com/users/hfutwei/following{/other_user}"],
    "gists_url": ["https://api.github.com/users/hfutwei/gists{/gist_id}"],
    "starred_url": ["https://api.github.com/users/hfutwei/starred{/owner}{/repo}"],
    "subscriptions_url": ["https://api.github.com/users/hfutwei/subscriptions"],
    "organizations_url": ["https://api.github.com/users/hfutwei/orgs"],
    "repos_url": ["https://api.github.com/users/hfutwei/repos"],
    "events_url": ["https://api.github.com/users/hfutwei/events{/privacy}"],
    "received_events_url": ["https://api.github.com/users/hfutwei/received_events"],
    "type": ["User"],
    "site_admin": [false]
  }
]
