[
  {
    "login": ["LittleHeap"],
    "id": [23081732],
    "node_id": ["MDQ6VXNlcjIzMDgxNzMy"],
    "avatar_url": ["https://avatars0.githubusercontent.com/u/23081732?v=4"],
    "gravatar_id": [""],
    "url": ["https://api.github.com/users/LittleHeap"],
    "html_url": ["https://github.com/LittleHeap"],
    "followers_url": ["https://api.github.com/users/LittleHeap/followers"],
    "following_url": ["https://api.github.com/users/LittleHeap/following{/other_user}"],
    "gists_url": ["https://api.github.com/users/LittleHeap/gists{/gist_id}"],
    "starred_url": ["https://api.github.com/users/LittleHeap/starred{/owner}{/repo}"],
    "subscriptions_url": ["https://api.github.com/users/LittleHeap/subscriptions"],
    "organizations_url": ["https://api.github.com/users/LittleHeap/orgs"],
    "repos_url": ["https://api.github.com/users/LittleHeap/repos"],
    "events_url": ["https://api.github.com/users/LittleHeap/events{/privacy}"],
    "received_events_url": ["https://api.github.com/users/LittleHeap/received_events"],
    "type": ["User"],
    "site_admin": [false]
  }
]
