[
  {
    "login": ["krahman"],
    "id": [246044],
    "node_id": ["MDQ6VXNlcjI0NjA0NA=="],
    "avatar_url": ["https://avatars3.githubusercontent.com/u/246044?v=4"],
    "gravatar_id": [""],
    "url": ["https://api.github.com/users/krahman"],
    "html_url": ["https://github.com/krahman"],
    "followers_url": ["https://api.github.com/users/krahman/followers"],
    "following_url": ["https://api.github.com/users/krahman/following{/other_user}"],
    "gists_url": ["https://api.github.com/users/krahman/gists{/gist_id}"],
    "starred_url": ["https://api.github.com/users/krahman/starred{/owner}{/repo}"],
    "subscriptions_url": ["https://api.github.com/users/krahman/subscriptions"],
    "organizations_url": ["https://api.github.com/users/krahman/orgs"],
    "repos_url": ["https://api.github.com/users/krahman/repos"],
    "events_url": ["https://api.github.com/users/krahman/events{/privacy}"],
    "received_events_url": ["https://api.github.com/users/krahman/received_events"],
    "type": ["User"],
    "site_admin": [false]
  }
]
