[
  {
    "login": ["AlexK-Y"],
    "id": [30387821],
    "node_id": ["MDQ6VXNlcjMwMzg3ODIx"],
    "avatar_url": ["https://avatars2.githubusercontent.com/u/30387821?v=4"],
    "gravatar_id": [""],
    "url": ["https://api.github.com/users/AlexK-Y"],
    "html_url": ["https://github.com/AlexK-Y"],
    "followers_url": ["https://api.github.com/users/AlexK-Y/followers"],
    "following_url": ["https://api.github.com/users/AlexK-Y/following{/other_user}"],
    "gists_url": ["https://api.github.com/users/AlexK-Y/gists{/gist_id}"],
    "starred_url": ["https://api.github.com/users/AlexK-Y/starred{/owner}{/repo}"],
    "subscriptions_url": ["https://api.github.com/users/AlexK-Y/subscriptions"],
    "organizations_url": ["https://api.github.com/users/AlexK-Y/orgs"],
    "repos_url": ["https://api.github.com/users/AlexK-Y/repos"],
    "events_url": ["https://api.github.com/users/AlexK-Y/events{/privacy}"],
    "received_events_url": ["https://api.github.com/users/AlexK-Y/received_events"],
    "type": ["User"],
    "site_admin": [false]
  }
]
