[
  {
    "login": ["newntch"],
    "id": [41911914],
    "node_id": ["MDQ6VXNlcjQxOTExOTE0"],
    "avatar_url": ["https://avatars2.githubusercontent.com/u/41911914?v=4"],
    "gravatar_id": [""],
    "url": ["https://api.github.com/users/newntch"],
    "html_url": ["https://github.com/newntch"],
    "followers_url": ["https://api.github.com/users/newntch/followers"],
    "following_url": ["https://api.github.com/users/newntch/following{/other_user}"],
    "gists_url": ["https://api.github.com/users/newntch/gists{/gist_id}"],
    "starred_url": ["https://api.github.com/users/newntch/starred{/owner}{/repo}"],
    "subscriptions_url": ["https://api.github.com/users/newntch/subscriptions"],
    "organizations_url": ["https://api.github.com/users/newntch/orgs"],
    "repos_url": ["https://api.github.com/users/newntch/repos"],
    "events_url": ["https://api.github.com/users/newntch/events{/privacy}"],
    "received_events_url": ["https://api.github.com/users/newntch/received_events"],
    "type": ["User"],
    "site_admin": [false]
  }
]
