[
  {
    "login": ["xieydd"],
    "id": [20329697],
    "node_id": ["MDQ6VXNlcjIwMzI5Njk3"],
    "avatar_url": ["https://avatars3.githubusercontent.com/u/20329697?v=4"],
    "gravatar_id": [""],
    "url": ["https://api.github.com/users/xieydd"],
    "html_url": ["https://github.com/xieydd"],
    "followers_url": ["https://api.github.com/users/xieydd/followers"],
    "following_url": ["https://api.github.com/users/xieydd/following{/other_user}"],
    "gists_url": ["https://api.github.com/users/xieydd/gists{/gist_id}"],
    "starred_url": ["https://api.github.com/users/xieydd/starred{/owner}{/repo}"],
    "subscriptions_url": ["https://api.github.com/users/xieydd/subscriptions"],
    "organizations_url": ["https://api.github.com/users/xieydd/orgs"],
    "repos_url": ["https://api.github.com/users/xieydd/repos"],
    "events_url": ["https://api.github.com/users/xieydd/events{/privacy}"],
    "received_events_url": ["https://api.github.com/users/xieydd/received_events"],
    "type": ["User"],
    "site_admin": [false]
  }
]
