[
  {
    "login": ["ChanChiChoi"],
    "id": [9687324],
    "node_id": ["MDQ6VXNlcjk2ODczMjQ="],
    "avatar_url": ["https://avatars2.githubusercontent.com/u/9687324?v=4"],
    "gravatar_id": [""],
    "url": ["https://api.github.com/users/ChanChiChoi"],
    "html_url": ["https://github.com/ChanChiChoi"],
    "followers_url": ["https://api.github.com/users/ChanChiChoi/followers"],
    "following_url": ["https://api.github.com/users/ChanChiChoi/following{/other_user}"],
    "gists_url": ["https://api.github.com/users/ChanChiChoi/gists{/gist_id}"],
    "starred_url": ["https://api.github.com/users/ChanChiChoi/starred{/owner}{/repo}"],
    "subscriptions_url": ["https://api.github.com/users/ChanChiChoi/subscriptions"],
    "organizations_url": ["https://api.github.com/users/ChanChiChoi/orgs"],
    "repos_url": ["https://api.github.com/users/ChanChiChoi/repos"],
    "events_url": ["https://api.github.com/users/ChanChiChoi/events{/privacy}"],
    "received_events_url": ["https://api.github.com/users/ChanChiChoi/received_events"],
    "type": ["User"],
    "site_admin": [false]
  }
]
