[
  {
    "login": ["AxeldeRomblay"],
    "id": [12816066],
    "node_id": ["MDQ6VXNlcjEyODE2MDY2"],
    "avatar_url": ["https://avatars3.githubusercontent.com/u/12816066?v=4"],
    "gravatar_id": [""],
    "url": ["https://api.github.com/users/AxeldeRomblay"],
    "html_url": ["https://github.com/AxeldeRomblay"],
    "followers_url": ["https://api.github.com/users/AxeldeRomblay/followers"],
    "following_url": ["https://api.github.com/users/AxeldeRomblay/following{/other_user}"],
    "gists_url": ["https://api.github.com/users/AxeldeRomblay/gists{/gist_id}"],
    "starred_url": ["https://api.github.com/users/AxeldeRomblay/starred{/owner}{/repo}"],
    "subscriptions_url": ["https://api.github.com/users/AxeldeRomblay/subscriptions"],
    "organizations_url": ["https://api.github.com/users/AxeldeRomblay/orgs"],
    "repos_url": ["https://api.github.com/users/AxeldeRomblay/repos"],
    "events_url": ["https://api.github.com/users/AxeldeRomblay/events{/privacy}"],
    "received_events_url": ["https://api.github.com/users/AxeldeRomblay/received_events"],
    "type": ["User"],
    "site_admin": [false]
  }
]
