[
  {
    "login": ["Manikandansundaram"],
    "id": [20814354],
    "node_id": ["MDQ6VXNlcjIwODE0MzU0"],
    "avatar_url": ["https://avatars0.githubusercontent.com/u/20814354?v=4"],
    "gravatar_id": [""],
    "url": ["https://api.github.com/users/Manikandansundaram"],
    "html_url": ["https://github.com/Manikandansundaram"],
    "followers_url": ["https://api.github.com/users/Manikandansundaram/followers"],
    "following_url": ["https://api.github.com/users/Manikandansundaram/following{/other_user}"],
    "gists_url": ["https://api.github.com/users/Manikandansundaram/gists{/gist_id}"],
    "starred_url": ["https://api.github.com/users/Manikandansundaram/starred{/owner}{/repo}"],
    "subscriptions_url": ["https://api.github.com/users/Manikandansundaram/subscriptions"],
    "organizations_url": ["https://api.github.com/users/Manikandansundaram/orgs"],
    "repos_url": ["https://api.github.com/users/Manikandansundaram/repos"],
    "events_url": ["https://api.github.com/users/Manikandansundaram/events{/privacy}"],
    "received_events_url": ["https://api.github.com/users/Manikandansundaram/received_events"],
    "type": ["User"],
    "site_admin": [false]
  }
]
