[
  {
    "login": ["qingtian1771"],
    "id": [5515372],
    "node_id": ["MDQ6VXNlcjU1MTUzNzI="],
    "avatar_url": ["https://avatars3.githubusercontent.com/u/5515372?v=4"],
    "gravatar_id": [""],
    "url": ["https://api.github.com/users/qingtian1771"],
    "html_url": ["https://github.com/qingtian1771"],
    "followers_url": ["https://api.github.com/users/qingtian1771/followers"],
    "following_url": ["https://api.github.com/users/qingtian1771/following{/other_user}"],
    "gists_url": ["https://api.github.com/users/qingtian1771/gists{/gist_id}"],
    "starred_url": ["https://api.github.com/users/qingtian1771/starred{/owner}{/repo}"],
    "subscriptions_url": ["https://api.github.com/users/qingtian1771/subscriptions"],
    "organizations_url": ["https://api.github.com/users/qingtian1771/orgs"],
    "repos_url": ["https://api.github.com/users/qingtian1771/repos"],
    "events_url": ["https://api.github.com/users/qingtian1771/events{/privacy}"],
    "received_events_url": ["https://api.github.com/users/qingtian1771/received_events"],
    "type": ["User"],
    "site_admin": [false]
  }
]
