[
  {
    "login": ["DataEngg"],
    "id": [9280169],
    "node_id": ["MDQ6VXNlcjkyODAxNjk="],
    "avatar_url": ["https://avatars3.githubusercontent.com/u/9280169?v=4"],
    "gravatar_id": [""],
    "url": ["https://api.github.com/users/DataEngg"],
    "html_url": ["https://github.com/DataEngg"],
    "followers_url": ["https://api.github.com/users/DataEngg/followers"],
    "following_url": ["https://api.github.com/users/DataEngg/following{/other_user}"],
    "gists_url": ["https://api.github.com/users/DataEngg/gists{/gist_id}"],
    "starred_url": ["https://api.github.com/users/DataEngg/starred{/owner}{/repo}"],
    "subscriptions_url": ["https://api.github.com/users/DataEngg/subscriptions"],
    "organizations_url": ["https://api.github.com/users/DataEngg/orgs"],
    "repos_url": ["https://api.github.com/users/DataEngg/repos"],
    "events_url": ["https://api.github.com/users/DataEngg/events{/privacy}"],
    "received_events_url": ["https://api.github.com/users/DataEngg/received_events"],
    "type": ["User"],
    "site_admin": [false]
  }
]
