[
  {
    "login": ["poorest1212"],
    "id": [13671130],
    "node_id": ["MDQ6VXNlcjEzNjcxMTMw"],
    "avatar_url": ["https://avatars0.githubusercontent.com/u/13671130?v=4"],
    "gravatar_id": [""],
    "url": ["https://api.github.com/users/poorest1212"],
    "html_url": ["https://github.com/poorest1212"],
    "followers_url": ["https://api.github.com/users/poorest1212/followers"],
    "following_url": ["https://api.github.com/users/poorest1212/following{/other_user}"],
    "gists_url": ["https://api.github.com/users/poorest1212/gists{/gist_id}"],
    "starred_url": ["https://api.github.com/users/poorest1212/starred{/owner}{/repo}"],
    "subscriptions_url": ["https://api.github.com/users/poorest1212/subscriptions"],
    "organizations_url": ["https://api.github.com/users/poorest1212/orgs"],
    "repos_url": ["https://api.github.com/users/poorest1212/repos"],
    "events_url": ["https://api.github.com/users/poorest1212/events{/privacy}"],
    "received_events_url": ["https://api.github.com/users/poorest1212/received_events"],
    "type": ["User"],
    "site_admin": [false]
  }
]
