[
  {
    "login": ["jjhesk"],
    "id": [629338],
    "node_id": ["MDQ6VXNlcjYyOTMzOA=="],
    "avatar_url": ["https://avatars3.githubusercontent.com/u/629338?v=4"],
    "gravatar_id": [""],
    "url": ["https://api.github.com/users/jjhesk"],
    "html_url": ["https://github.com/jjhesk"],
    "followers_url": ["https://api.github.com/users/jjhesk/followers"],
    "following_url": ["https://api.github.com/users/jjhesk/following{/other_user}"],
    "gists_url": ["https://api.github.com/users/jjhesk/gists{/gist_id}"],
    "starred_url": ["https://api.github.com/users/jjhesk/starred{/owner}{/repo}"],
    "subscriptions_url": ["https://api.github.com/users/jjhesk/subscriptions"],
    "organizations_url": ["https://api.github.com/users/jjhesk/orgs"],
    "repos_url": ["https://api.github.com/users/jjhesk/repos"],
    "events_url": ["https://api.github.com/users/jjhesk/events{/privacy}"],
    "received_events_url": ["https://api.github.com/users/jjhesk/received_events"],
    "type": ["User"],
    "site_admin": [false]
  }
]
