[
  {
    "login": ["ZainabOu"],
    "id": [38217550],
    "node_id": ["MDQ6VXNlcjM4MjE3NTUw"],
    "avatar_url": ["https://avatars2.githubusercontent.com/u/38217550?v=4"],
    "gravatar_id": [""],
    "url": ["https://api.github.com/users/ZainabOu"],
    "html_url": ["https://github.com/ZainabOu"],
    "followers_url": ["https://api.github.com/users/ZainabOu/followers"],
    "following_url": ["https://api.github.com/users/ZainabOu/following{/other_user}"],
    "gists_url": ["https://api.github.com/users/ZainabOu/gists{/gist_id}"],
    "starred_url": ["https://api.github.com/users/ZainabOu/starred{/owner}{/repo}"],
    "subscriptions_url": ["https://api.github.com/users/ZainabOu/subscriptions"],
    "organizations_url": ["https://api.github.com/users/ZainabOu/orgs"],
    "repos_url": ["https://api.github.com/users/ZainabOu/repos"],
    "events_url": ["https://api.github.com/users/ZainabOu/events{/privacy}"],
    "received_events_url": ["https://api.github.com/users/ZainabOu/received_events"],
    "type": ["User"],
    "site_admin": [false]
  }
]
