[
  {
    "login": ["jatinrajani"],
    "id": [15309393],
    "node_id": ["MDQ6VXNlcjE1MzA5Mzkz"],
    "avatar_url": ["https://avatars0.githubusercontent.com/u/15309393?v=4"],
    "gravatar_id": [""],
    "url": ["https://api.github.com/users/jatinrajani"],
    "html_url": ["https://github.com/jatinrajani"],
    "followers_url": ["https://api.github.com/users/jatinrajani/followers"],
    "following_url": ["https://api.github.com/users/jatinrajani/following{/other_user}"],
    "gists_url": ["https://api.github.com/users/jatinrajani/gists{/gist_id}"],
    "starred_url": ["https://api.github.com/users/jatinrajani/starred{/owner}{/repo}"],
    "subscriptions_url": ["https://api.github.com/users/jatinrajani/subscriptions"],
    "organizations_url": ["https://api.github.com/users/jatinrajani/orgs"],
    "repos_url": ["https://api.github.com/users/jatinrajani/repos"],
    "events_url": ["https://api.github.com/users/jatinrajani/events{/privacy}"],
    "received_events_url": ["https://api.github.com/users/jatinrajani/received_events"],
    "type": ["User"],
    "site_admin": [false]
  }
]
