[
  {
    "login": ["schizobulia"],
    "id": [25007570],
    "node_id": ["MDQ6VXNlcjI1MDA3NTcw"],
    "avatar_url": ["https://avatars3.githubusercontent.com/u/25007570?v=4"],
    "gravatar_id": [""],
    "url": ["https://api.github.com/users/schizobulia"],
    "html_url": ["https://github.com/schizobulia"],
    "followers_url": ["https://api.github.com/users/schizobulia/followers"],
    "following_url": ["https://api.github.com/users/schizobulia/following{/other_user}"],
    "gists_url": ["https://api.github.com/users/schizobulia/gists{/gist_id}"],
    "starred_url": ["https://api.github.com/users/schizobulia/starred{/owner}{/repo}"],
    "subscriptions_url": ["https://api.github.com/users/schizobulia/subscriptions"],
    "organizations_url": ["https://api.github.com/users/schizobulia/orgs"],
    "repos_url": ["https://api.github.com/users/schizobulia/repos"],
    "events_url": ["https://api.github.com/users/schizobulia/events{/privacy}"],
    "received_events_url": ["https://api.github.com/users/schizobulia/received_events"],
    "type": ["User"],
    "site_admin": [false]
  }
]
