[
  {
    "login": ["dexhunter"],
    "id": [6930518],
    "node_id": ["MDQ6VXNlcjY5MzA1MTg="],
    "avatar_url": ["https://avatars0.githubusercontent.com/u/6930518?v=4"],
    "gravatar_id": [""],
    "url": ["https://api.github.com/users/dexhunter"],
    "html_url": ["https://github.com/dexhunter"],
    "followers_url": ["https://api.github.com/users/dexhunter/followers"],
    "following_url": ["https://api.github.com/users/dexhunter/following{/other_user}"],
    "gists_url": ["https://api.github.com/users/dexhunter/gists{/gist_id}"],
    "starred_url": ["https://api.github.com/users/dexhunter/starred{/owner}{/repo}"],
    "subscriptions_url": ["https://api.github.com/users/dexhunter/subscriptions"],
    "organizations_url": ["https://api.github.com/users/dexhunter/orgs"],
    "repos_url": ["https://api.github.com/users/dexhunter/repos"],
    "events_url": ["https://api.github.com/users/dexhunter/events{/privacy}"],
    "received_events_url": ["https://api.github.com/users/dexhunter/received_events"],
    "type": ["User"],
    "site_admin": [false]
  }
]
