[
  {
    "login": ["Fabbiologia"],
    "id": [13567334],
    "node_id": ["MDQ6VXNlcjEzNTY3MzM0"],
    "avatar_url": ["https://avatars2.githubusercontent.com/u/13567334?v=4"],
    "gravatar_id": [""],
    "url": ["https://api.github.com/users/Fabbiologia"],
    "html_url": ["https://github.com/Fabbiologia"],
    "followers_url": ["https://api.github.com/users/Fabbiologia/followers"],
    "following_url": ["https://api.github.com/users/Fabbiologia/following{/other_user}"],
    "gists_url": ["https://api.github.com/users/Fabbiologia/gists{/gist_id}"],
    "starred_url": ["https://api.github.com/users/Fabbiologia/starred{/owner}{/repo}"],
    "subscriptions_url": ["https://api.github.com/users/Fabbiologia/subscriptions"],
    "organizations_url": ["https://api.github.com/users/Fabbiologia/orgs"],
    "repos_url": ["https://api.github.com/users/Fabbiologia/repos"],
    "events_url": ["https://api.github.com/users/Fabbiologia/events{/privacy}"],
    "received_events_url": ["https://api.github.com/users/Fabbiologia/received_events"],
    "type": ["User"],
    "site_admin": [false]
  }
]
