[
  {
    "login": ["myselfHimanshu"],
    "id": [13390399],
    "node_id": ["MDQ6VXNlcjEzMzkwMzk5"],
    "avatar_url": ["https://avatars2.githubusercontent.com/u/13390399?v=4"],
    "gravatar_id": [""],
    "url": ["https://api.github.com/users/myselfHimanshu"],
    "html_url": ["https://github.com/myselfHimanshu"],
    "followers_url": ["https://api.github.com/users/myselfHimanshu/followers"],
    "following_url": ["https://api.github.com/users/myselfHimanshu/following{/other_user}"],
    "gists_url": ["https://api.github.com/users/myselfHimanshu/gists{/gist_id}"],
    "starred_url": ["https://api.github.com/users/myselfHimanshu/starred{/owner}{/repo}"],
    "subscriptions_url": ["https://api.github.com/users/myselfHimanshu/subscriptions"],
    "organizations_url": ["https://api.github.com/users/myselfHimanshu/orgs"],
    "repos_url": ["https://api.github.com/users/myselfHimanshu/repos"],
    "events_url": ["https://api.github.com/users/myselfHimanshu/events{/privacy}"],
    "received_events_url": ["https://api.github.com/users/myselfHimanshu/received_events"],
    "type": ["User"],
    "site_admin": [false]
  }
]
