[
  {
    "login": ["rohithadassanayake"],
    "id": [110165],
    "node_id": ["MDQ6VXNlcjExMDE2NQ=="],
    "avatar_url": ["https://avatars3.githubusercontent.com/u/110165?v=4"],
    "gravatar_id": [""],
    "url": ["https://api.github.com/users/rohithadassanayake"],
    "html_url": ["https://github.com/rohithadassanayake"],
    "followers_url": ["https://api.github.com/users/rohithadassanayake/followers"],
    "following_url": ["https://api.github.com/users/rohithadassanayake/following{/other_user}"],
    "gists_url": ["https://api.github.com/users/rohithadassanayake/gists{/gist_id}"],
    "starred_url": ["https://api.github.com/users/rohithadassanayake/starred{/owner}{/repo}"],
    "subscriptions_url": ["https://api.github.com/users/rohithadassanayake/subscriptions"],
    "organizations_url": ["https://api.github.com/users/rohithadassanayake/orgs"],
    "repos_url": ["https://api.github.com/users/rohithadassanayake/repos"],
    "events_url": ["https://api.github.com/users/rohithadassanayake/events{/privacy}"],
    "received_events_url": ["https://api.github.com/users/rohithadassanayake/received_events"],
    "type": ["User"],
    "site_admin": [false]
  }
]
