[
  {
    "login": ["fendaq"],
    "id": [31738692],
    "node_id": ["MDQ6VXNlcjMxNzM4Njky"],
    "avatar_url": ["https://avatars3.githubusercontent.com/u/31738692?v=4"],
    "gravatar_id": [""],
    "url": ["https://api.github.com/users/fendaq"],
    "html_url": ["https://github.com/fendaq"],
    "followers_url": ["https://api.github.com/users/fendaq/followers"],
    "following_url": ["https://api.github.com/users/fendaq/following{/other_user}"],
    "gists_url": ["https://api.github.com/users/fendaq/gists{/gist_id}"],
    "starred_url": ["https://api.github.com/users/fendaq/starred{/owner}{/repo}"],
    "subscriptions_url": ["https://api.github.com/users/fendaq/subscriptions"],
    "organizations_url": ["https://api.github.com/users/fendaq/orgs"],
    "repos_url": ["https://api.github.com/users/fendaq/repos"],
    "events_url": ["https://api.github.com/users/fendaq/events{/privacy}"],
    "received_events_url": ["https://api.github.com/users/fendaq/received_events"],
    "type": ["User"],
    "site_admin": [false]
  }
]
