[
  {
    "login": ["AragondaJyosna"],
    "id": [23007915],
    "node_id": ["MDQ6VXNlcjIzMDA3OTE1"],
    "avatar_url": ["https://avatars1.githubusercontent.com/u/23007915?v=4"],
    "gravatar_id": [""],
    "url": ["https://api.github.com/users/AragondaJyosna"],
    "html_url": ["https://github.com/AragondaJyosna"],
    "followers_url": ["https://api.github.com/users/AragondaJyosna/followers"],
    "following_url": ["https://api.github.com/users/AragondaJyosna/following{/other_user}"],
    "gists_url": ["https://api.github.com/users/AragondaJyosna/gists{/gist_id}"],
    "starred_url": ["https://api.github.com/users/AragondaJyosna/starred{/owner}{/repo}"],
    "subscriptions_url": ["https://api.github.com/users/AragondaJyosna/subscriptions"],
    "organizations_url": ["https://api.github.com/users/AragondaJyosna/orgs"],
    "repos_url": ["https://api.github.com/users/AragondaJyosna/repos"],
    "events_url": ["https://api.github.com/users/AragondaJyosna/events{/privacy}"],
    "received_events_url": ["https://api.github.com/users/AragondaJyosna/received_events"],
    "type": ["User"],
    "site_admin": [false]
  }
]
