[
  {
    "login": ["wendtke"],
    "id": [42548298],
    "node_id": ["MDQ6VXNlcjQyNTQ4Mjk4"],
    "avatar_url": ["https://avatars3.githubusercontent.com/u/42548298?v=4"],
    "gravatar_id": [""],
    "url": ["https://api.github.com/users/wendtke"],
    "html_url": ["https://github.com/wendtke"],
    "followers_url": ["https://api.github.com/users/wendtke/followers"],
    "following_url": ["https://api.github.com/users/wendtke/following{/other_user}"],
    "gists_url": ["https://api.github.com/users/wendtke/gists{/gist_id}"],
    "starred_url": ["https://api.github.com/users/wendtke/starred{/owner}{/repo}"],
    "subscriptions_url": ["https://api.github.com/users/wendtke/subscriptions"],
    "organizations_url": ["https://api.github.com/users/wendtke/orgs"],
    "repos_url": ["https://api.github.com/users/wendtke/repos"],
    "events_url": ["https://api.github.com/users/wendtke/events{/privacy}"],
    "received_events_url": ["https://api.github.com/users/wendtke/received_events"],
    "type": ["User"],
    "site_admin": [false]
  }
]
