[
  {
    "login": ["kazim05"],
    "id": [38243448],
    "node_id": ["MDQ6VXNlcjM4MjQzNDQ4"],
    "avatar_url": ["https://avatars3.githubusercontent.com/u/38243448?v=4"],
    "gravatar_id": [""],
    "url": ["https://api.github.com/users/kazim05"],
    "html_url": ["https://github.com/kazim05"],
    "followers_url": ["https://api.github.com/users/kazim05/followers"],
    "following_url": ["https://api.github.com/users/kazim05/following{/other_user}"],
    "gists_url": ["https://api.github.com/users/kazim05/gists{/gist_id}"],
    "starred_url": ["https://api.github.com/users/kazim05/starred{/owner}{/repo}"],
    "subscriptions_url": ["https://api.github.com/users/kazim05/subscriptions"],
    "organizations_url": ["https://api.github.com/users/kazim05/orgs"],
    "repos_url": ["https://api.github.com/users/kazim05/repos"],
    "events_url": ["https://api.github.com/users/kazim05/events{/privacy}"],
    "received_events_url": ["https://api.github.com/users/kazim05/received_events"],
    "type": ["User"],
    "site_admin": [false]
  }
]
