[
  {
    "login": ["purnasai"],
    "id": [25660247],
    "node_id": ["MDQ6VXNlcjI1NjYwMjQ3"],
    "avatar_url": ["https://avatars3.githubusercontent.com/u/25660247?v=4"],
    "gravatar_id": [""],
    "url": ["https://api.github.com/users/purnasai"],
    "html_url": ["https://github.com/purnasai"],
    "followers_url": ["https://api.github.com/users/purnasai/followers"],
    "following_url": ["https://api.github.com/users/purnasai/following{/other_user}"],
    "gists_url": ["https://api.github.com/users/purnasai/gists{/gist_id}"],
    "starred_url": ["https://api.github.com/users/purnasai/starred{/owner}{/repo}"],
    "subscriptions_url": ["https://api.github.com/users/purnasai/subscriptions"],
    "organizations_url": ["https://api.github.com/users/purnasai/orgs"],
    "repos_url": ["https://api.github.com/users/purnasai/repos"],
    "events_url": ["https://api.github.com/users/purnasai/events{/privacy}"],
    "received_events_url": ["https://api.github.com/users/purnasai/received_events"],
    "type": ["User"],
    "site_admin": [false]
  }
]
