[
  {
    "login": ["Jessielovelife"],
    "id": [10219477],
    "node_id": ["MDQ6VXNlcjEwMjE5NDc3"],
    "avatar_url": ["https://avatars1.githubusercontent.com/u/10219477?v=4"],
    "gravatar_id": [""],
    "url": ["https://api.github.com/users/Jessielovelife"],
    "html_url": ["https://github.com/Jessielovelife"],
    "followers_url": ["https://api.github.com/users/Jessielovelife/followers"],
    "following_url": ["https://api.github.com/users/Jessielovelife/following{/other_user}"],
    "gists_url": ["https://api.github.com/users/Jessielovelife/gists{/gist_id}"],
    "starred_url": ["https://api.github.com/users/Jessielovelife/starred{/owner}{/repo}"],
    "subscriptions_url": ["https://api.github.com/users/Jessielovelife/subscriptions"],
    "organizations_url": ["https://api.github.com/users/Jessielovelife/orgs"],
    "repos_url": ["https://api.github.com/users/Jessielovelife/repos"],
    "events_url": ["https://api.github.com/users/Jessielovelife/events{/privacy}"],
    "received_events_url": ["https://api.github.com/users/Jessielovelife/received_events"],
    "type": ["User"],
    "site_admin": [false]
  }
]
