[
  {
    "login": ["badbayesian"],
    "id": [16366671],
    "node_id": ["MDQ6VXNlcjE2MzY2Njcx"],
    "avatar_url": ["https://avatars0.githubusercontent.com/u/16366671?v=4"],
    "gravatar_id": [""],
    "url": ["https://api.github.com/users/badbayesian"],
    "html_url": ["https://github.com/badbayesian"],
    "followers_url": ["https://api.github.com/users/badbayesian/followers"],
    "following_url": ["https://api.github.com/users/badbayesian/following{/other_user}"],
    "gists_url": ["https://api.github.com/users/badbayesian/gists{/gist_id}"],
    "starred_url": ["https://api.github.com/users/badbayesian/starred{/owner}{/repo}"],
    "subscriptions_url": ["https://api.github.com/users/badbayesian/subscriptions"],
    "organizations_url": ["https://api.github.com/users/badbayesian/orgs"],
    "repos_url": ["https://api.github.com/users/badbayesian/repos"],
    "events_url": ["https://api.github.com/users/badbayesian/events{/privacy}"],
    "received_events_url": ["https://api.github.com/users/badbayesian/received_events"],
    "type": ["User"],
    "site_admin": [false]
  }
]
