[
  {
    "login": ["RyanZHe"],
    "id": [16871889],
    "node_id": ["MDQ6VXNlcjE2ODcxODg5"],
    "avatar_url": ["https://avatars0.githubusercontent.com/u/16871889?v=4"],
    "gravatar_id": [""],
    "url": ["https://api.github.com/users/RyanZHe"],
    "html_url": ["https://github.com/RyanZHe"],
    "followers_url": ["https://api.github.com/users/RyanZHe/followers"],
    "following_url": ["https://api.github.com/users/RyanZHe/following{/other_user}"],
    "gists_url": ["https://api.github.com/users/RyanZHe/gists{/gist_id}"],
    "starred_url": ["https://api.github.com/users/RyanZHe/starred{/owner}{/repo}"],
    "subscriptions_url": ["https://api.github.com/users/RyanZHe/subscriptions"],
    "organizations_url": ["https://api.github.com/users/RyanZHe/orgs"],
    "repos_url": ["https://api.github.com/users/RyanZHe/repos"],
    "events_url": ["https://api.github.com/users/RyanZHe/events{/privacy}"],
    "received_events_url": ["https://api.github.com/users/RyanZHe/received_events"],
    "type": ["User"],
    "site_admin": [false]
  }
]
