[
  {
    "login": ["xiaoweiruby"],
    "id": [15626022],
    "node_id": ["MDQ6VXNlcjE1NjI2MDIy"],
    "avatar_url": ["https://avatars0.githubusercontent.com/u/15626022?v=4"],
    "gravatar_id": [""],
    "url": ["https://api.github.com/users/xiaoweiruby"],
    "html_url": ["https://github.com/xiaoweiruby"],
    "followers_url": ["https://api.github.com/users/xiaoweiruby/followers"],
    "following_url": ["https://api.github.com/users/xiaoweiruby/following{/other_user}"],
    "gists_url": ["https://api.github.com/users/xiaoweiruby/gists{/gist_id}"],
    "starred_url": ["https://api.github.com/users/xiaoweiruby/starred{/owner}{/repo}"],
    "subscriptions_url": ["https://api.github.com/users/xiaoweiruby/subscriptions"],
    "organizations_url": ["https://api.github.com/users/xiaoweiruby/orgs"],
    "repos_url": ["https://api.github.com/users/xiaoweiruby/repos"],
    "events_url": ["https://api.github.com/users/xiaoweiruby/events{/privacy}"],
    "received_events_url": ["https://api.github.com/users/xiaoweiruby/received_events"],
    "type": ["User"],
    "site_admin": [false]
  }
]
