[
  {
    "login": ["Justin-lu"],
    "id": [1632249],
    "node_id": ["MDQ6VXNlcjE2MzIyNDk="],
    "avatar_url": ["https://avatars2.githubusercontent.com/u/1632249?v=4"],
    "gravatar_id": [""],
    "url": ["https://api.github.com/users/Justin-lu"],
    "html_url": ["https://github.com/Justin-lu"],
    "followers_url": ["https://api.github.com/users/Justin-lu/followers"],
    "following_url": ["https://api.github.com/users/Justin-lu/following{/other_user}"],
    "gists_url": ["https://api.github.com/users/Justin-lu/gists{/gist_id}"],
    "starred_url": ["https://api.github.com/users/Justin-lu/starred{/owner}{/repo}"],
    "subscriptions_url": ["https://api.github.com/users/Justin-lu/subscriptions"],
    "organizations_url": ["https://api.github.com/users/Justin-lu/orgs"],
    "repos_url": ["https://api.github.com/users/Justin-lu/repos"],
    "events_url": ["https://api.github.com/users/Justin-lu/events{/privacy}"],
    "received_events_url": ["https://api.github.com/users/Justin-lu/received_events"],
    "type": ["User"],
    "site_admin": [false]
  }
]
