[
  {
    "login": ["Solomonwisdom"],
    "id": [22900245],
    "node_id": ["MDQ6VXNlcjIyOTAwMjQ1"],
    "avatar_url": ["https://avatars3.githubusercontent.com/u/22900245?v=4"],
    "gravatar_id": [""],
    "url": ["https://api.github.com/users/Solomonwisdom"],
    "html_url": ["https://github.com/Solomonwisdom"],
    "followers_url": ["https://api.github.com/users/Solomonwisdom/followers"],
    "following_url": ["https://api.github.com/users/Solomonwisdom/following{/other_user}"],
    "gists_url": ["https://api.github.com/users/Solomonwisdom/gists{/gist_id}"],
    "starred_url": ["https://api.github.com/users/Solomonwisdom/starred{/owner}{/repo}"],
    "subscriptions_url": ["https://api.github.com/users/Solomonwisdom/subscriptions"],
    "organizations_url": ["https://api.github.com/users/Solomonwisdom/orgs"],
    "repos_url": ["https://api.github.com/users/Solomonwisdom/repos"],
    "events_url": ["https://api.github.com/users/Solomonwisdom/events{/privacy}"],
    "received_events_url": ["https://api.github.com/users/Solomonwisdom/received_events"],
    "type": ["User"],
    "site_admin": [false]
  }
]
