[
  {
    "login": ["rliu054"],
    "id": [5742767],
    "node_id": ["MDQ6VXNlcjU3NDI3Njc="],
    "avatar_url": ["https://avatars2.githubusercontent.com/u/5742767?v=4"],
    "gravatar_id": [""],
    "url": ["https://api.github.com/users/rliu054"],
    "html_url": ["https://github.com/rliu054"],
    "followers_url": ["https://api.github.com/users/rliu054/followers"],
    "following_url": ["https://api.github.com/users/rliu054/following{/other_user}"],
    "gists_url": ["https://api.github.com/users/rliu054/gists{/gist_id}"],
    "starred_url": ["https://api.github.com/users/rliu054/starred{/owner}{/repo}"],
    "subscriptions_url": ["https://api.github.com/users/rliu054/subscriptions"],
    "organizations_url": ["https://api.github.com/users/rliu054/orgs"],
    "repos_url": ["https://api.github.com/users/rliu054/repos"],
    "events_url": ["https://api.github.com/users/rliu054/events{/privacy}"],
    "received_events_url": ["https://api.github.com/users/rliu054/received_events"],
    "type": ["User"],
    "site_admin": [false]
  }
]
