[
  {
    "login": ["vladimirktm"],
    "id": [11484624],
    "node_id": ["MDQ6VXNlcjExNDg0NjI0"],
    "avatar_url": ["https://avatars2.githubusercontent.com/u/11484624?v=4"],
    "gravatar_id": [""],
    "url": ["https://api.github.com/users/vladimirktm"],
    "html_url": ["https://github.com/vladimirktm"],
    "followers_url": ["https://api.github.com/users/vladimirktm/followers"],
    "following_url": ["https://api.github.com/users/vladimirktm/following{/other_user}"],
    "gists_url": ["https://api.github.com/users/vladimirktm/gists{/gist_id}"],
    "starred_url": ["https://api.github.com/users/vladimirktm/starred{/owner}{/repo}"],
    "subscriptions_url": ["https://api.github.com/users/vladimirktm/subscriptions"],
    "organizations_url": ["https://api.github.com/users/vladimirktm/orgs"],
    "repos_url": ["https://api.github.com/users/vladimirktm/repos"],
    "events_url": ["https://api.github.com/users/vladimirktm/events{/privacy}"],
    "received_events_url": ["https://api.github.com/users/vladimirktm/received_events"],
    "type": ["User"],
    "site_admin": [false]
  }
]
