[
  {
    "login": ["Tina-Bu"],
    "id": [7570863],
    "node_id": ["MDQ6VXNlcjc1NzA4NjM="],
    "avatar_url": ["https://avatars3.githubusercontent.com/u/7570863?v=4"],
    "gravatar_id": [""],
    "url": ["https://api.github.com/users/Tina-Bu"],
    "html_url": ["https://github.com/Tina-Bu"],
    "followers_url": ["https://api.github.com/users/Tina-Bu/followers"],
    "following_url": ["https://api.github.com/users/Tina-Bu/following{/other_user}"],
    "gists_url": ["https://api.github.com/users/Tina-Bu/gists{/gist_id}"],
    "starred_url": ["https://api.github.com/users/Tina-Bu/starred{/owner}{/repo}"],
    "subscriptions_url": ["https://api.github.com/users/Tina-Bu/subscriptions"],
    "organizations_url": ["https://api.github.com/users/Tina-Bu/orgs"],
    "repos_url": ["https://api.github.com/users/Tina-Bu/repos"],
    "events_url": ["https://api.github.com/users/Tina-Bu/events{/privacy}"],
    "received_events_url": ["https://api.github.com/users/Tina-Bu/received_events"],
    "type": ["User"],
    "site_admin": [false]
  }
]
