[
  {
    "login": ["septem9907"],
    "id": [5486181],
    "node_id": ["MDQ6VXNlcjU0ODYxODE="],
    "avatar_url": ["https://avatars1.githubusercontent.com/u/5486181?v=4"],
    "gravatar_id": [""],
    "url": ["https://api.github.com/users/septem9907"],
    "html_url": ["https://github.com/septem9907"],
    "followers_url": ["https://api.github.com/users/septem9907/followers"],
    "following_url": ["https://api.github.com/users/septem9907/following{/other_user}"],
    "gists_url": ["https://api.github.com/users/septem9907/gists{/gist_id}"],
    "starred_url": ["https://api.github.com/users/septem9907/starred{/owner}{/repo}"],
    "subscriptions_url": ["https://api.github.com/users/septem9907/subscriptions"],
    "organizations_url": ["https://api.github.com/users/septem9907/orgs"],
    "repos_url": ["https://api.github.com/users/septem9907/repos"],
    "events_url": ["https://api.github.com/users/septem9907/events{/privacy}"],
    "received_events_url": ["https://api.github.com/users/septem9907/received_events"],
    "type": ["User"],
    "site_admin": [false]
  }
]
