[
  {
    "login": ["maniiyer7"],
    "id": [6115301],
    "node_id": ["MDQ6VXNlcjYxMTUzMDE="],
    "avatar_url": ["https://avatars0.githubusercontent.com/u/6115301?v=4"],
    "gravatar_id": [""],
    "url": ["https://api.github.com/users/maniiyer7"],
    "html_url": ["https://github.com/maniiyer7"],
    "followers_url": ["https://api.github.com/users/maniiyer7/followers"],
    "following_url": ["https://api.github.com/users/maniiyer7/following{/other_user}"],
    "gists_url": ["https://api.github.com/users/maniiyer7/gists{/gist_id}"],
    "starred_url": ["https://api.github.com/users/maniiyer7/starred{/owner}{/repo}"],
    "subscriptions_url": ["https://api.github.com/users/maniiyer7/subscriptions"],
    "organizations_url": ["https://api.github.com/users/maniiyer7/orgs"],
    "repos_url": ["https://api.github.com/users/maniiyer7/repos"],
    "events_url": ["https://api.github.com/users/maniiyer7/events{/privacy}"],
    "received_events_url": ["https://api.github.com/users/maniiyer7/received_events"],
    "type": ["User"],
    "site_admin": [false]
  }
]
