[
  {
    "login": ["AbderrahmenDHIF"],
    "id": [15004565],
    "node_id": ["MDQ6VXNlcjE1MDA0NTY1"],
    "avatar_url": ["https://avatars1.githubusercontent.com/u/15004565?v=4"],
    "gravatar_id": [""],
    "url": ["https://api.github.com/users/AbderrahmenDHIF"],
    "html_url": ["https://github.com/AbderrahmenDHIF"],
    "followers_url": ["https://api.github.com/users/AbderrahmenDHIF/followers"],
    "following_url": ["https://api.github.com/users/AbderrahmenDHIF/following{/other_user}"],
    "gists_url": ["https://api.github.com/users/AbderrahmenDHIF/gists{/gist_id}"],
    "starred_url": ["https://api.github.com/users/AbderrahmenDHIF/starred{/owner}{/repo}"],
    "subscriptions_url": ["https://api.github.com/users/AbderrahmenDHIF/subscriptions"],
    "organizations_url": ["https://api.github.com/users/AbderrahmenDHIF/orgs"],
    "repos_url": ["https://api.github.com/users/AbderrahmenDHIF/repos"],
    "events_url": ["https://api.github.com/users/AbderrahmenDHIF/events{/privacy}"],
    "received_events_url": ["https://api.github.com/users/AbderrahmenDHIF/received_events"],
    "type": ["User"],
    "site_admin": [false]
  }
]
