[
  {
    "login": ["robindang0573"],
    "id": [30215462],
    "node_id": ["MDQ6VXNlcjMwMjE1NDYy"],
    "avatar_url": ["https://avatars0.githubusercontent.com/u/30215462?v=4"],
    "gravatar_id": [""],
    "url": ["https://api.github.com/users/robindang0573"],
    "html_url": ["https://github.com/robindang0573"],
    "followers_url": ["https://api.github.com/users/robindang0573/followers"],
    "following_url": ["https://api.github.com/users/robindang0573/following{/other_user}"],
    "gists_url": ["https://api.github.com/users/robindang0573/gists{/gist_id}"],
    "starred_url": ["https://api.github.com/users/robindang0573/starred{/owner}{/repo}"],
    "subscriptions_url": ["https://api.github.com/users/robindang0573/subscriptions"],
    "organizations_url": ["https://api.github.com/users/robindang0573/orgs"],
    "repos_url": ["https://api.github.com/users/robindang0573/repos"],
    "events_url": ["https://api.github.com/users/robindang0573/events{/privacy}"],
    "received_events_url": ["https://api.github.com/users/robindang0573/received_events"],
    "type": ["User"],
    "site_admin": [false]
  }
]
