[
  {
    "login": ["moein89"],
    "id": [40707380],
    "node_id": ["MDQ6VXNlcjQwNzA3Mzgw"],
    "avatar_url": ["https://avatars3.githubusercontent.com/u/40707380?v=4"],
    "gravatar_id": [""],
    "url": ["https://api.github.com/users/moein89"],
    "html_url": ["https://github.com/moein89"],
    "followers_url": ["https://api.github.com/users/moein89/followers"],
    "following_url": ["https://api.github.com/users/moein89/following{/other_user}"],
    "gists_url": ["https://api.github.com/users/moein89/gists{/gist_id}"],
    "starred_url": ["https://api.github.com/users/moein89/starred{/owner}{/repo}"],
    "subscriptions_url": ["https://api.github.com/users/moein89/subscriptions"],
    "organizations_url": ["https://api.github.com/users/moein89/orgs"],
    "repos_url": ["https://api.github.com/users/moein89/repos"],
    "events_url": ["https://api.github.com/users/moein89/events{/privacy}"],
    "received_events_url": ["https://api.github.com/users/moein89/received_events"],
    "type": ["User"],
    "site_admin": [false]
  }
]
