[
  {
    "login": ["vinciuna"],
    "id": [33539773],
    "node_id": ["MDQ6VXNlcjMzNTM5Nzcz"],
    "avatar_url": ["https://avatars1.githubusercontent.com/u/33539773?v=4"],
    "gravatar_id": [""],
    "url": ["https://api.github.com/users/vinciuna"],
    "html_url": ["https://github.com/vinciuna"],
    "followers_url": ["https://api.github.com/users/vinciuna/followers"],
    "following_url": ["https://api.github.com/users/vinciuna/following{/other_user}"],
    "gists_url": ["https://api.github.com/users/vinciuna/gists{/gist_id}"],
    "starred_url": ["https://api.github.com/users/vinciuna/starred{/owner}{/repo}"],
    "subscriptions_url": ["https://api.github.com/users/vinciuna/subscriptions"],
    "organizations_url": ["https://api.github.com/users/vinciuna/orgs"],
    "repos_url": ["https://api.github.com/users/vinciuna/repos"],
    "events_url": ["https://api.github.com/users/vinciuna/events{/privacy}"],
    "received_events_url": ["https://api.github.com/users/vinciuna/received_events"],
    "type": ["User"],
    "site_admin": [false]
  }
]
