[
  {
    "login": ["Antsypc"],
    "id": [9144627],
    "node_id": ["MDQ6VXNlcjkxNDQ2Mjc="],
    "avatar_url": ["https://avatars3.githubusercontent.com/u/9144627?v=4"],
    "gravatar_id": [""],
    "url": ["https://api.github.com/users/Antsypc"],
    "html_url": ["https://github.com/Antsypc"],
    "followers_url": ["https://api.github.com/users/Antsypc/followers"],
    "following_url": ["https://api.github.com/users/Antsypc/following{/other_user}"],
    "gists_url": ["https://api.github.com/users/Antsypc/gists{/gist_id}"],
    "starred_url": ["https://api.github.com/users/Antsypc/starred{/owner}{/repo}"],
    "subscriptions_url": ["https://api.github.com/users/Antsypc/subscriptions"],
    "organizations_url": ["https://api.github.com/users/Antsypc/orgs"],
    "repos_url": ["https://api.github.com/users/Antsypc/repos"],
    "events_url": ["https://api.github.com/users/Antsypc/events{/privacy}"],
    "received_events_url": ["https://api.github.com/users/Antsypc/received_events"],
    "type": ["User"],
    "site_admin": [false]
  }
]
