[
  {
    "login": ["applenob"],
    "id": [5762816],
    "node_id": ["MDQ6VXNlcjU3NjI4MTY="],
    "avatar_url": ["https://avatars1.githubusercontent.com/u/5762816?v=4"],
    "gravatar_id": [""],
    "url": ["https://api.github.com/users/applenob"],
    "html_url": ["https://github.com/applenob"],
    "followers_url": ["https://api.github.com/users/applenob/followers"],
    "following_url": ["https://api.github.com/users/applenob/following{/other_user}"],
    "gists_url": ["https://api.github.com/users/applenob/gists{/gist_id}"],
    "starred_url": ["https://api.github.com/users/applenob/starred{/owner}{/repo}"],
    "subscriptions_url": ["https://api.github.com/users/applenob/subscriptions"],
    "organizations_url": ["https://api.github.com/users/applenob/orgs"],
    "repos_url": ["https://api.github.com/users/applenob/repos"],
    "events_url": ["https://api.github.com/users/applenob/events{/privacy}"],
    "received_events_url": ["https://api.github.com/users/applenob/received_events"],
    "type": ["User"],
    "site_admin": [false]
  }
]
