[
  {
    "login": ["marcelomata"],
    "id": [4195468],
    "node_id": ["MDQ6VXNlcjQxOTU0Njg="],
    "avatar_url": ["https://avatars3.githubusercontent.com/u/4195468?v=4"],
    "gravatar_id": [""],
    "url": ["https://api.github.com/users/marcelomata"],
    "html_url": ["https://github.com/marcelomata"],
    "followers_url": ["https://api.github.com/users/marcelomata/followers"],
    "following_url": ["https://api.github.com/users/marcelomata/following{/other_user}"],
    "gists_url": ["https://api.github.com/users/marcelomata/gists{/gist_id}"],
    "starred_url": ["https://api.github.com/users/marcelomata/starred{/owner}{/repo}"],
    "subscriptions_url": ["https://api.github.com/users/marcelomata/subscriptions"],
    "organizations_url": ["https://api.github.com/users/marcelomata/orgs"],
    "repos_url": ["https://api.github.com/users/marcelomata/repos"],
    "events_url": ["https://api.github.com/users/marcelomata/events{/privacy}"],
    "received_events_url": ["https://api.github.com/users/marcelomata/received_events"],
    "type": ["User"],
    "site_admin": [false]
  }
]
