[
  {
    "login": ["DataXujing"],
    "id": [24708267],
    "node_id": ["MDQ6VXNlcjI0NzA4MjY3"],
    "avatar_url": ["https://avatars1.githubusercontent.com/u/24708267?v=4"],
    "gravatar_id": [""],
    "url": ["https://api.github.com/users/DataXujing"],
    "html_url": ["https://github.com/DataXujing"],
    "followers_url": ["https://api.github.com/users/DataXujing/followers"],
    "following_url": ["https://api.github.com/users/DataXujing/following{/other_user}"],
    "gists_url": ["https://api.github.com/users/DataXujing/gists{/gist_id}"],
    "starred_url": ["https://api.github.com/users/DataXujing/starred{/owner}{/repo}"],
    "subscriptions_url": ["https://api.github.com/users/DataXujing/subscriptions"],
    "organizations_url": ["https://api.github.com/users/DataXujing/orgs"],
    "repos_url": ["https://api.github.com/users/DataXujing/repos"],
    "events_url": ["https://api.github.com/users/DataXujing/events{/privacy}"],
    "received_events_url": ["https://api.github.com/users/DataXujing/received_events"],
    "type": ["User"],
    "site_admin": [false]
  }
]
