[
  {
    "login": ["vchennapalli"],
    "id": [17821570],
    "node_id": ["MDQ6VXNlcjE3ODIxNTcw"],
    "avatar_url": ["https://avatars3.githubusercontent.com/u/17821570?v=4"],
    "gravatar_id": [""],
    "url": ["https://api.github.com/users/vchennapalli"],
    "html_url": ["https://github.com/vchennapalli"],
    "followers_url": ["https://api.github.com/users/vchennapalli/followers"],
    "following_url": ["https://api.github.com/users/vchennapalli/following{/other_user}"],
    "gists_url": ["https://api.github.com/users/vchennapalli/gists{/gist_id}"],
    "starred_url": ["https://api.github.com/users/vchennapalli/starred{/owner}{/repo}"],
    "subscriptions_url": ["https://api.github.com/users/vchennapalli/subscriptions"],
    "organizations_url": ["https://api.github.com/users/vchennapalli/orgs"],
    "repos_url": ["https://api.github.com/users/vchennapalli/repos"],
    "events_url": ["https://api.github.com/users/vchennapalli/events{/privacy}"],
    "received_events_url": ["https://api.github.com/users/vchennapalli/received_events"],
    "type": ["User"],
    "site_admin": [false]
  }
]
