[
  {
    "login": ["phamlan83"],
    "id": [11371017],
    "node_id": ["MDQ6VXNlcjExMzcxMDE3"],
    "avatar_url": ["https://avatars2.githubusercontent.com/u/11371017?v=4"],
    "gravatar_id": [""],
    "url": ["https://api.github.com/users/phamlan83"],
    "html_url": ["https://github.com/phamlan83"],
    "followers_url": ["https://api.github.com/users/phamlan83/followers"],
    "following_url": ["https://api.github.com/users/phamlan83/following{/other_user}"],
    "gists_url": ["https://api.github.com/users/phamlan83/gists{/gist_id}"],
    "starred_url": ["https://api.github.com/users/phamlan83/starred{/owner}{/repo}"],
    "subscriptions_url": ["https://api.github.com/users/phamlan83/subscriptions"],
    "organizations_url": ["https://api.github.com/users/phamlan83/orgs"],
    "repos_url": ["https://api.github.com/users/phamlan83/repos"],
    "events_url": ["https://api.github.com/users/phamlan83/events{/privacy}"],
    "received_events_url": ["https://api.github.com/users/phamlan83/received_events"],
    "type": ["User"],
    "site_admin": [false]
  }
]
