[
  {
    "login": ["DEKHTIARJonathan"],
    "id": [10923599],
    "node_id": ["MDQ6VXNlcjEwOTIzNTk5"],
    "avatar_url": ["https://avatars2.githubusercontent.com/u/10923599?v=4"],
    "gravatar_id": [""],
    "url": ["https://api.github.com/users/DEKHTIARJonathan"],
    "html_url": ["https://github.com/DEKHTIARJonathan"],
    "followers_url": ["https://api.github.com/users/DEKHTIARJonathan/followers"],
    "following_url": ["https://api.github.com/users/DEKHTIARJonathan/following{/other_user}"],
    "gists_url": ["https://api.github.com/users/DEKHTIARJonathan/gists{/gist_id}"],
    "starred_url": ["https://api.github.com/users/DEKHTIARJonathan/starred{/owner}{/repo}"],
    "subscriptions_url": ["https://api.github.com/users/DEKHTIARJonathan/subscriptions"],
    "organizations_url": ["https://api.github.com/users/DEKHTIARJonathan/orgs"],
    "repos_url": ["https://api.github.com/users/DEKHTIARJonathan/repos"],
    "events_url": ["https://api.github.com/users/DEKHTIARJonathan/events{/privacy}"],
    "received_events_url": ["https://api.github.com/users/DEKHTIARJonathan/received_events"],
    "type": ["User"],
    "site_admin": [false]
  }
]
