[
  {
    "login": ["VectorLu"],
    "id": [12776182],
    "node_id": ["MDQ6VXNlcjEyNzc2MTgy"],
    "avatar_url": ["https://avatars0.githubusercontent.com/u/12776182?v=4"],
    "gravatar_id": [""],
    "url": ["https://api.github.com/users/VectorLu"],
    "html_url": ["https://github.com/VectorLu"],
    "followers_url": ["https://api.github.com/users/VectorLu/followers"],
    "following_url": ["https://api.github.com/users/VectorLu/following{/other_user}"],
    "gists_url": ["https://api.github.com/users/VectorLu/gists{/gist_id}"],
    "starred_url": ["https://api.github.com/users/VectorLu/starred{/owner}{/repo}"],
    "subscriptions_url": ["https://api.github.com/users/VectorLu/subscriptions"],
    "organizations_url": ["https://api.github.com/users/VectorLu/orgs"],
    "repos_url": ["https://api.github.com/users/VectorLu/repos"],
    "events_url": ["https://api.github.com/users/VectorLu/events{/privacy}"],
    "received_events_url": ["https://api.github.com/users/VectorLu/received_events"],
    "type": ["User"],
    "site_admin": [false]
  }
]
