[
  {
    "login": ["Cristiano-3"],
    "id": [16070214],
    "node_id": ["MDQ6VXNlcjE2MDcwMjE0"],
    "avatar_url": ["https://avatars1.githubusercontent.com/u/16070214?v=4"],
    "gravatar_id": [""],
    "url": ["https://api.github.com/users/Cristiano-3"],
    "html_url": ["https://github.com/Cristiano-3"],
    "followers_url": ["https://api.github.com/users/Cristiano-3/followers"],
    "following_url": ["https://api.github.com/users/Cristiano-3/following{/other_user}"],
    "gists_url": ["https://api.github.com/users/Cristiano-3/gists{/gist_id}"],
    "starred_url": ["https://api.github.com/users/Cristiano-3/starred{/owner}{/repo}"],
    "subscriptions_url": ["https://api.github.com/users/Cristiano-3/subscriptions"],
    "organizations_url": ["https://api.github.com/users/Cristiano-3/orgs"],
    "repos_url": ["https://api.github.com/users/Cristiano-3/repos"],
    "events_url": ["https://api.github.com/users/Cristiano-3/events{/privacy}"],
    "received_events_url": ["https://api.github.com/users/Cristiano-3/received_events"],
    "type": ["User"],
    "site_admin": [false]
  }
]
