[
  {
    "login": ["baliw"],
    "id": [731810],
    "node_id": ["MDQ6VXNlcjczMTgxMA=="],
    "avatar_url": ["https://avatars3.githubusercontent.com/u/731810?v=4"],
    "gravatar_id": [""],
    "url": ["https://api.github.com/users/baliw"],
    "html_url": ["https://github.com/baliw"],
    "followers_url": ["https://api.github.com/users/baliw/followers"],
    "following_url": ["https://api.github.com/users/baliw/following{/other_user}"],
    "gists_url": ["https://api.github.com/users/baliw/gists{/gist_id}"],
    "starred_url": ["https://api.github.com/users/baliw/starred{/owner}{/repo}"],
    "subscriptions_url": ["https://api.github.com/users/baliw/subscriptions"],
    "organizations_url": ["https://api.github.com/users/baliw/orgs"],
    "repos_url": ["https://api.github.com/users/baliw/repos"],
    "events_url": ["https://api.github.com/users/baliw/events{/privacy}"],
    "received_events_url": ["https://api.github.com/users/baliw/received_events"],
    "type": ["User"],
    "site_admin": [false]
  }
]
