[
  {
    "login": ["xiaoxiaoaobama"],
    "id": [26184778],
    "node_id": ["MDQ6VXNlcjI2MTg0Nzc4"],
    "avatar_url": ["https://avatars3.githubusercontent.com/u/26184778?v=4"],
    "gravatar_id": [""],
    "url": ["https://api.github.com/users/xiaoxiaoaobama"],
    "html_url": ["https://github.com/xiaoxiaoaobama"],
    "followers_url": ["https://api.github.com/users/xiaoxiaoaobama/followers"],
    "following_url": ["https://api.github.com/users/xiaoxiaoaobama/following{/other_user}"],
    "gists_url": ["https://api.github.com/users/xiaoxiaoaobama/gists{/gist_id}"],
    "starred_url": ["https://api.github.com/users/xiaoxiaoaobama/starred{/owner}{/repo}"],
    "subscriptions_url": ["https://api.github.com/users/xiaoxiaoaobama/subscriptions"],
    "organizations_url": ["https://api.github.com/users/xiaoxiaoaobama/orgs"],
    "repos_url": ["https://api.github.com/users/xiaoxiaoaobama/repos"],
    "events_url": ["https://api.github.com/users/xiaoxiaoaobama/events{/privacy}"],
    "received_events_url": ["https://api.github.com/users/xiaoxiaoaobama/received_events"],
    "type": ["User"],
    "site_admin": [false]
  }
]
