[
  {
    "login": ["Gauravkumar3738"],
    "id": [15325307],
    "node_id": ["MDQ6VXNlcjE1MzI1MzA3"],
    "avatar_url": ["https://avatars1.githubusercontent.com/u/15325307?v=4"],
    "gravatar_id": [""],
    "url": ["https://api.github.com/users/Gauravkumar3738"],
    "html_url": ["https://github.com/Gauravkumar3738"],
    "followers_url": ["https://api.github.com/users/Gauravkumar3738/followers"],
    "following_url": ["https://api.github.com/users/Gauravkumar3738/following{/other_user}"],
    "gists_url": ["https://api.github.com/users/Gauravkumar3738/gists{/gist_id}"],
    "starred_url": ["https://api.github.com/users/Gauravkumar3738/starred{/owner}{/repo}"],
    "subscriptions_url": ["https://api.github.com/users/Gauravkumar3738/subscriptions"],
    "organizations_url": ["https://api.github.com/users/Gauravkumar3738/orgs"],
    "repos_url": ["https://api.github.com/users/Gauravkumar3738/repos"],
    "events_url": ["https://api.github.com/users/Gauravkumar3738/events{/privacy}"],
    "received_events_url": ["https://api.github.com/users/Gauravkumar3738/received_events"],
    "type": ["User"],
    "site_admin": [false]
  }
]
