[
  {
    "login": ["actank"],
    "id": [11209362],
    "node_id": ["MDQ6VXNlcjExMjA5MzYy"],
    "avatar_url": ["https://avatars1.githubusercontent.com/u/11209362?v=4"],
    "gravatar_id": [""],
    "url": ["https://api.github.com/users/actank"],
    "html_url": ["https://github.com/actank"],
    "followers_url": ["https://api.github.com/users/actank/followers"],
    "following_url": ["https://api.github.com/users/actank/following{/other_user}"],
    "gists_url": ["https://api.github.com/users/actank/gists{/gist_id}"],
    "starred_url": ["https://api.github.com/users/actank/starred{/owner}{/repo}"],
    "subscriptions_url": ["https://api.github.com/users/actank/subscriptions"],
    "organizations_url": ["https://api.github.com/users/actank/orgs"],
    "repos_url": ["https://api.github.com/users/actank/repos"],
    "events_url": ["https://api.github.com/users/actank/events{/privacy}"],
    "received_events_url": ["https://api.github.com/users/actank/received_events"],
    "type": ["User"],
    "site_admin": [false]
  }
]
