[
  {
    "login": ["niket709"],
    "id": [19248133],
    "node_id": ["MDQ6VXNlcjE5MjQ4MTMz"],
    "avatar_url": ["https://avatars0.githubusercontent.com/u/19248133?v=4"],
    "gravatar_id": [""],
    "url": ["https://api.github.com/users/niket709"],
    "html_url": ["https://github.com/niket709"],
    "followers_url": ["https://api.github.com/users/niket709/followers"],
    "following_url": ["https://api.github.com/users/niket709/following{/other_user}"],
    "gists_url": ["https://api.github.com/users/niket709/gists{/gist_id}"],
    "starred_url": ["https://api.github.com/users/niket709/starred{/owner}{/repo}"],
    "subscriptions_url": ["https://api.github.com/users/niket709/subscriptions"],
    "organizations_url": ["https://api.github.com/users/niket709/orgs"],
    "repos_url": ["https://api.github.com/users/niket709/repos"],
    "events_url": ["https://api.github.com/users/niket709/events{/privacy}"],
    "received_events_url": ["https://api.github.com/users/niket709/received_events"],
    "type": ["User"],
    "site_admin": [false]
  }
]
