[
  {
    "login": ["Jason08"],
    "id": [20527828],
    "node_id": ["MDQ6VXNlcjIwNTI3ODI4"],
    "avatar_url": ["https://avatars1.githubusercontent.com/u/20527828?v=4"],
    "gravatar_id": [""],
    "url": ["https://api.github.com/users/Jason08"],
    "html_url": ["https://github.com/Jason08"],
    "followers_url": ["https://api.github.com/users/Jason08/followers"],
    "following_url": ["https://api.github.com/users/Jason08/following{/other_user}"],
    "gists_url": ["https://api.github.com/users/Jason08/gists{/gist_id}"],
    "starred_url": ["https://api.github.com/users/Jason08/starred{/owner}{/repo}"],
    "subscriptions_url": ["https://api.github.com/users/Jason08/subscriptions"],
    "organizations_url": ["https://api.github.com/users/Jason08/orgs"],
    "repos_url": ["https://api.github.com/users/Jason08/repos"],
    "events_url": ["https://api.github.com/users/Jason08/events{/privacy}"],
    "received_events_url": ["https://api.github.com/users/Jason08/received_events"],
    "type": ["User"],
    "site_admin": [false]
  }
]
