[
  {
    "login": ["644896268"],
    "id": [48371456],
    "node_id": ["MDQ6VXNlcjQ4MzcxNDU2"],
    "avatar_url": ["https://avatars2.githubusercontent.com/u/48371456?v=4"],
    "gravatar_id": [""],
    "url": ["https://api.github.com/users/644896268"],
    "html_url": ["https://github.com/644896268"],
    "followers_url": ["https://api.github.com/users/644896268/followers"],
    "following_url": ["https://api.github.com/users/644896268/following{/other_user}"],
    "gists_url": ["https://api.github.com/users/644896268/gists{/gist_id}"],
    "starred_url": ["https://api.github.com/users/644896268/starred{/owner}{/repo}"],
    "subscriptions_url": ["https://api.github.com/users/644896268/subscriptions"],
    "organizations_url": ["https://api.github.com/users/644896268/orgs"],
    "repos_url": ["https://api.github.com/users/644896268/repos"],
    "events_url": ["https://api.github.com/users/644896268/events{/privacy}"],
    "received_events_url": ["https://api.github.com/users/644896268/received_events"],
    "type": ["User"],
    "site_admin": [false]
  }
]
