[
  {
    "login": ["rsaavy"],
    "id": [18731785],
    "node_id": ["MDQ6VXNlcjE4NzMxNzg1"],
    "avatar_url": ["https://avatars3.githubusercontent.com/u/18731785?v=4"],
    "gravatar_id": [""],
    "url": ["https://api.github.com/users/rsaavy"],
    "html_url": ["https://github.com/rsaavy"],
    "followers_url": ["https://api.github.com/users/rsaavy/followers"],
    "following_url": ["https://api.github.com/users/rsaavy/following{/other_user}"],
    "gists_url": ["https://api.github.com/users/rsaavy/gists{/gist_id}"],
    "starred_url": ["https://api.github.com/users/rsaavy/starred{/owner}{/repo}"],
    "subscriptions_url": ["https://api.github.com/users/rsaavy/subscriptions"],
    "organizations_url": ["https://api.github.com/users/rsaavy/orgs"],
    "repos_url": ["https://api.github.com/users/rsaavy/repos"],
    "events_url": ["https://api.github.com/users/rsaavy/events{/privacy}"],
    "received_events_url": ["https://api.github.com/users/rsaavy/received_events"],
    "type": ["User"],
    "site_admin": [false]
  }
]
