[
  {
    "login": ["qianli-sun"],
    "id": [14119544],
    "node_id": ["MDQ6VXNlcjE0MTE5NTQ0"],
    "avatar_url": ["https://avatars2.githubusercontent.com/u/14119544?v=4"],
    "gravatar_id": [""],
    "url": ["https://api.github.com/users/qianli-sun"],
    "html_url": ["https://github.com/qianli-sun"],
    "followers_url": ["https://api.github.com/users/qianli-sun/followers"],
    "following_url": ["https://api.github.com/users/qianli-sun/following{/other_user}"],
    "gists_url": ["https://api.github.com/users/qianli-sun/gists{/gist_id}"],
    "starred_url": ["https://api.github.com/users/qianli-sun/starred{/owner}{/repo}"],
    "subscriptions_url": ["https://api.github.com/users/qianli-sun/subscriptions"],
    "organizations_url": ["https://api.github.com/users/qianli-sun/orgs"],
    "repos_url": ["https://api.github.com/users/qianli-sun/repos"],
    "events_url": ["https://api.github.com/users/qianli-sun/events{/privacy}"],
    "received_events_url": ["https://api.github.com/users/qianli-sun/received_events"],
    "type": ["User"],
    "site_admin": [false]
  }
]
