[
  {
    "login": ["navdeep-G"],
    "id": [10055668],
    "node_id": ["MDQ6VXNlcjEwMDU1NjY4"],
    "avatar_url": ["https://avatars2.githubusercontent.com/u/10055668?v=4"],
    "gravatar_id": [""],
    "url": ["https://api.github.com/users/navdeep-G"],
    "html_url": ["https://github.com/navdeep-G"],
    "followers_url": ["https://api.github.com/users/navdeep-G/followers"],
    "following_url": ["https://api.github.com/users/navdeep-G/following{/other_user}"],
    "gists_url": ["https://api.github.com/users/navdeep-G/gists{/gist_id}"],
    "starred_url": ["https://api.github.com/users/navdeep-G/starred{/owner}{/repo}"],
    "subscriptions_url": ["https://api.github.com/users/navdeep-G/subscriptions"],
    "organizations_url": ["https://api.github.com/users/navdeep-G/orgs"],
    "repos_url": ["https://api.github.com/users/navdeep-G/repos"],
    "events_url": ["https://api.github.com/users/navdeep-G/events{/privacy}"],
    "received_events_url": ["https://api.github.com/users/navdeep-G/received_events"],
    "type": ["User"],
    "site_admin": [false]
  }
]
