[
  {
    "login": ["JerryCatLeung"],
    "id": [24807178],
    "node_id": ["MDQ6VXNlcjI0ODA3MTc4"],
    "avatar_url": ["https://avatars1.githubusercontent.com/u/24807178?v=4"],
    "gravatar_id": [""],
    "url": ["https://api.github.com/users/JerryCatLeung"],
    "html_url": ["https://github.com/JerryCatLeung"],
    "followers_url": ["https://api.github.com/users/JerryCatLeung/followers"],
    "following_url": ["https://api.github.com/users/JerryCatLeung/following{/other_user}"],
    "gists_url": ["https://api.github.com/users/JerryCatLeung/gists{/gist_id}"],
    "starred_url": ["https://api.github.com/users/JerryCatLeung/starred{/owner}{/repo}"],
    "subscriptions_url": ["https://api.github.com/users/JerryCatLeung/subscriptions"],
    "organizations_url": ["https://api.github.com/users/JerryCatLeung/orgs"],
    "repos_url": ["https://api.github.com/users/JerryCatLeung/repos"],
    "events_url": ["https://api.github.com/users/JerryCatLeung/events{/privacy}"],
    "received_events_url": ["https://api.github.com/users/JerryCatLeung/received_events"],
    "type": ["User"],
    "site_admin": [false]
  }
]
