[
  {
    "login": ["csarron"],
    "id": [8440740],
    "node_id": ["MDQ6VXNlcjg0NDA3NDA="],
    "avatar_url": ["https://avatars0.githubusercontent.com/u/8440740?v=4"],
    "gravatar_id": [""],
    "url": ["https://api.github.com/users/csarron"],
    "html_url": ["https://github.com/csarron"],
    "followers_url": ["https://api.github.com/users/csarron/followers"],
    "following_url": ["https://api.github.com/users/csarron/following{/other_user}"],
    "gists_url": ["https://api.github.com/users/csarron/gists{/gist_id}"],
    "starred_url": ["https://api.github.com/users/csarron/starred{/owner}{/repo}"],
    "subscriptions_url": ["https://api.github.com/users/csarron/subscriptions"],
    "organizations_url": ["https://api.github.com/users/csarron/orgs"],
    "repos_url": ["https://api.github.com/users/csarron/repos"],
    "events_url": ["https://api.github.com/users/csarron/events{/privacy}"],
    "received_events_url": ["https://api.github.com/users/csarron/received_events"],
    "type": ["User"],
    "site_admin": [false]
  }
]
