[
  {
    "login": ["edisonxiang"],
    "id": [28946359],
    "node_id": ["MDQ6VXNlcjI4OTQ2MzU5"],
    "avatar_url": ["https://avatars0.githubusercontent.com/u/28946359?v=4"],
    "gravatar_id": [""],
    "url": ["https://api.github.com/users/edisonxiang"],
    "html_url": ["https://github.com/edisonxiang"],
    "followers_url": ["https://api.github.com/users/edisonxiang/followers"],
    "following_url": ["https://api.github.com/users/edisonxiang/following{/other_user}"],
    "gists_url": ["https://api.github.com/users/edisonxiang/gists{/gist_id}"],
    "starred_url": ["https://api.github.com/users/edisonxiang/starred{/owner}{/repo}"],
    "subscriptions_url": ["https://api.github.com/users/edisonxiang/subscriptions"],
    "organizations_url": ["https://api.github.com/users/edisonxiang/orgs"],
    "repos_url": ["https://api.github.com/users/edisonxiang/repos"],
    "events_url": ["https://api.github.com/users/edisonxiang/events{/privacy}"],
    "received_events_url": ["https://api.github.com/users/edisonxiang/received_events"],
    "type": ["User"],
    "site_admin": [false]
  }
]
