[
  {
    "login": ["Perseus1812"],
    "id": [29884933],
    "node_id": ["MDQ6VXNlcjI5ODg0OTMz"],
    "avatar_url": ["https://avatars1.githubusercontent.com/u/29884933?v=4"],
    "gravatar_id": [""],
    "url": ["https://api.github.com/users/Perseus1812"],
    "html_url": ["https://github.com/Perseus1812"],
    "followers_url": ["https://api.github.com/users/Perseus1812/followers"],
    "following_url": ["https://api.github.com/users/Perseus1812/following{/other_user}"],
    "gists_url": ["https://api.github.com/users/Perseus1812/gists{/gist_id}"],
    "starred_url": ["https://api.github.com/users/Perseus1812/starred{/owner}{/repo}"],
    "subscriptions_url": ["https://api.github.com/users/Perseus1812/subscriptions"],
    "organizations_url": ["https://api.github.com/users/Perseus1812/orgs"],
    "repos_url": ["https://api.github.com/users/Perseus1812/repos"],
    "events_url": ["https://api.github.com/users/Perseus1812/events{/privacy}"],
    "received_events_url": ["https://api.github.com/users/Perseus1812/received_events"],
    "type": ["User"],
    "site_admin": [false]
  }
]
