[
  {
    "login": ["deadsoul44"],
    "id": [31016182],
    "node_id": ["MDQ6VXNlcjMxMDE2MTgy"],
    "avatar_url": ["https://avatars1.githubusercontent.com/u/31016182?v=4"],
    "gravatar_id": [""],
    "url": ["https://api.github.com/users/deadsoul44"],
    "html_url": ["https://github.com/deadsoul44"],
    "followers_url": ["https://api.github.com/users/deadsoul44/followers"],
    "following_url": ["https://api.github.com/users/deadsoul44/following{/other_user}"],
    "gists_url": ["https://api.github.com/users/deadsoul44/gists{/gist_id}"],
    "starred_url": ["https://api.github.com/users/deadsoul44/starred{/owner}{/repo}"],
    "subscriptions_url": ["https://api.github.com/users/deadsoul44/subscriptions"],
    "organizations_url": ["https://api.github.com/users/deadsoul44/orgs"],
    "repos_url": ["https://api.github.com/users/deadsoul44/repos"],
    "events_url": ["https://api.github.com/users/deadsoul44/events{/privacy}"],
    "received_events_url": ["https://api.github.com/users/deadsoul44/received_events"],
    "type": ["User"],
    "site_admin": [false]
  }
]
