[
  {
    "login": ["bat67"],
    "id": [16974546],
    "node_id": ["MDQ6VXNlcjE2OTc0NTQ2"],
    "avatar_url": ["https://avatars0.githubusercontent.com/u/16974546?v=4"],
    "gravatar_id": [""],
    "url": ["https://api.github.com/users/bat67"],
    "html_url": ["https://github.com/bat67"],
    "followers_url": ["https://api.github.com/users/bat67/followers"],
    "following_url": ["https://api.github.com/users/bat67/following{/other_user}"],
    "gists_url": ["https://api.github.com/users/bat67/gists{/gist_id}"],
    "starred_url": ["https://api.github.com/users/bat67/starred{/owner}{/repo}"],
    "subscriptions_url": ["https://api.github.com/users/bat67/subscriptions"],
    "organizations_url": ["https://api.github.com/users/bat67/orgs"],
    "repos_url": ["https://api.github.com/users/bat67/repos"],
    "events_url": ["https://api.github.com/users/bat67/events{/privacy}"],
    "received_events_url": ["https://api.github.com/users/bat67/received_events"],
    "type": ["User"],
    "site_admin": [false]
  }
]
