[
  {
    "login": ["tonytuoli"],
    "id": [15346661],
    "node_id": ["MDQ6VXNlcjE1MzQ2NjYx"],
    "avatar_url": ["https://avatars2.githubusercontent.com/u/15346661?v=4"],
    "gravatar_id": [""],
    "url": ["https://api.github.com/users/tonytuoli"],
    "html_url": ["https://github.com/tonytuoli"],
    "followers_url": ["https://api.github.com/users/tonytuoli/followers"],
    "following_url": ["https://api.github.com/users/tonytuoli/following{/other_user}"],
    "gists_url": ["https://api.github.com/users/tonytuoli/gists{/gist_id}"],
    "starred_url": ["https://api.github.com/users/tonytuoli/starred{/owner}{/repo}"],
    "subscriptions_url": ["https://api.github.com/users/tonytuoli/subscriptions"],
    "organizations_url": ["https://api.github.com/users/tonytuoli/orgs"],
    "repos_url": ["https://api.github.com/users/tonytuoli/repos"],
    "events_url": ["https://api.github.com/users/tonytuoli/events{/privacy}"],
    "received_events_url": ["https://api.github.com/users/tonytuoli/received_events"],
    "type": ["User"],
    "site_admin": [false]
  }
]
