[
  {
    "login": ["cesiv"],
    "id": [19420671],
    "node_id": ["MDQ6VXNlcjE5NDIwNjcx"],
    "avatar_url": ["https://avatars0.githubusercontent.com/u/19420671?v=4"],
    "gravatar_id": [""],
    "url": ["https://api.github.com/users/cesiv"],
    "html_url": ["https://github.com/cesiv"],
    "followers_url": ["https://api.github.com/users/cesiv/followers"],
    "following_url": ["https://api.github.com/users/cesiv/following{/other_user}"],
    "gists_url": ["https://api.github.com/users/cesiv/gists{/gist_id}"],
    "starred_url": ["https://api.github.com/users/cesiv/starred{/owner}{/repo}"],
    "subscriptions_url": ["https://api.github.com/users/cesiv/subscriptions"],
    "organizations_url": ["https://api.github.com/users/cesiv/orgs"],
    "repos_url": ["https://api.github.com/users/cesiv/repos"],
    "events_url": ["https://api.github.com/users/cesiv/events{/privacy}"],
    "received_events_url": ["https://api.github.com/users/cesiv/received_events"],
    "type": ["User"],
    "site_admin": [false]
  }
]
