[
  {
    "login": ["Vlove0000"],
    "id": [34232275],
    "node_id": ["MDQ6VXNlcjM0MjMyMjc1"],
    "avatar_url": ["https://avatars2.githubusercontent.com/u/34232275?v=4"],
    "gravatar_id": [""],
    "url": ["https://api.github.com/users/Vlove0000"],
    "html_url": ["https://github.com/Vlove0000"],
    "followers_url": ["https://api.github.com/users/Vlove0000/followers"],
    "following_url": ["https://api.github.com/users/Vlove0000/following{/other_user}"],
    "gists_url": ["https://api.github.com/users/Vlove0000/gists{/gist_id}"],
    "starred_url": ["https://api.github.com/users/Vlove0000/starred{/owner}{/repo}"],
    "subscriptions_url": ["https://api.github.com/users/Vlove0000/subscriptions"],
    "organizations_url": ["https://api.github.com/users/Vlove0000/orgs"],
    "repos_url": ["https://api.github.com/users/Vlove0000/repos"],
    "events_url": ["https://api.github.com/users/Vlove0000/events{/privacy}"],
    "received_events_url": ["https://api.github.com/users/Vlove0000/received_events"],
    "type": ["User"],
    "site_admin": [false]
  }
]
