[
  {
    "login": ["yoci642"],
    "id": [23292282],
    "node_id": ["MDQ6VXNlcjIzMjkyMjgy"],
    "avatar_url": ["https://avatars1.githubusercontent.com/u/23292282?v=4"],
    "gravatar_id": [""],
    "url": ["https://api.github.com/users/yoci642"],
    "html_url": ["https://github.com/yoci642"],
    "followers_url": ["https://api.github.com/users/yoci642/followers"],
    "following_url": ["https://api.github.com/users/yoci642/following{/other_user}"],
    "gists_url": ["https://api.github.com/users/yoci642/gists{/gist_id}"],
    "starred_url": ["https://api.github.com/users/yoci642/starred{/owner}{/repo}"],
    "subscriptions_url": ["https://api.github.com/users/yoci642/subscriptions"],
    "organizations_url": ["https://api.github.com/users/yoci642/orgs"],
    "repos_url": ["https://api.github.com/users/yoci642/repos"],
    "events_url": ["https://api.github.com/users/yoci642/events{/privacy}"],
    "received_events_url": ["https://api.github.com/users/yoci642/received_events"],
    "type": ["User"],
    "site_admin": [false]
  }
]
