[
  {
    "login": ["Abdulhadi77"],
    "id": [26086094],
    "node_id": ["MDQ6VXNlcjI2MDg2MDk0"],
    "avatar_url": ["https://avatars3.githubusercontent.com/u/26086094?v=4"],
    "gravatar_id": [""],
    "url": ["https://api.github.com/users/Abdulhadi77"],
    "html_url": ["https://github.com/Abdulhadi77"],
    "followers_url": ["https://api.github.com/users/Abdulhadi77/followers"],
    "following_url": ["https://api.github.com/users/Abdulhadi77/following{/other_user}"],
    "gists_url": ["https://api.github.com/users/Abdulhadi77/gists{/gist_id}"],
    "starred_url": ["https://api.github.com/users/Abdulhadi77/starred{/owner}{/repo}"],
    "subscriptions_url": ["https://api.github.com/users/Abdulhadi77/subscriptions"],
    "organizations_url": ["https://api.github.com/users/Abdulhadi77/orgs"],
    "repos_url": ["https://api.github.com/users/Abdulhadi77/repos"],
    "events_url": ["https://api.github.com/users/Abdulhadi77/events{/privacy}"],
    "received_events_url": ["https://api.github.com/users/Abdulhadi77/received_events"],
    "type": ["User"],
    "site_admin": [false]
  }
]
