[
  {
    "login": ["jasper7zlh"],
    "id": [8279388],
    "node_id": ["MDQ6VXNlcjgyNzkzODg="],
    "avatar_url": ["https://avatars0.githubusercontent.com/u/8279388?v=4"],
    "gravatar_id": [""],
    "url": ["https://api.github.com/users/jasper7zlh"],
    "html_url": ["https://github.com/jasper7zlh"],
    "followers_url": ["https://api.github.com/users/jasper7zlh/followers"],
    "following_url": ["https://api.github.com/users/jasper7zlh/following{/other_user}"],
    "gists_url": ["https://api.github.com/users/jasper7zlh/gists{/gist_id}"],
    "starred_url": ["https://api.github.com/users/jasper7zlh/starred{/owner}{/repo}"],
    "subscriptions_url": ["https://api.github.com/users/jasper7zlh/subscriptions"],
    "organizations_url": ["https://api.github.com/users/jasper7zlh/orgs"],
    "repos_url": ["https://api.github.com/users/jasper7zlh/repos"],
    "events_url": ["https://api.github.com/users/jasper7zlh/events{/privacy}"],
    "received_events_url": ["https://api.github.com/users/jasper7zlh/received_events"],
    "type": ["User"],
    "site_admin": [false]
  }
]
