[
  {
    "login": ["boyuanuk"],
    "id": [29119659],
    "node_id": ["MDQ6VXNlcjI5MTE5NjU5"],
    "avatar_url": ["https://avatars0.githubusercontent.com/u/29119659?v=4"],
    "gravatar_id": [""],
    "url": ["https://api.github.com/users/boyuanuk"],
    "html_url": ["https://github.com/boyuanuk"],
    "followers_url": ["https://api.github.com/users/boyuanuk/followers"],
    "following_url": ["https://api.github.com/users/boyuanuk/following{/other_user}"],
    "gists_url": ["https://api.github.com/users/boyuanuk/gists{/gist_id}"],
    "starred_url": ["https://api.github.com/users/boyuanuk/starred{/owner}{/repo}"],
    "subscriptions_url": ["https://api.github.com/users/boyuanuk/subscriptions"],
    "organizations_url": ["https://api.github.com/users/boyuanuk/orgs"],
    "repos_url": ["https://api.github.com/users/boyuanuk/repos"],
    "events_url": ["https://api.github.com/users/boyuanuk/events{/privacy}"],
    "received_events_url": ["https://api.github.com/users/boyuanuk/received_events"],
    "type": ["User"],
    "site_admin": [false]
  }
]
