[
  {
    "login": ["yljason8888"],
    "id": [38651011],
    "node_id": ["MDQ6VXNlcjM4NjUxMDEx"],
    "avatar_url": ["https://avatars2.githubusercontent.com/u/38651011?v=4"],
    "gravatar_id": [""],
    "url": ["https://api.github.com/users/yljason8888"],
    "html_url": ["https://github.com/yljason8888"],
    "followers_url": ["https://api.github.com/users/yljason8888/followers"],
    "following_url": ["https://api.github.com/users/yljason8888/following{/other_user}"],
    "gists_url": ["https://api.github.com/users/yljason8888/gists{/gist_id}"],
    "starred_url": ["https://api.github.com/users/yljason8888/starred{/owner}{/repo}"],
    "subscriptions_url": ["https://api.github.com/users/yljason8888/subscriptions"],
    "organizations_url": ["https://api.github.com/users/yljason8888/orgs"],
    "repos_url": ["https://api.github.com/users/yljason8888/repos"],
    "events_url": ["https://api.github.com/users/yljason8888/events{/privacy}"],
    "received_events_url": ["https://api.github.com/users/yljason8888/received_events"],
    "type": ["User"],
    "site_admin": [false]
  }
]
