[
  {
    "login": ["skyatlantis"],
    "id": [10895091],
    "node_id": ["MDQ6VXNlcjEwODk1MDkx"],
    "avatar_url": ["https://avatars0.githubusercontent.com/u/10895091?v=4"],
    "gravatar_id": [""],
    "url": ["https://api.github.com/users/skyatlantis"],
    "html_url": ["https://github.com/skyatlantis"],
    "followers_url": ["https://api.github.com/users/skyatlantis/followers"],
    "following_url": ["https://api.github.com/users/skyatlantis/following{/other_user}"],
    "gists_url": ["https://api.github.com/users/skyatlantis/gists{/gist_id}"],
    "starred_url": ["https://api.github.com/users/skyatlantis/starred{/owner}{/repo}"],
    "subscriptions_url": ["https://api.github.com/users/skyatlantis/subscriptions"],
    "organizations_url": ["https://api.github.com/users/skyatlantis/orgs"],
    "repos_url": ["https://api.github.com/users/skyatlantis/repos"],
    "events_url": ["https://api.github.com/users/skyatlantis/events{/privacy}"],
    "received_events_url": ["https://api.github.com/users/skyatlantis/received_events"],
    "type": ["User"],
    "site_admin": [false]
  }
]
