[
  {
    "login": ["JBed"],
    "id": [5359501],
    "node_id": ["MDQ6VXNlcjUzNTk1MDE="],
    "avatar_url": ["https://avatars1.githubusercontent.com/u/5359501?v=4"],
    "gravatar_id": [""],
    "url": ["https://api.github.com/users/JBed"],
    "html_url": ["https://github.com/JBed"],
    "followers_url": ["https://api.github.com/users/JBed/followers"],
    "following_url": ["https://api.github.com/users/JBed/following{/other_user}"],
    "gists_url": ["https://api.github.com/users/JBed/gists{/gist_id}"],
    "starred_url": ["https://api.github.com/users/JBed/starred{/owner}{/repo}"],
    "subscriptions_url": ["https://api.github.com/users/JBed/subscriptions"],
    "organizations_url": ["https://api.github.com/users/JBed/orgs"],
    "repos_url": ["https://api.github.com/users/JBed/repos"],
    "events_url": ["https://api.github.com/users/JBed/events{/privacy}"],
    "received_events_url": ["https://api.github.com/users/JBed/received_events"],
    "type": ["User"],
    "site_admin": [false]
  }
]
