[
  {
    "login": ["PuYuQian"],
    "id": [25793077],
    "node_id": ["MDQ6VXNlcjI1NzkzMDc3"],
    "avatar_url": ["https://avatars0.githubusercontent.com/u/25793077?v=4"],
    "gravatar_id": [""],
    "url": ["https://api.github.com/users/PuYuQian"],
    "html_url": ["https://github.com/PuYuQian"],
    "followers_url": ["https://api.github.com/users/PuYuQian/followers"],
    "following_url": ["https://api.github.com/users/PuYuQian/following{/other_user}"],
    "gists_url": ["https://api.github.com/users/PuYuQian/gists{/gist_id}"],
    "starred_url": ["https://api.github.com/users/PuYuQian/starred{/owner}{/repo}"],
    "subscriptions_url": ["https://api.github.com/users/PuYuQian/subscriptions"],
    "organizations_url": ["https://api.github.com/users/PuYuQian/orgs"],
    "repos_url": ["https://api.github.com/users/PuYuQian/repos"],
    "events_url": ["https://api.github.com/users/PuYuQian/events{/privacy}"],
    "received_events_url": ["https://api.github.com/users/PuYuQian/received_events"],
    "type": ["User"],
    "site_admin": [false]
  }
]
