[
  {
    "login": ["skeptycal"],
    "id": [26148512],
    "node_id": ["MDQ6VXNlcjI2MTQ4NTEy"],
    "avatar_url": ["https://avatars1.githubusercontent.com/u/26148512?v=4"],
    "gravatar_id": [""],
    "url": ["https://api.github.com/users/skeptycal"],
    "html_url": ["https://github.com/skeptycal"],
    "followers_url": ["https://api.github.com/users/skeptycal/followers"],
    "following_url": ["https://api.github.com/users/skeptycal/following{/other_user}"],
    "gists_url": ["https://api.github.com/users/skeptycal/gists{/gist_id}"],
    "starred_url": ["https://api.github.com/users/skeptycal/starred{/owner}{/repo}"],
    "subscriptions_url": ["https://api.github.com/users/skeptycal/subscriptions"],
    "organizations_url": ["https://api.github.com/users/skeptycal/orgs"],
    "repos_url": ["https://api.github.com/users/skeptycal/repos"],
    "events_url": ["https://api.github.com/users/skeptycal/events{/privacy}"],
    "received_events_url": ["https://api.github.com/users/skeptycal/received_events"],
    "type": ["User"],
    "site_admin": [false]
  }
]
