[
  {
    "login": ["absognety"],
    "id": [25507554],
    "node_id": ["MDQ6VXNlcjI1NTA3NTU0"],
    "avatar_url": ["https://avatars0.githubusercontent.com/u/25507554?v=4"],
    "gravatar_id": [""],
    "url": ["https://api.github.com/users/absognety"],
    "html_url": ["https://github.com/absognety"],
    "followers_url": ["https://api.github.com/users/absognety/followers"],
    "following_url": ["https://api.github.com/users/absognety/following{/other_user}"],
    "gists_url": ["https://api.github.com/users/absognety/gists{/gist_id}"],
    "starred_url": ["https://api.github.com/users/absognety/starred{/owner}{/repo}"],
    "subscriptions_url": ["https://api.github.com/users/absognety/subscriptions"],
    "organizations_url": ["https://api.github.com/users/absognety/orgs"],
    "repos_url": ["https://api.github.com/users/absognety/repos"],
    "events_url": ["https://api.github.com/users/absognety/events{/privacy}"],
    "received_events_url": ["https://api.github.com/users/absognety/received_events"],
    "type": ["User"],
    "site_admin": [false]
  }
]
