[
  {
    "login": ["JohanManders"],
    "id": [14052555],
    "node_id": ["MDQ6VXNlcjE0MDUyNTU1"],
    "avatar_url": ["https://avatars3.githubusercontent.com/u/14052555?v=4"],
    "gravatar_id": [""],
    "url": ["https://api.github.com/users/JohanManders"],
    "html_url": ["https://github.com/JohanManders"],
    "followers_url": ["https://api.github.com/users/JohanManders/followers"],
    "following_url": ["https://api.github.com/users/JohanManders/following{/other_user}"],
    "gists_url": ["https://api.github.com/users/JohanManders/gists{/gist_id}"],
    "starred_url": ["https://api.github.com/users/JohanManders/starred{/owner}{/repo}"],
    "subscriptions_url": ["https://api.github.com/users/JohanManders/subscriptions"],
    "organizations_url": ["https://api.github.com/users/JohanManders/orgs"],
    "repos_url": ["https://api.github.com/users/JohanManders/repos"],
    "events_url": ["https://api.github.com/users/JohanManders/events{/privacy}"],
    "received_events_url": ["https://api.github.com/users/JohanManders/received_events"],
    "type": ["User"],
    "site_admin": [false]
  }
]
