[
  {
    "login": ["j0nnc0der"],
    "id": [40280936],
    "node_id": ["MDQ6VXNlcjQwMjgwOTM2"],
    "avatar_url": ["https://avatars3.githubusercontent.com/u/40280936?v=4"],
    "gravatar_id": [""],
    "url": ["https://api.github.com/users/j0nnc0der"],
    "html_url": ["https://github.com/j0nnc0der"],
    "followers_url": ["https://api.github.com/users/j0nnc0der/followers"],
    "following_url": ["https://api.github.com/users/j0nnc0der/following{/other_user}"],
    "gists_url": ["https://api.github.com/users/j0nnc0der/gists{/gist_id}"],
    "starred_url": ["https://api.github.com/users/j0nnc0der/starred{/owner}{/repo}"],
    "subscriptions_url": ["https://api.github.com/users/j0nnc0der/subscriptions"],
    "organizations_url": ["https://api.github.com/users/j0nnc0der/orgs"],
    "repos_url": ["https://api.github.com/users/j0nnc0der/repos"],
    "events_url": ["https://api.github.com/users/j0nnc0der/events{/privacy}"],
    "received_events_url": ["https://api.github.com/users/j0nnc0der/received_events"],
    "type": ["User"],
    "site_admin": [false]
  }
]
