[
  {
    "login": ["ericrrichards"],
    "id": [2787661],
    "node_id": ["MDQ6VXNlcjI3ODc2NjE="],
    "avatar_url": ["https://avatars1.githubusercontent.com/u/2787661?v=4"],
    "gravatar_id": [""],
    "url": ["https://api.github.com/users/ericrrichards"],
    "html_url": ["https://github.com/ericrrichards"],
    "followers_url": ["https://api.github.com/users/ericrrichards/followers"],
    "following_url": ["https://api.github.com/users/ericrrichards/following{/other_user}"],
    "gists_url": ["https://api.github.com/users/ericrrichards/gists{/gist_id}"],
    "starred_url": ["https://api.github.com/users/ericrrichards/starred{/owner}{/repo}"],
    "subscriptions_url": ["https://api.github.com/users/ericrrichards/subscriptions"],
    "organizations_url": ["https://api.github.com/users/ericrrichards/orgs"],
    "repos_url": ["https://api.github.com/users/ericrrichards/repos"],
    "events_url": ["https://api.github.com/users/ericrrichards/events{/privacy}"],
    "received_events_url": ["https://api.github.com/users/ericrrichards/received_events"],
    "type": ["User"],
    "site_admin": [false]
  }
]
