[
  {
    "login": ["Edwardmark"],
    "id": [15247551],
    "node_id": ["MDQ6VXNlcjE1MjQ3NTUx"],
    "avatar_url": ["https://avatars1.githubusercontent.com/u/15247551?v=4"],
    "gravatar_id": [""],
    "url": ["https://api.github.com/users/Edwardmark"],
    "html_url": ["https://github.com/Edwardmark"],
    "followers_url": ["https://api.github.com/users/Edwardmark/followers"],
    "following_url": ["https://api.github.com/users/Edwardmark/following{/other_user}"],
    "gists_url": ["https://api.github.com/users/Edwardmark/gists{/gist_id}"],
    "starred_url": ["https://api.github.com/users/Edwardmark/starred{/owner}{/repo}"],
    "subscriptions_url": ["https://api.github.com/users/Edwardmark/subscriptions"],
    "organizations_url": ["https://api.github.com/users/Edwardmark/orgs"],
    "repos_url": ["https://api.github.com/users/Edwardmark/repos"],
    "events_url": ["https://api.github.com/users/Edwardmark/events{/privacy}"],
    "received_events_url": ["https://api.github.com/users/Edwardmark/received_events"],
    "type": ["User"],
    "site_admin": [false]
  }
]
