[
  {
    "login": ["linuxcciejht"],
    "id": [30307560],
    "node_id": ["MDQ6VXNlcjMwMzA3NTYw"],
    "avatar_url": ["https://avatars0.githubusercontent.com/u/30307560?v=4"],
    "gravatar_id": [""],
    "url": ["https://api.github.com/users/linuxcciejht"],
    "html_url": ["https://github.com/linuxcciejht"],
    "followers_url": ["https://api.github.com/users/linuxcciejht/followers"],
    "following_url": ["https://api.github.com/users/linuxcciejht/following{/other_user}"],
    "gists_url": ["https://api.github.com/users/linuxcciejht/gists{/gist_id}"],
    "starred_url": ["https://api.github.com/users/linuxcciejht/starred{/owner}{/repo}"],
    "subscriptions_url": ["https://api.github.com/users/linuxcciejht/subscriptions"],
    "organizations_url": ["https://api.github.com/users/linuxcciejht/orgs"],
    "repos_url": ["https://api.github.com/users/linuxcciejht/repos"],
    "events_url": ["https://api.github.com/users/linuxcciejht/events{/privacy}"],
    "received_events_url": ["https://api.github.com/users/linuxcciejht/received_events"],
    "type": ["User"],
    "site_admin": [false]
  }
]
