[
  {
    "login": ["sunshine0123"],
    "id": [23093430],
    "node_id": ["MDQ6VXNlcjIzMDkzNDMw"],
    "avatar_url": ["https://avatars3.githubusercontent.com/u/23093430?v=4"],
    "gravatar_id": [""],
    "url": ["https://api.github.com/users/sunshine0123"],
    "html_url": ["https://github.com/sunshine0123"],
    "followers_url": ["https://api.github.com/users/sunshine0123/followers"],
    "following_url": ["https://api.github.com/users/sunshine0123/following{/other_user}"],
    "gists_url": ["https://api.github.com/users/sunshine0123/gists{/gist_id}"],
    "starred_url": ["https://api.github.com/users/sunshine0123/starred{/owner}{/repo}"],
    "subscriptions_url": ["https://api.github.com/users/sunshine0123/subscriptions"],
    "organizations_url": ["https://api.github.com/users/sunshine0123/orgs"],
    "repos_url": ["https://api.github.com/users/sunshine0123/repos"],
    "events_url": ["https://api.github.com/users/sunshine0123/events{/privacy}"],
    "received_events_url": ["https://api.github.com/users/sunshine0123/received_events"],
    "type": ["User"],
    "site_admin": [false]
  }
]
