[
  {
    "login": ["worry1613"],
    "id": [5291834],
    "node_id": ["MDQ6VXNlcjUyOTE4MzQ="],
    "avatar_url": ["https://avatars0.githubusercontent.com/u/5291834?v=4"],
    "gravatar_id": [""],
    "url": ["https://api.github.com/users/worry1613"],
    "html_url": ["https://github.com/worry1613"],
    "followers_url": ["https://api.github.com/users/worry1613/followers"],
    "following_url": ["https://api.github.com/users/worry1613/following{/other_user}"],
    "gists_url": ["https://api.github.com/users/worry1613/gists{/gist_id}"],
    "starred_url": ["https://api.github.com/users/worry1613/starred{/owner}{/repo}"],
    "subscriptions_url": ["https://api.github.com/users/worry1613/subscriptions"],
    "organizations_url": ["https://api.github.com/users/worry1613/orgs"],
    "repos_url": ["https://api.github.com/users/worry1613/repos"],
    "events_url": ["https://api.github.com/users/worry1613/events{/privacy}"],
    "received_events_url": ["https://api.github.com/users/worry1613/received_events"],
    "type": ["User"],
    "site_admin": [false]
  }
]
