[
  {
    "login": ["Jiaran"],
    "id": [5316183],
    "node_id": ["MDQ6VXNlcjUzMTYxODM="],
    "avatar_url": ["https://avatars3.githubusercontent.com/u/5316183?v=4"],
    "gravatar_id": [""],
    "url": ["https://api.github.com/users/Jiaran"],
    "html_url": ["https://github.com/Jiaran"],
    "followers_url": ["https://api.github.com/users/Jiaran/followers"],
    "following_url": ["https://api.github.com/users/Jiaran/following{/other_user}"],
    "gists_url": ["https://api.github.com/users/Jiaran/gists{/gist_id}"],
    "starred_url": ["https://api.github.com/users/Jiaran/starred{/owner}{/repo}"],
    "subscriptions_url": ["https://api.github.com/users/Jiaran/subscriptions"],
    "organizations_url": ["https://api.github.com/users/Jiaran/orgs"],
    "repos_url": ["https://api.github.com/users/Jiaran/repos"],
    "events_url": ["https://api.github.com/users/Jiaran/events{/privacy}"],
    "received_events_url": ["https://api.github.com/users/Jiaran/received_events"],
    "type": ["User"],
    "site_admin": [false]
  }
]
