[
  {
    "login": ["mlinuxzcl"],
    "id": [22005125],
    "node_id": ["MDQ6VXNlcjIyMDA1MTI1"],
    "avatar_url": ["https://avatars1.githubusercontent.com/u/22005125?v=4"],
    "gravatar_id": [""],
    "url": ["https://api.github.com/users/mlinuxzcl"],
    "html_url": ["https://github.com/mlinuxzcl"],
    "followers_url": ["https://api.github.com/users/mlinuxzcl/followers"],
    "following_url": ["https://api.github.com/users/mlinuxzcl/following{/other_user}"],
    "gists_url": ["https://api.github.com/users/mlinuxzcl/gists{/gist_id}"],
    "starred_url": ["https://api.github.com/users/mlinuxzcl/starred{/owner}{/repo}"],
    "subscriptions_url": ["https://api.github.com/users/mlinuxzcl/subscriptions"],
    "organizations_url": ["https://api.github.com/users/mlinuxzcl/orgs"],
    "repos_url": ["https://api.github.com/users/mlinuxzcl/repos"],
    "events_url": ["https://api.github.com/users/mlinuxzcl/events{/privacy}"],
    "received_events_url": ["https://api.github.com/users/mlinuxzcl/received_events"],
    "type": ["User"],
    "site_admin": [false]
  }
]
