[
  {
    "login": ["kixiong"],
    "id": [6168330],
    "node_id": ["MDQ6VXNlcjYxNjgzMzA="],
    "avatar_url": ["https://avatars2.githubusercontent.com/u/6168330?v=4"],
    "gravatar_id": [""],
    "url": ["https://api.github.com/users/kixiong"],
    "html_url": ["https://github.com/kixiong"],
    "followers_url": ["https://api.github.com/users/kixiong/followers"],
    "following_url": ["https://api.github.com/users/kixiong/following{/other_user}"],
    "gists_url": ["https://api.github.com/users/kixiong/gists{/gist_id}"],
    "starred_url": ["https://api.github.com/users/kixiong/starred{/owner}{/repo}"],
    "subscriptions_url": ["https://api.github.com/users/kixiong/subscriptions"],
    "organizations_url": ["https://api.github.com/users/kixiong/orgs"],
    "repos_url": ["https://api.github.com/users/kixiong/repos"],
    "events_url": ["https://api.github.com/users/kixiong/events{/privacy}"],
    "received_events_url": ["https://api.github.com/users/kixiong/received_events"],
    "type": ["User"],
    "site_admin": [false]
  }
]
