[
  {
    "login": ["YHGui"],
    "id": [9623971],
    "node_id": ["MDQ6VXNlcjk2MjM5NzE="],
    "avatar_url": ["https://avatars3.githubusercontent.com/u/9623971?v=4"],
    "gravatar_id": [""],
    "url": ["https://api.github.com/users/YHGui"],
    "html_url": ["https://github.com/YHGui"],
    "followers_url": ["https://api.github.com/users/YHGui/followers"],
    "following_url": ["https://api.github.com/users/YHGui/following{/other_user}"],
    "gists_url": ["https://api.github.com/users/YHGui/gists{/gist_id}"],
    "starred_url": ["https://api.github.com/users/YHGui/starred{/owner}{/repo}"],
    "subscriptions_url": ["https://api.github.com/users/YHGui/subscriptions"],
    "organizations_url": ["https://api.github.com/users/YHGui/orgs"],
    "repos_url": ["https://api.github.com/users/YHGui/repos"],
    "events_url": ["https://api.github.com/users/YHGui/events{/privacy}"],
    "received_events_url": ["https://api.github.com/users/YHGui/received_events"],
    "type": ["User"],
    "site_admin": [false]
  }
]
