[
  {
    "login": ["cheyang"],
    "id": [3724388],
    "node_id": ["MDQ6VXNlcjM3MjQzODg="],
    "avatar_url": ["https://avatars2.githubusercontent.com/u/3724388?v=4"],
    "gravatar_id": [""],
    "url": ["https://api.github.com/users/cheyang"],
    "html_url": ["https://github.com/cheyang"],
    "followers_url": ["https://api.github.com/users/cheyang/followers"],
    "following_url": ["https://api.github.com/users/cheyang/following{/other_user}"],
    "gists_url": ["https://api.github.com/users/cheyang/gists{/gist_id}"],
    "starred_url": ["https://api.github.com/users/cheyang/starred{/owner}{/repo}"],
    "subscriptions_url": ["https://api.github.com/users/cheyang/subscriptions"],
    "organizations_url": ["https://api.github.com/users/cheyang/orgs"],
    "repos_url": ["https://api.github.com/users/cheyang/repos"],
    "events_url": ["https://api.github.com/users/cheyang/events{/privacy}"],
    "received_events_url": ["https://api.github.com/users/cheyang/received_events"],
    "type": ["User"],
    "site_admin": [false]
  }
]
