[
  {
    "login": ["derek-damron"],
    "id": [11069109],
    "node_id": ["MDQ6VXNlcjExMDY5MTA5"],
    "avatar_url": ["https://avatars3.githubusercontent.com/u/11069109?v=4"],
    "gravatar_id": [""],
    "url": ["https://api.github.com/users/derek-damron"],
    "html_url": ["https://github.com/derek-damron"],
    "followers_url": ["https://api.github.com/users/derek-damron/followers"],
    "following_url": ["https://api.github.com/users/derek-damron/following{/other_user}"],
    "gists_url": ["https://api.github.com/users/derek-damron/gists{/gist_id}"],
    "starred_url": ["https://api.github.com/users/derek-damron/starred{/owner}{/repo}"],
    "subscriptions_url": ["https://api.github.com/users/derek-damron/subscriptions"],
    "organizations_url": ["https://api.github.com/users/derek-damron/orgs"],
    "repos_url": ["https://api.github.com/users/derek-damron/repos"],
    "events_url": ["https://api.github.com/users/derek-damron/events{/privacy}"],
    "received_events_url": ["https://api.github.com/users/derek-damron/received_events"],
    "type": ["User"],
    "site_admin": [false]
  }
]
