[
  {
    "login": ["mmagdiel"],
    "id": [14327365],
    "node_id": ["MDQ6VXNlcjE0MzI3MzY1"],
    "avatar_url": ["https://avatars1.githubusercontent.com/u/14327365?v=4"],
    "gravatar_id": [""],
    "url": ["https://api.github.com/users/mmagdiel"],
    "html_url": ["https://github.com/mmagdiel"],
    "followers_url": ["https://api.github.com/users/mmagdiel/followers"],
    "following_url": ["https://api.github.com/users/mmagdiel/following{/other_user}"],
    "gists_url": ["https://api.github.com/users/mmagdiel/gists{/gist_id}"],
    "starred_url": ["https://api.github.com/users/mmagdiel/starred{/owner}{/repo}"],
    "subscriptions_url": ["https://api.github.com/users/mmagdiel/subscriptions"],
    "organizations_url": ["https://api.github.com/users/mmagdiel/orgs"],
    "repos_url": ["https://api.github.com/users/mmagdiel/repos"],
    "events_url": ["https://api.github.com/users/mmagdiel/events{/privacy}"],
    "received_events_url": ["https://api.github.com/users/mmagdiel/received_events"],
    "type": ["User"],
    "site_admin": [false]
  }
]
