[
  {
    "login": ["zypeh"],
    "id": [1331557],
    "node_id": ["MDQ6VXNlcjEzMzE1NTc="],
    "avatar_url": ["https://avatars3.githubusercontent.com/u/1331557?v=4"],
    "gravatar_id": [""],
    "url": ["https://api.github.com/users/zypeh"],
    "html_url": ["https://github.com/zypeh"],
    "followers_url": ["https://api.github.com/users/zypeh/followers"],
    "following_url": ["https://api.github.com/users/zypeh/following{/other_user}"],
    "gists_url": ["https://api.github.com/users/zypeh/gists{/gist_id}"],
    "starred_url": ["https://api.github.com/users/zypeh/starred{/owner}{/repo}"],
    "subscriptions_url": ["https://api.github.com/users/zypeh/subscriptions"],
    "organizations_url": ["https://api.github.com/users/zypeh/orgs"],
    "repos_url": ["https://api.github.com/users/zypeh/repos"],
    "events_url": ["https://api.github.com/users/zypeh/events{/privacy}"],
    "received_events_url": ["https://api.github.com/users/zypeh/received_events"],
    "type": ["User"],
    "site_admin": [false]
  }
]
