[
  {
    "login": ["lucciano"],
    "id": [238114],
    "node_id": ["MDQ6VXNlcjIzODExNA=="],
    "avatar_url": ["https://avatars3.githubusercontent.com/u/238114?v=4"],
    "gravatar_id": [""],
    "url": ["https://api.github.com/users/lucciano"],
    "html_url": ["https://github.com/lucciano"],
    "followers_url": ["https://api.github.com/users/lucciano/followers"],
    "following_url": ["https://api.github.com/users/lucciano/following{/other_user}"],
    "gists_url": ["https://api.github.com/users/lucciano/gists{/gist_id}"],
    "starred_url": ["https://api.github.com/users/lucciano/starred{/owner}{/repo}"],
    "subscriptions_url": ["https://api.github.com/users/lucciano/subscriptions"],
    "organizations_url": ["https://api.github.com/users/lucciano/orgs"],
    "repos_url": ["https://api.github.com/users/lucciano/repos"],
    "events_url": ["https://api.github.com/users/lucciano/events{/privacy}"],
    "received_events_url": ["https://api.github.com/users/lucciano/received_events"],
    "type": ["User"],
    "site_admin": [false]
  }
]
