[
  {
    "login": ["ErrEoE"],
    "id": [14369333],
    "node_id": ["MDQ6VXNlcjE0MzY5MzMz"],
    "avatar_url": ["https://avatars0.githubusercontent.com/u/14369333?v=4"],
    "gravatar_id": [""],
    "url": ["https://api.github.com/users/ErrEoE"],
    "html_url": ["https://github.com/ErrEoE"],
    "followers_url": ["https://api.github.com/users/ErrEoE/followers"],
    "following_url": ["https://api.github.com/users/ErrEoE/following{/other_user}"],
    "gists_url": ["https://api.github.com/users/ErrEoE/gists{/gist_id}"],
    "starred_url": ["https://api.github.com/users/ErrEoE/starred{/owner}{/repo}"],
    "subscriptions_url": ["https://api.github.com/users/ErrEoE/subscriptions"],
    "organizations_url": ["https://api.github.com/users/ErrEoE/orgs"],
    "repos_url": ["https://api.github.com/users/ErrEoE/repos"],
    "events_url": ["https://api.github.com/users/ErrEoE/events{/privacy}"],
    "received_events_url": ["https://api.github.com/users/ErrEoE/received_events"],
    "type": ["User"],
    "site_admin": [false]
  }
]
