[
  {
    "login": ["AEBilgrau"],
    "id": [6087024],
    "node_id": ["MDQ6VXNlcjYwODcwMjQ="],
    "avatar_url": ["https://avatars2.githubusercontent.com/u/6087024?v=4"],
    "gravatar_id": [""],
    "url": ["https://api.github.com/users/AEBilgrau"],
    "html_url": ["https://github.com/AEBilgrau"],
    "followers_url": ["https://api.github.com/users/AEBilgrau/followers"],
    "following_url": ["https://api.github.com/users/AEBilgrau/following{/other_user}"],
    "gists_url": ["https://api.github.com/users/AEBilgrau/gists{/gist_id}"],
    "starred_url": ["https://api.github.com/users/AEBilgrau/starred{/owner}{/repo}"],
    "subscriptions_url": ["https://api.github.com/users/AEBilgrau/subscriptions"],
    "organizations_url": ["https://api.github.com/users/AEBilgrau/orgs"],
    "repos_url": ["https://api.github.com/users/AEBilgrau/repos"],
    "events_url": ["https://api.github.com/users/AEBilgrau/events{/privacy}"],
    "received_events_url": ["https://api.github.com/users/AEBilgrau/received_events"],
    "type": ["User"],
    "site_admin": [false]
  }
]
