[
  {
    "login": ["Rholais"],
    "id": [3538761],
    "node_id": ["MDQ6VXNlcjM1Mzg3NjE="],
    "avatar_url": ["https://avatars1.githubusercontent.com/u/3538761?v=4"],
    "gravatar_id": [""],
    "url": ["https://api.github.com/users/Rholais"],
    "html_url": ["https://github.com/Rholais"],
    "followers_url": ["https://api.github.com/users/Rholais/followers"],
    "following_url": ["https://api.github.com/users/Rholais/following{/other_user}"],
    "gists_url": ["https://api.github.com/users/Rholais/gists{/gist_id}"],
    "starred_url": ["https://api.github.com/users/Rholais/starred{/owner}{/repo}"],
    "subscriptions_url": ["https://api.github.com/users/Rholais/subscriptions"],
    "organizations_url": ["https://api.github.com/users/Rholais/orgs"],
    "repos_url": ["https://api.github.com/users/Rholais/repos"],
    "events_url": ["https://api.github.com/users/Rholais/events{/privacy}"],
    "received_events_url": ["https://api.github.com/users/Rholais/received_events"],
    "type": ["User"],
    "site_admin": [false]
  }
]
