[
  {
    "login": ["nanprivate"],
    "id": [10823180],
    "node_id": ["MDQ6VXNlcjEwODIzMTgw"],
    "avatar_url": ["https://avatars3.githubusercontent.com/u/10823180?v=4"],
    "gravatar_id": [""],
    "url": ["https://api.github.com/users/nanprivate"],
    "html_url": ["https://github.com/nanprivate"],
    "followers_url": ["https://api.github.com/users/nanprivate/followers"],
    "following_url": ["https://api.github.com/users/nanprivate/following{/other_user}"],
    "gists_url": ["https://api.github.com/users/nanprivate/gists{/gist_id}"],
    "starred_url": ["https://api.github.com/users/nanprivate/starred{/owner}{/repo}"],
    "subscriptions_url": ["https://api.github.com/users/nanprivate/subscriptions"],
    "organizations_url": ["https://api.github.com/users/nanprivate/orgs"],
    "repos_url": ["https://api.github.com/users/nanprivate/repos"],
    "events_url": ["https://api.github.com/users/nanprivate/events{/privacy}"],
    "received_events_url": ["https://api.github.com/users/nanprivate/received_events"],
    "type": ["User"],
    "site_admin": [false]
  }
]
