[
  {
    "login": ["zhmz90"],
    "id": [6331725],
    "node_id": ["MDQ6VXNlcjYzMzE3MjU="],
    "avatar_url": ["https://avatars1.githubusercontent.com/u/6331725?v=4"],
    "gravatar_id": [""],
    "url": ["https://api.github.com/users/zhmz90"],
    "html_url": ["https://github.com/zhmz90"],
    "followers_url": ["https://api.github.com/users/zhmz90/followers"],
    "following_url": ["https://api.github.com/users/zhmz90/following{/other_user}"],
    "gists_url": ["https://api.github.com/users/zhmz90/gists{/gist_id}"],
    "starred_url": ["https://api.github.com/users/zhmz90/starred{/owner}{/repo}"],
    "subscriptions_url": ["https://api.github.com/users/zhmz90/subscriptions"],
    "organizations_url": ["https://api.github.com/users/zhmz90/orgs"],
    "repos_url": ["https://api.github.com/users/zhmz90/repos"],
    "events_url": ["https://api.github.com/users/zhmz90/events{/privacy}"],
    "received_events_url": ["https://api.github.com/users/zhmz90/received_events"],
    "type": ["User"],
    "site_admin": [false]
  }
]
