[
  {
    "login": ["romaroman"],
    "id": [39992037],
    "node_id": ["MDQ6VXNlcjM5OTkyMDM3"],
    "avatar_url": ["https://avatars3.githubusercontent.com/u/39992037?v=4"],
    "gravatar_id": [""],
    "url": ["https://api.github.com/users/romaroman"],
    "html_url": ["https://github.com/romaroman"],
    "followers_url": ["https://api.github.com/users/romaroman/followers"],
    "following_url": ["https://api.github.com/users/romaroman/following{/other_user}"],
    "gists_url": ["https://api.github.com/users/romaroman/gists{/gist_id}"],
    "starred_url": ["https://api.github.com/users/romaroman/starred{/owner}{/repo}"],
    "subscriptions_url": ["https://api.github.com/users/romaroman/subscriptions"],
    "organizations_url": ["https://api.github.com/users/romaroman/orgs"],
    "repos_url": ["https://api.github.com/users/romaroman/repos"],
    "events_url": ["https://api.github.com/users/romaroman/events{/privacy}"],
    "received_events_url": ["https://api.github.com/users/romaroman/received_events"],
    "type": ["User"],
    "site_admin": [false]
  }
]
