[
  {
    "login": ["henningsway"],
    "id": [1403304],
    "node_id": ["MDQ6VXNlcjE0MDMzMDQ="],
    "avatar_url": ["https://avatars3.githubusercontent.com/u/1403304?v=4"],
    "gravatar_id": [""],
    "url": ["https://api.github.com/users/henningsway"],
    "html_url": ["https://github.com/henningsway"],
    "followers_url": ["https://api.github.com/users/henningsway/followers"],
    "following_url": ["https://api.github.com/users/henningsway/following{/other_user}"],
    "gists_url": ["https://api.github.com/users/henningsway/gists{/gist_id}"],
    "starred_url": ["https://api.github.com/users/henningsway/starred{/owner}{/repo}"],
    "subscriptions_url": ["https://api.github.com/users/henningsway/subscriptions"],
    "organizations_url": ["https://api.github.com/users/henningsway/orgs"],
    "repos_url": ["https://api.github.com/users/henningsway/repos"],
    "events_url": ["https://api.github.com/users/henningsway/events{/privacy}"],
    "received_events_url": ["https://api.github.com/users/henningsway/received_events"],
    "type": ["User"],
    "site_admin": [false]
  }
]
