[
  {
    "login": ["tcxxxx"],
    "id": [19209239],
    "node_id": ["MDQ6VXNlcjE5MjA5MjM5"],
    "avatar_url": ["https://avatars2.githubusercontent.com/u/19209239?v=4"],
    "gravatar_id": [""],
    "url": ["https://api.github.com/users/tcxxxx"],
    "html_url": ["https://github.com/tcxxxx"],
    "followers_url": ["https://api.github.com/users/tcxxxx/followers"],
    "following_url": ["https://api.github.com/users/tcxxxx/following{/other_user}"],
    "gists_url": ["https://api.github.com/users/tcxxxx/gists{/gist_id}"],
    "starred_url": ["https://api.github.com/users/tcxxxx/starred{/owner}{/repo}"],
    "subscriptions_url": ["https://api.github.com/users/tcxxxx/subscriptions"],
    "organizations_url": ["https://api.github.com/users/tcxxxx/orgs"],
    "repos_url": ["https://api.github.com/users/tcxxxx/repos"],
    "events_url": ["https://api.github.com/users/tcxxxx/events{/privacy}"],
    "received_events_url": ["https://api.github.com/users/tcxxxx/received_events"],
    "type": ["User"],
    "site_admin": [false]
  }
]
