[
  {
    "login": ["xinyandai"],
    "id": [11437641],
    "node_id": ["MDQ6VXNlcjExNDM3NjQx"],
    "avatar_url": ["https://avatars1.githubusercontent.com/u/11437641?v=4"],
    "gravatar_id": [""],
    "url": ["https://api.github.com/users/xinyandai"],
    "html_url": ["https://github.com/xinyandai"],
    "followers_url": ["https://api.github.com/users/xinyandai/followers"],
    "following_url": ["https://api.github.com/users/xinyandai/following{/other_user}"],
    "gists_url": ["https://api.github.com/users/xinyandai/gists{/gist_id}"],
    "starred_url": ["https://api.github.com/users/xinyandai/starred{/owner}{/repo}"],
    "subscriptions_url": ["https://api.github.com/users/xinyandai/subscriptions"],
    "organizations_url": ["https://api.github.com/users/xinyandai/orgs"],
    "repos_url": ["https://api.github.com/users/xinyandai/repos"],
    "events_url": ["https://api.github.com/users/xinyandai/events{/privacy}"],
    "received_events_url": ["https://api.github.com/users/xinyandai/received_events"],
    "type": ["User"],
    "site_admin": [false]
  }
]
