[
  {
    "login": ["lbraglia"],
    "id": [603306],
    "node_id": ["MDQ6VXNlcjYwMzMwNg=="],
    "avatar_url": ["https://avatars2.githubusercontent.com/u/603306?v=4"],
    "gravatar_id": [""],
    "url": ["https://api.github.com/users/lbraglia"],
    "html_url": ["https://github.com/lbraglia"],
    "followers_url": ["https://api.github.com/users/lbraglia/followers"],
    "following_url": ["https://api.github.com/users/lbraglia/following{/other_user}"],
    "gists_url": ["https://api.github.com/users/lbraglia/gists{/gist_id}"],
    "starred_url": ["https://api.github.com/users/lbraglia/starred{/owner}{/repo}"],
    "subscriptions_url": ["https://api.github.com/users/lbraglia/subscriptions"],
    "organizations_url": ["https://api.github.com/users/lbraglia/orgs"],
    "repos_url": ["https://api.github.com/users/lbraglia/repos"],
    "events_url": ["https://api.github.com/users/lbraglia/events{/privacy}"],
    "received_events_url": ["https://api.github.com/users/lbraglia/received_events"],
    "type": ["User"],
    "site_admin": [false]
  }
]
