[
  {
    "login": ["Cor3Down"],
    "id": [36567587],
    "node_id": ["MDQ6VXNlcjM2NTY3NTg3"],
    "avatar_url": ["https://avatars2.githubusercontent.com/u/36567587?v=4"],
    "gravatar_id": [""],
    "url": ["https://api.github.com/users/Cor3Down"],
    "html_url": ["https://github.com/Cor3Down"],
    "followers_url": ["https://api.github.com/users/Cor3Down/followers"],
    "following_url": ["https://api.github.com/users/Cor3Down/following{/other_user}"],
    "gists_url": ["https://api.github.com/users/Cor3Down/gists{/gist_id}"],
    "starred_url": ["https://api.github.com/users/Cor3Down/starred{/owner}{/repo}"],
    "subscriptions_url": ["https://api.github.com/users/Cor3Down/subscriptions"],
    "organizations_url": ["https://api.github.com/users/Cor3Down/orgs"],
    "repos_url": ["https://api.github.com/users/Cor3Down/repos"],
    "events_url": ["https://api.github.com/users/Cor3Down/events{/privacy}"],
    "received_events_url": ["https://api.github.com/users/Cor3Down/received_events"],
    "type": ["User"],
    "site_admin": [false]
  }
]
