[
  {
    "login": ["WhiteSymmetry"],
    "id": [5471497],
    "node_id": ["MDQ6VXNlcjU0NzE0OTc="],
    "avatar_url": ["https://avatars3.githubusercontent.com/u/5471497?v=4"],
    "gravatar_id": [""],
    "url": ["https://api.github.com/users/WhiteSymmetry"],
    "html_url": ["https://github.com/WhiteSymmetry"],
    "followers_url": ["https://api.github.com/users/WhiteSymmetry/followers"],
    "following_url": ["https://api.github.com/users/WhiteSymmetry/following{/other_user}"],
    "gists_url": ["https://api.github.com/users/WhiteSymmetry/gists{/gist_id}"],
    "starred_url": ["https://api.github.com/users/WhiteSymmetry/starred{/owner}{/repo}"],
    "subscriptions_url": ["https://api.github.com/users/WhiteSymmetry/subscriptions"],
    "organizations_url": ["https://api.github.com/users/WhiteSymmetry/orgs"],
    "repos_url": ["https://api.github.com/users/WhiteSymmetry/repos"],
    "events_url": ["https://api.github.com/users/WhiteSymmetry/events{/privacy}"],
    "received_events_url": ["https://api.github.com/users/WhiteSymmetry/received_events"],
    "type": ["User"],
    "site_admin": [false]
  }
]
