[
  {
    "login": ["xinbinhuang"],
    "id": [27927454],
    "node_id": ["MDQ6VXNlcjI3OTI3NDU0"],
    "avatar_url": ["https://avatars1.githubusercontent.com/u/27927454?v=4"],
    "gravatar_id": [""],
    "url": ["https://api.github.com/users/xinbinhuang"],
    "html_url": ["https://github.com/xinbinhuang"],
    "followers_url": ["https://api.github.com/users/xinbinhuang/followers"],
    "following_url": ["https://api.github.com/users/xinbinhuang/following{/other_user}"],
    "gists_url": ["https://api.github.com/users/xinbinhuang/gists{/gist_id}"],
    "starred_url": ["https://api.github.com/users/xinbinhuang/starred{/owner}{/repo}"],
    "subscriptions_url": ["https://api.github.com/users/xinbinhuang/subscriptions"],
    "organizations_url": ["https://api.github.com/users/xinbinhuang/orgs"],
    "repos_url": ["https://api.github.com/users/xinbinhuang/repos"],
    "events_url": ["https://api.github.com/users/xinbinhuang/events{/privacy}"],
    "received_events_url": ["https://api.github.com/users/xinbinhuang/received_events"],
    "type": ["User"],
    "site_admin": [false]
  }
]
