[
  {
    "login": ["sirenduqiaocui"],
    "id": [34084915],
    "node_id": ["MDQ6VXNlcjM0MDg0OTE1"],
    "avatar_url": ["https://avatars2.githubusercontent.com/u/34084915?v=4"],
    "gravatar_id": [""],
    "url": ["https://api.github.com/users/sirenduqiaocui"],
    "html_url": ["https://github.com/sirenduqiaocui"],
    "followers_url": ["https://api.github.com/users/sirenduqiaocui/followers"],
    "following_url": ["https://api.github.com/users/sirenduqiaocui/following{/other_user}"],
    "gists_url": ["https://api.github.com/users/sirenduqiaocui/gists{/gist_id}"],
    "starred_url": ["https://api.github.com/users/sirenduqiaocui/starred{/owner}{/repo}"],
    "subscriptions_url": ["https://api.github.com/users/sirenduqiaocui/subscriptions"],
    "organizations_url": ["https://api.github.com/users/sirenduqiaocui/orgs"],
    "repos_url": ["https://api.github.com/users/sirenduqiaocui/repos"],
    "events_url": ["https://api.github.com/users/sirenduqiaocui/events{/privacy}"],
    "received_events_url": ["https://api.github.com/users/sirenduqiaocui/received_events"],
    "type": ["User"],
    "site_admin": [false]
  }
]
