[
  {
    "login": ["jiangxun1001"],
    "id": [26183970],
    "node_id": ["MDQ6VXNlcjI2MTgzOTcw"],
    "avatar_url": ["https://avatars2.githubusercontent.com/u/26183970?v=4"],
    "gravatar_id": [""],
    "url": ["https://api.github.com/users/jiangxun1001"],
    "html_url": ["https://github.com/jiangxun1001"],
    "followers_url": ["https://api.github.com/users/jiangxun1001/followers"],
    "following_url": ["https://api.github.com/users/jiangxun1001/following{/other_user}"],
    "gists_url": ["https://api.github.com/users/jiangxun1001/gists{/gist_id}"],
    "starred_url": ["https://api.github.com/users/jiangxun1001/starred{/owner}{/repo}"],
    "subscriptions_url": ["https://api.github.com/users/jiangxun1001/subscriptions"],
    "organizations_url": ["https://api.github.com/users/jiangxun1001/orgs"],
    "repos_url": ["https://api.github.com/users/jiangxun1001/repos"],
    "events_url": ["https://api.github.com/users/jiangxun1001/events{/privacy}"],
    "received_events_url": ["https://api.github.com/users/jiangxun1001/received_events"],
    "type": ["User"],
    "site_admin": [false]
  }
]
