[
  {
    "login": ["breakdawn"],
    "id": [3926575],
    "node_id": ["MDQ6VXNlcjM5MjY1NzU="],
    "avatar_url": ["https://avatars2.githubusercontent.com/u/3926575?v=4"],
    "gravatar_id": [""],
    "url": ["https://api.github.com/users/breakdawn"],
    "html_url": ["https://github.com/breakdawn"],
    "followers_url": ["https://api.github.com/users/breakdawn/followers"],
    "following_url": ["https://api.github.com/users/breakdawn/following{/other_user}"],
    "gists_url": ["https://api.github.com/users/breakdawn/gists{/gist_id}"],
    "starred_url": ["https://api.github.com/users/breakdawn/starred{/owner}{/repo}"],
    "subscriptions_url": ["https://api.github.com/users/breakdawn/subscriptions"],
    "organizations_url": ["https://api.github.com/users/breakdawn/orgs"],
    "repos_url": ["https://api.github.com/users/breakdawn/repos"],
    "events_url": ["https://api.github.com/users/breakdawn/events{/privacy}"],
    "received_events_url": ["https://api.github.com/users/breakdawn/received_events"],
    "type": ["User"],
    "site_admin": [false]
  }
]
