[
  {
    "login": ["hayleyyyy"],
    "id": [40147351],
    "node_id": ["MDQ6VXNlcjQwMTQ3MzUx"],
    "avatar_url": ["https://avatars2.githubusercontent.com/u/40147351?v=4"],
    "gravatar_id": [""],
    "url": ["https://api.github.com/users/hayleyyyy"],
    "html_url": ["https://github.com/hayleyyyy"],
    "followers_url": ["https://api.github.com/users/hayleyyyy/followers"],
    "following_url": ["https://api.github.com/users/hayleyyyy/following{/other_user}"],
    "gists_url": ["https://api.github.com/users/hayleyyyy/gists{/gist_id}"],
    "starred_url": ["https://api.github.com/users/hayleyyyy/starred{/owner}{/repo}"],
    "subscriptions_url": ["https://api.github.com/users/hayleyyyy/subscriptions"],
    "organizations_url": ["https://api.github.com/users/hayleyyyy/orgs"],
    "repos_url": ["https://api.github.com/users/hayleyyyy/repos"],
    "events_url": ["https://api.github.com/users/hayleyyyy/events{/privacy}"],
    "received_events_url": ["https://api.github.com/users/hayleyyyy/received_events"],
    "type": ["User"],
    "site_admin": [false]
  }
]
