[
  {
    "login": ["ppstacy"],
    "id": [19823328],
    "node_id": ["MDQ6VXNlcjE5ODIzMzI4"],
    "avatar_url": ["https://avatars0.githubusercontent.com/u/19823328?v=4"],
    "gravatar_id": [""],
    "url": ["https://api.github.com/users/ppstacy"],
    "html_url": ["https://github.com/ppstacy"],
    "followers_url": ["https://api.github.com/users/ppstacy/followers"],
    "following_url": ["https://api.github.com/users/ppstacy/following{/other_user}"],
    "gists_url": ["https://api.github.com/users/ppstacy/gists{/gist_id}"],
    "starred_url": ["https://api.github.com/users/ppstacy/starred{/owner}{/repo}"],
    "subscriptions_url": ["https://api.github.com/users/ppstacy/subscriptions"],
    "organizations_url": ["https://api.github.com/users/ppstacy/orgs"],
    "repos_url": ["https://api.github.com/users/ppstacy/repos"],
    "events_url": ["https://api.github.com/users/ppstacy/events{/privacy}"],
    "received_events_url": ["https://api.github.com/users/ppstacy/received_events"],
    "type": ["User"],
    "site_admin": [false]
  }
]
