[
  {
    "login": ["shuowenwei"],
    "id": [3459112],
    "node_id": ["MDQ6VXNlcjM0NTkxMTI="],
    "avatar_url": ["https://avatars1.githubusercontent.com/u/3459112?v=4"],
    "gravatar_id": [""],
    "url": ["https://api.github.com/users/shuowenwei"],
    "html_url": ["https://github.com/shuowenwei"],
    "followers_url": ["https://api.github.com/users/shuowenwei/followers"],
    "following_url": ["https://api.github.com/users/shuowenwei/following{/other_user}"],
    "gists_url": ["https://api.github.com/users/shuowenwei/gists{/gist_id}"],
    "starred_url": ["https://api.github.com/users/shuowenwei/starred{/owner}{/repo}"],
    "subscriptions_url": ["https://api.github.com/users/shuowenwei/subscriptions"],
    "organizations_url": ["https://api.github.com/users/shuowenwei/orgs"],
    "repos_url": ["https://api.github.com/users/shuowenwei/repos"],
    "events_url": ["https://api.github.com/users/shuowenwei/events{/privacy}"],
    "received_events_url": ["https://api.github.com/users/shuowenwei/received_events"],
    "type": ["User"],
    "site_admin": [false]
  }
]
