[
  {
    "login": ["rn0l485"],
    "id": [35756175],
    "node_id": ["MDQ6VXNlcjM1NzU2MTc1"],
    "avatar_url": ["https://avatars3.githubusercontent.com/u/35756175?v=4"],
    "gravatar_id": [""],
    "url": ["https://api.github.com/users/rn0l485"],
    "html_url": ["https://github.com/rn0l485"],
    "followers_url": ["https://api.github.com/users/rn0l485/followers"],
    "following_url": ["https://api.github.com/users/rn0l485/following{/other_user}"],
    "gists_url": ["https://api.github.com/users/rn0l485/gists{/gist_id}"],
    "starred_url": ["https://api.github.com/users/rn0l485/starred{/owner}{/repo}"],
    "subscriptions_url": ["https://api.github.com/users/rn0l485/subscriptions"],
    "organizations_url": ["https://api.github.com/users/rn0l485/orgs"],
    "repos_url": ["https://api.github.com/users/rn0l485/repos"],
    "events_url": ["https://api.github.com/users/rn0l485/events{/privacy}"],
    "received_events_url": ["https://api.github.com/users/rn0l485/received_events"],
    "type": ["User"],
    "site_admin": [false]
  }
]
