[
  {
    "login": ["linux08"],
    "id": [14845904],
    "node_id": ["MDQ6VXNlcjE0ODQ1OTA0"],
    "avatar_url": ["https://avatars2.githubusercontent.com/u/14845904?v=4"],
    "gravatar_id": [""],
    "url": ["https://api.github.com/users/linux08"],
    "html_url": ["https://github.com/linux08"],
    "followers_url": ["https://api.github.com/users/linux08/followers"],
    "following_url": ["https://api.github.com/users/linux08/following{/other_user}"],
    "gists_url": ["https://api.github.com/users/linux08/gists{/gist_id}"],
    "starred_url": ["https://api.github.com/users/linux08/starred{/owner}{/repo}"],
    "subscriptions_url": ["https://api.github.com/users/linux08/subscriptions"],
    "organizations_url": ["https://api.github.com/users/linux08/orgs"],
    "repos_url": ["https://api.github.com/users/linux08/repos"],
    "events_url": ["https://api.github.com/users/linux08/events{/privacy}"],
    "received_events_url": ["https://api.github.com/users/linux08/received_events"],
    "type": ["User"],
    "site_admin": [false]
  }
]
