[
  {
    "login": ["wubaiqing"],
    "id": [1062448],
    "node_id": ["MDQ6VXNlcjEwNjI0NDg="],
    "avatar_url": ["https://avatars0.githubusercontent.com/u/1062448?v=4"],
    "gravatar_id": [""],
    "url": ["https://api.github.com/users/wubaiqing"],
    "html_url": ["https://github.com/wubaiqing"],
    "followers_url": ["https://api.github.com/users/wubaiqing/followers"],
    "following_url": ["https://api.github.com/users/wubaiqing/following{/other_user}"],
    "gists_url": ["https://api.github.com/users/wubaiqing/gists{/gist_id}"],
    "starred_url": ["https://api.github.com/users/wubaiqing/starred{/owner}{/repo}"],
    "subscriptions_url": ["https://api.github.com/users/wubaiqing/subscriptions"],
    "organizations_url": ["https://api.github.com/users/wubaiqing/orgs"],
    "repos_url": ["https://api.github.com/users/wubaiqing/repos"],
    "events_url": ["https://api.github.com/users/wubaiqing/events{/privacy}"],
    "received_events_url": ["https://api.github.com/users/wubaiqing/received_events"],
    "type": ["User"],
    "site_admin": [false]
  }
]
