[
  {
    "login": ["zhangppp"],
    "id": [13858518],
    "node_id": ["MDQ6VXNlcjEzODU4NTE4"],
    "avatar_url": ["https://avatars3.githubusercontent.com/u/13858518?v=4"],
    "gravatar_id": [""],
    "url": ["https://api.github.com/users/zhangppp"],
    "html_url": ["https://github.com/zhangppp"],
    "followers_url": ["https://api.github.com/users/zhangppp/followers"],
    "following_url": ["https://api.github.com/users/zhangppp/following{/other_user}"],
    "gists_url": ["https://api.github.com/users/zhangppp/gists{/gist_id}"],
    "starred_url": ["https://api.github.com/users/zhangppp/starred{/owner}{/repo}"],
    "subscriptions_url": ["https://api.github.com/users/zhangppp/subscriptions"],
    "organizations_url": ["https://api.github.com/users/zhangppp/orgs"],
    "repos_url": ["https://api.github.com/users/zhangppp/repos"],
    "events_url": ["https://api.github.com/users/zhangppp/events{/privacy}"],
    "received_events_url": ["https://api.github.com/users/zhangppp/received_events"],
    "type": ["User"],
    "site_admin": [false]
  }
]
