[
  {
    "login": ["comchem"],
    "id": [14133827],
    "node_id": ["MDQ6VXNlcjE0MTMzODI3"],
    "avatar_url": ["https://avatars1.githubusercontent.com/u/14133827?v=4"],
    "gravatar_id": [""],
    "url": ["https://api.github.com/users/comchem"],
    "html_url": ["https://github.com/comchem"],
    "followers_url": ["https://api.github.com/users/comchem/followers"],
    "following_url": ["https://api.github.com/users/comchem/following{/other_user}"],
    "gists_url": ["https://api.github.com/users/comchem/gists{/gist_id}"],
    "starred_url": ["https://api.github.com/users/comchem/starred{/owner}{/repo}"],
    "subscriptions_url": ["https://api.github.com/users/comchem/subscriptions"],
    "organizations_url": ["https://api.github.com/users/comchem/orgs"],
    "repos_url": ["https://api.github.com/users/comchem/repos"],
    "events_url": ["https://api.github.com/users/comchem/events{/privacy}"],
    "received_events_url": ["https://api.github.com/users/comchem/received_events"],
    "type": ["User"],
    "site_admin": [false]
  }
]
