[
  {
    "login": ["stevejake007"],
    "id": [24819982],
    "node_id": ["MDQ6VXNlcjI0ODE5OTgy"],
    "avatar_url": ["https://avatars3.githubusercontent.com/u/24819982?v=4"],
    "gravatar_id": [""],
    "url": ["https://api.github.com/users/stevejake007"],
    "html_url": ["https://github.com/stevejake007"],
    "followers_url": ["https://api.github.com/users/stevejake007/followers"],
    "following_url": ["https://api.github.com/users/stevejake007/following{/other_user}"],
    "gists_url": ["https://api.github.com/users/stevejake007/gists{/gist_id}"],
    "starred_url": ["https://api.github.com/users/stevejake007/starred{/owner}{/repo}"],
    "subscriptions_url": ["https://api.github.com/users/stevejake007/subscriptions"],
    "organizations_url": ["https://api.github.com/users/stevejake007/orgs"],
    "repos_url": ["https://api.github.com/users/stevejake007/repos"],
    "events_url": ["https://api.github.com/users/stevejake007/events{/privacy}"],
    "received_events_url": ["https://api.github.com/users/stevejake007/received_events"],
    "type": ["User"],
    "site_admin": [false]
  }
]
