[
  {
    "login": ["shpenev"],
    "id": [11166446],
    "node_id": ["MDQ6VXNlcjExMTY2NDQ2"],
    "avatar_url": ["https://avatars1.githubusercontent.com/u/11166446?v=4"],
    "gravatar_id": [""],
    "url": ["https://api.github.com/users/shpenev"],
    "html_url": ["https://github.com/shpenev"],
    "followers_url": ["https://api.github.com/users/shpenev/followers"],
    "following_url": ["https://api.github.com/users/shpenev/following{/other_user}"],
    "gists_url": ["https://api.github.com/users/shpenev/gists{/gist_id}"],
    "starred_url": ["https://api.github.com/users/shpenev/starred{/owner}{/repo}"],
    "subscriptions_url": ["https://api.github.com/users/shpenev/subscriptions"],
    "organizations_url": ["https://api.github.com/users/shpenev/orgs"],
    "repos_url": ["https://api.github.com/users/shpenev/repos"],
    "events_url": ["https://api.github.com/users/shpenev/events{/privacy}"],
    "received_events_url": ["https://api.github.com/users/shpenev/received_events"],
    "type": ["User"],
    "site_admin": [false]
  }
]
