[
  {
    "login": ["popomore"],
    "id": [360661],
    "node_id": ["MDQ6VXNlcjM2MDY2MQ=="],
    "avatar_url": ["https://avatars1.githubusercontent.com/u/360661?v=4"],
    "gravatar_id": [""],
    "url": ["https://api.github.com/users/popomore"],
    "html_url": ["https://github.com/popomore"],
    "followers_url": ["https://api.github.com/users/popomore/followers"],
    "following_url": ["https://api.github.com/users/popomore/following{/other_user}"],
    "gists_url": ["https://api.github.com/users/popomore/gists{/gist_id}"],
    "starred_url": ["https://api.github.com/users/popomore/starred{/owner}{/repo}"],
    "subscriptions_url": ["https://api.github.com/users/popomore/subscriptions"],
    "organizations_url": ["https://api.github.com/users/popomore/orgs"],
    "repos_url": ["https://api.github.com/users/popomore/repos"],
    "events_url": ["https://api.github.com/users/popomore/events{/privacy}"],
    "received_events_url": ["https://api.github.com/users/popomore/received_events"],
    "type": ["User"],
    "site_admin": [false]
  }
]
