[
  {
    "login": ["GhaithRahmani10"],
    "id": [24496053],
    "node_id": ["MDQ6VXNlcjI0NDk2MDUz"],
    "avatar_url": ["https://avatars0.githubusercontent.com/u/24496053?v=4"],
    "gravatar_id": [""],
    "url": ["https://api.github.com/users/GhaithRahmani10"],
    "html_url": ["https://github.com/GhaithRahmani10"],
    "followers_url": ["https://api.github.com/users/GhaithRahmani10/followers"],
    "following_url": ["https://api.github.com/users/GhaithRahmani10/following{/other_user}"],
    "gists_url": ["https://api.github.com/users/GhaithRahmani10/gists{/gist_id}"],
    "starred_url": ["https://api.github.com/users/GhaithRahmani10/starred{/owner}{/repo}"],
    "subscriptions_url": ["https://api.github.com/users/GhaithRahmani10/subscriptions"],
    "organizations_url": ["https://api.github.com/users/GhaithRahmani10/orgs"],
    "repos_url": ["https://api.github.com/users/GhaithRahmani10/repos"],
    "events_url": ["https://api.github.com/users/GhaithRahmani10/events{/privacy}"],
    "received_events_url": ["https://api.github.com/users/GhaithRahmani10/received_events"],
    "type": ["User"],
    "site_admin": [false]
  }
]
