[
  {
    "login": ["LouisBIGDATA"],
    "id": [28300264],
    "node_id": ["MDQ6VXNlcjI4MzAwMjY0"],
    "avatar_url": ["https://avatars1.githubusercontent.com/u/28300264?v=4"],
    "gravatar_id": [""],
    "url": ["https://api.github.com/users/LouisBIGDATA"],
    "html_url": ["https://github.com/LouisBIGDATA"],
    "followers_url": ["https://api.github.com/users/LouisBIGDATA/followers"],
    "following_url": ["https://api.github.com/users/LouisBIGDATA/following{/other_user}"],
    "gists_url": ["https://api.github.com/users/LouisBIGDATA/gists{/gist_id}"],
    "starred_url": ["https://api.github.com/users/LouisBIGDATA/starred{/owner}{/repo}"],
    "subscriptions_url": ["https://api.github.com/users/LouisBIGDATA/subscriptions"],
    "organizations_url": ["https://api.github.com/users/LouisBIGDATA/orgs"],
    "repos_url": ["https://api.github.com/users/LouisBIGDATA/repos"],
    "events_url": ["https://api.github.com/users/LouisBIGDATA/events{/privacy}"],
    "received_events_url": ["https://api.github.com/users/LouisBIGDATA/received_events"],
    "type": ["User"],
    "site_admin": [false]
  }
]
