[
  {
    "login": ["SOHELAHMED7"],
    "id": [6770119],
    "node_id": ["MDQ6VXNlcjY3NzAxMTk="],
    "avatar_url": ["https://avatars0.githubusercontent.com/u/6770119?v=4"],
    "gravatar_id": [""],
    "url": ["https://api.github.com/users/SOHELAHMED7"],
    "html_url": ["https://github.com/SOHELAHMED7"],
    "followers_url": ["https://api.github.com/users/SOHELAHMED7/followers"],
    "following_url": ["https://api.github.com/users/SOHELAHMED7/following{/other_user}"],
    "gists_url": ["https://api.github.com/users/SOHELAHMED7/gists{/gist_id}"],
    "starred_url": ["https://api.github.com/users/SOHELAHMED7/starred{/owner}{/repo}"],
    "subscriptions_url": ["https://api.github.com/users/SOHELAHMED7/subscriptions"],
    "organizations_url": ["https://api.github.com/users/SOHELAHMED7/orgs"],
    "repos_url": ["https://api.github.com/users/SOHELAHMED7/repos"],
    "events_url": ["https://api.github.com/users/SOHELAHMED7/events{/privacy}"],
    "received_events_url": ["https://api.github.com/users/SOHELAHMED7/received_events"],
    "type": ["User"],
    "site_admin": [false]
  }
]
