[
  {
    "login": ["liuyan731"],
    "id": [15249356],
    "node_id": ["MDQ6VXNlcjE1MjQ5MzU2"],
    "avatar_url": ["https://avatars1.githubusercontent.com/u/15249356?v=4"],
    "gravatar_id": [""],
    "url": ["https://api.github.com/users/liuyan731"],
    "html_url": ["https://github.com/liuyan731"],
    "followers_url": ["https://api.github.com/users/liuyan731/followers"],
    "following_url": ["https://api.github.com/users/liuyan731/following{/other_user}"],
    "gists_url": ["https://api.github.com/users/liuyan731/gists{/gist_id}"],
    "starred_url": ["https://api.github.com/users/liuyan731/starred{/owner}{/repo}"],
    "subscriptions_url": ["https://api.github.com/users/liuyan731/subscriptions"],
    "organizations_url": ["https://api.github.com/users/liuyan731/orgs"],
    "repos_url": ["https://api.github.com/users/liuyan731/repos"],
    "events_url": ["https://api.github.com/users/liuyan731/events{/privacy}"],
    "received_events_url": ["https://api.github.com/users/liuyan731/received_events"],
    "type": ["User"],
    "site_admin": [false]
  }
]
