[
  {
    "login": ["mc2dx"],
    "id": [28505252],
    "node_id": ["MDQ6VXNlcjI4NTA1MjUy"],
    "avatar_url": ["https://avatars0.githubusercontent.com/u/28505252?v=4"],
    "gravatar_id": [""],
    "url": ["https://api.github.com/users/mc2dx"],
    "html_url": ["https://github.com/mc2dx"],
    "followers_url": ["https://api.github.com/users/mc2dx/followers"],
    "following_url": ["https://api.github.com/users/mc2dx/following{/other_user}"],
    "gists_url": ["https://api.github.com/users/mc2dx/gists{/gist_id}"],
    "starred_url": ["https://api.github.com/users/mc2dx/starred{/owner}{/repo}"],
    "subscriptions_url": ["https://api.github.com/users/mc2dx/subscriptions"],
    "organizations_url": ["https://api.github.com/users/mc2dx/orgs"],
    "repos_url": ["https://api.github.com/users/mc2dx/repos"],
    "events_url": ["https://api.github.com/users/mc2dx/events{/privacy}"],
    "received_events_url": ["https://api.github.com/users/mc2dx/received_events"],
    "type": ["User"],
    "site_admin": [false]
  }
]
