[
  {
    "login": ["imylonas"],
    "id": [34528550],
    "node_id": ["MDQ6VXNlcjM0NTI4NTUw"],
    "avatar_url": ["https://avatars1.githubusercontent.com/u/34528550?v=4"],
    "gravatar_id": [""],
    "url": ["https://api.github.com/users/imylonas"],
    "html_url": ["https://github.com/imylonas"],
    "followers_url": ["https://api.github.com/users/imylonas/followers"],
    "following_url": ["https://api.github.com/users/imylonas/following{/other_user}"],
    "gists_url": ["https://api.github.com/users/imylonas/gists{/gist_id}"],
    "starred_url": ["https://api.github.com/users/imylonas/starred{/owner}{/repo}"],
    "subscriptions_url": ["https://api.github.com/users/imylonas/subscriptions"],
    "organizations_url": ["https://api.github.com/users/imylonas/orgs"],
    "repos_url": ["https://api.github.com/users/imylonas/repos"],
    "events_url": ["https://api.github.com/users/imylonas/events{/privacy}"],
    "received_events_url": ["https://api.github.com/users/imylonas/received_events"],
    "type": ["User"],
    "site_admin": [false]
  }
]
