[
  {
    "login": ["spurscoder"],
    "id": [9803166],
    "node_id": ["MDQ6VXNlcjk4MDMxNjY="],
    "avatar_url": ["https://avatars0.githubusercontent.com/u/9803166?v=4"],
    "gravatar_id": [""],
    "url": ["https://api.github.com/users/spurscoder"],
    "html_url": ["https://github.com/spurscoder"],
    "followers_url": ["https://api.github.com/users/spurscoder/followers"],
    "following_url": ["https://api.github.com/users/spurscoder/following{/other_user}"],
    "gists_url": ["https://api.github.com/users/spurscoder/gists{/gist_id}"],
    "starred_url": ["https://api.github.com/users/spurscoder/starred{/owner}{/repo}"],
    "subscriptions_url": ["https://api.github.com/users/spurscoder/subscriptions"],
    "organizations_url": ["https://api.github.com/users/spurscoder/orgs"],
    "repos_url": ["https://api.github.com/users/spurscoder/repos"],
    "events_url": ["https://api.github.com/users/spurscoder/events{/privacy}"],
    "received_events_url": ["https://api.github.com/users/spurscoder/received_events"],
    "type": ["User"],
    "site_admin": [false]
  }
]
