[
  {
    "login": ["yishengxiaoyao"],
    "id": [14012322],
    "node_id": ["MDQ6VXNlcjE0MDEyMzIy"],
    "avatar_url": ["https://avatars1.githubusercontent.com/u/14012322?v=4"],
    "gravatar_id": [""],
    "url": ["https://api.github.com/users/yishengxiaoyao"],
    "html_url": ["https://github.com/yishengxiaoyao"],
    "followers_url": ["https://api.github.com/users/yishengxiaoyao/followers"],
    "following_url": ["https://api.github.com/users/yishengxiaoyao/following{/other_user}"],
    "gists_url": ["https://api.github.com/users/yishengxiaoyao/gists{/gist_id}"],
    "starred_url": ["https://api.github.com/users/yishengxiaoyao/starred{/owner}{/repo}"],
    "subscriptions_url": ["https://api.github.com/users/yishengxiaoyao/subscriptions"],
    "organizations_url": ["https://api.github.com/users/yishengxiaoyao/orgs"],
    "repos_url": ["https://api.github.com/users/yishengxiaoyao/repos"],
    "events_url": ["https://api.github.com/users/yishengxiaoyao/events{/privacy}"],
    "received_events_url": ["https://api.github.com/users/yishengxiaoyao/received_events"],
    "type": ["User"],
    "site_admin": [false]
  }
]
