[
  {
    "login": ["Titzanyic"],
    "id": [5711056],
    "node_id": ["MDQ6VXNlcjU3MTEwNTY="],
    "avatar_url": ["https://avatars2.githubusercontent.com/u/5711056?v=4"],
    "gravatar_id": [""],
    "url": ["https://api.github.com/users/Titzanyic"],
    "html_url": ["https://github.com/Titzanyic"],
    "followers_url": ["https://api.github.com/users/Titzanyic/followers"],
    "following_url": ["https://api.github.com/users/Titzanyic/following{/other_user}"],
    "gists_url": ["https://api.github.com/users/Titzanyic/gists{/gist_id}"],
    "starred_url": ["https://api.github.com/users/Titzanyic/starred{/owner}{/repo}"],
    "subscriptions_url": ["https://api.github.com/users/Titzanyic/subscriptions"],
    "organizations_url": ["https://api.github.com/users/Titzanyic/orgs"],
    "repos_url": ["https://api.github.com/users/Titzanyic/repos"],
    "events_url": ["https://api.github.com/users/Titzanyic/events{/privacy}"],
    "received_events_url": ["https://api.github.com/users/Titzanyic/received_events"],
    "type": ["User"],
    "site_admin": [false]
  }
]
