[
  {
    "login": ["sperlingxx"],
    "id": [6276118],
    "node_id": ["MDQ6VXNlcjYyNzYxMTg="],
    "avatar_url": ["https://avatars3.githubusercontent.com/u/6276118?v=4"],
    "gravatar_id": [""],
    "url": ["https://api.github.com/users/sperlingxx"],
    "html_url": ["https://github.com/sperlingxx"],
    "followers_url": ["https://api.github.com/users/sperlingxx/followers"],
    "following_url": ["https://api.github.com/users/sperlingxx/following{/other_user}"],
    "gists_url": ["https://api.github.com/users/sperlingxx/gists{/gist_id}"],
    "starred_url": ["https://api.github.com/users/sperlingxx/starred{/owner}{/repo}"],
    "subscriptions_url": ["https://api.github.com/users/sperlingxx/subscriptions"],
    "organizations_url": ["https://api.github.com/users/sperlingxx/orgs"],
    "repos_url": ["https://api.github.com/users/sperlingxx/repos"],
    "events_url": ["https://api.github.com/users/sperlingxx/events{/privacy}"],
    "received_events_url": ["https://api.github.com/users/sperlingxx/received_events"],
    "type": ["User"],
    "site_admin": [false]
  }
]
