[
  {
    "login": ["JanineW"],
    "id": [10104876],
    "node_id": ["MDQ6VXNlcjEwMTA0ODc2"],
    "avatar_url": ["https://avatars0.githubusercontent.com/u/10104876?v=4"],
    "gravatar_id": [""],
    "url": ["https://api.github.com/users/JanineW"],
    "html_url": ["https://github.com/JanineW"],
    "followers_url": ["https://api.github.com/users/JanineW/followers"],
    "following_url": ["https://api.github.com/users/JanineW/following{/other_user}"],
    "gists_url": ["https://api.github.com/users/JanineW/gists{/gist_id}"],
    "starred_url": ["https://api.github.com/users/JanineW/starred{/owner}{/repo}"],
    "subscriptions_url": ["https://api.github.com/users/JanineW/subscriptions"],
    "organizations_url": ["https://api.github.com/users/JanineW/orgs"],
    "repos_url": ["https://api.github.com/users/JanineW/repos"],
    "events_url": ["https://api.github.com/users/JanineW/events{/privacy}"],
    "received_events_url": ["https://api.github.com/users/JanineW/received_events"],
    "type": ["User"],
    "site_admin": [false]
  }
]
