[
  {
    "login": ["Yawapi"],
    "id": [10875694],
    "node_id": ["MDQ6VXNlcjEwODc1Njk0"],
    "avatar_url": ["https://avatars0.githubusercontent.com/u/10875694?v=4"],
    "gravatar_id": [""],
    "url": ["https://api.github.com/users/Yawapi"],
    "html_url": ["https://github.com/Yawapi"],
    "followers_url": ["https://api.github.com/users/Yawapi/followers"],
    "following_url": ["https://api.github.com/users/Yawapi/following{/other_user}"],
    "gists_url": ["https://api.github.com/users/Yawapi/gists{/gist_id}"],
    "starred_url": ["https://api.github.com/users/Yawapi/starred{/owner}{/repo}"],
    "subscriptions_url": ["https://api.github.com/users/Yawapi/subscriptions"],
    "organizations_url": ["https://api.github.com/users/Yawapi/orgs"],
    "repos_url": ["https://api.github.com/users/Yawapi/repos"],
    "events_url": ["https://api.github.com/users/Yawapi/events{/privacy}"],
    "received_events_url": ["https://api.github.com/users/Yawapi/received_events"],
    "type": ["User"],
    "site_admin": [false]
  }
]
