[
  {
    "login": ["gxhrid"],
    "id": [406044],
    "node_id": ["MDQ6VXNlcjQwNjA0NA=="],
    "avatar_url": ["https://avatars0.githubusercontent.com/u/406044?v=4"],
    "gravatar_id": [""],
    "url": ["https://api.github.com/users/gxhrid"],
    "html_url": ["https://github.com/gxhrid"],
    "followers_url": ["https://api.github.com/users/gxhrid/followers"],
    "following_url": ["https://api.github.com/users/gxhrid/following{/other_user}"],
    "gists_url": ["https://api.github.com/users/gxhrid/gists{/gist_id}"],
    "starred_url": ["https://api.github.com/users/gxhrid/starred{/owner}{/repo}"],
    "subscriptions_url": ["https://api.github.com/users/gxhrid/subscriptions"],
    "organizations_url": ["https://api.github.com/users/gxhrid/orgs"],
    "repos_url": ["https://api.github.com/users/gxhrid/repos"],
    "events_url": ["https://api.github.com/users/gxhrid/events{/privacy}"],
    "received_events_url": ["https://api.github.com/users/gxhrid/received_events"],
    "type": ["User"],
    "site_admin": [false]
  }
]
