[
  {
    "login": ["AgarwalGeeks"],
    "id": [35734063],
    "node_id": ["MDQ6VXNlcjM1NzM0MDYz"],
    "avatar_url": ["https://avatars1.githubusercontent.com/u/35734063?v=4"],
    "gravatar_id": [""],
    "url": ["https://api.github.com/users/AgarwalGeeks"],
    "html_url": ["https://github.com/AgarwalGeeks"],
    "followers_url": ["https://api.github.com/users/AgarwalGeeks/followers"],
    "following_url": ["https://api.github.com/users/AgarwalGeeks/following{/other_user}"],
    "gists_url": ["https://api.github.com/users/AgarwalGeeks/gists{/gist_id}"],
    "starred_url": ["https://api.github.com/users/AgarwalGeeks/starred{/owner}{/repo}"],
    "subscriptions_url": ["https://api.github.com/users/AgarwalGeeks/subscriptions"],
    "organizations_url": ["https://api.github.com/users/AgarwalGeeks/orgs"],
    "repos_url": ["https://api.github.com/users/AgarwalGeeks/repos"],
    "events_url": ["https://api.github.com/users/AgarwalGeeks/events{/privacy}"],
    "received_events_url": ["https://api.github.com/users/AgarwalGeeks/received_events"],
    "type": ["User"],
    "site_admin": [false]
  }
]
