[
  {
    "login": ["dtmkeng"],
    "id": [11234402],
    "node_id": ["MDQ6VXNlcjExMjM0NDAy"],
    "avatar_url": ["https://avatars2.githubusercontent.com/u/11234402?v=4"],
    "gravatar_id": [""],
    "url": ["https://api.github.com/users/dtmkeng"],
    "html_url": ["https://github.com/dtmkeng"],
    "followers_url": ["https://api.github.com/users/dtmkeng/followers"],
    "following_url": ["https://api.github.com/users/dtmkeng/following{/other_user}"],
    "gists_url": ["https://api.github.com/users/dtmkeng/gists{/gist_id}"],
    "starred_url": ["https://api.github.com/users/dtmkeng/starred{/owner}{/repo}"],
    "subscriptions_url": ["https://api.github.com/users/dtmkeng/subscriptions"],
    "organizations_url": ["https://api.github.com/users/dtmkeng/orgs"],
    "repos_url": ["https://api.github.com/users/dtmkeng/repos"],
    "events_url": ["https://api.github.com/users/dtmkeng/events{/privacy}"],
    "received_events_url": ["https://api.github.com/users/dtmkeng/received_events"],
    "type": ["User"],
    "site_admin": [false]
  }
]
