[
  {
    "login": ["wangershi"],
    "id": [33387561],
    "node_id": ["MDQ6VXNlcjMzMzg3NTYx"],
    "avatar_url": ["https://avatars1.githubusercontent.com/u/33387561?v=4"],
    "gravatar_id": [""],
    "url": ["https://api.github.com/users/wangershi"],
    "html_url": ["https://github.com/wangershi"],
    "followers_url": ["https://api.github.com/users/wangershi/followers"],
    "following_url": ["https://api.github.com/users/wangershi/following{/other_user}"],
    "gists_url": ["https://api.github.com/users/wangershi/gists{/gist_id}"],
    "starred_url": ["https://api.github.com/users/wangershi/starred{/owner}{/repo}"],
    "subscriptions_url": ["https://api.github.com/users/wangershi/subscriptions"],
    "organizations_url": ["https://api.github.com/users/wangershi/orgs"],
    "repos_url": ["https://api.github.com/users/wangershi/repos"],
    "events_url": ["https://api.github.com/users/wangershi/events{/privacy}"],
    "received_events_url": ["https://api.github.com/users/wangershi/received_events"],
    "type": ["User"],
    "site_admin": [false]
  }
]
