[
  {
    "login": ["jerng18"],
    "id": [39218744],
    "node_id": ["MDQ6VXNlcjM5MjE4NzQ0"],
    "avatar_url": ["https://avatars2.githubusercontent.com/u/39218744?v=4"],
    "gravatar_id": [""],
    "url": ["https://api.github.com/users/jerng18"],
    "html_url": ["https://github.com/jerng18"],
    "followers_url": ["https://api.github.com/users/jerng18/followers"],
    "following_url": ["https://api.github.com/users/jerng18/following{/other_user}"],
    "gists_url": ["https://api.github.com/users/jerng18/gists{/gist_id}"],
    "starred_url": ["https://api.github.com/users/jerng18/starred{/owner}{/repo}"],
    "subscriptions_url": ["https://api.github.com/users/jerng18/subscriptions"],
    "organizations_url": ["https://api.github.com/users/jerng18/orgs"],
    "repos_url": ["https://api.github.com/users/jerng18/repos"],
    "events_url": ["https://api.github.com/users/jerng18/events{/privacy}"],
    "received_events_url": ["https://api.github.com/users/jerng18/received_events"],
    "type": ["User"],
    "site_admin": [false]
  }
]
