[
  {
    "login": ["englianhu"],
    "id": [7227582],
    "node_id": ["MDQ6VXNlcjcyMjc1ODI="],
    "avatar_url": ["https://avatars0.githubusercontent.com/u/7227582?v=4"],
    "gravatar_id": [""],
    "url": ["https://api.github.com/users/englianhu"],
    "html_url": ["https://github.com/englianhu"],
    "followers_url": ["https://api.github.com/users/englianhu/followers"],
    "following_url": ["https://api.github.com/users/englianhu/following{/other_user}"],
    "gists_url": ["https://api.github.com/users/englianhu/gists{/gist_id}"],
    "starred_url": ["https://api.github.com/users/englianhu/starred{/owner}{/repo}"],
    "subscriptions_url": ["https://api.github.com/users/englianhu/subscriptions"],
    "organizations_url": ["https://api.github.com/users/englianhu/orgs"],
    "repos_url": ["https://api.github.com/users/englianhu/repos"],
    "events_url": ["https://api.github.com/users/englianhu/events{/privacy}"],
    "received_events_url": ["https://api.github.com/users/englianhu/received_events"],
    "type": ["User"],
    "site_admin": [false]
  }
]
