[
  {
    "login": ["nizvoo"],
    "id": [1229822],
    "node_id": ["MDQ6VXNlcjEyMjk4MjI="],
    "avatar_url": ["https://avatars3.githubusercontent.com/u/1229822?v=4"],
    "gravatar_id": [""],
    "url": ["https://api.github.com/users/nizvoo"],
    "html_url": ["https://github.com/nizvoo"],
    "followers_url": ["https://api.github.com/users/nizvoo/followers"],
    "following_url": ["https://api.github.com/users/nizvoo/following{/other_user}"],
    "gists_url": ["https://api.github.com/users/nizvoo/gists{/gist_id}"],
    "starred_url": ["https://api.github.com/users/nizvoo/starred{/owner}{/repo}"],
    "subscriptions_url": ["https://api.github.com/users/nizvoo/subscriptions"],
    "organizations_url": ["https://api.github.com/users/nizvoo/orgs"],
    "repos_url": ["https://api.github.com/users/nizvoo/repos"],
    "events_url": ["https://api.github.com/users/nizvoo/events{/privacy}"],
    "received_events_url": ["https://api.github.com/users/nizvoo/received_events"],
    "type": ["User"],
    "site_admin": [false]
  }
]
