[
  {
    "login": ["prasan321"],
    "id": [42831073],
    "node_id": ["MDQ6VXNlcjQyODMxMDcz"],
    "avatar_url": ["https://avatars1.githubusercontent.com/u/42831073?v=4"],
    "gravatar_id": [""],
    "url": ["https://api.github.com/users/prasan321"],
    "html_url": ["https://github.com/prasan321"],
    "followers_url": ["https://api.github.com/users/prasan321/followers"],
    "following_url": ["https://api.github.com/users/prasan321/following{/other_user}"],
    "gists_url": ["https://api.github.com/users/prasan321/gists{/gist_id}"],
    "starred_url": ["https://api.github.com/users/prasan321/starred{/owner}{/repo}"],
    "subscriptions_url": ["https://api.github.com/users/prasan321/subscriptions"],
    "organizations_url": ["https://api.github.com/users/prasan321/orgs"],
    "repos_url": ["https://api.github.com/users/prasan321/repos"],
    "events_url": ["https://api.github.com/users/prasan321/events{/privacy}"],
    "received_events_url": ["https://api.github.com/users/prasan321/received_events"],
    "type": ["User"],
    "site_admin": [false]
  }
]
