[
  {
    "login": ["just-a-bot"],
    "id": [11992909],
    "node_id": ["MDQ6VXNlcjExOTkyOTA5"],
    "avatar_url": ["https://avatars1.githubusercontent.com/u/11992909?v=4"],
    "gravatar_id": [""],
    "url": ["https://api.github.com/users/just-a-bot"],
    "html_url": ["https://github.com/just-a-bot"],
    "followers_url": ["https://api.github.com/users/just-a-bot/followers"],
    "following_url": ["https://api.github.com/users/just-a-bot/following{/other_user}"],
    "gists_url": ["https://api.github.com/users/just-a-bot/gists{/gist_id}"],
    "starred_url": ["https://api.github.com/users/just-a-bot/starred{/owner}{/repo}"],
    "subscriptions_url": ["https://api.github.com/users/just-a-bot/subscriptions"],
    "organizations_url": ["https://api.github.com/users/just-a-bot/orgs"],
    "repos_url": ["https://api.github.com/users/just-a-bot/repos"],
    "events_url": ["https://api.github.com/users/just-a-bot/events{/privacy}"],
    "received_events_url": ["https://api.github.com/users/just-a-bot/received_events"],
    "type": ["User"],
    "site_admin": [false]
  }
]
