[
  {
    "login": ["chineking"],
    "id": [357506],
    "node_id": ["MDQ6VXNlcjM1NzUwNg=="],
    "avatar_url": ["https://avatars1.githubusercontent.com/u/357506?v=4"],
    "gravatar_id": [""],
    "url": ["https://api.github.com/users/chineking"],
    "html_url": ["https://github.com/chineking"],
    "followers_url": ["https://api.github.com/users/chineking/followers"],
    "following_url": ["https://api.github.com/users/chineking/following{/other_user}"],
    "gists_url": ["https://api.github.com/users/chineking/gists{/gist_id}"],
    "starred_url": ["https://api.github.com/users/chineking/starred{/owner}{/repo}"],
    "subscriptions_url": ["https://api.github.com/users/chineking/subscriptions"],
    "organizations_url": ["https://api.github.com/users/chineking/orgs"],
    "repos_url": ["https://api.github.com/users/chineking/repos"],
    "events_url": ["https://api.github.com/users/chineking/events{/privacy}"],
    "received_events_url": ["https://api.github.com/users/chineking/received_events"],
    "type": ["User"],
    "site_admin": [false]
  }
]
