[
  {
    "login": ["a-patel"],
    "id": [8511777],
    "node_id": ["MDQ6VXNlcjg1MTE3Nzc="],
    "avatar_url": ["https://avatars1.githubusercontent.com/u/8511777?v=4"],
    "gravatar_id": [""],
    "url": ["https://api.github.com/users/a-patel"],
    "html_url": ["https://github.com/a-patel"],
    "followers_url": ["https://api.github.com/users/a-patel/followers"],
    "following_url": ["https://api.github.com/users/a-patel/following{/other_user}"],
    "gists_url": ["https://api.github.com/users/a-patel/gists{/gist_id}"],
    "starred_url": ["https://api.github.com/users/a-patel/starred{/owner}{/repo}"],
    "subscriptions_url": ["https://api.github.com/users/a-patel/subscriptions"],
    "organizations_url": ["https://api.github.com/users/a-patel/orgs"],
    "repos_url": ["https://api.github.com/users/a-patel/repos"],
    "events_url": ["https://api.github.com/users/a-patel/events{/privacy}"],
    "received_events_url": ["https://api.github.com/users/a-patel/received_events"],
    "type": ["User"],
    "site_admin": [false]
  }
]
