[
  {
    "login": ["hoadu"],
    "id": [21251601],
    "node_id": ["MDQ6VXNlcjIxMjUxNjAx"],
    "avatar_url": ["https://avatars1.githubusercontent.com/u/21251601?v=4"],
    "gravatar_id": [""],
    "url": ["https://api.github.com/users/hoadu"],
    "html_url": ["https://github.com/hoadu"],
    "followers_url": ["https://api.github.com/users/hoadu/followers"],
    "following_url": ["https://api.github.com/users/hoadu/following{/other_user}"],
    "gists_url": ["https://api.github.com/users/hoadu/gists{/gist_id}"],
    "starred_url": ["https://api.github.com/users/hoadu/starred{/owner}{/repo}"],
    "subscriptions_url": ["https://api.github.com/users/hoadu/subscriptions"],
    "organizations_url": ["https://api.github.com/users/hoadu/orgs"],
    "repos_url": ["https://api.github.com/users/hoadu/repos"],
    "events_url": ["https://api.github.com/users/hoadu/events{/privacy}"],
    "received_events_url": ["https://api.github.com/users/hoadu/received_events"],
    "type": ["User"],
    "site_admin": [false]
  }
]
