[
  {
    "login": ["kmr0877"],
    "id": [26761582],
    "node_id": ["MDQ6VXNlcjI2NzYxNTgy"],
    "avatar_url": ["https://avatars3.githubusercontent.com/u/26761582?v=4"],
    "gravatar_id": [""],
    "url": ["https://api.github.com/users/kmr0877"],
    "html_url": ["https://github.com/kmr0877"],
    "followers_url": ["https://api.github.com/users/kmr0877/followers"],
    "following_url": ["https://api.github.com/users/kmr0877/following{/other_user}"],
    "gists_url": ["https://api.github.com/users/kmr0877/gists{/gist_id}"],
    "starred_url": ["https://api.github.com/users/kmr0877/starred{/owner}{/repo}"],
    "subscriptions_url": ["https://api.github.com/users/kmr0877/subscriptions"],
    "organizations_url": ["https://api.github.com/users/kmr0877/orgs"],
    "repos_url": ["https://api.github.com/users/kmr0877/repos"],
    "events_url": ["https://api.github.com/users/kmr0877/events{/privacy}"],
    "received_events_url": ["https://api.github.com/users/kmr0877/received_events"],
    "type": ["User"],
    "site_admin": [false]
  }
]
