[
  {
    "login": ["meixiaofeng"],
    "id": [8787867],
    "node_id": ["MDQ6VXNlcjg3ODc4Njc="],
    "avatar_url": ["https://avatars0.githubusercontent.com/u/8787867?v=4"],
    "gravatar_id": [""],
    "url": ["https://api.github.com/users/meixiaofeng"],
    "html_url": ["https://github.com/meixiaofeng"],
    "followers_url": ["https://api.github.com/users/meixiaofeng/followers"],
    "following_url": ["https://api.github.com/users/meixiaofeng/following{/other_user}"],
    "gists_url": ["https://api.github.com/users/meixiaofeng/gists{/gist_id}"],
    "starred_url": ["https://api.github.com/users/meixiaofeng/starred{/owner}{/repo}"],
    "subscriptions_url": ["https://api.github.com/users/meixiaofeng/subscriptions"],
    "organizations_url": ["https://api.github.com/users/meixiaofeng/orgs"],
    "repos_url": ["https://api.github.com/users/meixiaofeng/repos"],
    "events_url": ["https://api.github.com/users/meixiaofeng/events{/privacy}"],
    "received_events_url": ["https://api.github.com/users/meixiaofeng/received_events"],
    "type": ["User"],
    "site_admin": [false]
  }
]
