[
  {
    "login": ["zhaogaohong"],
    "id": [17717251],
    "node_id": ["MDQ6VXNlcjE3NzE3MjUx"],
    "avatar_url": ["https://avatars1.githubusercontent.com/u/17717251?v=4"],
    "gravatar_id": [""],
    "url": ["https://api.github.com/users/zhaogaohong"],
    "html_url": ["https://github.com/zhaogaohong"],
    "followers_url": ["https://api.github.com/users/zhaogaohong/followers"],
    "following_url": ["https://api.github.com/users/zhaogaohong/following{/other_user}"],
    "gists_url": ["https://api.github.com/users/zhaogaohong/gists{/gist_id}"],
    "starred_url": ["https://api.github.com/users/zhaogaohong/starred{/owner}{/repo}"],
    "subscriptions_url": ["https://api.github.com/users/zhaogaohong/subscriptions"],
    "organizations_url": ["https://api.github.com/users/zhaogaohong/orgs"],
    "repos_url": ["https://api.github.com/users/zhaogaohong/repos"],
    "events_url": ["https://api.github.com/users/zhaogaohong/events{/privacy}"],
    "received_events_url": ["https://api.github.com/users/zhaogaohong/received_events"],
    "type": ["User"],
    "site_admin": [false]
  }
]
