[
  {
    "login": ["tomnkey"],
    "id": [3223174],
    "node_id": ["MDQ6VXNlcjMyMjMxNzQ="],
    "avatar_url": ["https://avatars2.githubusercontent.com/u/3223174?v=4"],
    "gravatar_id": [""],
    "url": ["https://api.github.com/users/tomnkey"],
    "html_url": ["https://github.com/tomnkey"],
    "followers_url": ["https://api.github.com/users/tomnkey/followers"],
    "following_url": ["https://api.github.com/users/tomnkey/following{/other_user}"],
    "gists_url": ["https://api.github.com/users/tomnkey/gists{/gist_id}"],
    "starred_url": ["https://api.github.com/users/tomnkey/starred{/owner}{/repo}"],
    "subscriptions_url": ["https://api.github.com/users/tomnkey/subscriptions"],
    "organizations_url": ["https://api.github.com/users/tomnkey/orgs"],
    "repos_url": ["https://api.github.com/users/tomnkey/repos"],
    "events_url": ["https://api.github.com/users/tomnkey/events{/privacy}"],
    "received_events_url": ["https://api.github.com/users/tomnkey/received_events"],
    "type": ["User"],
    "site_admin": [false]
  }
]
