[
  {
    "login": ["fattyJake"],
    "id": [19554854],
    "node_id": ["MDQ6VXNlcjE5NTU0ODU0"],
    "avatar_url": ["https://avatars3.githubusercontent.com/u/19554854?v=4"],
    "gravatar_id": [""],
    "url": ["https://api.github.com/users/fattyJake"],
    "html_url": ["https://github.com/fattyJake"],
    "followers_url": ["https://api.github.com/users/fattyJake/followers"],
    "following_url": ["https://api.github.com/users/fattyJake/following{/other_user}"],
    "gists_url": ["https://api.github.com/users/fattyJake/gists{/gist_id}"],
    "starred_url": ["https://api.github.com/users/fattyJake/starred{/owner}{/repo}"],
    "subscriptions_url": ["https://api.github.com/users/fattyJake/subscriptions"],
    "organizations_url": ["https://api.github.com/users/fattyJake/orgs"],
    "repos_url": ["https://api.github.com/users/fattyJake/repos"],
    "events_url": ["https://api.github.com/users/fattyJake/events{/privacy}"],
    "received_events_url": ["https://api.github.com/users/fattyJake/received_events"],
    "type": ["User"],
    "site_admin": [false]
  }
]
