[
  {
    "login": ["FrederickWilliams"],
    "id": [36410092],
    "node_id": ["MDQ6VXNlcjM2NDEwMDky"],
    "avatar_url": ["https://avatars2.githubusercontent.com/u/36410092?v=4"],
    "gravatar_id": [""],
    "url": ["https://api.github.com/users/FrederickWilliams"],
    "html_url": ["https://github.com/FrederickWilliams"],
    "followers_url": ["https://api.github.com/users/FrederickWilliams/followers"],
    "following_url": ["https://api.github.com/users/FrederickWilliams/following{/other_user}"],
    "gists_url": ["https://api.github.com/users/FrederickWilliams/gists{/gist_id}"],
    "starred_url": ["https://api.github.com/users/FrederickWilliams/starred{/owner}{/repo}"],
    "subscriptions_url": ["https://api.github.com/users/FrederickWilliams/subscriptions"],
    "organizations_url": ["https://api.github.com/users/FrederickWilliams/orgs"],
    "repos_url": ["https://api.github.com/users/FrederickWilliams/repos"],
    "events_url": ["https://api.github.com/users/FrederickWilliams/events{/privacy}"],
    "received_events_url": ["https://api.github.com/users/FrederickWilliams/received_events"],
    "type": ["User"],
    "site_admin": [false]
  }
]
