[
  {
    "login": ["manuzhang"],
    "id": [1191767],
    "node_id": ["MDQ6VXNlcjExOTE3Njc="],
    "avatar_url": ["https://avatars3.githubusercontent.com/u/1191767?v=4"],
    "gravatar_id": [""],
    "url": ["https://api.github.com/users/manuzhang"],
    "html_url": ["https://github.com/manuzhang"],
    "followers_url": ["https://api.github.com/users/manuzhang/followers"],
    "following_url": ["https://api.github.com/users/manuzhang/following{/other_user}"],
    "gists_url": ["https://api.github.com/users/manuzhang/gists{/gist_id}"],
    "starred_url": ["https://api.github.com/users/manuzhang/starred{/owner}{/repo}"],
    "subscriptions_url": ["https://api.github.com/users/manuzhang/subscriptions"],
    "organizations_url": ["https://api.github.com/users/manuzhang/orgs"],
    "repos_url": ["https://api.github.com/users/manuzhang/repos"],
    "events_url": ["https://api.github.com/users/manuzhang/events{/privacy}"],
    "received_events_url": ["https://api.github.com/users/manuzhang/received_events"],
    "type": ["User"],
    "site_admin": [false]
  }
]
