[
  {
    "login": ["danteliujie"],
    "id": [19493070],
    "node_id": ["MDQ6VXNlcjE5NDkzMDcw"],
    "avatar_url": ["https://avatars0.githubusercontent.com/u/19493070?v=4"],
    "gravatar_id": [""],
    "url": ["https://api.github.com/users/danteliujie"],
    "html_url": ["https://github.com/danteliujie"],
    "followers_url": ["https://api.github.com/users/danteliujie/followers"],
    "following_url": ["https://api.github.com/users/danteliujie/following{/other_user}"],
    "gists_url": ["https://api.github.com/users/danteliujie/gists{/gist_id}"],
    "starred_url": ["https://api.github.com/users/danteliujie/starred{/owner}{/repo}"],
    "subscriptions_url": ["https://api.github.com/users/danteliujie/subscriptions"],
    "organizations_url": ["https://api.github.com/users/danteliujie/orgs"],
    "repos_url": ["https://api.github.com/users/danteliujie/repos"],
    "events_url": ["https://api.github.com/users/danteliujie/events{/privacy}"],
    "received_events_url": ["https://api.github.com/users/danteliujie/received_events"],
    "type": ["User"],
    "site_admin": [false]
  }
]
