[
  {
    "login": ["imatiach-msft"],
    "id": [24683184],
    "node_id": ["MDQ6VXNlcjI0NjgzMTg0"],
    "avatar_url": ["https://avatars0.githubusercontent.com/u/24683184?v=4"],
    "gravatar_id": [""],
    "url": ["https://api.github.com/users/imatiach-msft"],
    "html_url": ["https://github.com/imatiach-msft"],
    "followers_url": ["https://api.github.com/users/imatiach-msft/followers"],
    "following_url": ["https://api.github.com/users/imatiach-msft/following{/other_user}"],
    "gists_url": ["https://api.github.com/users/imatiach-msft/gists{/gist_id}"],
    "starred_url": ["https://api.github.com/users/imatiach-msft/starred{/owner}{/repo}"],
    "subscriptions_url": ["https://api.github.com/users/imatiach-msft/subscriptions"],
    "organizations_url": ["https://api.github.com/users/imatiach-msft/orgs"],
    "repos_url": ["https://api.github.com/users/imatiach-msft/repos"],
    "events_url": ["https://api.github.com/users/imatiach-msft/events{/privacy}"],
    "received_events_url": ["https://api.github.com/users/imatiach-msft/received_events"],
    "type": ["User"],
    "site_admin": [false]
  }
]
