[
  {
    "login": ["alexgarciac"],
    "id": [3869316],
    "node_id": ["MDQ6VXNlcjM4NjkzMTY="],
    "avatar_url": ["https://avatars3.githubusercontent.com/u/3869316?v=4"],
    "gravatar_id": [""],
    "url": ["https://api.github.com/users/alexgarciac"],
    "html_url": ["https://github.com/alexgarciac"],
    "followers_url": ["https://api.github.com/users/alexgarciac/followers"],
    "following_url": ["https://api.github.com/users/alexgarciac/following{/other_user}"],
    "gists_url": ["https://api.github.com/users/alexgarciac/gists{/gist_id}"],
    "starred_url": ["https://api.github.com/users/alexgarciac/starred{/owner}{/repo}"],
    "subscriptions_url": ["https://api.github.com/users/alexgarciac/subscriptions"],
    "organizations_url": ["https://api.github.com/users/alexgarciac/orgs"],
    "repos_url": ["https://api.github.com/users/alexgarciac/repos"],
    "events_url": ["https://api.github.com/users/alexgarciac/events{/privacy}"],
    "received_events_url": ["https://api.github.com/users/alexgarciac/received_events"],
    "type": ["User"],
    "site_admin": [false]
  }
]
