[
  {
    "login": ["Juan0001"],
    "id": [4388136],
    "node_id": ["MDQ6VXNlcjQzODgxMzY="],
    "avatar_url": ["https://avatars1.githubusercontent.com/u/4388136?v=4"],
    "gravatar_id": [""],
    "url": ["https://api.github.com/users/Juan0001"],
    "html_url": ["https://github.com/Juan0001"],
    "followers_url": ["https://api.github.com/users/Juan0001/followers"],
    "following_url": ["https://api.github.com/users/Juan0001/following{/other_user}"],
    "gists_url": ["https://api.github.com/users/Juan0001/gists{/gist_id}"],
    "starred_url": ["https://api.github.com/users/Juan0001/starred{/owner}{/repo}"],
    "subscriptions_url": ["https://api.github.com/users/Juan0001/subscriptions"],
    "organizations_url": ["https://api.github.com/users/Juan0001/orgs"],
    "repos_url": ["https://api.github.com/users/Juan0001/repos"],
    "events_url": ["https://api.github.com/users/Juan0001/events{/privacy}"],
    "received_events_url": ["https://api.github.com/users/Juan0001/received_events"],
    "type": ["User"],
    "site_admin": [false]
  }
]
