[
  {
    "login": ["pengliheng"],
    "id": [14355994],
    "node_id": ["MDQ6VXNlcjE0MzU1OTk0"],
    "avatar_url": ["https://avatars2.githubusercontent.com/u/14355994?v=4"],
    "gravatar_id": [""],
    "url": ["https://api.github.com/users/pengliheng"],
    "html_url": ["https://github.com/pengliheng"],
    "followers_url": ["https://api.github.com/users/pengliheng/followers"],
    "following_url": ["https://api.github.com/users/pengliheng/following{/other_user}"],
    "gists_url": ["https://api.github.com/users/pengliheng/gists{/gist_id}"],
    "starred_url": ["https://api.github.com/users/pengliheng/starred{/owner}{/repo}"],
    "subscriptions_url": ["https://api.github.com/users/pengliheng/subscriptions"],
    "organizations_url": ["https://api.github.com/users/pengliheng/orgs"],
    "repos_url": ["https://api.github.com/users/pengliheng/repos"],
    "events_url": ["https://api.github.com/users/pengliheng/events{/privacy}"],
    "received_events_url": ["https://api.github.com/users/pengliheng/received_events"],
    "type": ["User"],
    "site_admin": [false]
  }
]
