[
  {
    "login": ["saul-c"],
    "id": [12780638],
    "node_id": ["MDQ6VXNlcjEyNzgwNjM4"],
    "avatar_url": ["https://avatars2.githubusercontent.com/u/12780638?v=4"],
    "gravatar_id": [""],
    "url": ["https://api.github.com/users/saul-c"],
    "html_url": ["https://github.com/saul-c"],
    "followers_url": ["https://api.github.com/users/saul-c/followers"],
    "following_url": ["https://api.github.com/users/saul-c/following{/other_user}"],
    "gists_url": ["https://api.github.com/users/saul-c/gists{/gist_id}"],
    "starred_url": ["https://api.github.com/users/saul-c/starred{/owner}{/repo}"],
    "subscriptions_url": ["https://api.github.com/users/saul-c/subscriptions"],
    "organizations_url": ["https://api.github.com/users/saul-c/orgs"],
    "repos_url": ["https://api.github.com/users/saul-c/repos"],
    "events_url": ["https://api.github.com/users/saul-c/events{/privacy}"],
    "received_events_url": ["https://api.github.com/users/saul-c/received_events"],
    "type": ["User"],
    "site_admin": [false]
  }
]
