[
  {
    "login": ["cksajil"],
    "id": [5920859],
    "node_id": ["MDQ6VXNlcjU5MjA4NTk="],
    "avatar_url": ["https://avatars0.githubusercontent.com/u/5920859?v=4"],
    "gravatar_id": [""],
    "url": ["https://api.github.com/users/cksajil"],
    "html_url": ["https://github.com/cksajil"],
    "followers_url": ["https://api.github.com/users/cksajil/followers"],
    "following_url": ["https://api.github.com/users/cksajil/following{/other_user}"],
    "gists_url": ["https://api.github.com/users/cksajil/gists{/gist_id}"],
    "starred_url": ["https://api.github.com/users/cksajil/starred{/owner}{/repo}"],
    "subscriptions_url": ["https://api.github.com/users/cksajil/subscriptions"],
    "organizations_url": ["https://api.github.com/users/cksajil/orgs"],
    "repos_url": ["https://api.github.com/users/cksajil/repos"],
    "events_url": ["https://api.github.com/users/cksajil/events{/privacy}"],
    "received_events_url": ["https://api.github.com/users/cksajil/received_events"],
    "type": ["User"],
    "site_admin": [false]
  }
]
