[
  {
    "login": ["pint1022"],
    "id": [38474508],
    "node_id": ["MDQ6VXNlcjM4NDc0NTA4"],
    "avatar_url": ["https://avatars2.githubusercontent.com/u/38474508?v=4"],
    "gravatar_id": [""],
    "url": ["https://api.github.com/users/pint1022"],
    "html_url": ["https://github.com/pint1022"],
    "followers_url": ["https://api.github.com/users/pint1022/followers"],
    "following_url": ["https://api.github.com/users/pint1022/following{/other_user}"],
    "gists_url": ["https://api.github.com/users/pint1022/gists{/gist_id}"],
    "starred_url": ["https://api.github.com/users/pint1022/starred{/owner}{/repo}"],
    "subscriptions_url": ["https://api.github.com/users/pint1022/subscriptions"],
    "organizations_url": ["https://api.github.com/users/pint1022/orgs"],
    "repos_url": ["https://api.github.com/users/pint1022/repos"],
    "events_url": ["https://api.github.com/users/pint1022/events{/privacy}"],
    "received_events_url": ["https://api.github.com/users/pint1022/received_events"],
    "type": ["User"],
    "site_admin": [false]
  }
]
