[
  {
    "login": ["jackzhangsir"],
    "id": [7485509],
    "node_id": ["MDQ6VXNlcjc0ODU1MDk="],
    "avatar_url": ["https://avatars0.githubusercontent.com/u/7485509?v=4"],
    "gravatar_id": [""],
    "url": ["https://api.github.com/users/jackzhangsir"],
    "html_url": ["https://github.com/jackzhangsir"],
    "followers_url": ["https://api.github.com/users/jackzhangsir/followers"],
    "following_url": ["https://api.github.com/users/jackzhangsir/following{/other_user}"],
    "gists_url": ["https://api.github.com/users/jackzhangsir/gists{/gist_id}"],
    "starred_url": ["https://api.github.com/users/jackzhangsir/starred{/owner}{/repo}"],
    "subscriptions_url": ["https://api.github.com/users/jackzhangsir/subscriptions"],
    "organizations_url": ["https://api.github.com/users/jackzhangsir/orgs"],
    "repos_url": ["https://api.github.com/users/jackzhangsir/repos"],
    "events_url": ["https://api.github.com/users/jackzhangsir/events{/privacy}"],
    "received_events_url": ["https://api.github.com/users/jackzhangsir/received_events"],
    "type": ["User"],
    "site_admin": [false]
  }
]
