[
  {
    "login": ["taurtk"],
    "id": [36895499],
    "node_id": ["MDQ6VXNlcjM2ODk1NDk5"],
    "avatar_url": ["https://avatars2.githubusercontent.com/u/36895499?v=4"],
    "gravatar_id": [""],
    "url": ["https://api.github.com/users/taurtk"],
    "html_url": ["https://github.com/taurtk"],
    "followers_url": ["https://api.github.com/users/taurtk/followers"],
    "following_url": ["https://api.github.com/users/taurtk/following{/other_user}"],
    "gists_url": ["https://api.github.com/users/taurtk/gists{/gist_id}"],
    "starred_url": ["https://api.github.com/users/taurtk/starred{/owner}{/repo}"],
    "subscriptions_url": ["https://api.github.com/users/taurtk/subscriptions"],
    "organizations_url": ["https://api.github.com/users/taurtk/orgs"],
    "repos_url": ["https://api.github.com/users/taurtk/repos"],
    "events_url": ["https://api.github.com/users/taurtk/events{/privacy}"],
    "received_events_url": ["https://api.github.com/users/taurtk/received_events"],
    "type": ["User"],
    "site_admin": [false]
  }
]
