[
  {
    "login": ["yan9yu"],
    "id": [2553211],
    "node_id": ["MDQ6VXNlcjI1NTMyMTE="],
    "avatar_url": ["https://avatars2.githubusercontent.com/u/2553211?v=4"],
    "gravatar_id": [""],
    "url": ["https://api.github.com/users/yan9yu"],
    "html_url": ["https://github.com/yan9yu"],
    "followers_url": ["https://api.github.com/users/yan9yu/followers"],
    "following_url": ["https://api.github.com/users/yan9yu/following{/other_user}"],
    "gists_url": ["https://api.github.com/users/yan9yu/gists{/gist_id}"],
    "starred_url": ["https://api.github.com/users/yan9yu/starred{/owner}{/repo}"],
    "subscriptions_url": ["https://api.github.com/users/yan9yu/subscriptions"],
    "organizations_url": ["https://api.github.com/users/yan9yu/orgs"],
    "repos_url": ["https://api.github.com/users/yan9yu/repos"],
    "events_url": ["https://api.github.com/users/yan9yu/events{/privacy}"],
    "received_events_url": ["https://api.github.com/users/yan9yu/received_events"],
    "type": ["User"],
    "site_admin": [false]
  }
]
