[
  {
    "login": ["shashank3959"],
    "id": [20920371],
    "node_id": ["MDQ6VXNlcjIwOTIwMzcx"],
    "avatar_url": ["https://avatars2.githubusercontent.com/u/20920371?v=4"],
    "gravatar_id": [""],
    "url": ["https://api.github.com/users/shashank3959"],
    "html_url": ["https://github.com/shashank3959"],
    "followers_url": ["https://api.github.com/users/shashank3959/followers"],
    "following_url": ["https://api.github.com/users/shashank3959/following{/other_user}"],
    "gists_url": ["https://api.github.com/users/shashank3959/gists{/gist_id}"],
    "starred_url": ["https://api.github.com/users/shashank3959/starred{/owner}{/repo}"],
    "subscriptions_url": ["https://api.github.com/users/shashank3959/subscriptions"],
    "organizations_url": ["https://api.github.com/users/shashank3959/orgs"],
    "repos_url": ["https://api.github.com/users/shashank3959/repos"],
    "events_url": ["https://api.github.com/users/shashank3959/events{/privacy}"],
    "received_events_url": ["https://api.github.com/users/shashank3959/received_events"],
    "type": ["User"],
    "site_admin": [false]
  }
]
