[
  {
    "login": ["antwsw"],
    "id": [4414351],
    "node_id": ["MDQ6VXNlcjQ0MTQzNTE="],
    "avatar_url": ["https://avatars0.githubusercontent.com/u/4414351?v=4"],
    "gravatar_id": [""],
    "url": ["https://api.github.com/users/antwsw"],
    "html_url": ["https://github.com/antwsw"],
    "followers_url": ["https://api.github.com/users/antwsw/followers"],
    "following_url": ["https://api.github.com/users/antwsw/following{/other_user}"],
    "gists_url": ["https://api.github.com/users/antwsw/gists{/gist_id}"],
    "starred_url": ["https://api.github.com/users/antwsw/starred{/owner}{/repo}"],
    "subscriptions_url": ["https://api.github.com/users/antwsw/subscriptions"],
    "organizations_url": ["https://api.github.com/users/antwsw/orgs"],
    "repos_url": ["https://api.github.com/users/antwsw/repos"],
    "events_url": ["https://api.github.com/users/antwsw/events{/privacy}"],
    "received_events_url": ["https://api.github.com/users/antwsw/received_events"],
    "type": ["User"],
    "site_admin": [false]
  }
]
