[
  {
    "login": ["baifengbai"],
    "id": [17536662],
    "node_id": ["MDQ6VXNlcjE3NTM2NjYy"],
    "avatar_url": ["https://avatars1.githubusercontent.com/u/17536662?v=4"],
    "gravatar_id": [""],
    "url": ["https://api.github.com/users/baifengbai"],
    "html_url": ["https://github.com/baifengbai"],
    "followers_url": ["https://api.github.com/users/baifengbai/followers"],
    "following_url": ["https://api.github.com/users/baifengbai/following{/other_user}"],
    "gists_url": ["https://api.github.com/users/baifengbai/gists{/gist_id}"],
    "starred_url": ["https://api.github.com/users/baifengbai/starred{/owner}{/repo}"],
    "subscriptions_url": ["https://api.github.com/users/baifengbai/subscriptions"],
    "organizations_url": ["https://api.github.com/users/baifengbai/orgs"],
    "repos_url": ["https://api.github.com/users/baifengbai/repos"],
    "events_url": ["https://api.github.com/users/baifengbai/events{/privacy}"],
    "received_events_url": ["https://api.github.com/users/baifengbai/received_events"],
    "type": ["User"],
    "site_admin": [false]
  }
]
