[
  {
    "login": ["oz0s1me"],
    "id": [44761042],
    "node_id": ["MDQ6VXNlcjQ0NzYxMDQy"],
    "avatar_url": ["https://avatars2.githubusercontent.com/u/44761042?v=4"],
    "gravatar_id": [""],
    "url": ["https://api.github.com/users/oz0s1me"],
    "html_url": ["https://github.com/oz0s1me"],
    "followers_url": ["https://api.github.com/users/oz0s1me/followers"],
    "following_url": ["https://api.github.com/users/oz0s1me/following{/other_user}"],
    "gists_url": ["https://api.github.com/users/oz0s1me/gists{/gist_id}"],
    "starred_url": ["https://api.github.com/users/oz0s1me/starred{/owner}{/repo}"],
    "subscriptions_url": ["https://api.github.com/users/oz0s1me/subscriptions"],
    "organizations_url": ["https://api.github.com/users/oz0s1me/orgs"],
    "repos_url": ["https://api.github.com/users/oz0s1me/repos"],
    "events_url": ["https://api.github.com/users/oz0s1me/events{/privacy}"],
    "received_events_url": ["https://api.github.com/users/oz0s1me/received_events"],
    "type": ["User"],
    "site_admin": [false]
  }
]
