[
  {
    "login": ["xiangsongtao"],
    "id": [15180992],
    "node_id": ["MDQ6VXNlcjE1MTgwOTky"],
    "avatar_url": ["https://avatars0.githubusercontent.com/u/15180992?v=4"],
    "gravatar_id": [""],
    "url": ["https://api.github.com/users/xiangsongtao"],
    "html_url": ["https://github.com/xiangsongtao"],
    "followers_url": ["https://api.github.com/users/xiangsongtao/followers"],
    "following_url": ["https://api.github.com/users/xiangsongtao/following{/other_user}"],
    "gists_url": ["https://api.github.com/users/xiangsongtao/gists{/gist_id}"],
    "starred_url": ["https://api.github.com/users/xiangsongtao/starred{/owner}{/repo}"],
    "subscriptions_url": ["https://api.github.com/users/xiangsongtao/subscriptions"],
    "organizations_url": ["https://api.github.com/users/xiangsongtao/orgs"],
    "repos_url": ["https://api.github.com/users/xiangsongtao/repos"],
    "events_url": ["https://api.github.com/users/xiangsongtao/events{/privacy}"],
    "received_events_url": ["https://api.github.com/users/xiangsongtao/received_events"],
    "type": ["User"],
    "site_admin": [false]
  }
]
