[
  {
    "login": ["zhwei820"],
    "id": [4001744],
    "node_id": ["MDQ6VXNlcjQwMDE3NDQ="],
    "avatar_url": ["https://avatars3.githubusercontent.com/u/4001744?v=4"],
    "gravatar_id": [""],
    "url": ["https://api.github.com/users/zhwei820"],
    "html_url": ["https://github.com/zhwei820"],
    "followers_url": ["https://api.github.com/users/zhwei820/followers"],
    "following_url": ["https://api.github.com/users/zhwei820/following{/other_user}"],
    "gists_url": ["https://api.github.com/users/zhwei820/gists{/gist_id}"],
    "starred_url": ["https://api.github.com/users/zhwei820/starred{/owner}{/repo}"],
    "subscriptions_url": ["https://api.github.com/users/zhwei820/subscriptions"],
    "organizations_url": ["https://api.github.com/users/zhwei820/orgs"],
    "repos_url": ["https://api.github.com/users/zhwei820/repos"],
    "events_url": ["https://api.github.com/users/zhwei820/events{/privacy}"],
    "received_events_url": ["https://api.github.com/users/zhwei820/received_events"],
    "type": ["User"],
    "site_admin": [false]
  }
]
