[
  {
    "login": ["Julien-Yacine"],
    "id": [6603323],
    "node_id": ["MDQ6VXNlcjY2MDMzMjM="],
    "avatar_url": ["https://avatars2.githubusercontent.com/u/6603323?v=4"],
    "gravatar_id": [""],
    "url": ["https://api.github.com/users/Julien-Yacine"],
    "html_url": ["https://github.com/Julien-Yacine"],
    "followers_url": ["https://api.github.com/users/Julien-Yacine/followers"],
    "following_url": ["https://api.github.com/users/Julien-Yacine/following{/other_user}"],
    "gists_url": ["https://api.github.com/users/Julien-Yacine/gists{/gist_id}"],
    "starred_url": ["https://api.github.com/users/Julien-Yacine/starred{/owner}{/repo}"],
    "subscriptions_url": ["https://api.github.com/users/Julien-Yacine/subscriptions"],
    "organizations_url": ["https://api.github.com/users/Julien-Yacine/orgs"],
    "repos_url": ["https://api.github.com/users/Julien-Yacine/repos"],
    "events_url": ["https://api.github.com/users/Julien-Yacine/events{/privacy}"],
    "received_events_url": ["https://api.github.com/users/Julien-Yacine/received_events"],
    "type": ["User"],
    "site_admin": [false]
  }
]
