[
  {
    "login": ["Albertsr"],
    "id": [19996547],
    "node_id": ["MDQ6VXNlcjE5OTk2NTQ3"],
    "avatar_url": ["https://avatars1.githubusercontent.com/u/19996547?v=4"],
    "gravatar_id": [""],
    "url": ["https://api.github.com/users/Albertsr"],
    "html_url": ["https://github.com/Albertsr"],
    "followers_url": ["https://api.github.com/users/Albertsr/followers"],
    "following_url": ["https://api.github.com/users/Albertsr/following{/other_user}"],
    "gists_url": ["https://api.github.com/users/Albertsr/gists{/gist_id}"],
    "starred_url": ["https://api.github.com/users/Albertsr/starred{/owner}{/repo}"],
    "subscriptions_url": ["https://api.github.com/users/Albertsr/subscriptions"],
    "organizations_url": ["https://api.github.com/users/Albertsr/orgs"],
    "repos_url": ["https://api.github.com/users/Albertsr/repos"],
    "events_url": ["https://api.github.com/users/Albertsr/events{/privacy}"],
    "received_events_url": ["https://api.github.com/users/Albertsr/received_events"],
    "type": ["User"],
    "site_admin": [false]
  }
]
