[
  {
    "login": ["ajoeajoe"],
    "id": [11608953],
    "node_id": ["MDQ6VXNlcjExNjA4OTUz"],
    "avatar_url": ["https://avatars1.githubusercontent.com/u/11608953?v=4"],
    "gravatar_id": [""],
    "url": ["https://api.github.com/users/ajoeajoe"],
    "html_url": ["https://github.com/ajoeajoe"],
    "followers_url": ["https://api.github.com/users/ajoeajoe/followers"],
    "following_url": ["https://api.github.com/users/ajoeajoe/following{/other_user}"],
    "gists_url": ["https://api.github.com/users/ajoeajoe/gists{/gist_id}"],
    "starred_url": ["https://api.github.com/users/ajoeajoe/starred{/owner}{/repo}"],
    "subscriptions_url": ["https://api.github.com/users/ajoeajoe/subscriptions"],
    "organizations_url": ["https://api.github.com/users/ajoeajoe/orgs"],
    "repos_url": ["https://api.github.com/users/ajoeajoe/repos"],
    "events_url": ["https://api.github.com/users/ajoeajoe/events{/privacy}"],
    "received_events_url": ["https://api.github.com/users/ajoeajoe/received_events"],
    "type": ["User"],
    "site_admin": [false]
  }
]
