[
  {
    "login": ["Skyba"],
    "id": [9144086],
    "node_id": ["MDQ6VXNlcjkxNDQwODY="],
    "avatar_url": ["https://avatars3.githubusercontent.com/u/9144086?v=4"],
    "gravatar_id": [""],
    "url": ["https://api.github.com/users/Skyba"],
    "html_url": ["https://github.com/Skyba"],
    "followers_url": ["https://api.github.com/users/Skyba/followers"],
    "following_url": ["https://api.github.com/users/Skyba/following{/other_user}"],
    "gists_url": ["https://api.github.com/users/Skyba/gists{/gist_id}"],
    "starred_url": ["https://api.github.com/users/Skyba/starred{/owner}{/repo}"],
    "subscriptions_url": ["https://api.github.com/users/Skyba/subscriptions"],
    "organizations_url": ["https://api.github.com/users/Skyba/orgs"],
    "repos_url": ["https://api.github.com/users/Skyba/repos"],
    "events_url": ["https://api.github.com/users/Skyba/events{/privacy}"],
    "received_events_url": ["https://api.github.com/users/Skyba/received_events"],
    "type": ["User"],
    "site_admin": [false]
  }
]
