[
  {
    "login": ["bfatihbal"],
    "id": [33779391],
    "node_id": ["MDQ6VXNlcjMzNzc5Mzkx"],
    "avatar_url": ["https://avatars3.githubusercontent.com/u/33779391?v=4"],
    "gravatar_id": [""],
    "url": ["https://api.github.com/users/bfatihbal"],
    "html_url": ["https://github.com/bfatihbal"],
    "followers_url": ["https://api.github.com/users/bfatihbal/followers"],
    "following_url": ["https://api.github.com/users/bfatihbal/following{/other_user}"],
    "gists_url": ["https://api.github.com/users/bfatihbal/gists{/gist_id}"],
    "starred_url": ["https://api.github.com/users/bfatihbal/starred{/owner}{/repo}"],
    "subscriptions_url": ["https://api.github.com/users/bfatihbal/subscriptions"],
    "organizations_url": ["https://api.github.com/users/bfatihbal/orgs"],
    "repos_url": ["https://api.github.com/users/bfatihbal/repos"],
    "events_url": ["https://api.github.com/users/bfatihbal/events{/privacy}"],
    "received_events_url": ["https://api.github.com/users/bfatihbal/received_events"],
    "type": ["User"],
    "site_admin": [false]
  }
]
