[
  {
    "login": ["pygyme"],
    "id": [30024337],
    "node_id": ["MDQ6VXNlcjMwMDI0MzM3"],
    "avatar_url": ["https://avatars3.githubusercontent.com/u/30024337?v=4"],
    "gravatar_id": [""],
    "url": ["https://api.github.com/users/pygyme"],
    "html_url": ["https://github.com/pygyme"],
    "followers_url": ["https://api.github.com/users/pygyme/followers"],
    "following_url": ["https://api.github.com/users/pygyme/following{/other_user}"],
    "gists_url": ["https://api.github.com/users/pygyme/gists{/gist_id}"],
    "starred_url": ["https://api.github.com/users/pygyme/starred{/owner}{/repo}"],
    "subscriptions_url": ["https://api.github.com/users/pygyme/subscriptions"],
    "organizations_url": ["https://api.github.com/users/pygyme/orgs"],
    "repos_url": ["https://api.github.com/users/pygyme/repos"],
    "events_url": ["https://api.github.com/users/pygyme/events{/privacy}"],
    "received_events_url": ["https://api.github.com/users/pygyme/received_events"],
    "type": ["User"],
    "site_admin": [false]
  }
]
