[
  {
    "login": ["Dokerooo"],
    "id": [44375154],
    "node_id": ["MDQ6VXNlcjQ0Mzc1MTU0"],
    "avatar_url": ["https://avatars0.githubusercontent.com/u/44375154?v=4"],
    "gravatar_id": [""],
    "url": ["https://api.github.com/users/Dokerooo"],
    "html_url": ["https://github.com/Dokerooo"],
    "followers_url": ["https://api.github.com/users/Dokerooo/followers"],
    "following_url": ["https://api.github.com/users/Dokerooo/following{/other_user}"],
    "gists_url": ["https://api.github.com/users/Dokerooo/gists{/gist_id}"],
    "starred_url": ["https://api.github.com/users/Dokerooo/starred{/owner}{/repo}"],
    "subscriptions_url": ["https://api.github.com/users/Dokerooo/subscriptions"],
    "organizations_url": ["https://api.github.com/users/Dokerooo/orgs"],
    "repos_url": ["https://api.github.com/users/Dokerooo/repos"],
    "events_url": ["https://api.github.com/users/Dokerooo/events{/privacy}"],
    "received_events_url": ["https://api.github.com/users/Dokerooo/received_events"],
    "type": ["User"],
    "site_admin": [false]
  }
]
