[
  {
    "login": ["enduringstack"],
    "id": [25880133],
    "node_id": ["MDQ6VXNlcjI1ODgwMTMz"],
    "avatar_url": ["https://avatars3.githubusercontent.com/u/25880133?v=4"],
    "gravatar_id": [""],
    "url": ["https://api.github.com/users/enduringstack"],
    "html_url": ["https://github.com/enduringstack"],
    "followers_url": ["https://api.github.com/users/enduringstack/followers"],
    "following_url": ["https://api.github.com/users/enduringstack/following{/other_user}"],
    "gists_url": ["https://api.github.com/users/enduringstack/gists{/gist_id}"],
    "starred_url": ["https://api.github.com/users/enduringstack/starred{/owner}{/repo}"],
    "subscriptions_url": ["https://api.github.com/users/enduringstack/subscriptions"],
    "organizations_url": ["https://api.github.com/users/enduringstack/orgs"],
    "repos_url": ["https://api.github.com/users/enduringstack/repos"],
    "events_url": ["https://api.github.com/users/enduringstack/events{/privacy}"],
    "received_events_url": ["https://api.github.com/users/enduringstack/received_events"],
    "type": ["User"],
    "site_admin": [false]
  }
]
