[
  {
    "login": ["CoderXingZhang"],
    "id": [8625571],
    "node_id": ["MDQ6VXNlcjg2MjU1NzE="],
    "avatar_url": ["https://avatars0.githubusercontent.com/u/8625571?v=4"],
    "gravatar_id": [""],
    "url": ["https://api.github.com/users/CoderXingZhang"],
    "html_url": ["https://github.com/CoderXingZhang"],
    "followers_url": ["https://api.github.com/users/CoderXingZhang/followers"],
    "following_url": ["https://api.github.com/users/CoderXingZhang/following{/other_user}"],
    "gists_url": ["https://api.github.com/users/CoderXingZhang/gists{/gist_id}"],
    "starred_url": ["https://api.github.com/users/CoderXingZhang/starred{/owner}{/repo}"],
    "subscriptions_url": ["https://api.github.com/users/CoderXingZhang/subscriptions"],
    "organizations_url": ["https://api.github.com/users/CoderXingZhang/orgs"],
    "repos_url": ["https://api.github.com/users/CoderXingZhang/repos"],
    "events_url": ["https://api.github.com/users/CoderXingZhang/events{/privacy}"],
    "received_events_url": ["https://api.github.com/users/CoderXingZhang/received_events"],
    "type": ["User"],
    "site_admin": [false]
  }
]
