[
  {
    "login": ["jdlzy"],
    "id": [24602176],
    "node_id": ["MDQ6VXNlcjI0NjAyMTc2"],
    "avatar_url": ["https://avatars3.githubusercontent.com/u/24602176?v=4"],
    "gravatar_id": [""],
    "url": ["https://api.github.com/users/jdlzy"],
    "html_url": ["https://github.com/jdlzy"],
    "followers_url": ["https://api.github.com/users/jdlzy/followers"],
    "following_url": ["https://api.github.com/users/jdlzy/following{/other_user}"],
    "gists_url": ["https://api.github.com/users/jdlzy/gists{/gist_id}"],
    "starred_url": ["https://api.github.com/users/jdlzy/starred{/owner}{/repo}"],
    "subscriptions_url": ["https://api.github.com/users/jdlzy/subscriptions"],
    "organizations_url": ["https://api.github.com/users/jdlzy/orgs"],
    "repos_url": ["https://api.github.com/users/jdlzy/repos"],
    "events_url": ["https://api.github.com/users/jdlzy/events{/privacy}"],
    "received_events_url": ["https://api.github.com/users/jdlzy/received_events"],
    "type": ["User"],
    "site_admin": [false]
  }
]
