[
  {
    "login": ["ybai62868"],
    "id": [17467736],
    "node_id": ["MDQ6VXNlcjE3NDY3NzM2"],
    "avatar_url": ["https://avatars1.githubusercontent.com/u/17467736?v=4"],
    "gravatar_id": [""],
    "url": ["https://api.github.com/users/ybai62868"],
    "html_url": ["https://github.com/ybai62868"],
    "followers_url": ["https://api.github.com/users/ybai62868/followers"],
    "following_url": ["https://api.github.com/users/ybai62868/following{/other_user}"],
    "gists_url": ["https://api.github.com/users/ybai62868/gists{/gist_id}"],
    "starred_url": ["https://api.github.com/users/ybai62868/starred{/owner}{/repo}"],
    "subscriptions_url": ["https://api.github.com/users/ybai62868/subscriptions"],
    "organizations_url": ["https://api.github.com/users/ybai62868/orgs"],
    "repos_url": ["https://api.github.com/users/ybai62868/repos"],
    "events_url": ["https://api.github.com/users/ybai62868/events{/privacy}"],
    "received_events_url": ["https://api.github.com/users/ybai62868/received_events"],
    "type": ["User"],
    "site_admin": [false]
  }
]
