[
  {
    "login": ["Nada-gh"],
    "id": [32938814],
    "node_id": ["MDQ6VXNlcjMyOTM4ODE0"],
    "avatar_url": ["https://avatars1.githubusercontent.com/u/32938814?v=4"],
    "gravatar_id": [""],
    "url": ["https://api.github.com/users/Nada-gh"],
    "html_url": ["https://github.com/Nada-gh"],
    "followers_url": ["https://api.github.com/users/Nada-gh/followers"],
    "following_url": ["https://api.github.com/users/Nada-gh/following{/other_user}"],
    "gists_url": ["https://api.github.com/users/Nada-gh/gists{/gist_id}"],
    "starred_url": ["https://api.github.com/users/Nada-gh/starred{/owner}{/repo}"],
    "subscriptions_url": ["https://api.github.com/users/Nada-gh/subscriptions"],
    "organizations_url": ["https://api.github.com/users/Nada-gh/orgs"],
    "repos_url": ["https://api.github.com/users/Nada-gh/repos"],
    "events_url": ["https://api.github.com/users/Nada-gh/events{/privacy}"],
    "received_events_url": ["https://api.github.com/users/Nada-gh/received_events"],
    "type": ["User"],
    "site_admin": [false]
  }
]
