[
  {
    "login": ["OmarMerghany"],
    "id": [13571281],
    "node_id": ["MDQ6VXNlcjEzNTcxMjgx"],
    "avatar_url": ["https://avatars1.githubusercontent.com/u/13571281?v=4"],
    "gravatar_id": [""],
    "url": ["https://api.github.com/users/OmarMerghany"],
    "html_url": ["https://github.com/OmarMerghany"],
    "followers_url": ["https://api.github.com/users/OmarMerghany/followers"],
    "following_url": ["https://api.github.com/users/OmarMerghany/following{/other_user}"],
    "gists_url": ["https://api.github.com/users/OmarMerghany/gists{/gist_id}"],
    "starred_url": ["https://api.github.com/users/OmarMerghany/starred{/owner}{/repo}"],
    "subscriptions_url": ["https://api.github.com/users/OmarMerghany/subscriptions"],
    "organizations_url": ["https://api.github.com/users/OmarMerghany/orgs"],
    "repos_url": ["https://api.github.com/users/OmarMerghany/repos"],
    "events_url": ["https://api.github.com/users/OmarMerghany/events{/privacy}"],
    "received_events_url": ["https://api.github.com/users/OmarMerghany/received_events"],
    "type": ["User"],
    "site_admin": [false]
  }
]
