[
  {
    "login": ["vue5456"],
    "id": [39795040],
    "node_id": ["MDQ6VXNlcjM5Nzk1MDQw"],
    "avatar_url": ["https://avatars1.githubusercontent.com/u/39795040?v=4"],
    "gravatar_id": [""],
    "url": ["https://api.github.com/users/vue5456"],
    "html_url": ["https://github.com/vue5456"],
    "followers_url": ["https://api.github.com/users/vue5456/followers"],
    "following_url": ["https://api.github.com/users/vue5456/following{/other_user}"],
    "gists_url": ["https://api.github.com/users/vue5456/gists{/gist_id}"],
    "starred_url": ["https://api.github.com/users/vue5456/starred{/owner}{/repo}"],
    "subscriptions_url": ["https://api.github.com/users/vue5456/subscriptions"],
    "organizations_url": ["https://api.github.com/users/vue5456/orgs"],
    "repos_url": ["https://api.github.com/users/vue5456/repos"],
    "events_url": ["https://api.github.com/users/vue5456/events{/privacy}"],
    "received_events_url": ["https://api.github.com/users/vue5456/received_events"],
    "type": ["User"],
    "site_admin": [false]
  }
]
