[
  {
    "login": ["ToddDehaoXu"],
    "id": [16127052],
    "node_id": ["MDQ6VXNlcjE2MTI3MDUy"],
    "avatar_url": ["https://avatars2.githubusercontent.com/u/16127052?v=4"],
    "gravatar_id": [""],
    "url": ["https://api.github.com/users/ToddDehaoXu"],
    "html_url": ["https://github.com/ToddDehaoXu"],
    "followers_url": ["https://api.github.com/users/ToddDehaoXu/followers"],
    "following_url": ["https://api.github.com/users/ToddDehaoXu/following{/other_user}"],
    "gists_url": ["https://api.github.com/users/ToddDehaoXu/gists{/gist_id}"],
    "starred_url": ["https://api.github.com/users/ToddDehaoXu/starred{/owner}{/repo}"],
    "subscriptions_url": ["https://api.github.com/users/ToddDehaoXu/subscriptions"],
    "organizations_url": ["https://api.github.com/users/ToddDehaoXu/orgs"],
    "repos_url": ["https://api.github.com/users/ToddDehaoXu/repos"],
    "events_url": ["https://api.github.com/users/ToddDehaoXu/events{/privacy}"],
    "received_events_url": ["https://api.github.com/users/ToddDehaoXu/received_events"],
    "type": ["User"],
    "site_admin": [false]
  }
]
