[
  {
    "login": ["chenqin"],
    "id": [1184534],
    "node_id": ["MDQ6VXNlcjExODQ1MzQ="],
    "avatar_url": ["https://avatars2.githubusercontent.com/u/1184534?v=4"],
    "gravatar_id": [""],
    "url": ["https://api.github.com/users/chenqin"],
    "html_url": ["https://github.com/chenqin"],
    "followers_url": ["https://api.github.com/users/chenqin/followers"],
    "following_url": ["https://api.github.com/users/chenqin/following{/other_user}"],
    "gists_url": ["https://api.github.com/users/chenqin/gists{/gist_id}"],
    "starred_url": ["https://api.github.com/users/chenqin/starred{/owner}{/repo}"],
    "subscriptions_url": ["https://api.github.com/users/chenqin/subscriptions"],
    "organizations_url": ["https://api.github.com/users/chenqin/orgs"],
    "repos_url": ["https://api.github.com/users/chenqin/repos"],
    "events_url": ["https://api.github.com/users/chenqin/events{/privacy}"],
    "received_events_url": ["https://api.github.com/users/chenqin/received_events"],
    "type": ["User"],
    "site_admin": [false]
  }
]
