[
  {
    "login": ["ti-life"],
    "id": [7599320],
    "node_id": ["MDQ6VXNlcjc1OTkzMjA="],
    "avatar_url": ["https://avatars2.githubusercontent.com/u/7599320?v=4"],
    "gravatar_id": [""],
    "url": ["https://api.github.com/users/ti-life"],
    "html_url": ["https://github.com/ti-life"],
    "followers_url": ["https://api.github.com/users/ti-life/followers"],
    "following_url": ["https://api.github.com/users/ti-life/following{/other_user}"],
    "gists_url": ["https://api.github.com/users/ti-life/gists{/gist_id}"],
    "starred_url": ["https://api.github.com/users/ti-life/starred{/owner}{/repo}"],
    "subscriptions_url": ["https://api.github.com/users/ti-life/subscriptions"],
    "organizations_url": ["https://api.github.com/users/ti-life/orgs"],
    "repos_url": ["https://api.github.com/users/ti-life/repos"],
    "events_url": ["https://api.github.com/users/ti-life/events{/privacy}"],
    "received_events_url": ["https://api.github.com/users/ti-life/received_events"],
    "type": ["User"],
    "site_admin": [false]
  }
]
