[
  {
    "login": ["randomgambit"],
    "id": [8282510],
    "node_id": ["MDQ6VXNlcjgyODI1MTA="],
    "avatar_url": ["https://avatars0.githubusercontent.com/u/8282510?v=4"],
    "gravatar_id": [""],
    "url": ["https://api.github.com/users/randomgambit"],
    "html_url": ["https://github.com/randomgambit"],
    "followers_url": ["https://api.github.com/users/randomgambit/followers"],
    "following_url": ["https://api.github.com/users/randomgambit/following{/other_user}"],
    "gists_url": ["https://api.github.com/users/randomgambit/gists{/gist_id}"],
    "starred_url": ["https://api.github.com/users/randomgambit/starred{/owner}{/repo}"],
    "subscriptions_url": ["https://api.github.com/users/randomgambit/subscriptions"],
    "organizations_url": ["https://api.github.com/users/randomgambit/orgs"],
    "repos_url": ["https://api.github.com/users/randomgambit/repos"],
    "events_url": ["https://api.github.com/users/randomgambit/events{/privacy}"],
    "received_events_url": ["https://api.github.com/users/randomgambit/received_events"],
    "type": ["User"],
    "site_admin": [false]
  }
]
