[
  {
    "login": ["rebaomi"],
    "id": [3387738],
    "node_id": ["MDQ6VXNlcjMzODc3Mzg="],
    "avatar_url": ["https://avatars1.githubusercontent.com/u/3387738?v=4"],
    "gravatar_id": [""],
    "url": ["https://api.github.com/users/rebaomi"],
    "html_url": ["https://github.com/rebaomi"],
    "followers_url": ["https://api.github.com/users/rebaomi/followers"],
    "following_url": ["https://api.github.com/users/rebaomi/following{/other_user}"],
    "gists_url": ["https://api.github.com/users/rebaomi/gists{/gist_id}"],
    "starred_url": ["https://api.github.com/users/rebaomi/starred{/owner}{/repo}"],
    "subscriptions_url": ["https://api.github.com/users/rebaomi/subscriptions"],
    "organizations_url": ["https://api.github.com/users/rebaomi/orgs"],
    "repos_url": ["https://api.github.com/users/rebaomi/repos"],
    "events_url": ["https://api.github.com/users/rebaomi/events{/privacy}"],
    "received_events_url": ["https://api.github.com/users/rebaomi/received_events"],
    "type": ["User"],
    "site_admin": [false]
  }
]
