[
  {
    "login": ["HaijunMa"],
    "id": [24872417],
    "node_id": ["MDQ6VXNlcjI0ODcyNDE3"],
    "avatar_url": ["https://avatars3.githubusercontent.com/u/24872417?v=4"],
    "gravatar_id": [""],
    "url": ["https://api.github.com/users/HaijunMa"],
    "html_url": ["https://github.com/HaijunMa"],
    "followers_url": ["https://api.github.com/users/HaijunMa/followers"],
    "following_url": ["https://api.github.com/users/HaijunMa/following{/other_user}"],
    "gists_url": ["https://api.github.com/users/HaijunMa/gists{/gist_id}"],
    "starred_url": ["https://api.github.com/users/HaijunMa/starred{/owner}{/repo}"],
    "subscriptions_url": ["https://api.github.com/users/HaijunMa/subscriptions"],
    "organizations_url": ["https://api.github.com/users/HaijunMa/orgs"],
    "repos_url": ["https://api.github.com/users/HaijunMa/repos"],
    "events_url": ["https://api.github.com/users/HaijunMa/events{/privacy}"],
    "received_events_url": ["https://api.github.com/users/HaijunMa/received_events"],
    "type": ["User"],
    "site_admin": [false]
  }
]
