[
  {
    "login": ["ShaunHeNJU"],
    "id": [16407860],
    "node_id": ["MDQ6VXNlcjE2NDA3ODYw"],
    "avatar_url": ["https://avatars1.githubusercontent.com/u/16407860?v=4"],
    "gravatar_id": [""],
    "url": ["https://api.github.com/users/ShaunHeNJU"],
    "html_url": ["https://github.com/ShaunHeNJU"],
    "followers_url": ["https://api.github.com/users/ShaunHeNJU/followers"],
    "following_url": ["https://api.github.com/users/ShaunHeNJU/following{/other_user}"],
    "gists_url": ["https://api.github.com/users/ShaunHeNJU/gists{/gist_id}"],
    "starred_url": ["https://api.github.com/users/ShaunHeNJU/starred{/owner}{/repo}"],
    "subscriptions_url": ["https://api.github.com/users/ShaunHeNJU/subscriptions"],
    "organizations_url": ["https://api.github.com/users/ShaunHeNJU/orgs"],
    "repos_url": ["https://api.github.com/users/ShaunHeNJU/repos"],
    "events_url": ["https://api.github.com/users/ShaunHeNJU/events{/privacy}"],
    "received_events_url": ["https://api.github.com/users/ShaunHeNJU/received_events"],
    "type": ["User"],
    "site_admin": [false]
  }
]
