[
  {
    "login": ["mdancho84"],
    "id": [13734662],
    "node_id": ["MDQ6VXNlcjEzNzM0NjYy"],
    "avatar_url": ["https://avatars3.githubusercontent.com/u/13734662?v=4"],
    "gravatar_id": [""],
    "url": ["https://api.github.com/users/mdancho84"],
    "html_url": ["https://github.com/mdancho84"],
    "followers_url": ["https://api.github.com/users/mdancho84/followers"],
    "following_url": ["https://api.github.com/users/mdancho84/following{/other_user}"],
    "gists_url": ["https://api.github.com/users/mdancho84/gists{/gist_id}"],
    "starred_url": ["https://api.github.com/users/mdancho84/starred{/owner}{/repo}"],
    "subscriptions_url": ["https://api.github.com/users/mdancho84/subscriptions"],
    "organizations_url": ["https://api.github.com/users/mdancho84/orgs"],
    "repos_url": ["https://api.github.com/users/mdancho84/repos"],
    "events_url": ["https://api.github.com/users/mdancho84/events{/privacy}"],
    "received_events_url": ["https://api.github.com/users/mdancho84/received_events"],
    "type": ["User"],
    "site_admin": [false]
  }
]
