[
  {
    "login": ["xnkl640"],
    "id": [19554378],
    "node_id": ["MDQ6VXNlcjE5NTU0Mzc4"],
    "avatar_url": ["https://avatars3.githubusercontent.com/u/19554378?v=4"],
    "gravatar_id": [""],
    "url": ["https://api.github.com/users/xnkl640"],
    "html_url": ["https://github.com/xnkl640"],
    "followers_url": ["https://api.github.com/users/xnkl640/followers"],
    "following_url": ["https://api.github.com/users/xnkl640/following{/other_user}"],
    "gists_url": ["https://api.github.com/users/xnkl640/gists{/gist_id}"],
    "starred_url": ["https://api.github.com/users/xnkl640/starred{/owner}{/repo}"],
    "subscriptions_url": ["https://api.github.com/users/xnkl640/subscriptions"],
    "organizations_url": ["https://api.github.com/users/xnkl640/orgs"],
    "repos_url": ["https://api.github.com/users/xnkl640/repos"],
    "events_url": ["https://api.github.com/users/xnkl640/events{/privacy}"],
    "received_events_url": ["https://api.github.com/users/xnkl640/received_events"],
    "type": ["User"],
    "site_admin": [false]
  }
]
