[
  {
    "login": ["jinde1573"],
    "id": [33241198],
    "node_id": ["MDQ6VXNlcjMzMjQxMTk4"],
    "avatar_url": ["https://avatars3.githubusercontent.com/u/33241198?v=4"],
    "gravatar_id": [""],
    "url": ["https://api.github.com/users/jinde1573"],
    "html_url": ["https://github.com/jinde1573"],
    "followers_url": ["https://api.github.com/users/jinde1573/followers"],
    "following_url": ["https://api.github.com/users/jinde1573/following{/other_user}"],
    "gists_url": ["https://api.github.com/users/jinde1573/gists{/gist_id}"],
    "starred_url": ["https://api.github.com/users/jinde1573/starred{/owner}{/repo}"],
    "subscriptions_url": ["https://api.github.com/users/jinde1573/subscriptions"],
    "organizations_url": ["https://api.github.com/users/jinde1573/orgs"],
    "repos_url": ["https://api.github.com/users/jinde1573/repos"],
    "events_url": ["https://api.github.com/users/jinde1573/events{/privacy}"],
    "received_events_url": ["https://api.github.com/users/jinde1573/received_events"],
    "type": ["User"],
    "site_admin": [false]
  }
]
