[
  {
    "login": ["Armour-warrior"],
    "id": [37586324],
    "node_id": ["MDQ6VXNlcjM3NTg2MzI0"],
    "avatar_url": ["https://avatars2.githubusercontent.com/u/37586324?v=4"],
    "gravatar_id": [""],
    "url": ["https://api.github.com/users/Armour-warrior"],
    "html_url": ["https://github.com/Armour-warrior"],
    "followers_url": ["https://api.github.com/users/Armour-warrior/followers"],
    "following_url": ["https://api.github.com/users/Armour-warrior/following{/other_user}"],
    "gists_url": ["https://api.github.com/users/Armour-warrior/gists{/gist_id}"],
    "starred_url": ["https://api.github.com/users/Armour-warrior/starred{/owner}{/repo}"],
    "subscriptions_url": ["https://api.github.com/users/Armour-warrior/subscriptions"],
    "organizations_url": ["https://api.github.com/users/Armour-warrior/orgs"],
    "repos_url": ["https://api.github.com/users/Armour-warrior/repos"],
    "events_url": ["https://api.github.com/users/Armour-warrior/events{/privacy}"],
    "received_events_url": ["https://api.github.com/users/Armour-warrior/received_events"],
    "type": ["User"],
    "site_admin": [false]
  }
]
