[
  {
    "login": ["bifeng"],
    "id": [8215563],
    "node_id": ["MDQ6VXNlcjgyMTU1NjM="],
    "avatar_url": ["https://avatars2.githubusercontent.com/u/8215563?v=4"],
    "gravatar_id": [""],
    "url": ["https://api.github.com/users/bifeng"],
    "html_url": ["https://github.com/bifeng"],
    "followers_url": ["https://api.github.com/users/bifeng/followers"],
    "following_url": ["https://api.github.com/users/bifeng/following{/other_user}"],
    "gists_url": ["https://api.github.com/users/bifeng/gists{/gist_id}"],
    "starred_url": ["https://api.github.com/users/bifeng/starred{/owner}{/repo}"],
    "subscriptions_url": ["https://api.github.com/users/bifeng/subscriptions"],
    "organizations_url": ["https://api.github.com/users/bifeng/orgs"],
    "repos_url": ["https://api.github.com/users/bifeng/repos"],
    "events_url": ["https://api.github.com/users/bifeng/events{/privacy}"],
    "received_events_url": ["https://api.github.com/users/bifeng/received_events"],
    "type": ["User"],
    "site_admin": [false]
  }
]
