[
  {
    "login": ["Oceania2018"],
    "id": [1705364],
    "node_id": ["MDQ6VXNlcjE3MDUzNjQ="],
    "avatar_url": ["https://avatars2.githubusercontent.com/u/1705364?v=4"],
    "gravatar_id": [""],
    "url": ["https://api.github.com/users/Oceania2018"],
    "html_url": ["https://github.com/Oceania2018"],
    "followers_url": ["https://api.github.com/users/Oceania2018/followers"],
    "following_url": ["https://api.github.com/users/Oceania2018/following{/other_user}"],
    "gists_url": ["https://api.github.com/users/Oceania2018/gists{/gist_id}"],
    "starred_url": ["https://api.github.com/users/Oceania2018/starred{/owner}{/repo}"],
    "subscriptions_url": ["https://api.github.com/users/Oceania2018/subscriptions"],
    "organizations_url": ["https://api.github.com/users/Oceania2018/orgs"],
    "repos_url": ["https://api.github.com/users/Oceania2018/repos"],
    "events_url": ["https://api.github.com/users/Oceania2018/events{/privacy}"],
    "received_events_url": ["https://api.github.com/users/Oceania2018/received_events"],
    "type": ["User"],
    "site_admin": [false]
  }
]
