[
  {
    "login": ["lvchen727"],
    "id": [8128872],
    "node_id": ["MDQ6VXNlcjgxMjg4NzI="],
    "avatar_url": ["https://avatars0.githubusercontent.com/u/8128872?v=4"],
    "gravatar_id": [""],
    "url": ["https://api.github.com/users/lvchen727"],
    "html_url": ["https://github.com/lvchen727"],
    "followers_url": ["https://api.github.com/users/lvchen727/followers"],
    "following_url": ["https://api.github.com/users/lvchen727/following{/other_user}"],
    "gists_url": ["https://api.github.com/users/lvchen727/gists{/gist_id}"],
    "starred_url": ["https://api.github.com/users/lvchen727/starred{/owner}{/repo}"],
    "subscriptions_url": ["https://api.github.com/users/lvchen727/subscriptions"],
    "organizations_url": ["https://api.github.com/users/lvchen727/orgs"],
    "repos_url": ["https://api.github.com/users/lvchen727/repos"],
    "events_url": ["https://api.github.com/users/lvchen727/events{/privacy}"],
    "received_events_url": ["https://api.github.com/users/lvchen727/received_events"],
    "type": ["User"],
    "site_admin": [false]
  }
]
