[
  {
    "login": ["datanerdie"],
    "id": [7207924],
    "node_id": ["MDQ6VXNlcjcyMDc5MjQ="],
    "avatar_url": ["https://avatars0.githubusercontent.com/u/7207924?v=4"],
    "gravatar_id": [""],
    "url": ["https://api.github.com/users/datanerdie"],
    "html_url": ["https://github.com/datanerdie"],
    "followers_url": ["https://api.github.com/users/datanerdie/followers"],
    "following_url": ["https://api.github.com/users/datanerdie/following{/other_user}"],
    "gists_url": ["https://api.github.com/users/datanerdie/gists{/gist_id}"],
    "starred_url": ["https://api.github.com/users/datanerdie/starred{/owner}{/repo}"],
    "subscriptions_url": ["https://api.github.com/users/datanerdie/subscriptions"],
    "organizations_url": ["https://api.github.com/users/datanerdie/orgs"],
    "repos_url": ["https://api.github.com/users/datanerdie/repos"],
    "events_url": ["https://api.github.com/users/datanerdie/events{/privacy}"],
    "received_events_url": ["https://api.github.com/users/datanerdie/received_events"],
    "type": ["User"],
    "site_admin": [false]
  }
]
