[
  {
    "login": ["ljdang"],
    "id": [21071150],
    "node_id": ["MDQ6VXNlcjIxMDcxMTUw"],
    "avatar_url": ["https://avatars3.githubusercontent.com/u/21071150?v=4"],
    "gravatar_id": [""],
    "url": ["https://api.github.com/users/ljdang"],
    "html_url": ["https://github.com/ljdang"],
    "followers_url": ["https://api.github.com/users/ljdang/followers"],
    "following_url": ["https://api.github.com/users/ljdang/following{/other_user}"],
    "gists_url": ["https://api.github.com/users/ljdang/gists{/gist_id}"],
    "starred_url": ["https://api.github.com/users/ljdang/starred{/owner}{/repo}"],
    "subscriptions_url": ["https://api.github.com/users/ljdang/subscriptions"],
    "organizations_url": ["https://api.github.com/users/ljdang/orgs"],
    "repos_url": ["https://api.github.com/users/ljdang/repos"],
    "events_url": ["https://api.github.com/users/ljdang/events{/privacy}"],
    "received_events_url": ["https://api.github.com/users/ljdang/received_events"],
    "type": ["User"],
    "site_admin": [false]
  }
]
