[
  {
    "login": ["iterateself"],
    "id": [40981861],
    "node_id": ["MDQ6VXNlcjQwOTgxODYx"],
    "avatar_url": ["https://avatars1.githubusercontent.com/u/40981861?v=4"],
    "gravatar_id": [""],
    "url": ["https://api.github.com/users/iterateself"],
    "html_url": ["https://github.com/iterateself"],
    "followers_url": ["https://api.github.com/users/iterateself/followers"],
    "following_url": ["https://api.github.com/users/iterateself/following{/other_user}"],
    "gists_url": ["https://api.github.com/users/iterateself/gists{/gist_id}"],
    "starred_url": ["https://api.github.com/users/iterateself/starred{/owner}{/repo}"],
    "subscriptions_url": ["https://api.github.com/users/iterateself/subscriptions"],
    "organizations_url": ["https://api.github.com/users/iterateself/orgs"],
    "repos_url": ["https://api.github.com/users/iterateself/repos"],
    "events_url": ["https://api.github.com/users/iterateself/events{/privacy}"],
    "received_events_url": ["https://api.github.com/users/iterateself/received_events"],
    "type": ["User"],
    "site_admin": [false]
  }
]
