[
  {
    "login": ["CheukNgai"],
    "id": [14886554],
    "node_id": ["MDQ6VXNlcjE0ODg2NTU0"],
    "avatar_url": ["https://avatars2.githubusercontent.com/u/14886554?v=4"],
    "gravatar_id": [""],
    "url": ["https://api.github.com/users/CheukNgai"],
    "html_url": ["https://github.com/CheukNgai"],
    "followers_url": ["https://api.github.com/users/CheukNgai/followers"],
    "following_url": ["https://api.github.com/users/CheukNgai/following{/other_user}"],
    "gists_url": ["https://api.github.com/users/CheukNgai/gists{/gist_id}"],
    "starred_url": ["https://api.github.com/users/CheukNgai/starred{/owner}{/repo}"],
    "subscriptions_url": ["https://api.github.com/users/CheukNgai/subscriptions"],
    "organizations_url": ["https://api.github.com/users/CheukNgai/orgs"],
    "repos_url": ["https://api.github.com/users/CheukNgai/repos"],
    "events_url": ["https://api.github.com/users/CheukNgai/events{/privacy}"],
    "received_events_url": ["https://api.github.com/users/CheukNgai/received_events"],
    "type": ["User"],
    "site_admin": [false]
  }
]
