[
  {
    "login": ["kasapu"],
    "id": [26332107],
    "node_id": ["MDQ6VXNlcjI2MzMyMTA3"],
    "avatar_url": ["https://avatars3.githubusercontent.com/u/26332107?v=4"],
    "gravatar_id": [""],
    "url": ["https://api.github.com/users/kasapu"],
    "html_url": ["https://github.com/kasapu"],
    "followers_url": ["https://api.github.com/users/kasapu/followers"],
    "following_url": ["https://api.github.com/users/kasapu/following{/other_user}"],
    "gists_url": ["https://api.github.com/users/kasapu/gists{/gist_id}"],
    "starred_url": ["https://api.github.com/users/kasapu/starred{/owner}{/repo}"],
    "subscriptions_url": ["https://api.github.com/users/kasapu/subscriptions"],
    "organizations_url": ["https://api.github.com/users/kasapu/orgs"],
    "repos_url": ["https://api.github.com/users/kasapu/repos"],
    "events_url": ["https://api.github.com/users/kasapu/events{/privacy}"],
    "received_events_url": ["https://api.github.com/users/kasapu/received_events"],
    "type": ["User"],
    "site_admin": [false]
  }
]
