[
  {
    "login": ["akasranjan005"],
    "id": [14335683],
    "node_id": ["MDQ6VXNlcjE0MzM1Njgz"],
    "avatar_url": ["https://avatars0.githubusercontent.com/u/14335683?v=4"],
    "gravatar_id": [""],
    "url": ["https://api.github.com/users/akasranjan005"],
    "html_url": ["https://github.com/akasranjan005"],
    "followers_url": ["https://api.github.com/users/akasranjan005/followers"],
    "following_url": ["https://api.github.com/users/akasranjan005/following{/other_user}"],
    "gists_url": ["https://api.github.com/users/akasranjan005/gists{/gist_id}"],
    "starred_url": ["https://api.github.com/users/akasranjan005/starred{/owner}{/repo}"],
    "subscriptions_url": ["https://api.github.com/users/akasranjan005/subscriptions"],
    "organizations_url": ["https://api.github.com/users/akasranjan005/orgs"],
    "repos_url": ["https://api.github.com/users/akasranjan005/repos"],
    "events_url": ["https://api.github.com/users/akasranjan005/events{/privacy}"],
    "received_events_url": ["https://api.github.com/users/akasranjan005/received_events"],
    "type": ["User"],
    "site_admin": [false]
  }
]
