[
  {
    "login": ["zhaoxin111"],
    "id": [9295202],
    "node_id": ["MDQ6VXNlcjkyOTUyMDI="],
    "avatar_url": ["https://avatars1.githubusercontent.com/u/9295202?v=4"],
    "gravatar_id": [""],
    "url": ["https://api.github.com/users/zhaoxin111"],
    "html_url": ["https://github.com/zhaoxin111"],
    "followers_url": ["https://api.github.com/users/zhaoxin111/followers"],
    "following_url": ["https://api.github.com/users/zhaoxin111/following{/other_user}"],
    "gists_url": ["https://api.github.com/users/zhaoxin111/gists{/gist_id}"],
    "starred_url": ["https://api.github.com/users/zhaoxin111/starred{/owner}{/repo}"],
    "subscriptions_url": ["https://api.github.com/users/zhaoxin111/subscriptions"],
    "organizations_url": ["https://api.github.com/users/zhaoxin111/orgs"],
    "repos_url": ["https://api.github.com/users/zhaoxin111/repos"],
    "events_url": ["https://api.github.com/users/zhaoxin111/events{/privacy}"],
    "received_events_url": ["https://api.github.com/users/zhaoxin111/received_events"],
    "type": ["User"],
    "site_admin": [false]
  }
]
