[
  {
    "login": ["thinkinnight"],
    "id": [767663],
    "node_id": ["MDQ6VXNlcjc2NzY2Mw=="],
    "avatar_url": ["https://avatars2.githubusercontent.com/u/767663?v=4"],
    "gravatar_id": [""],
    "url": ["https://api.github.com/users/thinkinnight"],
    "html_url": ["https://github.com/thinkinnight"],
    "followers_url": ["https://api.github.com/users/thinkinnight/followers"],
    "following_url": ["https://api.github.com/users/thinkinnight/following{/other_user}"],
    "gists_url": ["https://api.github.com/users/thinkinnight/gists{/gist_id}"],
    "starred_url": ["https://api.github.com/users/thinkinnight/starred{/owner}{/repo}"],
    "subscriptions_url": ["https://api.github.com/users/thinkinnight/subscriptions"],
    "organizations_url": ["https://api.github.com/users/thinkinnight/orgs"],
    "repos_url": ["https://api.github.com/users/thinkinnight/repos"],
    "events_url": ["https://api.github.com/users/thinkinnight/events{/privacy}"],
    "received_events_url": ["https://api.github.com/users/thinkinnight/received_events"],
    "type": ["User"],
    "site_admin": [false]
  }
]
