[
  {
    "login": ["l0han"],
    "id": [34052592],
    "node_id": ["MDQ6VXNlcjM0MDUyNTky"],
    "avatar_url": ["https://avatars3.githubusercontent.com/u/34052592?v=4"],
    "gravatar_id": [""],
    "url": ["https://api.github.com/users/l0han"],
    "html_url": ["https://github.com/l0han"],
    "followers_url": ["https://api.github.com/users/l0han/followers"],
    "following_url": ["https://api.github.com/users/l0han/following{/other_user}"],
    "gists_url": ["https://api.github.com/users/l0han/gists{/gist_id}"],
    "starred_url": ["https://api.github.com/users/l0han/starred{/owner}{/repo}"],
    "subscriptions_url": ["https://api.github.com/users/l0han/subscriptions"],
    "organizations_url": ["https://api.github.com/users/l0han/orgs"],
    "repos_url": ["https://api.github.com/users/l0han/repos"],
    "events_url": ["https://api.github.com/users/l0han/events{/privacy}"],
    "received_events_url": ["https://api.github.com/users/l0han/received_events"],
    "type": ["User"],
    "site_admin": [false]
  }
]
