[
  {
    "login": ["yupbank"],
    "id": [741544],
    "node_id": ["MDQ6VXNlcjc0MTU0NA=="],
    "avatar_url": ["https://avatars1.githubusercontent.com/u/741544?v=4"],
    "gravatar_id": [""],
    "url": ["https://api.github.com/users/yupbank"],
    "html_url": ["https://github.com/yupbank"],
    "followers_url": ["https://api.github.com/users/yupbank/followers"],
    "following_url": ["https://api.github.com/users/yupbank/following{/other_user}"],
    "gists_url": ["https://api.github.com/users/yupbank/gists{/gist_id}"],
    "starred_url": ["https://api.github.com/users/yupbank/starred{/owner}{/repo}"],
    "subscriptions_url": ["https://api.github.com/users/yupbank/subscriptions"],
    "organizations_url": ["https://api.github.com/users/yupbank/orgs"],
    "repos_url": ["https://api.github.com/users/yupbank/repos"],
    "events_url": ["https://api.github.com/users/yupbank/events{/privacy}"],
    "received_events_url": ["https://api.github.com/users/yupbank/received_events"],
    "type": ["User"],
    "site_admin": [false]
  }
]
