[
  {
    "login": ["farizaghayev"],
    "id": [18733219],
    "node_id": ["MDQ6VXNlcjE4NzMzMjE5"],
    "avatar_url": ["https://avatars0.githubusercontent.com/u/18733219?v=4"],
    "gravatar_id": [""],
    "url": ["https://api.github.com/users/farizaghayev"],
    "html_url": ["https://github.com/farizaghayev"],
    "followers_url": ["https://api.github.com/users/farizaghayev/followers"],
    "following_url": ["https://api.github.com/users/farizaghayev/following{/other_user}"],
    "gists_url": ["https://api.github.com/users/farizaghayev/gists{/gist_id}"],
    "starred_url": ["https://api.github.com/users/farizaghayev/starred{/owner}{/repo}"],
    "subscriptions_url": ["https://api.github.com/users/farizaghayev/subscriptions"],
    "organizations_url": ["https://api.github.com/users/farizaghayev/orgs"],
    "repos_url": ["https://api.github.com/users/farizaghayev/repos"],
    "events_url": ["https://api.github.com/users/farizaghayev/events{/privacy}"],
    "received_events_url": ["https://api.github.com/users/farizaghayev/received_events"],
    "type": ["User"],
    "site_admin": [false]
  }
]
