[
  {
    "login": ["Cici-Zhong"],
    "id": [42683031],
    "node_id": ["MDQ6VXNlcjQyNjgzMDMx"],
    "avatar_url": ["https://avatars0.githubusercontent.com/u/42683031?v=4"],
    "gravatar_id": [""],
    "url": ["https://api.github.com/users/Cici-Zhong"],
    "html_url": ["https://github.com/Cici-Zhong"],
    "followers_url": ["https://api.github.com/users/Cici-Zhong/followers"],
    "following_url": ["https://api.github.com/users/Cici-Zhong/following{/other_user}"],
    "gists_url": ["https://api.github.com/users/Cici-Zhong/gists{/gist_id}"],
    "starred_url": ["https://api.github.com/users/Cici-Zhong/starred{/owner}{/repo}"],
    "subscriptions_url": ["https://api.github.com/users/Cici-Zhong/subscriptions"],
    "organizations_url": ["https://api.github.com/users/Cici-Zhong/orgs"],
    "repos_url": ["https://api.github.com/users/Cici-Zhong/repos"],
    "events_url": ["https://api.github.com/users/Cici-Zhong/events{/privacy}"],
    "received_events_url": ["https://api.github.com/users/Cici-Zhong/received_events"],
    "type": ["User"],
    "site_admin": [false]
  }
]
