[
  {
    "login": ["Bharathkumarraju"],
    "id": [5610588],
    "node_id": ["MDQ6VXNlcjU2MTA1ODg="],
    "avatar_url": ["https://avatars2.githubusercontent.com/u/5610588?v=4"],
    "gravatar_id": [""],
    "url": ["https://api.github.com/users/Bharathkumarraju"],
    "html_url": ["https://github.com/Bharathkumarraju"],
    "followers_url": ["https://api.github.com/users/Bharathkumarraju/followers"],
    "following_url": ["https://api.github.com/users/Bharathkumarraju/following{/other_user}"],
    "gists_url": ["https://api.github.com/users/Bharathkumarraju/gists{/gist_id}"],
    "starred_url": ["https://api.github.com/users/Bharathkumarraju/starred{/owner}{/repo}"],
    "subscriptions_url": ["https://api.github.com/users/Bharathkumarraju/subscriptions"],
    "organizations_url": ["https://api.github.com/users/Bharathkumarraju/orgs"],
    "repos_url": ["https://api.github.com/users/Bharathkumarraju/repos"],
    "events_url": ["https://api.github.com/users/Bharathkumarraju/events{/privacy}"],
    "received_events_url": ["https://api.github.com/users/Bharathkumarraju/received_events"],
    "type": ["User"],
    "site_admin": [false]
  }
]
