[{"url":["https://api.github.com/repos/gaocegege/6.824-2016/issues/1"],"repository_url":["https://api.github.com/repos/gaocegege/6.824-2016"],"labels_url":["https://api.github.com/repos/gaocegege/6.824-2016/issues/1/labels{/name}"],"comments_url":["https://api.github.com/repos/gaocegege/6.824-2016/issues/1/comments"],"events_url":["https://api.github.com/repos/gaocegege/6.824-2016/issues/1/events"],"html_url":["https://github.com/gaocegege/6.824-2016/issues/1"],"id":[156035476],"node_id":["MDU6SXNzdWUxNTYwMzU0NzY="],"number":[1],"title":["Please make this repository private"],"user":{"login":["daniel-ziegler"],"id":[1620154],"node_id":["MDQ6VXNlcjE2MjAxNTQ="],"avatar_url":["https://avatars1.githubusercontent.com/u/1620154?v=4"],"gravatar_id":[""],"url":["https://api.github.com/users/daniel-ziegler"],"html_url":["https://github.com/daniel-ziegler"],"followers_url":["https://api.github.com/users/daniel-ziegler/followers"],"following_url":["https://api.github.com/users/daniel-ziegler/following{/other_user}"],"gists_url":["https://api.github.com/users/daniel-ziegler/gists{/gist_id}"],"starred_url":["https://api.github.com/users/daniel-ziegler/starred{/owner}{/repo}"],"subscriptions_url":["https://api.github.com/users/daniel-ziegler/subscriptions"],"organizations_url":["https://api.github.com/users/daniel-ziegler/orgs"],"repos_url":["https://api.github.com/users/daniel-ziegler/repos"],"events_url":["https://api.github.com/users/daniel-ziegler/events{/privacy}"],"received_events_url":["https://api.github.com/users/daniel-ziegler/received_events"],"type":["User"],"site_admin":[false]},"labels":[],"state":["closed"],"locked":[false],"assignee":{},"assignees":[],"milestone":{},"comments":[1],"created_at":["2016-05-20T19:32:56Z"],"updated_at":["2016-05-21T01:44:27Z"],"closed_at":["2016-05-21T01:44:27Z"],"author_association":["CONTRIBUTOR"],"body":["Hi! This is Daniel Ziegler, one of the teaching assistants for 6.824 this year. We're excited that you found the labs worth doing. However, we are worried that it will be too easy for future students to cheat because they can copy code from your solutions. Could you please make this repository private or remove it from GitHub? Thank you!\n"]}]
