[{"url":["https://api.github.com/repos/gaocegege/bachelor-paper-2016/issues/1"],"repository_url":["https://api.github.com/repos/gaocegege/bachelor-paper-2016"],"labels_url":["https://api.github.com/repos/gaocegege/bachelor-paper-2016/issues/1/labels{/name}"],"comments_url":["https://api.github.com/repos/gaocegege/bachelor-paper-2016/issues/1/comments"],"events_url":["https://api.github.com/repos/gaocegege/bachelor-paper-2016/issues/1/events"],"html_url":["https://github.com/gaocegege/bachelor-paper-2016/issues/1"],"id":[166860807],"node_id":["MDU6SXNzdWUxNjY4NjA4MDc="],"number":[1],"title":["0.0"],"user":{"login":["at15"],"id":[5621298],"node_id":["MDQ6VXNlcjU2MjEyOTg="],"avatar_url":["https://avatars2.githubusercontent.com/u/5621298?v=4"],"gravatar_id":[""],"url":["https://api.github.com/users/at15"],"html_url":["https://github.com/at15"],"followers_url":["https://api.github.com/users/at15/followers"],"following_url":["https://api.github.com/users/at15/following{/other_user}"],"gists_url":["https://api.github.com/users/at15/gists{/gist_id}"],"starred_url":["https://api.github.com/users/at15/starred{/owner}{/repo}"],"subscriptions_url":["https://api.github.com/users/at15/subscriptions"],"organizations_url":["https://api.github.com/users/at15/orgs"],"repos_url":["https://api.github.com/users/at15/repos"],"events_url":["https://api.github.com/users/at15/events{/privacy}"],"received_events_url":["https://api.github.com/users/at15/received_events"],"type":["User"],"site_admin":[false]},"labels":[],"state":["closed"],"locked":[false],"assignee":{},"assignees":[],"milestone":{},"comments":[3],"created_at":["2016-07-21T16:20:46Z"],"updated_at":["2016-12-15T03:08:38Z"],"closed_at":["2016-12-15T03:08:38Z"],"author_association":["NONE"],"body":["策策好帅!\n\nbtw: README 是不是该改一改.....\n"]}]
