[{"url":["https://api.github.com/repos/gaocegege/Blog/issues/15"],"repository_url":["https://api.github.com/repos/gaocegege/Blog"],"labels_url":["https://api.github.com/repos/gaocegege/Blog/issues/15/labels{/name}"],"comments_url":["https://api.github.com/repos/gaocegege/Blog/issues/15/comments"],"events_url":["https://api.github.com/repos/gaocegege/Blog/issues/15/events"],"html_url":["https://github.com/gaocegege/Blog/pull/15"],"id":[423597541],"node_id":["MDExOlB1bGxSZXF1ZXN0MjYzMTM1MzU0"],"number":[15],"title":["mlp1: Add"],"user":{"login":["gaocegege"],"id":[5100735],"node_id":["MDQ6VXNlcjUxMDA3MzU="],"avatar_url":["https://avatars3.githubusercontent.com/u/5100735?v=4"],"gravatar_id":[""],"url":["https://api.github.com/users/gaocegege"],"html_url":["https://github.com/gaocegege"],"followers_url":["https://api.github.com/users/gaocegege/followers"],"following_url":["https://api.github.com/users/gaocegege/following{/other_user}"],"gists_url":["https://api.github.com/users/gaocegege/gists{/gist_id}"],"starred_url":["https://api.github.com/users/gaocegege/starred{/owner}{/repo}"],"subscriptions_url":["https://api.github.com/users/gaocegege/subscriptions"],"organizations_url":["https://api.github.com/users/gaocegege/orgs"],"repos_url":["https://api.github.com/users/gaocegege/repos"],"events_url":["https://api.github.com/users/gaocegege/events{/privacy}"],"received_events_url":["https://api.github.com/users/gaocegege/received_events"],"type":["User"],"site_admin":[false]},"labels":[],"state":["closed"],"locked":[false],"assignee":{},"assignees":[],"milestone":{},"comments":[0],"created_at":["2019-03-21T07:19:40Z"],"updated_at":["2019-03-21T07:20:22Z"],"closed_at":["2019-03-21T07:20:18Z"],"author_association":["OWNER"],"pull_request":{"url":["https://api.github.com/repos/gaocegege/Blog/pulls/15"],"html_url":["https://github.com/gaocegege/Blog/pull/15"],"diff_url":["https://github.com/gaocegege/Blog/pull/15.diff"],"patch_url":["https://github.com/gaocegege/Blog/pull/15.patch"]},"body":[""]},{"url":["https://api.github.com/repos/gaocegege/Blog/issues/14"],"repository_url":["https://api.github.com/repos/gaocegege/Blog"],"labels_url":["https://api.github.com/repos/gaocegege/Blog/issues/14/labels{/name}"],"comments_url":["https://api.github.com/repos/gaocegege/Blog/issues/14/comments"],"events_url":["https://api.github.com/repos/gaocegege/Blog/issues/14/events"],"html_url":["https://github.com/gaocegege/Blog/issues/14"],"id":[381824288],"node_id":["MDU6SXNzdWUzODE4MjQyODg="],"number":[14],"title":["图床"],"user":{"login":["gaocegege"],"id":[5100735],"node_id":["MDQ6VXNlcjUxMDA3MzU="],"avatar_url":["https://avatars3.githubusercontent.com/u/5100735?v=4"],"gravatar_id":[""],"url":["https://api.github.com/users/gaocegege"],"html_url":["https://github.com/gaocegege"],"followers_url":["https://api.github.com/users/gaocegege/followers"],"following_url":["https://api.github.com/users/gaocegege/following{/other_user}"],"gists_url":["https://api.github.com/users/gaocegege/gists{/gist_id}"],"starred_url":["https://api.github.com/users/gaocegege/starred{/owner}{/repo}"],"subscriptions_url":["https://api.github.com/users/gaocegege/subscriptions"],"organizations_url":["https://api.github.com/users/gaocegege/orgs"],"repos_url":["https://api.github.com/users/gaocegege/repos"],"events_url":["https://api.github.com/users/gaocegege/events{/privacy}"],"received_events_url":["https://api.github.com/users/gaocegege/received_events"],"type":["User"],"site_admin":[false]},"labels":[],"state":["open"],"locked":[false],"assignee":{},"assignees":[],"milestone":{},"comments":[2],"created_at":["2018-11-17T03:44:38Z"],"updated_at":["2018-11-17T04:01:22Z"],"closed_at":{},"author_association":["OWNER"],"body":[""]},{"url":["https://api.github.com/repos/gaocegege/Blog/issues/13"],"repository_url":["https://api.github.com/repos/gaocegege/Blog"],"labels_url":["https://api.github.com/repos/gaocegege/Blog/issues/13/labels{/name}"],"comments_url":["https://api.github.com/repos/gaocegege/Blog/issues/13/comments"],"events_url":["https://api.github.com/repos/gaocegege/Blog/issues/13/events"],"html_url":["https://github.com/gaocegege/Blog/issues/13"],"id":[368145459],"node_id":["MDU6SXNzdWUzNjgxNDU0NTk="],"number":[13],"title":["可能的博客题目"],"user":{"login":["gaocegege"],"id":[5100735],"node_id":["MDQ6VXNlcjUxMDA3MzU="],"avatar_url":["https://avatars3.githubusercontent.com/u/5100735?v=4"],"gravatar_id":[""],"url":["https://api.github.com/users/gaocegege"],"html_url":["https://github.com/gaocegege"],"followers_url":["https://api.github.com/users/gaocegege/followers"],"following_url":["https://api.github.com/users/gaocegege/following{/other_user}"],"gists_url":["https://api.github.com/users/gaocegege/gists{/gist_id}"],"starred_url":["https://api.github.com/users/gaocegege/starred{/owner}{/repo}"],"subscriptions_url":["https://api.github.com/users/gaocegege/subscriptions"],"organizations_url":["https://api.github.com/users/gaocegege/orgs"],"repos_url":["https://api.github.com/users/gaocegege/repos"],"events_url":["https://api.github.com/users/gaocegege/events{/privacy}"],"received_events_url":["https://api.github.com/users/gaocegege/received_events"],"type":["User"],"site_admin":[false]},"labels":[],"state":["open"],"locked":[false],"assignee":{},"assignees":[],"milestone":{},"comments":[3],"created_at":["2018-10-09T10:34:37Z"],"updated_at":["2018-10-10T04:23:03Z"],"closed_at":{},"author_association":["OWNER"],"body":["- Ciao 的安利与介绍"]},{"url":["https://api.github.com/repos/gaocegege/Blog/issues/12"],"repository_url":["https://api.github.com/repos/gaocegege/Blog"],"labels_url":["https://api.github.com/repos/gaocegege/Blog/issues/12/labels{/name}"],"comments_url":["https://api.github.com/repos/gaocegege/Blog/issues/12/comments"],"events_url":["https://api.github.com/repos/gaocegege/Blog/issues/12/events"],"html_url":["https://github.com/gaocegege/Blog/issues/12"],"id":[345537981],"node_id":["MDU6SXNzdWUzNDU1Mzc5ODE="],"number":[12],"title":["目的地"],"user":{"login":["gaocegege"],"id":[5100735],"node_id":["MDQ6VXNlcjUxMDA3MzU="],"avatar_url":["https://avatars3.githubusercontent.com/u/5100735?v=4"],"gravatar_id":[""],"url":["https://api.github.com/users/gaocegege"],"html_url":["https://github.com/gaocegege"],"followers_url":["https://api.github.com/users/gaocegege/followers"],"following_url":["https://api.github.com/users/gaocegege/following{/other_user}"],"gists_url":["https://api.github.com/users/gaocegege/gists{/gist_id}"],"starred_url":["https://api.github.com/users/gaocegege/starred{/owner}{/repo}"],"subscriptions_url":["https://api.github.com/users/gaocegege/subscriptions"],"organizations_url":["https://api.github.com/users/gaocegege/orgs"],"repos_url":["https://api.github.com/users/gaocegege/repos"],"events_url":["https://api.github.com/users/gaocegege/events{/privacy}"],"received_events_url":["https://api.github.com/users/gaocegege/received_events"],"type":["User"],"site_admin":[false]},"labels":[],"state":["open"],"locked":[false],"assignee":{},"assignees":[],"milestone":{},"comments":[1],"created_at":["2018-07-29T15:08:21Z"],"updated_at":["2018-07-29T18:17:09Z"],"closed_at":{},"author_association":["OWNER"],"body":["1. 新加坡\r\n2. 敦煌\r\n3. 西安\r\n4. 青海\r\n"]},{"url":["https://api.github.com/repos/gaocegege/Blog/issues/11"],"repository_url":["https://api.github.com/repos/gaocegege/Blog"],"labels_url":["https://api.github.com/repos/gaocegege/Blog/issues/11/labels{/name}"],"comments_url":["https://api.github.com/repos/gaocegege/Blog/issues/11/comments"],"events_url":["https://api.github.com/repos/gaocegege/Blog/issues/11/events"],"html_url":["https://github.com/gaocegege/Blog/issues/11"],"id":[333525786],"node_id":["MDU6SXNzdWUzMzM1MjU3ODY="],"number":[11],"title":["管理类书籍"],"user":{"login":["gaocegege"],"id":[5100735],"node_id":["MDQ6VXNlcjUxMDA3MzU="],"avatar_url":["https://avatars3.githubusercontent.com/u/5100735?v=4"],"gravatar_id":[""],"url":["https://api.github.com/users/gaocegege"],"html_url":["https://github.com/gaocegege"],"followers_url":["https://api.github.com/users/gaocegege/followers"],"following_url":["https://api.github.com/users/gaocegege/following{/other_user}"],"gists_url":["https://api.github.com/users/gaocegege/gists{/gist_id}"],"starred_url":["https://api.github.com/users/gaocegege/starred{/owner}{/repo}"],"subscriptions_url":["https://api.github.com/users/gaocegege/subscriptions"],"organizations_url":["https://api.github.com/users/gaocegege/orgs"],"repos_url":["https://api.github.com/users/gaocegege/repos"],"events_url":["https://api.github.com/users/gaocegege/events{/privacy}"],"received_events_url":["https://api.github.com/users/gaocegege/received_events"],"type":["User"],"site_admin":[false]},"labels":[],"state":["open"],"locked":[false],"assignee":{},"assignees":[],"milestone":{},"comments":[2],"created_at":["2018-06-19T05:39:22Z"],"updated_at":["2018-06-19T06:11:45Z"],"closed_at":{},"author_association":["OWNER"],"body":["- 从技术走向管理：李元芳履职记\r\n- 高效能人士的七个习惯"]},{"url":["https://api.github.com/repos/gaocegege/Blog/issues/10"],"repository_url":["https://api.github.com/repos/gaocegege/Blog"],"labels_url":["https://api.github.com/repos/gaocegege/Blog/issues/10/labels{/name}"],"comments_url":["https://api.github.com/repos/gaocegege/Blog/issues/10/comments"],"events_url":["https://api.github.com/repos/gaocegege/Blog/issues/10/events"],"html_url":["https://github.com/gaocegege/Blog/issues/10"],"id":[321845157],"node_id":["MDU6SXNzdWUzMjE4NDUxNTc="],"number":[10],"title":["Awesome Wechat tools"],"user":{"login":["gaocegege"],"id":[5100735],"node_id":["MDQ6VXNlcjUxMDA3MzU="],"avatar_url":["https://avatars3.githubusercontent.com/u/5100735?v=4"],"gravatar_id":[""],"url":["https://api.github.com/users/gaocegege"],"html_url":["https://github.com/gaocegege"],"followers_url":["https://api.github.com/users/gaocegege/followers"],"following_url":["https://api.github.com/users/gaocegege/following{/other_user}"],"gists_url":["https://api.github.com/users/gaocegege/gists{/gist_id}"],"starred_url":["https://api.github.com/users/gaocegege/starred{/owner}{/repo}"],"subscriptions_url":["https://api.github.com/users/gaocegege/subscriptions"],"organizations_url":["https://api.github.com/users/gaocegege/orgs"],"repos_url":["https://api.github.com/users/gaocegege/repos"],"events_url":["https://api.github.com/users/gaocegege/events{/privacy}"],"received_events_url":["https://api.github.com/users/gaocegege/received_events"],"type":["User"],"site_admin":[false]},"labels":[],"state":["open"],"locked":[false],"assignee":{},"assignees":[],"milestone":{},"comments":[0],"created_at":["2018-05-10T08:03:16Z"],"updated_at":["2018-05-10T08:03:16Z"],"closed_at":{},"author_association":["OWNER"],"body":["https://xiumi.us 秀米，微信文章编辑器\r\nhttps://www.chuangkit.com 创客贴，在线小白式设计平台"]},{"url":["https://api.github.com/repos/gaocegege/Blog/issues/9"],"repository_url":["https://api.github.com/repos/gaocegege/Blog"],"labels_url":["https://api.github.com/repos/gaocegege/Blog/issues/9/labels{/name}"],"comments_url":["https://api.github.com/repos/gaocegege/Blog/issues/9/comments"],"events_url":["https://api.github.com/repos/gaocegege/Blog/issues/9/events"],"html_url":["https://github.com/gaocegege/Blog/issues/9"],"id":[318762209],"node_id":["MDU6SXNzdWUzMTg3NjIyMDk="],"number":[9],"title":["Enable https using netlfiy"],"user":{"login":["at15"],"id":[5621298],"node_id":["MDQ6VXNlcjU2MjEyOTg="],"avatar_url":["https://avatars2.githubusercontent.com/u/5621298?v=4"],"gravatar_id":[""],"url":["https://api.github.com/users/at15"],"html_url":["https://github.com/at15"],"followers_url":["https://api.github.com/users/at15/followers"],"following_url":["https://api.github.com/users/at15/following{/other_user}"],"gists_url":["https://api.github.com/users/at15/gists{/gist_id}"],"starred_url":["https://api.github.com/users/at15/starred{/owner}{/repo}"],"subscriptions_url":["https://api.github.com/users/at15/subscriptions"],"organizations_url":["https://api.github.com/users/at15/orgs"],"repos_url":["https://api.github.com/users/at15/repos"],"events_url":["https://api.github.com/users/at15/events{/privacy}"],"received_events_url":["https://api.github.com/users/at15/received_events"],"type":["User"],"site_admin":[false]},"labels":[],"state":["open"],"locked":[false],"assignee":{},"assignees":[],"milestone":{},"comments":[2],"created_at":["2018-04-30T00:08:10Z"],"updated_at":["2018-05-03T01:47:46Z"],"closed_at":{},"author_association":["NONE"],"body":["Netlify provides https using let's encrypt \r\n\r\n- create dns zone in netlify\r\n- point your dns server to netlify's dns servers in your domain name provider\r\n- redirect http traffic to https using `_redirects`, or you can chose to force https\r\n\r\nRef\r\n\r\n- https://github.com/at15/at15.github.io/issues/11"]},{"url":["https://api.github.com/repos/gaocegege/Blog/issues/8"],"repository_url":["https://api.github.com/repos/gaocegege/Blog"],"labels_url":["https://api.github.com/repos/gaocegege/Blog/issues/8/labels{/name}"],"comments_url":["https://api.github.com/repos/gaocegege/Blog/issues/8/comments"],"events_url":["https://api.github.com/repos/gaocegege/Blog/issues/8/events"],"html_url":["https://github.com/gaocegege/Blog/pull/8"],"id":[315357568],"node_id":["MDExOlB1bGxSZXF1ZXN0MTgyMzg2NTkz"],"number":[8],"title":["Update 2018-04-07-katib.md"],"user":{"login":["ddysher"],"id":[2191361],"node_id":["MDQ6VXNlcjIxOTEzNjE="],"avatar_url":["https://avatars1.githubusercontent.com/u/2191361?v=4"],"gravatar_id":[""],"url":["https://api.github.com/users/ddysher"],"html_url":["https://github.com/ddysher"],"followers_url":["https://api.github.com/users/ddysher/followers"],"following_url":["https://api.github.com/users/ddysher/following{/other_user}"],"gists_url":["https://api.github.com/users/ddysher/gists{/gist_id}"],"starred_url":["https://api.github.com/users/ddysher/starred{/owner}{/repo}"],"subscriptions_url":["https://api.github.com/users/ddysher/subscriptions"],"organizations_url":["https://api.github.com/users/ddysher/orgs"],"repos_url":["https://api.github.com/users/ddysher/repos"],"events_url":["https://api.github.com/users/ddysher/events{/privacy}"],"received_events_url":["https://api.github.com/users/ddysher/received_events"],"type":["User"],"site_admin":[false]},"labels":[],"state":["closed"],"locked":[false],"assignee":{},"assignees":[],"milestone":{},"comments":[3],"created_at":["2018-04-18T07:12:55Z"],"updated_at":["2018-04-18T09:01:13Z"],"closed_at":["2018-04-18T09:01:13Z"],"author_association":["CONTRIBUTOR"],"pull_request":{"url":["https://api.github.com/repos/gaocegege/Blog/pulls/8"],"html_url":["https://github.com/gaocegege/Blog/pull/8"],"diff_url":["https://github.com/gaocegege/Blog/pull/8.diff"],"patch_url":["https://github.com/gaocegege/Blog/pull/8.patch"]},"body":["贝叶斯优化和 early stop 已经有了，要不要加一个更新段落？"]},{"url":["https://api.github.com/repos/gaocegege/Blog/issues/7"],"repository_url":["https://api.github.com/repos/gaocegege/Blog"],"labels_url":["https://api.github.com/repos/gaocegege/Blog/issues/7/labels{/name}"],"comments_url":["https://api.github.com/repos/gaocegege/Blog/issues/7/comments"],"events_url":["https://api.github.com/repos/gaocegege/Blog/issues/7/events"],"html_url":["https://github.com/gaocegege/Blog/issues/7"],"id":[300882626],"node_id":["MDU6SXNzdWUzMDA4ODI2MjY="],"number":[7],"title":["Kubeflow 周报"],"user":{"login":["gaocegege"],"id":[5100735],"node_id":["MDQ6VXNlcjUxMDA3MzU="],"avatar_url":["https://avatars3.githubusercontent.com/u/5100735?v=4"],"gravatar_id":[""],"url":["https://api.github.com/users/gaocegege"],"html_url":["https://github.com/gaocegege"],"followers_url":["https://api.github.com/users/gaocegege/followers"],"following_url":["https://api.github.com/users/gaocegege/following{/other_user}"],"gists_url":["https://api.github.com/users/gaocegege/gists{/gist_id}"],"starred_url":["https://api.github.com/users/gaocegege/starred{/owner}{/repo}"],"subscriptions_url":["https://api.github.com/users/gaocegege/subscriptions"],"organizations_url":["https://api.github.com/users/gaocegege/orgs"],"repos_url":["https://api.github.com/users/gaocegege/repos"],"events_url":["https://api.github.com/users/gaocegege/events{/privacy}"],"received_events_url":["https://api.github.com/users/gaocegege/received_events"],"type":["User"],"site_admin":[false]},"labels":[],"state":["closed"],"locked":[false],"assignee":{},"assignees":[],"milestone":{},"comments":[2],"created_at":["2018-02-28T03:55:26Z"],"updated_at":["2018-02-28T04:12:34Z"],"closed_at":["2018-02-28T04:12:31Z"],"author_association":["OWNER"],"body":[""]},{"url":["https://api.github.com/repos/gaocegege/Blog/issues/6"],"repository_url":["https://api.github.com/repos/gaocegege/Blog"],"labels_url":["https://api.github.com/repos/gaocegege/Blog/issues/6/labels{/name}"],"comments_url":["https://api.github.com/repos/gaocegege/Blog/issues/6/comments"],"events_url":["https://api.github.com/repos/gaocegege/Blog/issues/6/events"],"html_url":["https://github.com/gaocegege/Blog/issues/6"],"id":[285286094],"node_id":["MDU6SXNzdWUyODUyODYwOTQ="],"number":[6],"title":["添加 weiyiminhenqiang.com 友链"],"user":{"login":["gaocegege"],"id":[5100735],"node_id":["MDQ6VXNlcjUxMDA3MzU="],"avatar_url":["https://avatars3.githubusercontent.com/u/5100735?v=4"],"gravatar_id":[""],"url":["https://api.github.com/users/gaocegege"],"html_url":["https://github.com/gaocegege"],"followers_url":["https://api.github.com/users/gaocegege/followers"],"following_url":["https://api.github.com/users/gaocegege/following{/other_user}"],"gists_url":["https://api.github.com/users/gaocegege/gists{/gist_id}"],"starred_url":["https://api.github.com/users/gaocegege/starred{/owner}{/repo}"],"subscriptions_url":["https://api.github.com/users/gaocegege/subscriptions"],"organizations_url":["https://api.github.com/users/gaocegege/orgs"],"repos_url":["https://api.github.com/users/gaocegege/repos"],"events_url":["https://api.github.com/users/gaocegege/events{/privacy}"],"received_events_url":["https://api.github.com/users/gaocegege/received_events"],"type":["User"],"site_admin":[false]},"labels":[],"state":["closed"],"locked":[false],"assignee":{},"assignees":[],"milestone":{},"comments":[0],"created_at":["2018-01-01T02:58:18Z"],"updated_at":["2018-02-28T03:55:01Z"],"closed_at":["2018-02-28T03:55:01Z"],"author_association":["OWNER"],"body":[""]},{"url":["https://api.github.com/repos/gaocegege/Blog/issues/5"],"repository_url":["https://api.github.com/repos/gaocegege/Blog"],"labels_url":["https://api.github.com/repos/gaocegege/Blog/issues/5/labels{/name}"],"comments_url":["https://api.github.com/repos/gaocegege/Blog/issues/5/comments"],"events_url":["https://api.github.com/repos/gaocegege/Blog/issues/5/events"],"html_url":["https://github.com/gaocegege/Blog/issues/5"],"id":[275129517],"node_id":["MDU6SXNzdWUyNzUxMjk1MTc="],"number":[5],"title":["Alibaba Trace"],"user":{"login":["gaocegege"],"id":[5100735],"node_id":["MDQ6VXNlcjUxMDA3MzU="],"avatar_url":["https://avatars3.githubusercontent.com/u/5100735?v=4"],"gravatar_id":[""],"url":["https://api.github.com/users/gaocegege"],"html_url":["https://github.com/gaocegege"],"followers_url":["https://api.github.com/users/gaocegege/followers"],"following_url":["https://api.github.com/users/gaocegege/following{/other_user}"],"gists_url":["https://api.github.com/users/gaocegege/gists{/gist_id}"],"starred_url":["https://api.github.com/users/gaocegege/starred{/owner}{/repo}"],"subscriptions_url":["https://api.github.com/users/gaocegege/subscriptions"],"organizations_url":["https://api.github.com/users/gaocegege/orgs"],"repos_url":["https://api.github.com/users/gaocegege/repos"],"events_url":["https://api.github.com/users/gaocegege/events{/privacy}"],"received_events_url":["https://api.github.com/users/gaocegege/received_events"],"type":["User"],"site_admin":[false]},"labels":[],"state":["closed"],"locked":[false],"assignee":{},"assignees":[],"milestone":{},"comments":[1],"created_at":["2017-11-19T03:40:42Z"],"updated_at":["2017-11-19T04:57:16Z"],"closed_at":["2017-11-19T04:57:16Z"],"author_association":["OWNER"],"body":["Hi @CoffeeCandy\r\n\r\n请问方便加你微信么，看你也在关注阿里开源的那个集群数据项目"]},{"url":["https://api.github.com/repos/gaocegege/Blog/issues/4"],"repository_url":["https://api.github.com/repos/gaocegege/Blog"],"labels_url":["https://api.github.com/repos/gaocegege/Blog/issues/4/labels{/name}"],"comments_url":["https://api.github.com/repos/gaocegege/Blog/issues/4/comments"],"events_url":["https://api.github.com/repos/gaocegege/Blog/issues/4/events"],"html_url":["https://github.com/gaocegege/Blog/issues/4"],"id":[267072908],"node_id":["MDU6SXNzdWUyNjcwNzI5MDg="],"number":[4],"title":["12.31 跨年去处"],"user":{"login":["gaocegege"],"id":[5100735],"node_id":["MDQ6VXNlcjUxMDA3MzU="],"avatar_url":["https://avatars3.githubusercontent.com/u/5100735?v=4"],"gravatar_id":[""],"url":["https://api.github.com/users/gaocegege"],"html_url":["https://github.com/gaocegege"],"followers_url":["https://api.github.com/users/gaocegege/followers"],"following_url":["https://api.github.com/users/gaocegege/following{/other_user}"],"gists_url":["https://api.github.com/users/gaocegege/gists{/gist_id}"],"starred_url":["https://api.github.com/users/gaocegege/starred{/owner}{/repo}"],"subscriptions_url":["https://api.github.com/users/gaocegege/subscriptions"],"organizations_url":["https://api.github.com/users/gaocegege/orgs"],"repos_url":["https://api.github.com/users/gaocegege/repos"],"events_url":["https://api.github.com/users/gaocegege/events{/privacy}"],"received_events_url":["https://api.github.com/users/gaocegege/received_events"],"type":["User"],"site_admin":[false]},"labels":[],"state":["closed"],"locked":[false],"assignee":{},"assignees":[],"milestone":{},"comments":[0],"created_at":["2017-10-20T06:11:31Z"],"updated_at":["2018-01-01T02:57:54Z"],"closed_at":["2018-01-01T02:57:54Z"],"author_association":["OWNER"],"body":[""]},{"url":["https://api.github.com/repos/gaocegege/Blog/issues/3"],"repository_url":["https://api.github.com/repos/gaocegege/Blog"],"labels_url":["https://api.github.com/repos/gaocegege/Blog/issues/3/labels{/name}"],"comments_url":["https://api.github.com/repos/gaocegege/Blog/issues/3/comments"],"events_url":["https://api.github.com/repos/gaocegege/Blog/issues/3/events"],"html_url":["https://github.com/gaocegege/Blog/pull/3"],"id":[260531650],"node_id":["MDExOlB1bGxSZXF1ZXN0MTQzMDY1NzI4"],"number":[3],"title":["Dev"],"user":{"login":["gaocegege"],"id":[5100735],"node_id":["MDQ6VXNlcjUxMDA3MzU="],"avatar_url":["https://avatars3.githubusercontent.com/u/5100735?v=4"],"gravatar_id":[""],"url":["https://api.github.com/users/gaocegege"],"html_url":["https://github.com/gaocegege"],"followers_url":["https://api.github.com/users/gaocegege/followers"],"following_url":["https://api.github.com/users/gaocegege/following{/other_user}"],"gists_url":["https://api.github.com/users/gaocegege/gists{/gist_id}"],"starred_url":["https://api.github.com/users/gaocegege/starred{/owner}{/repo}"],"subscriptions_url":["https://api.github.com/users/gaocegege/subscriptions"],"organizations_url":["https://api.github.com/users/gaocegege/orgs"],"repos_url":["https://api.github.com/users/gaocegege/repos"],"events_url":["https://api.github.com/users/gaocegege/events{/privacy}"],"received_events_url":["https://api.github.com/users/gaocegege/received_events"],"type":["User"],"site_admin":[false]},"labels":[],"state":["closed"],"locked":[false],"assignee":{},"assignees":[],"milestone":{},"comments":[0],"created_at":["2017-09-26T08:16:25Z"],"updated_at":["2017-09-26T08:16:37Z"],"closed_at":["2017-09-26T08:16:33Z"],"author_association":["OWNER"],"pull_request":{"url":["https://api.github.com/repos/gaocegege/Blog/pulls/3"],"html_url":["https://github.com/gaocegege/Blog/pull/3"],"diff_url":["https://github.com/gaocegege/Blog/pull/3.diff"],"patch_url":["https://github.com/gaocegege/Blog/pull/3.patch"]},"body":[""]},{"url":["https://api.github.com/repos/gaocegege/Blog/issues/2"],"repository_url":["https://api.github.com/repos/gaocegege/Blog"],"labels_url":["https://api.github.com/repos/gaocegege/Blog/issues/2/labels{/name}"],"comments_url":["https://api.github.com/repos/gaocegege/Blog/issues/2/comments"],"events_url":["https://api.github.com/repos/gaocegege/Blog/issues/2/events"],"html_url":["https://github.com/gaocegege/Blog/issues/2"],"id":[248615668],"node_id":["MDU6SXNzdWUyNDg2MTU2Njg="],"number":[2],"title":["候选"],"user":{"login":["gaocegege"],"id":[5100735],"node_id":["MDQ6VXNlcjUxMDA3MzU="],"avatar_url":["https://avatars3.githubusercontent.com/u/5100735?v=4"],"gravatar_id":[""],"url":["https://api.github.com/users/gaocegege"],"html_url":["https://github.com/gaocegege"],"followers_url":["https://api.github.com/users/gaocegege/followers"],"following_url":["https://api.github.com/users/gaocegege/following{/other_user}"],"gists_url":["https://api.github.com/users/gaocegege/gists{/gist_id}"],"starred_url":["https://api.github.com/users/gaocegege/starred{/owner}{/repo}"],"subscriptions_url":["https://api.github.com/users/gaocegege/subscriptions"],"organizations_url":["https://api.github.com/users/gaocegege/orgs"],"repos_url":["https://api.github.com/users/gaocegege/repos"],"events_url":["https://api.github.com/users/gaocegege/events{/privacy}"],"received_events_url":["https://api.github.com/users/gaocegege/received_events"],"type":["User"],"site_admin":[false]},"labels":[],"state":["closed"],"locked":[false],"assignee":{},"assignees":[],"milestone":{},"comments":[1],"created_at":["2017-08-08T06:44:52Z"],"updated_at":["2017-09-20T04:15:25Z"],"closed_at":["2017-09-20T04:15:25Z"],"author_association":["OWNER"],"body":["# 日料\r\n\r\n* [Maki House](http://www.dianping.com/shop/23218522) 4.5 6417条评论 人均：129元 | 口味：9.0 | 环境：8.0 | 服务：8.0\r\n* [蟹的岡田屋(太平洋百货店) ](http://www.dianping.com/shop/24942816) 5 4334条评论 人均：551元 | 口味：9.1 | 环境：9.1 | 服务：9.1 必须要团券才行，那要工作日过去\r\n\r\n# 泰国\r\n\r\n* <del>[瓦城泰国料理(芮欧百货店)](http://www.dianping.com/shop/13820491) 4.5 3461条评论 人均：177元 | 口味：8.5 | 环境：8.9 | 服务：9.0<\/del> 刁：比美帝都贵\r\n\r\n# 云南\r\n\r\n* <del>[花马天堂云南餐厅(外滩店)](http://www.dianping.com/shop/3208039) 4.5 3948条评论 人均：209元 | 口味：8.2 | 环境：8.9 | 服务：8.1<\/del> 刁：无闹贵\r\n\r\n# 粤菜\r\n\r\n* [卿点](http://www.dianping.com/shop/82690995) 4.5 489条评论 人均：118元 | 口味：8.2 | 环境：8.9 | 服务：8.9\r\n\r\n# 火锅\r\n\r\n* [小三宝火锅](http://www.dianping.com/shop/21865211) 5 11329条评论 人均：148元 | 口味：9.1 | 环境：9.1 | 服务：9.1\r\n\r\n# 海鲜自助\r\n\r\n* <del>[元素西餐厅](http://www.dianping.com/shop/19790099) 4 2734条评论 人均：235元 | 口味：7.8 | 环境：9.0 | 服务：8.7<\/del> 高：不爱吃小龙虾\r\n\r\n# 创意菜\r\n\r\n* [雕爷牛腩](http://www.dianping.com/shop/20894897) 4.5 15024条评论 人均：167元 | 口味：8.1 | 环境：8.9 | 服务：8.9"]},{"url":["https://api.github.com/repos/gaocegege/Blog/issues/1"],"repository_url":["https://api.github.com/repos/gaocegege/Blog"],"labels_url":["https://api.github.com/repos/gaocegege/Blog/issues/1/labels{/name}"],"comments_url":["https://api.github.com/repos/gaocegege/Blog/issues/1/comments"],"events_url":["https://api.github.com/repos/gaocegege/Blog/issues/1/events"],"html_url":["https://github.com/gaocegege/Blog/issues/1"],"id":[241588074],"node_id":["MDU6SXNzdWUyNDE1ODgwNzQ="],"number":[1],"title":["Add whmrtm.github.io as friend link"],"user":{"login":["gaocegege"],"id":[5100735],"node_id":["MDQ6VXNlcjUxMDA3MzU="],"avatar_url":["https://avatars3.githubusercontent.com/u/5100735?v=4"],"gravatar_id":[""],"url":["https://api.github.com/users/gaocegege"],"html_url":["https://github.com/gaocegege"],"followers_url":["https://api.github.com/users/gaocegege/followers"],"following_url":["https://api.github.com/users/gaocegege/following{/other_user}"],"gists_url":["https://api.github.com/users/gaocegege/gists{/gist_id}"],"starred_url":["https://api.github.com/users/gaocegege/starred{/owner}{/repo}"],"subscriptions_url":["https://api.github.com/users/gaocegege/subscriptions"],"organizations_url":["https://api.github.com/users/gaocegege/orgs"],"repos_url":["https://api.github.com/users/gaocegege/repos"],"events_url":["https://api.github.com/users/gaocegege/events{/privacy}"],"received_events_url":["https://api.github.com/users/gaocegege/received_events"],"type":["User"],"site_admin":[false]},"labels":[],"state":["closed"],"locked":[false],"assignee":{},"assignees":[],"milestone":{},"comments":[0],"created_at":["2017-07-10T03:10:20Z"],"updated_at":["2017-09-20T04:15:33Z"],"closed_at":["2017-09-20T04:15:33Z"],"author_association":["OWNER"],"body":[""]}]
