[{"url":["https://api.github.com/repos/gaocegege/coala-langserver/issues/2"],"repository_url":["https://api.github.com/repos/gaocegege/coala-langserver"],"labels_url":["https://api.github.com/repos/gaocegege/coala-langserver/issues/2/labels{/name}"],"comments_url":["https://api.github.com/repos/gaocegege/coala-langserver/issues/2/comments"],"events_url":["https://api.github.com/repos/gaocegege/coala-langserver/issues/2/events"],"html_url":["https://github.com/gaocegege/coala-langserver/issues/2"],"id":[202310665],"node_id":["MDU6SXNzdWUyMDIzMTA2NjU="],"number":[2],"title":["Remove unneeded files"],"user":{"login":["sils"],"id":[5716520],"node_id":["MDQ6VXNlcjU3MTY1MjA="],"avatar_url":["https://avatars0.githubusercontent.com/u/5716520?v=4"],"gravatar_id":[""],"url":["https://api.github.com/users/sils"],"html_url":["https://github.com/sils"],"followers_url":["https://api.github.com/users/sils/followers"],"following_url":["https://api.github.com/users/sils/following{/other_user}"],"gists_url":["https://api.github.com/users/sils/gists{/gist_id}"],"starred_url":["https://api.github.com/users/sils/starred{/owner}{/repo}"],"subscriptions_url":["https://api.github.com/users/sils/subscriptions"],"organizations_url":["https://api.github.com/users/sils/orgs"],"repos_url":["https://api.github.com/users/sils/repos"],"events_url":["https://api.github.com/users/sils/events{/privacy}"],"received_events_url":["https://api.github.com/users/sils/received_events"],"type":["User"],"site_admin":[false]},"labels":[{"id":[515951545],"node_id":["MDU6TGFiZWw1MTU5NTE1NDU="],"url":["https://api.github.com/repos/gaocegege/coala-langserver/labels/enhancement"],"name":["enhancement"],"color":["84b6eb"],"default":[true]}],"state":["closed"],"locked":[false],"assignee":{"login":["gaocegege"],"id":[5100735],"node_id":["MDQ6VXNlcjUxMDA3MzU="],"avatar_url":["https://avatars3.githubusercontent.com/u/5100735?v=4"],"gravatar_id":[""],"url":["https://api.github.com/users/gaocegege"],"html_url":["https://github.com/gaocegege"],"followers_url":["https://api.github.com/users/gaocegege/followers"],"following_url":["https://api.github.com/users/gaocegege/following{/other_user}"],"gists_url":["https://api.github.com/users/gaocegege/gists{/gist_id}"],"starred_url":["https://api.github.com/users/gaocegege/starred{/owner}{/repo}"],"subscriptions_url":["https://api.github.com/users/gaocegege/subscriptions"],"organizations_url":["https://api.github.com/users/gaocegege/orgs"],"repos_url":["https://api.github.com/users/gaocegege/repos"],"events_url":["https://api.github.com/users/gaocegege/events{/privacy}"],"received_events_url":["https://api.github.com/users/gaocegege/received_events"],"type":["User"],"site_admin":[false]},"assignees":[{"login":["gaocegege"],"id":[5100735],"node_id":["MDQ6VXNlcjUxMDA3MzU="],"avatar_url":["https://avatars3.githubusercontent.com/u/5100735?v=4"],"gravatar_id":[""],"url":["https://api.github.com/users/gaocegege"],"html_url":["https://github.com/gaocegege"],"followers_url":["https://api.github.com/users/gaocegege/followers"],"following_url":["https://api.github.com/users/gaocegege/following{/other_user}"],"gists_url":["https://api.github.com/users/gaocegege/gists{/gist_id}"],"starred_url":["https://api.github.com/users/gaocegege/starred{/owner}{/repo}"],"subscriptions_url":["https://api.github.com/users/gaocegege/subscriptions"],"organizations_url":["https://api.github.com/users/gaocegege/orgs"],"repos_url":["https://api.github.com/users/gaocegege/repos"],"events_url":["https://api.github.com/users/gaocegege/events{/privacy}"],"received_events_url":["https://api.github.com/users/gaocegege/received_events"],"type":["User"],"site_admin":[false]}],"milestone":{},"comments":[1],"created_at":["2017-01-21T11:37:45Z"],"updated_at":["2017-01-21T11:46:45Z"],"closed_at":["2017-01-21T11:46:45Z"],"author_association":["NONE"],"body":["you don't want your bin directory and the .vscode folder in the repo"]},{"url":["https://api.github.com/repos/gaocegege/coala-langserver/issues/1"],"repository_url":["https://api.github.com/repos/gaocegege/coala-langserver"],"labels_url":["https://api.github.com/repos/gaocegege/coala-langserver/issues/1/labels{/name}"],"comments_url":["https://api.github.com/repos/gaocegege/coala-langserver/issues/1/comments"],"events_url":["https://api.github.com/repos/gaocegege/coala-langserver/issues/1/events"],"html_url":["https://github.com/gaocegege/coala-langserver/issues/1"],"id":[202285575],"node_id":["MDU6SXNzdWUyMDIyODU1NzU="],"number":[1],"title":["Unable to get the changed text from vs code client"],"user":{"login":["gaocegege"],"id":[5100735],"node_id":["MDQ6VXNlcjUxMDA3MzU="],"avatar_url":["https://avatars3.githubusercontent.com/u/5100735?v=4"],"gravatar_id":[""],"url":["https://api.github.com/users/gaocegege"],"html_url":["https://github.com/gaocegege"],"followers_url":["https://api.github.com/users/gaocegege/followers"],"following_url":["https://api.github.com/users/gaocegege/following{/other_user}"],"gists_url":["https://api.github.com/users/gaocegege/gists{/gist_id}"],"starred_url":["https://api.github.com/users/gaocegege/starred{/owner}{/repo}"],"subscriptions_url":["https://api.github.com/users/gaocegege/subscriptions"],"organizations_url":["https://api.github.com/users/gaocegege/orgs"],"repos_url":["https://api.github.com/users/gaocegege/repos"],"events_url":["https://api.github.com/users/gaocegege/events{/privacy}"],"received_events_url":["https://api.github.com/users/gaocegege/received_events"],"type":["User"],"site_admin":[false]},"labels":[],"state":["closed"],"locked":[false],"assignee":{},"assignees":[],"milestone":{},"comments":[2],"created_at":["2017-01-21T02:43:27Z"],"updated_at":["2017-01-22T09:05:29Z"],"closed_at":["2017-01-22T09:05:29Z"],"author_association":["OWNER"],"body":["The client gets an error every time the text is changed:\r\n\r\n```text\r\nworkbench.main.js:132 Cannot read property 'trigger' of undefined: TypeError: Cannot read property 'trigger' of undefined\r\n    at LanguageClient.onDidChangeTextDocument (/Users/gaoce/Projects/GitHub/coala-langserver/vscode-client/node_modules/vscode-languageclient/lib/main.js:697:38)\r\n    at /Users/gaoce/Projects/GitHub/coala-langserver/vscode-client/node_modules/vscode-languageclient/lib/main.js:570:88\r\n    at e.invoke (/Users/gaoce/Files/Visual Studio Code.app/Contents/Resources/app/out/vs/workbench/node/extensionHostProcess.js:4:31992)\r\n    at e.fire (/Users/gaoce/Files/Visual Studio Code.app/Contents/Resources/app/out/vs/workbench/node/extensionHostProcess.js:5:8945)\r\n    at t.$acceptModelChanged (/Users/gaoce/Files/Visual Studio Code.app/Contents/Resources/app/out/vs/workbench/node/extensionHostProcess.js:11:686)\r\n    at t.e.handle (/Users/gaoce/Files/Visual Studio Code.app/Contents/Resources/app/out/vs/workbench/node/extensionHostProcess.js:10:4203)\r\n    at s (/Users/gaoce/Files/Visual Studio Code.app/Contents/Resources/app/out/vs/workbench/node/extensionHostProcess.js:7:11178)\r\n    at p (/Users/gaoce/Files/Visual Studio Code.app/Contents/Resources/app/out/vs/workbench/node/extensionHostProcess.js:7:11855)\r\n    at _combinedTickCallback (internal/process/next_tick.js:67:7)\r\n    at process._tickCallback (internal/process/next_tick.js:98:9)e.onUnexpectedError @ workbench.main.js:132(anonymous function) @ workbench.main.js:132e.onUnexpectedError @ workbench.main.js:30o @ workbench.main.js:30t.onUnexpectedExtHostError @ workbench.main.js:109e.handle @ workbench.main.js:108s @ workbench.main.js:50f @ workbench.main.js:50_combinedTickCallback @ internal/process/next_tick.js:67_tickCallback @ internal/process/next_tick.js:98\r\n```"]}]
