[{"url":["https://api.github.com/repos/gaocegege/CompilerLab/issues/1"],"repository_url":["https://api.github.com/repos/gaocegege/CompilerLab"],"labels_url":["https://api.github.com/repos/gaocegege/CompilerLab/issues/1/labels{/name}"],"comments_url":["https://api.github.com/repos/gaocegege/CompilerLab/issues/1/comments"],"events_url":["https://api.github.com/repos/gaocegege/CompilerLab/issues/1/events"],"html_url":["https://github.com/gaocegege/CompilerLab/pull/1"],"id":[116082537],"node_id":["MDExOlB1bGxSZXF1ZXN0NTAyMzkwNjA="],"number":[1],"title":["Add a Gitter chat badge to README.md"],"user":{"login":["gitter-badger"],"id":[8518239],"node_id":["MDQ6VXNlcjg1MTgyMzk="],"avatar_url":["https://avatars2.githubusercontent.com/u/8518239?v=4"],"gravatar_id":[""],"url":["https://api.github.com/users/gitter-badger"],"html_url":["https://github.com/gitter-badger"],"followers_url":["https://api.github.com/users/gitter-badger/followers"],"following_url":["https://api.github.com/users/gitter-badger/following{/other_user}"],"gists_url":["https://api.github.com/users/gitter-badger/gists{/gist_id}"],"starred_url":["https://api.github.com/users/gitter-badger/starred{/owner}{/repo}"],"subscriptions_url":["https://api.github.com/users/gitter-badger/subscriptions"],"organizations_url":["https://api.github.com/users/gitter-badger/orgs"],"repos_url":["https://api.github.com/users/gitter-badger/repos"],"events_url":["https://api.github.com/users/gitter-badger/events{/privacy}"],"received_events_url":["https://api.github.com/users/gitter-badger/received_events"],"type":["User"],"site_admin":[false]},"labels":[],"state":["closed"],"locked":[false],"assignee":{},"assignees":[],"milestone":{},"comments":[0],"created_at":["2015-11-10T10:50:19Z"],"updated_at":["2015-11-11T03:10:13Z"],"closed_at":["2015-11-11T03:10:13Z"],"author_association":["CONTRIBUTOR"],"pull_request":{"url":["https://api.github.com/repos/gaocegege/CompilerLab/pulls/1"],"html_url":["https://github.com/gaocegege/CompilerLab/pull/1"],"diff_url":["https://github.com/gaocegege/CompilerLab/pull/1.diff"],"patch_url":["https://github.com/gaocegege/CompilerLab/pull/1.patch"]},"body":["### gaocegege/CompilerLab now has a Chat Room on Gitter\n\n@gaocegege has just created a chat room. You can visit it here: [https://gitter.im/gaocegege/CompilerLab](https://gitter.im/gaocegege/CompilerLab?utm_source=badge&utm_medium=badge&utm_campaign=pr-badge&content=body_link).\n\nThis pull-request adds this badge to your README.md:\n\n[![Gitter](https://badges.gitter.im/Join%20Chat.svg)](https://gitter.im/gaocegege/CompilerLab?utm_source=badge&utm_medium=badge&utm_campaign=pr-badge&utm_content=body_badge)\n\nIf my aim is a little off, please [let me know](https://github.com/gitterHQ/readme-badger/issues).\n\nHappy chatting.\n\nPS: [Click here](https://gitter.im/settings/badger/opt-out) if you would prefer not to receive automatic pull-requests from Gitter in future.\n"]}]
