[{"url":["https://api.github.com/repos/gaocegege/csdn-blog-export/issues/5"],"repository_url":["https://api.github.com/repos/gaocegege/csdn-blog-export"],"labels_url":["https://api.github.com/repos/gaocegege/csdn-blog-export/issues/5/labels{/name}"],"comments_url":["https://api.github.com/repos/gaocegege/csdn-blog-export/issues/5/comments"],"events_url":["https://api.github.com/repos/gaocegege/csdn-blog-export/issues/5/events"],"html_url":["https://github.com/gaocegege/csdn-blog-export/issues/5"],"id":[397271660],"node_id":["MDU6SXNzdWUzOTcyNzE2NjA="],"number":[5],"title":["csdn页面修改，造成无法获取doc"],"user":{"login":["jigetage"],"id":[17247590],"node_id":["MDQ6VXNlcjE3MjQ3NTkw"],"avatar_url":["https://avatars3.githubusercontent.com/u/17247590?v=4"],"gravatar_id":[""],"url":["https://api.github.com/users/jigetage"],"html_url":["https://github.com/jigetage"],"followers_url":["https://api.github.com/users/jigetage/followers"],"following_url":["https://api.github.com/users/jigetage/following{/other_user}"],"gists_url":["https://api.github.com/users/jigetage/gists{/gist_id}"],"starred_url":["https://api.github.com/users/jigetage/starred{/owner}{/repo}"],"subscriptions_url":["https://api.github.com/users/jigetage/subscriptions"],"organizations_url":["https://api.github.com/users/jigetage/orgs"],"repos_url":["https://api.github.com/users/jigetage/repos"],"events_url":["https://api.github.com/users/jigetage/events{/privacy}"],"received_events_url":["https://api.github.com/users/jigetage/received_events"],"type":["User"],"site_admin":[false]},"labels":[],"state":["open"],"locked":[false],"assignee":{},"assignees":[],"milestone":{},"comments":[1],"created_at":["2019-01-09T09:02:13Z"],"updated_at":["2019-01-09T09:08:42Z"],"closed_at":{},"author_association":["NONE"],"body":[""]},{"url":["https://api.github.com/repos/gaocegege/csdn-blog-export/issues/4"],"repository_url":["https://api.github.com/repos/gaocegege/csdn-blog-export"],"labels_url":["https://api.github.com/repos/gaocegege/csdn-blog-export/issues/4/labels{/name}"],"comments_url":["https://api.github.com/repos/gaocegege/csdn-blog-export/issues/4/comments"],"events_url":["https://api.github.com/repos/gaocegege/csdn-blog-export/issues/4/events"],"html_url":["https://github.com/gaocegege/csdn-blog-export/issues/4"],"id":[331495301],"node_id":["MDU6SXNzdWUzMzE0OTUzMDE="],"number":[4],"title":["报错AttributeError: 'NoneType' object has no attribute 'find_all'`"],"user":{"login":["nenhall"],"id":[19990465],"node_id":["MDQ6VXNlcjE5OTkwNDY1"],"avatar_url":["https://avatars1.githubusercontent.com/u/19990465?v=4"],"gravatar_id":[""],"url":["https://api.github.com/users/nenhall"],"html_url":["https://github.com/nenhall"],"followers_url":["https://api.github.com/users/nenhall/followers"],"following_url":["https://api.github.com/users/nenhall/following{/other_user}"],"gists_url":["https://api.github.com/users/nenhall/gists{/gist_id}"],"starred_url":["https://api.github.com/users/nenhall/starred{/owner}{/repo}"],"subscriptions_url":["https://api.github.com/users/nenhall/subscriptions"],"organizations_url":["https://api.github.com/users/nenhall/orgs"],"repos_url":["https://api.github.com/users/nenhall/repos"],"events_url":["https://api.github.com/users/nenhall/events{/privacy}"],"received_events_url":["https://api.github.com/users/nenhall/received_events"],"type":["User"],"site_admin":[false]},"labels":[{"id":[195632364],"node_id":["MDU6TGFiZWwxOTU2MzIzNjQ="],"url":["https://api.github.com/repos/gaocegege/csdn-blog-export/labels/question"],"name":["question"],"color":["cc317c"],"default":[true]}],"state":["open"],"locked":[false],"assignee":{},"assignees":[],"milestone":{},"comments":[0],"created_at":["2018-06-12T08:51:28Z"],"updated_at":["2018-06-12T08:59:08Z"],"closed_at":{},"author_association":["NONE"],"body":["```\r\n/usr/local/lib/python2.7/site-packages/beautifulsoup4-4.6.0-py2.7.egg/bs4/__init__.py:181: UserWarning: No parser was explicitly specified, so I'm using the best available HTML parser for this system (\"html.parser\"). This usually isn't a problem, but if you run this code on another system, or in a different virtual environment, it may use a different parser and behave differently.\r\n\r\nThe code that caused this warning is on line 202 of the file toHexo.py. To get rid of this warning, change code that looks like this:\r\n\r\n BeautifulSoup(YOUR_MARKUP})\r\n\r\nto this:\r\n\r\n BeautifulSoup(YOUR_MARKUP, \"html.parser\")\r\n\r\n  markup_type=markup_type))\r\nTraceback (most recent call last):\r\n  File \"toHexo.py\", line 202, in <module>\r\n    main()\r\n  File \"toHexo.py\", line 198, in main\r\n    parser.run(url, args.page, args.type)\r\n  File \"toHexo.py\", line 162, in run\r\n    self.getAllArticleUrl(url)\r\n  File \"toHexo.py\", line 143, in getAllArticleUrl\r\n    self.getPageNum(self.get(url))\r\n  File \"toHexo.py\", line 137, in getPageNum\r\n    pages = ul.find_all('a', class_=\"page-link\")\r\nAttributeError: 'NoneType' object has no attribute 'find_all'\r\n```\r\n不懂python语言 ，请帮助处理下"]},{"url":["https://api.github.com/repos/gaocegege/csdn-blog-export/issues/3"],"repository_url":["https://api.github.com/repos/gaocegege/csdn-blog-export"],"labels_url":["https://api.github.com/repos/gaocegege/csdn-blog-export/issues/3/labels{/name}"],"comments_url":["https://api.github.com/repos/gaocegege/csdn-blog-export/issues/3/comments"],"events_url":["https://api.github.com/repos/gaocegege/csdn-blog-export/issues/3/events"],"html_url":["https://github.com/gaocegege/csdn-blog-export/issues/3"],"id":[290394375],"node_id":["MDU6SXNzdWUyOTAzOTQzNzU="],"number":[3],"title":["如果能识别代码块，加上代码块的修饰就好了"],"user":{"login":["zhaikaishun"],"id":[20888083],"node_id":["MDQ6VXNlcjIwODg4MDgz"],"avatar_url":["https://avatars3.githubusercontent.com/u/20888083?v=4"],"gravatar_id":[""],"url":["https://api.github.com/users/zhaikaishun"],"html_url":["https://github.com/zhaikaishun"],"followers_url":["https://api.github.com/users/zhaikaishun/followers"],"following_url":["https://api.github.com/users/zhaikaishun/following{/other_user}"],"gists_url":["https://api.github.com/users/zhaikaishun/gists{/gist_id}"],"starred_url":["https://api.github.com/users/zhaikaishun/starred{/owner}{/repo}"],"subscriptions_url":["https://api.github.com/users/zhaikaishun/subscriptions"],"organizations_url":["https://api.github.com/users/zhaikaishun/orgs"],"repos_url":["https://api.github.com/users/zhaikaishun/repos"],"events_url":["https://api.github.com/users/zhaikaishun/events{/privacy}"],"received_events_url":["https://api.github.com/users/zhaikaishun/received_events"],"type":["User"],"site_admin":[false]},"labels":[],"state":["closed"],"locked":[false],"assignee":{},"assignees":[],"milestone":{},"comments":[1],"created_at":["2018-01-22T09:11:56Z"],"updated_at":["2018-02-09T05:12:14Z"],"closed_at":["2018-02-09T05:12:14Z"],"author_association":["NONE"],"body":["```\r\n这里面的代码块，无法加上上下的点\r\n```\r\n"]},{"url":["https://api.github.com/repos/gaocegege/csdn-blog-export/issues/2"],"repository_url":["https://api.github.com/repos/gaocegege/csdn-blog-export"],"labels_url":["https://api.github.com/repos/gaocegege/csdn-blog-export/issues/2/labels{/name}"],"comments_url":["https://api.github.com/repos/gaocegege/csdn-blog-export/issues/2/comments"],"events_url":["https://api.github.com/repos/gaocegege/csdn-blog-export/issues/2/events"],"html_url":["https://github.com/gaocegege/csdn-blog-export/issues/2"],"id":[239427985],"node_id":["MDU6SXNzdWUyMzk0Mjc5ODU="],"number":[2],"title":["为什么我按照你的方法导出 报错"],"user":{"login":["bujieshi"],"id":[11283431],"node_id":["MDQ6VXNlcjExMjgzNDMx"],"avatar_url":["https://avatars0.githubusercontent.com/u/11283431?v=4"],"gravatar_id":[""],"url":["https://api.github.com/users/bujieshi"],"html_url":["https://github.com/bujieshi"],"followers_url":["https://api.github.com/users/bujieshi/followers"],"following_url":["https://api.github.com/users/bujieshi/following{/other_user}"],"gists_url":["https://api.github.com/users/bujieshi/gists{/gist_id}"],"starred_url":["https://api.github.com/users/bujieshi/starred{/owner}{/repo}"],"subscriptions_url":["https://api.github.com/users/bujieshi/subscriptions"],"organizations_url":["https://api.github.com/users/bujieshi/orgs"],"repos_url":["https://api.github.com/users/bujieshi/repos"],"events_url":["https://api.github.com/users/bujieshi/events{/privacy}"],"received_events_url":["https://api.github.com/users/bujieshi/received_events"],"type":["User"],"site_admin":[false]},"labels":[],"state":["closed"],"locked":[false],"assignee":{},"assignees":[],"milestone":{},"comments":[8],"created_at":["2017-06-29T10:05:08Z"],"updated_at":["2017-09-11T03:32:59Z"],"closed_at":["2017-07-10T07:46:43Z"],"author_association":["NONE"],"body":["Phase 1: Getting the link\r\nTraceback (most recent call last):\r\n  File \"./main.py\", line 209, in <module>\r\n    main(sys.argv[1:])\r\n  File \"./main.py\", line 206, in main\r\n    parser.run(url, page, form)\r\n  File \"./main.py\", line 162, in run\r\n    self.getAllArticleLink(url)\r\n  File \"./main.py\", line 142, in getAllArticleLink\r\n    self.getPageNum(self.get(url))\r\n  File \"./main.py\", line 123, in getPageNum\r\n    pageList = self.getContent(soup).find(id='papelist')\r\n  File \"./main.py\", line 56, in getContent\r\n    return soup.find(id='container').find(id='body').find(id='main').find(class_='main')\r\nAttributeError: 'NoneType' object has no attribute 'find'"]},{"url":["https://api.github.com/repos/gaocegege/csdn-blog-export/issues/1"],"repository_url":["https://api.github.com/repos/gaocegege/csdn-blog-export"],"labels_url":["https://api.github.com/repos/gaocegege/csdn-blog-export/issues/1/labels{/name}"],"comments_url":["https://api.github.com/repos/gaocegege/csdn-blog-export/issues/1/comments"],"events_url":["https://api.github.com/repos/gaocegege/csdn-blog-export/issues/1/events"],"html_url":["https://github.com/gaocegege/csdn-blog-export/issues/1"],"id":[151786438],"node_id":["MDU6SXNzdWUxNTE3ODY0Mzg="],"number":[1],"title":["Cannot get 'pagelist'"],"user":{"login":["cedrusx"],"id":[17380916],"node_id":["MDQ6VXNlcjE3MzgwOTE2"],"avatar_url":["https://avatars1.githubusercontent.com/u/17380916?v=4"],"gravatar_id":[""],"url":["https://api.github.com/users/cedrusx"],"html_url":["https://github.com/cedrusx"],"followers_url":["https://api.github.com/users/cedrusx/followers"],"following_url":["https://api.github.com/users/cedrusx/following{/other_user}"],"gists_url":["https://api.github.com/users/cedrusx/gists{/gist_id}"],"starred_url":["https://api.github.com/users/cedrusx/starred{/owner}{/repo}"],"subscriptions_url":["https://api.github.com/users/cedrusx/subscriptions"],"organizations_url":["https://api.github.com/users/cedrusx/orgs"],"repos_url":["https://api.github.com/users/cedrusx/repos"],"events_url":["https://api.github.com/users/cedrusx/events{/privacy}"],"received_events_url":["https://api.github.com/users/cedrusx/received_events"],"type":["User"],"site_admin":[false]},"labels":[],"state":["closed"],"locked":[false],"assignee":{},"assignees":[],"milestone":{},"comments":[7],"created_at":["2016-04-29T03:26:54Z"],"updated_at":["2016-05-03T09:32:21Z"],"closed_at":["2016-05-02T03:15:30Z"],"author_association":["NONE"],"body":["Hi Gao, is this tool still supposed to work for now? I got an error as below. Could you have a check? Thanks!\n\nTraceback (most recent call last):\n  File \"main.py\", line 202, in <module>\n    main(sys.argv[1:])\n  File \"main.py\", line 199, in main\n    parser.run(url, page, form)\n  File \"main.py\", line 155, in run\n    self.getAllArticleLink(url)\n  File \"main.py\", line 135, in getAllArticleLink\n    self.getPageNum(self.get(url))\n  File \"main.py\", line 122, in getPageNum\n    res = self.getContent(soup).find(id='papelist').span\nAttributeError: 'NoneType' object has no attribute 'span'\n"]}]
