[{"url":["https://api.github.com/repos/gaocegege/CSE-Labs/issues/1"],"repository_url":["https://api.github.com/repos/gaocegege/CSE-Labs"],"labels_url":["https://api.github.com/repos/gaocegege/CSE-Labs/issues/1/labels{/name}"],"comments_url":["https://api.github.com/repos/gaocegege/CSE-Labs/issues/1/comments"],"events_url":["https://api.github.com/repos/gaocegege/CSE-Labs/issues/1/events"],"html_url":["https://github.com/gaocegege/CSE-Labs/issues/1"],"id":[122556537],"node_id":["MDU6SXNzdWUxMjI1NTY1Mzc="],"number":[1],"title":["高策学弟，你的wechat ID是什么，我想加下你。"],"user":{"login":["gzc"],"id":[3725560],"node_id":["MDQ6VXNlcjM3MjU1NjA="],"avatar_url":["https://avatars3.githubusercontent.com/u/3725560?v=4"],"gravatar_id":[""],"url":["https://api.github.com/users/gzc"],"html_url":["https://github.com/gzc"],"followers_url":["https://api.github.com/users/gzc/followers"],"following_url":["https://api.github.com/users/gzc/following{/other_user}"],"gists_url":["https://api.github.com/users/gzc/gists{/gist_id}"],"starred_url":["https://api.github.com/users/gzc/starred{/owner}{/repo}"],"subscriptions_url":["https://api.github.com/users/gzc/subscriptions"],"organizations_url":["https://api.github.com/users/gzc/orgs"],"repos_url":["https://api.github.com/users/gzc/repos"],"events_url":["https://api.github.com/users/gzc/events{/privacy}"],"received_events_url":["https://api.github.com/users/gzc/received_events"],"type":["User"],"site_admin":[false]},"labels":[],"state":["closed"],"locked":[false],"assignee":{},"assignees":[],"milestone":{},"comments":[0],"created_at":["2015-12-16T17:10:34Z"],"updated_at":["2015-12-17T01:47:47Z"],"closed_at":["2015-12-17T01:47:47Z"],"author_association":["NONE"],"body":["有一些问题问你！\n"]}]
