[{"url":["https://api.github.com/repos/gaocegege/csp-final-paper-2016/issues/7"],"repository_url":["https://api.github.com/repos/gaocegege/csp-final-paper-2016"],"labels_url":["https://api.github.com/repos/gaocegege/csp-final-paper-2016/issues/7/labels{/name}"],"comments_url":["https://api.github.com/repos/gaocegege/csp-final-paper-2016/issues/7/comments"],"events_url":["https://api.github.com/repos/gaocegege/csp-final-paper-2016/issues/7/events"],"html_url":["https://github.com/gaocegege/csp-final-paper-2016/pull/7"],"id":[197679701],"node_id":["MDExOlB1bGxSZXF1ZXN0OTk0Mjc3NDQ="],"number":[7],"title":["add tucao section"],"user":{"login":["gaocegege"],"id":[5100735],"node_id":["MDQ6VXNlcjUxMDA3MzU="],"avatar_url":["https://avatars3.githubusercontent.com/u/5100735?v=4"],"gravatar_id":[""],"url":["https://api.github.com/users/gaocegege"],"html_url":["https://github.com/gaocegege"],"followers_url":["https://api.github.com/users/gaocegege/followers"],"following_url":["https://api.github.com/users/gaocegege/following{/other_user}"],"gists_url":["https://api.github.com/users/gaocegege/gists{/gist_id}"],"starred_url":["https://api.github.com/users/gaocegege/starred{/owner}{/repo}"],"subscriptions_url":["https://api.github.com/users/gaocegege/subscriptions"],"organizations_url":["https://api.github.com/users/gaocegege/orgs"],"repos_url":["https://api.github.com/users/gaocegege/repos"],"events_url":["https://api.github.com/users/gaocegege/events{/privacy}"],"received_events_url":["https://api.github.com/users/gaocegege/received_events"],"type":["User"],"site_admin":[false]},"labels":[],"state":["closed"],"locked":[false],"assignee":{},"assignees":[],"milestone":{},"comments":[0],"created_at":["2016-12-27T10:10:58Z"],"updated_at":["2016-12-27T10:18:20Z"],"closed_at":["2016-12-27T10:18:20Z"],"author_association":["OWNER"],"pull_request":{"url":["https://api.github.com/repos/gaocegege/csp-final-paper-2016/pulls/7"],"html_url":["https://github.com/gaocegege/csp-final-paper-2016/pull/7"],"diff_url":["https://github.com/gaocegege/csp-final-paper-2016/pull/7.diff"],"patch_url":["https://github.com/gaocegege/csp-final-paper-2016/pull/7.patch"]},"body":["Signed-off-by: Ce Gao <ce.gao@outlook.com>"]},{"url":["https://api.github.com/repos/gaocegege/csp-final-paper-2016/issues/6"],"repository_url":["https://api.github.com/repos/gaocegege/csp-final-paper-2016"],"labels_url":["https://api.github.com/repos/gaocegege/csp-final-paper-2016/issues/6/labels{/name}"],"comments_url":["https://api.github.com/repos/gaocegege/csp-final-paper-2016/issues/6/comments"],"events_url":["https://api.github.com/repos/gaocegege/csp-final-paper-2016/issues/6/events"],"html_url":["https://github.com/gaocegege/csp-final-paper-2016/pull/6"],"id":[197449596],"node_id":["MDExOlB1bGxSZXF1ZXN0OTkyOTYwMjQ="],"number":[6],"title":["add section 4"],"user":{"login":["gaocegege"],"id":[5100735],"node_id":["MDQ6VXNlcjUxMDA3MzU="],"avatar_url":["https://avatars3.githubusercontent.com/u/5100735?v=4"],"gravatar_id":[""],"url":["https://api.github.com/users/gaocegege"],"html_url":["https://github.com/gaocegege"],"followers_url":["https://api.github.com/users/gaocegege/followers"],"following_url":["https://api.github.com/users/gaocegege/following{/other_user}"],"gists_url":["https://api.github.com/users/gaocegege/gists{/gist_id}"],"starred_url":["https://api.github.com/users/gaocegege/starred{/owner}{/repo}"],"subscriptions_url":["https://api.github.com/users/gaocegege/subscriptions"],"organizations_url":["https://api.github.com/users/gaocegege/orgs"],"repos_url":["https://api.github.com/users/gaocegege/repos"],"events_url":["https://api.github.com/users/gaocegege/events{/privacy}"],"received_events_url":["https://api.github.com/users/gaocegege/received_events"],"type":["User"],"site_admin":[false]},"labels":[],"state":["closed"],"locked":[false],"assignee":{},"assignees":[],"milestone":{},"comments":[0],"created_at":["2016-12-24T05:43:16Z"],"updated_at":["2016-12-24T05:43:22Z"],"closed_at":["2016-12-24T05:43:22Z"],"author_association":["OWNER"],"pull_request":{"url":["https://api.github.com/repos/gaocegege/csp-final-paper-2016/pulls/6"],"html_url":["https://github.com/gaocegege/csp-final-paper-2016/pull/6"],"diff_url":["https://github.com/gaocegege/csp-final-paper-2016/pull/6.diff"],"patch_url":["https://github.com/gaocegege/csp-final-paper-2016/pull/6.patch"]},"body":["Signed-off-by: Ce Gao <ce.gao@outlook.com>"]},{"url":["https://api.github.com/repos/gaocegege/csp-final-paper-2016/issues/5"],"repository_url":["https://api.github.com/repos/gaocegege/csp-final-paper-2016"],"labels_url":["https://api.github.com/repos/gaocegege/csp-final-paper-2016/issues/5/labels{/name}"],"comments_url":["https://api.github.com/repos/gaocegege/csp-final-paper-2016/issues/5/comments"],"events_url":["https://api.github.com/repos/gaocegege/csp-final-paper-2016/issues/5/events"],"html_url":["https://github.com/gaocegege/csp-final-paper-2016/pull/5"],"id":[197170146],"node_id":["MDExOlB1bGxSZXF1ZXN0OTkxMDA4ODE="],"number":[5],"title":["add nacl section"],"user":{"login":["gaocegege"],"id":[5100735],"node_id":["MDQ6VXNlcjUxMDA3MzU="],"avatar_url":["https://avatars3.githubusercontent.com/u/5100735?v=4"],"gravatar_id":[""],"url":["https://api.github.com/users/gaocegege"],"html_url":["https://github.com/gaocegege"],"followers_url":["https://api.github.com/users/gaocegege/followers"],"following_url":["https://api.github.com/users/gaocegege/following{/other_user}"],"gists_url":["https://api.github.com/users/gaocegege/gists{/gist_id}"],"starred_url":["https://api.github.com/users/gaocegege/starred{/owner}{/repo}"],"subscriptions_url":["https://api.github.com/users/gaocegege/subscriptions"],"organizations_url":["https://api.github.com/users/gaocegege/orgs"],"repos_url":["https://api.github.com/users/gaocegege/repos"],"events_url":["https://api.github.com/users/gaocegege/events{/privacy}"],"received_events_url":["https://api.github.com/users/gaocegege/received_events"],"type":["User"],"site_admin":[false]},"labels":[],"state":["closed"],"locked":[false],"assignee":{},"assignees":[],"milestone":{},"comments":[0],"created_at":["2016-12-22T13:03:15Z"],"updated_at":["2016-12-22T13:03:28Z"],"closed_at":["2016-12-22T13:03:28Z"],"author_association":["OWNER"],"pull_request":{"url":["https://api.github.com/repos/gaocegege/csp-final-paper-2016/pulls/5"],"html_url":["https://github.com/gaocegege/csp-final-paper-2016/pull/5"],"diff_url":["https://github.com/gaocegege/csp-final-paper-2016/pull/5.diff"],"patch_url":["https://github.com/gaocegege/csp-final-paper-2016/pull/5.patch"]},"body":["Signed-off-by: Ce Gao <ce.gao@outlook.com>"]},{"url":["https://api.github.com/repos/gaocegege/csp-final-paper-2016/issues/4"],"repository_url":["https://api.github.com/repos/gaocegege/csp-final-paper-2016"],"labels_url":["https://api.github.com/repos/gaocegege/csp-final-paper-2016/issues/4/labels{/name}"],"comments_url":["https://api.github.com/repos/gaocegege/csp-final-paper-2016/issues/4/comments"],"events_url":["https://api.github.com/repos/gaocegege/csp-final-paper-2016/issues/4/events"],"html_url":["https://github.com/gaocegege/csp-final-paper-2016/issues/4"],"id":[196588022],"node_id":["MDU6SXNzdWUxOTY1ODgwMjI="],"number":[4],"title":["图片位置调整等有关格式的问题"],"user":{"login":["gaocegege"],"id":[5100735],"node_id":["MDQ6VXNlcjUxMDA3MzU="],"avatar_url":["https://avatars3.githubusercontent.com/u/5100735?v=4"],"gravatar_id":[""],"url":["https://api.github.com/users/gaocegege"],"html_url":["https://github.com/gaocegege"],"followers_url":["https://api.github.com/users/gaocegege/followers"],"following_url":["https://api.github.com/users/gaocegege/following{/other_user}"],"gists_url":["https://api.github.com/users/gaocegege/gists{/gist_id}"],"starred_url":["https://api.github.com/users/gaocegege/starred{/owner}{/repo}"],"subscriptions_url":["https://api.github.com/users/gaocegege/subscriptions"],"organizations_url":["https://api.github.com/users/gaocegege/orgs"],"repos_url":["https://api.github.com/users/gaocegege/repos"],"events_url":["https://api.github.com/users/gaocegege/events{/privacy}"],"received_events_url":["https://api.github.com/users/gaocegege/received_events"],"type":["User"],"site_admin":[false]},"labels":[],"state":["closed"],"locked":[false],"assignee":{"login":["gaocegege"],"id":[5100735],"node_id":["MDQ6VXNlcjUxMDA3MzU="],"avatar_url":["https://avatars3.githubusercontent.com/u/5100735?v=4"],"gravatar_id":[""],"url":["https://api.github.com/users/gaocegege"],"html_url":["https://github.com/gaocegege"],"followers_url":["https://api.github.com/users/gaocegege/followers"],"following_url":["https://api.github.com/users/gaocegege/following{/other_user}"],"gists_url":["https://api.github.com/users/gaocegege/gists{/gist_id}"],"starred_url":["https://api.github.com/users/gaocegege/starred{/owner}{/repo}"],"subscriptions_url":["https://api.github.com/users/gaocegege/subscriptions"],"organizations_url":["https://api.github.com/users/gaocegege/orgs"],"repos_url":["https://api.github.com/users/gaocegege/repos"],"events_url":["https://api.github.com/users/gaocegege/events{/privacy}"],"received_events_url":["https://api.github.com/users/gaocegege/received_events"],"type":["User"],"site_admin":[false]},"assignees":[{"login":["gaocegege"],"id":[5100735],"node_id":["MDQ6VXNlcjUxMDA3MzU="],"avatar_url":["https://avatars3.githubusercontent.com/u/5100735?v=4"],"gravatar_id":[""],"url":["https://api.github.com/users/gaocegege"],"html_url":["https://github.com/gaocegege"],"followers_url":["https://api.github.com/users/gaocegege/followers"],"following_url":["https://api.github.com/users/gaocegege/following{/other_user}"],"gists_url":["https://api.github.com/users/gaocegege/gists{/gist_id}"],"starred_url":["https://api.github.com/users/gaocegege/starred{/owner}{/repo}"],"subscriptions_url":["https://api.github.com/users/gaocegege/subscriptions"],"organizations_url":["https://api.github.com/users/gaocegege/orgs"],"repos_url":["https://api.github.com/users/gaocegege/repos"],"events_url":["https://api.github.com/users/gaocegege/events{/privacy}"],"received_events_url":["https://api.github.com/users/gaocegege/received_events"],"type":["User"],"site_admin":[false]}],"milestone":{"url":["https://api.github.com/repos/gaocegege/csp-final-paper-2016/milestones/1"],"html_url":["https://github.com/gaocegege/csp-final-paper-2016/milestone/1"],"labels_url":["https://api.github.com/repos/gaocegege/csp-final-paper-2016/milestones/1/labels"],"id":[2206463],"node_id":["MDk6TWlsZXN0b25lMjIwNjQ2Mw=="],"number":[1],"title":["Final"],"description":["最终稿"],"creator":{"login":["gaocegege"],"id":[5100735],"node_id":["MDQ6VXNlcjUxMDA3MzU="],"avatar_url":["https://avatars3.githubusercontent.com/u/5100735?v=4"],"gravatar_id":[""],"url":["https://api.github.com/users/gaocegege"],"html_url":["https://github.com/gaocegege"],"followers_url":["https://api.github.com/users/gaocegege/followers"],"following_url":["https://api.github.com/users/gaocegege/following{/other_user}"],"gists_url":["https://api.github.com/users/gaocegege/gists{/gist_id}"],"starred_url":["https://api.github.com/users/gaocegege/starred{/owner}{/repo}"],"subscriptions_url":["https://api.github.com/users/gaocegege/subscriptions"],"organizations_url":["https://api.github.com/users/gaocegege/orgs"],"repos_url":["https://api.github.com/users/gaocegege/repos"],"events_url":["https://api.github.com/users/gaocegege/events{/privacy}"],"received_events_url":["https://api.github.com/users/gaocegege/received_events"],"type":["User"],"site_admin":[false]},"open_issues":[0],"closed_issues":[3],"state":["open"],"created_at":["2016-12-20T05:10:05Z"],"updated_at":["2017-01-03T08:13:15Z"],"due_on":["2016-12-30T08:00:00Z"],"closed_at":{}},"comments":[0],"created_at":["2016-12-20T05:12:58Z"],"updated_at":["2017-01-03T08:13:15Z"],"closed_at":["2017-01-03T08:13:15Z"],"author_association":["OWNER"],"body":["delay 到其他工作都做完才能开始"]},{"url":["https://api.github.com/repos/gaocegege/csp-final-paper-2016/issues/3"],"repository_url":["https://api.github.com/repos/gaocegege/csp-final-paper-2016"],"labels_url":["https://api.github.com/repos/gaocegege/csp-final-paper-2016/issues/3/labels{/name}"],"comments_url":["https://api.github.com/repos/gaocegege/csp-final-paper-2016/issues/3/comments"],"events_url":["https://api.github.com/repos/gaocegege/csp-final-paper-2016/issues/3/events"],"html_url":["https://github.com/gaocegege/csp-final-paper-2016/issues/3"],"id":[196587905],"node_id":["MDU6SXNzdWUxOTY1ODc5MDU="],"number":[3],"title":["添加目录"],"user":{"login":["gaocegege"],"id":[5100735],"node_id":["MDQ6VXNlcjUxMDA3MzU="],"avatar_url":["https://avatars3.githubusercontent.com/u/5100735?v=4"],"gravatar_id":[""],"url":["https://api.github.com/users/gaocegege"],"html_url":["https://github.com/gaocegege"],"followers_url":["https://api.github.com/users/gaocegege/followers"],"following_url":["https://api.github.com/users/gaocegege/following{/other_user}"],"gists_url":["https://api.github.com/users/gaocegege/gists{/gist_id}"],"starred_url":["https://api.github.com/users/gaocegege/starred{/owner}{/repo}"],"subscriptions_url":["https://api.github.com/users/gaocegege/subscriptions"],"organizations_url":["https://api.github.com/users/gaocegege/orgs"],"repos_url":["https://api.github.com/users/gaocegege/repos"],"events_url":["https://api.github.com/users/gaocegege/events{/privacy}"],"received_events_url":["https://api.github.com/users/gaocegege/received_events"],"type":["User"],"site_admin":[false]},"labels":[],"state":["closed"],"locked":[false],"assignee":{"login":["darkness-y"],"id":[13075492],"node_id":["MDQ6VXNlcjEzMDc1NDky"],"avatar_url":["https://avatars0.githubusercontent.com/u/13075492?v=4"],"gravatar_id":[""],"url":["https://api.github.com/users/darkness-y"],"html_url":["https://github.com/darkness-y"],"followers_url":["https://api.github.com/users/darkness-y/followers"],"following_url":["https://api.github.com/users/darkness-y/following{/other_user}"],"gists_url":["https://api.github.com/users/darkness-y/gists{/gist_id}"],"starred_url":["https://api.github.com/users/darkness-y/starred{/owner}{/repo}"],"subscriptions_url":["https://api.github.com/users/darkness-y/subscriptions"],"organizations_url":["https://api.github.com/users/darkness-y/orgs"],"repos_url":["https://api.github.com/users/darkness-y/repos"],"events_url":["https://api.github.com/users/darkness-y/events{/privacy}"],"received_events_url":["https://api.github.com/users/darkness-y/received_events"],"type":["User"],"site_admin":[false]},"assignees":[{"login":["darkness-y"],"id":[13075492],"node_id":["MDQ6VXNlcjEzMDc1NDky"],"avatar_url":["https://avatars0.githubusercontent.com/u/13075492?v=4"],"gravatar_id":[""],"url":["https://api.github.com/users/darkness-y"],"html_url":["https://github.com/darkness-y"],"followers_url":["https://api.github.com/users/darkness-y/followers"],"following_url":["https://api.github.com/users/darkness-y/following{/other_user}"],"gists_url":["https://api.github.com/users/darkness-y/gists{/gist_id}"],"starred_url":["https://api.github.com/users/darkness-y/starred{/owner}{/repo}"],"subscriptions_url":["https://api.github.com/users/darkness-y/subscriptions"],"organizations_url":["https://api.github.com/users/darkness-y/orgs"],"repos_url":["https://api.github.com/users/darkness-y/repos"],"events_url":["https://api.github.com/users/darkness-y/events{/privacy}"],"received_events_url":["https://api.github.com/users/darkness-y/received_events"],"type":["User"],"site_admin":[false]}],"milestone":{"url":["https://api.github.com/repos/gaocegege/csp-final-paper-2016/milestones/1"],"html_url":["https://github.com/gaocegege/csp-final-paper-2016/milestone/1"],"labels_url":["https://api.github.com/repos/gaocegege/csp-final-paper-2016/milestones/1/labels"],"id":[2206463],"node_id":["MDk6TWlsZXN0b25lMjIwNjQ2Mw=="],"number":[1],"title":["Final"],"description":["最终稿"],"creator":{"login":["gaocegege"],"id":[5100735],"node_id":["MDQ6VXNlcjUxMDA3MzU="],"avatar_url":["https://avatars3.githubusercontent.com/u/5100735?v=4"],"gravatar_id":[""],"url":["https://api.github.com/users/gaocegege"],"html_url":["https://github.com/gaocegege"],"followers_url":["https://api.github.com/users/gaocegege/followers"],"following_url":["https://api.github.com/users/gaocegege/following{/other_user}"],"gists_url":["https://api.github.com/users/gaocegege/gists{/gist_id}"],"starred_url":["https://api.github.com/users/gaocegege/starred{/owner}{/repo}"],"subscriptions_url":["https://api.github.com/users/gaocegege/subscriptions"],"organizations_url":["https://api.github.com/users/gaocegege/orgs"],"repos_url":["https://api.github.com/users/gaocegege/repos"],"events_url":["https://api.github.com/users/gaocegege/events{/privacy}"],"received_events_url":["https://api.github.com/users/gaocegege/received_events"],"type":["User"],"site_admin":[false]},"open_issues":[0],"closed_issues":[3],"state":["open"],"created_at":["2016-12-20T05:10:05Z"],"updated_at":["2017-01-03T08:13:15Z"],"due_on":["2016-12-30T08:00:00Z"],"closed_at":{}},"comments":[1],"created_at":["2016-12-20T05:11:43Z"],"updated_at":["2016-12-29T09:10:45Z"],"closed_at":["2016-12-29T09:10:45Z"],"author_association":["OWNER"],"body":["ref https://github.com/gaocegege/csp-final-paper-2016/issues/1#issuecomment-268156217"]},{"url":["https://api.github.com/repos/gaocegege/csp-final-paper-2016/issues/2"],"repository_url":["https://api.github.com/repos/gaocegege/csp-final-paper-2016"],"labels_url":["https://api.github.com/repos/gaocegege/csp-final-paper-2016/issues/2/labels{/name}"],"comments_url":["https://api.github.com/repos/gaocegege/csp-final-paper-2016/issues/2/comments"],"events_url":["https://api.github.com/repos/gaocegege/csp-final-paper-2016/issues/2/events"],"html_url":["https://github.com/gaocegege/csp-final-paper-2016/issues/2"],"id":[196587626],"node_id":["MDU6SXNzdWUxOTY1ODc2MjY="],"number":[2],"title":["论文内容补全"],"user":{"login":["gaocegege"],"id":[5100735],"node_id":["MDQ6VXNlcjUxMDA3MzU="],"avatar_url":["https://avatars3.githubusercontent.com/u/5100735?v=4"],"gravatar_id":[""],"url":["https://api.github.com/users/gaocegege"],"html_url":["https://github.com/gaocegege"],"followers_url":["https://api.github.com/users/gaocegege/followers"],"following_url":["https://api.github.com/users/gaocegege/following{/other_user}"],"gists_url":["https://api.github.com/users/gaocegege/gists{/gist_id}"],"starred_url":["https://api.github.com/users/gaocegege/starred{/owner}{/repo}"],"subscriptions_url":["https://api.github.com/users/gaocegege/subscriptions"],"organizations_url":["https://api.github.com/users/gaocegege/orgs"],"repos_url":["https://api.github.com/users/gaocegege/repos"],"events_url":["https://api.github.com/users/gaocegege/events{/privacy}"],"received_events_url":["https://api.github.com/users/gaocegege/received_events"],"type":["User"],"site_admin":[false]},"labels":[{"id":[494081020],"node_id":["MDU6TGFiZWw0OTQwODEwMjA="],"url":["https://api.github.com/repos/gaocegege/csp-final-paper-2016/labels/enhancement"],"name":["enhancement"],"color":["84b6eb"],"default":[true]}],"state":["closed"],"locked":[false],"assignee":{"login":["gaocegege"],"id":[5100735],"node_id":["MDQ6VXNlcjUxMDA3MzU="],"avatar_url":["https://avatars3.githubusercontent.com/u/5100735?v=4"],"gravatar_id":[""],"url":["https://api.github.com/users/gaocegege"],"html_url":["https://github.com/gaocegege"],"followers_url":["https://api.github.com/users/gaocegege/followers"],"following_url":["https://api.github.com/users/gaocegege/following{/other_user}"],"gists_url":["https://api.github.com/users/gaocegege/gists{/gist_id}"],"starred_url":["https://api.github.com/users/gaocegege/starred{/owner}{/repo}"],"subscriptions_url":["https://api.github.com/users/gaocegege/subscriptions"],"organizations_url":["https://api.github.com/users/gaocegege/orgs"],"repos_url":["https://api.github.com/users/gaocegege/repos"],"events_url":["https://api.github.com/users/gaocegege/events{/privacy}"],"received_events_url":["https://api.github.com/users/gaocegege/received_events"],"type":["User"],"site_admin":[false]},"assignees":[{"login":["gaocegege"],"id":[5100735],"node_id":["MDQ6VXNlcjUxMDA3MzU="],"avatar_url":["https://avatars3.githubusercontent.com/u/5100735?v=4"],"gravatar_id":[""],"url":["https://api.github.com/users/gaocegege"],"html_url":["https://github.com/gaocegege"],"followers_url":["https://api.github.com/users/gaocegege/followers"],"following_url":["https://api.github.com/users/gaocegege/following{/other_user}"],"gists_url":["https://api.github.com/users/gaocegege/gists{/gist_id}"],"starred_url":["https://api.github.com/users/gaocegege/starred{/owner}{/repo}"],"subscriptions_url":["https://api.github.com/users/gaocegege/subscriptions"],"organizations_url":["https://api.github.com/users/gaocegege/orgs"],"repos_url":["https://api.github.com/users/gaocegege/repos"],"events_url":["https://api.github.com/users/gaocegege/events{/privacy}"],"received_events_url":["https://api.github.com/users/gaocegege/received_events"],"type":["User"],"site_admin":[false]},{"login":["darkness-y"],"id":[13075492],"node_id":["MDQ6VXNlcjEzMDc1NDky"],"avatar_url":["https://avatars0.githubusercontent.com/u/13075492?v=4"],"gravatar_id":[""],"url":["https://api.github.com/users/darkness-y"],"html_url":["https://github.com/darkness-y"],"followers_url":["https://api.github.com/users/darkness-y/followers"],"following_url":["https://api.github.com/users/darkness-y/following{/other_user}"],"gists_url":["https://api.github.com/users/darkness-y/gists{/gist_id}"],"starred_url":["https://api.github.com/users/darkness-y/starred{/owner}{/repo}"],"subscriptions_url":["https://api.github.com/users/darkness-y/subscriptions"],"organizations_url":["https://api.github.com/users/darkness-y/orgs"],"repos_url":["https://api.github.com/users/darkness-y/repos"],"events_url":["https://api.github.com/users/darkness-y/events{/privacy}"],"received_events_url":["https://api.github.com/users/darkness-y/received_events"],"type":["User"],"site_admin":[false]}],"milestone":{"url":["https://api.github.com/repos/gaocegege/csp-final-paper-2016/milestones/1"],"html_url":["https://github.com/gaocegege/csp-final-paper-2016/milestone/1"],"labels_url":["https://api.github.com/repos/gaocegege/csp-final-paper-2016/milestones/1/labels"],"id":[2206463],"node_id":["MDk6TWlsZXN0b25lMjIwNjQ2Mw=="],"number":[1],"title":["Final"],"description":["最终稿"],"creator":{"login":["gaocegege"],"id":[5100735],"node_id":["MDQ6VXNlcjUxMDA3MzU="],"avatar_url":["https://avatars3.githubusercontent.com/u/5100735?v=4"],"gravatar_id":[""],"url":["https://api.github.com/users/gaocegege"],"html_url":["https://github.com/gaocegege"],"followers_url":["https://api.github.com/users/gaocegege/followers"],"following_url":["https://api.github.com/users/gaocegege/following{/other_user}"],"gists_url":["https://api.github.com/users/gaocegege/gists{/gist_id}"],"starred_url":["https://api.github.com/users/gaocegege/starred{/owner}{/repo}"],"subscriptions_url":["https://api.github.com/users/gaocegege/subscriptions"],"organizations_url":["https://api.github.com/users/gaocegege/orgs"],"repos_url":["https://api.github.com/users/gaocegege/repos"],"events_url":["https://api.github.com/users/gaocegege/events{/privacy}"],"received_events_url":["https://api.github.com/users/gaocegege/received_events"],"type":["User"],"site_admin":[false]},"open_issues":[0],"closed_issues":[3],"state":["open"],"created_at":["2016-12-20T05:10:05Z"],"updated_at":["2017-01-03T08:13:15Z"],"due_on":["2016-12-30T08:00:00Z"],"closed_at":{}},"comments":[0],"created_at":["2016-12-20T05:08:45Z"],"updated_at":["2016-12-29T09:10:38Z"],"closed_at":["2016-12-29T09:10:38Z"],"author_association":["OWNER"],"body":["TODO list\r\n\r\n- [x] SFI 部分\r\n- [x] Capability 部分\r\n- [x] 对比\r\n- [x] 讨论以及未来研究点的总结"]},{"url":["https://api.github.com/repos/gaocegege/csp-final-paper-2016/issues/1"],"repository_url":["https://api.github.com/repos/gaocegege/csp-final-paper-2016"],"labels_url":["https://api.github.com/repos/gaocegege/csp-final-paper-2016/issues/1/labels{/name}"],"comments_url":["https://api.github.com/repos/gaocegege/csp-final-paper-2016/issues/1/comments"],"events_url":["https://api.github.com/repos/gaocegege/csp-final-paper-2016/issues/1/events"],"html_url":["https://github.com/gaocegege/csp-final-paper-2016/issues/1"],"id":[193808431],"node_id":["MDU6SXNzdWUxOTM4MDg0MzE="],"number":[1],"title":["First Draft"],"user":{"login":["gaocegege"],"id":[5100735],"node_id":["MDQ6VXNlcjUxMDA3MzU="],"avatar_url":["https://avatars3.githubusercontent.com/u/5100735?v=4"],"gravatar_id":[""],"url":["https://api.github.com/users/gaocegege"],"html_url":["https://github.com/gaocegege"],"followers_url":["https://api.github.com/users/gaocegege/followers"],"following_url":["https://api.github.com/users/gaocegege/following{/other_user}"],"gists_url":["https://api.github.com/users/gaocegege/gists{/gist_id}"],"starred_url":["https://api.github.com/users/gaocegege/starred{/owner}{/repo}"],"subscriptions_url":["https://api.github.com/users/gaocegege/subscriptions"],"organizations_url":["https://api.github.com/users/gaocegege/orgs"],"repos_url":["https://api.github.com/users/gaocegege/repos"],"events_url":["https://api.github.com/users/gaocegege/events{/privacy}"],"received_events_url":["https://api.github.com/users/gaocegege/received_events"],"type":["User"],"site_admin":[false]},"labels":[],"state":["closed"],"locked":[false],"assignee":{},"assignees":[],"milestone":{},"comments":[2],"created_at":["2016-12-06T15:52:44Z"],"updated_at":["2016-12-20T05:08:03Z"],"closed_at":["2016-12-20T05:08:03Z"],"author_association":["OWNER"],"body":["FYI\r\n\r\nDead Line: 12.15"]}]
