[{"url":["https://api.github.com/repos/gaocegege/csp-final-paper-2015/issues/7"],"repository_url":["https://api.github.com/repos/gaocegege/csp-final-paper-2015"],"labels_url":["https://api.github.com/repos/gaocegege/csp-final-paper-2015/issues/7/labels{/name}"],"comments_url":["https://api.github.com/repos/gaocegege/csp-final-paper-2015/issues/7/comments"],"events_url":["https://api.github.com/repos/gaocegege/csp-final-paper-2015/issues/7/events"],"html_url":["https://github.com/gaocegege/csp-final-paper-2015/issues/7"],"id":[125622422],"node_id":["MDU6SXNzdWUxMjU2MjI0MjI="],"number":[7],"title":["paper reivew"],"user":{"login":["soloecho"],"id":[7734432],"node_id":["MDQ6VXNlcjc3MzQ0MzI="],"avatar_url":["https://avatars3.githubusercontent.com/u/7734432?v=4"],"gravatar_id":[""],"url":["https://api.github.com/users/soloecho"],"html_url":["https://github.com/soloecho"],"followers_url":["https://api.github.com/users/soloecho/followers"],"following_url":["https://api.github.com/users/soloecho/following{/other_user}"],"gists_url":["https://api.github.com/users/soloecho/gists{/gist_id}"],"starred_url":["https://api.github.com/users/soloecho/starred{/owner}{/repo}"],"subscriptions_url":["https://api.github.com/users/soloecho/subscriptions"],"organizations_url":["https://api.github.com/users/soloecho/orgs"],"repos_url":["https://api.github.com/users/soloecho/repos"],"events_url":["https://api.github.com/users/soloecho/events{/privacy}"],"received_events_url":["https://api.github.com/users/soloecho/received_events"],"type":["User"],"site_admin":[false]},"labels":[{"id":[300221618],"node_id":["MDU6TGFiZWwzMDAyMjE2MTg="],"url":["https://api.github.com/repos/gaocegege/csp-final-paper-2015/labels/enhancement"],"name":["enhancement"],"color":["84b6eb"],"default":[true]}],"state":["open"],"locked":[false],"assignee":{"login":["wy2745"],"id":[15070978],"node_id":["MDQ6VXNlcjE1MDcwOTc4"],"avatar_url":["https://avatars2.githubusercontent.com/u/15070978?v=4"],"gravatar_id":[""],"url":["https://api.github.com/users/wy2745"],"html_url":["https://github.com/wy2745"],"followers_url":["https://api.github.com/users/wy2745/followers"],"following_url":["https://api.github.com/users/wy2745/following{/other_user}"],"gists_url":["https://api.github.com/users/wy2745/gists{/gist_id}"],"starred_url":["https://api.github.com/users/wy2745/starred{/owner}{/repo}"],"subscriptions_url":["https://api.github.com/users/wy2745/subscriptions"],"organizations_url":["https://api.github.com/users/wy2745/orgs"],"repos_url":["https://api.github.com/users/wy2745/repos"],"events_url":["https://api.github.com/users/wy2745/events{/privacy}"],"received_events_url":["https://api.github.com/users/wy2745/received_events"],"type":["User"],"site_admin":[false]},"assignees":[{"login":["wy2745"],"id":[15070978],"node_id":["MDQ6VXNlcjE1MDcwOTc4"],"avatar_url":["https://avatars2.githubusercontent.com/u/15070978?v=4"],"gravatar_id":[""],"url":["https://api.github.com/users/wy2745"],"html_url":["https://github.com/wy2745"],"followers_url":["https://api.github.com/users/wy2745/followers"],"following_url":["https://api.github.com/users/wy2745/following{/other_user}"],"gists_url":["https://api.github.com/users/wy2745/gists{/gist_id}"],"starred_url":["https://api.github.com/users/wy2745/starred{/owner}{/repo}"],"subscriptions_url":["https://api.github.com/users/wy2745/subscriptions"],"organizations_url":["https://api.github.com/users/wy2745/orgs"],"repos_url":["https://api.github.com/users/wy2745/repos"],"events_url":["https://api.github.com/users/wy2745/events{/privacy}"],"received_events_url":["https://api.github.com/users/wy2745/received_events"],"type":["User"],"site_admin":[false]}],"milestone":{},"comments":[0],"created_at":["2016-01-08T14:29:20Z"],"updated_at":["2016-01-08T14:29:20Z"],"closed_at":{},"author_association":["COLLABORATOR"],"body":[""]},{"url":["https://api.github.com/repos/gaocegege/csp-final-paper-2015/issues/6"],"repository_url":["https://api.github.com/repos/gaocegege/csp-final-paper-2015"],"labels_url":["https://api.github.com/repos/gaocegege/csp-final-paper-2015/issues/6/labels{/name}"],"comments_url":["https://api.github.com/repos/gaocegege/csp-final-paper-2015/issues/6/comments"],"events_url":["https://api.github.com/repos/gaocegege/csp-final-paper-2015/issues/6/events"],"html_url":["https://github.com/gaocegege/csp-final-paper-2015/issues/6"],"id":[125607988],"node_id":["MDU6SXNzdWUxMjU2MDc5ODg="],"number":[6],"title":["AVIO 补充"],"user":{"login":["gaocegege"],"id":[5100735],"node_id":["MDQ6VXNlcjUxMDA3MzU="],"avatar_url":["https://avatars3.githubusercontent.com/u/5100735?v=4"],"gravatar_id":[""],"url":["https://api.github.com/users/gaocegege"],"html_url":["https://github.com/gaocegege"],"followers_url":["https://api.github.com/users/gaocegege/followers"],"following_url":["https://api.github.com/users/gaocegege/following{/other_user}"],"gists_url":["https://api.github.com/users/gaocegege/gists{/gist_id}"],"starred_url":["https://api.github.com/users/gaocegege/starred{/owner}{/repo}"],"subscriptions_url":["https://api.github.com/users/gaocegege/subscriptions"],"organizations_url":["https://api.github.com/users/gaocegege/orgs"],"repos_url":["https://api.github.com/users/gaocegege/repos"],"events_url":["https://api.github.com/users/gaocegege/events{/privacy}"],"received_events_url":["https://api.github.com/users/gaocegege/received_events"],"type":["User"],"site_admin":[false]},"labels":[{"id":[300221618],"node_id":["MDU6TGFiZWwzMDAyMjE2MTg="],"url":["https://api.github.com/repos/gaocegege/csp-final-paper-2015/labels/enhancement"],"name":["enhancement"],"color":["84b6eb"],"default":[true]}],"state":["closed"],"locked":[false],"assignee":{"login":["gaocegege"],"id":[5100735],"node_id":["MDQ6VXNlcjUxMDA3MzU="],"avatar_url":["https://avatars3.githubusercontent.com/u/5100735?v=4"],"gravatar_id":[""],"url":["https://api.github.com/users/gaocegege"],"html_url":["https://github.com/gaocegege"],"followers_url":["https://api.github.com/users/gaocegege/followers"],"following_url":["https://api.github.com/users/gaocegege/following{/other_user}"],"gists_url":["https://api.github.com/users/gaocegege/gists{/gist_id}"],"starred_url":["https://api.github.com/users/gaocegege/starred{/owner}{/repo}"],"subscriptions_url":["https://api.github.com/users/gaocegege/subscriptions"],"organizations_url":["https://api.github.com/users/gaocegege/orgs"],"repos_url":["https://api.github.com/users/gaocegege/repos"],"events_url":["https://api.github.com/users/gaocegege/events{/privacy}"],"received_events_url":["https://api.github.com/users/gaocegege/received_events"],"type":["User"],"site_admin":[false]},"assignees":[{"login":["gaocegege"],"id":[5100735],"node_id":["MDQ6VXNlcjUxMDA3MzU="],"avatar_url":["https://avatars3.githubusercontent.com/u/5100735?v=4"],"gravatar_id":[""],"url":["https://api.github.com/users/gaocegege"],"html_url":["https://github.com/gaocegege"],"followers_url":["https://api.github.com/users/gaocegege/followers"],"following_url":["https://api.github.com/users/gaocegege/following{/other_user}"],"gists_url":["https://api.github.com/users/gaocegege/gists{/gist_id}"],"starred_url":["https://api.github.com/users/gaocegege/starred{/owner}{/repo}"],"subscriptions_url":["https://api.github.com/users/gaocegege/subscriptions"],"organizations_url":["https://api.github.com/users/gaocegege/orgs"],"repos_url":["https://api.github.com/users/gaocegege/repos"],"events_url":["https://api.github.com/users/gaocegege/events{/privacy}"],"received_events_url":["https://api.github.com/users/gaocegege/received_events"],"type":["User"],"site_admin":[false]}],"milestone":{},"comments":[1],"created_at":["2016-01-08T13:00:31Z"],"updated_at":["2016-01-12T03:55:13Z"],"closed_at":["2016-01-12T03:55:13Z"],"author_association":["OWNER"],"body":["Pro con\n"]},{"url":["https://api.github.com/repos/gaocegege/csp-final-paper-2015/issues/5"],"repository_url":["https://api.github.com/repos/gaocegege/csp-final-paper-2015"],"labels_url":["https://api.github.com/repos/gaocegege/csp-final-paper-2015/issues/5/labels{/name}"],"comments_url":["https://api.github.com/repos/gaocegege/csp-final-paper-2015/issues/5/comments"],"events_url":["https://api.github.com/repos/gaocegege/csp-final-paper-2015/issues/5/events"],"html_url":["https://github.com/gaocegege/csp-final-paper-2015/issues/5"],"id":[124779602],"node_id":["MDU6SXNzdWUxMjQ3Nzk2MDI="],"number":[5],"title":["OSCS pros and cons"],"user":{"login":["soloecho"],"id":[7734432],"node_id":["MDQ6VXNlcjc3MzQ0MzI="],"avatar_url":["https://avatars3.githubusercontent.com/u/7734432?v=4"],"gravatar_id":[""],"url":["https://api.github.com/users/soloecho"],"html_url":["https://github.com/soloecho"],"followers_url":["https://api.github.com/users/soloecho/followers"],"following_url":["https://api.github.com/users/soloecho/following{/other_user}"],"gists_url":["https://api.github.com/users/soloecho/gists{/gist_id}"],"starred_url":["https://api.github.com/users/soloecho/starred{/owner}{/repo}"],"subscriptions_url":["https://api.github.com/users/soloecho/subscriptions"],"organizations_url":["https://api.github.com/users/soloecho/orgs"],"repos_url":["https://api.github.com/users/soloecho/repos"],"events_url":["https://api.github.com/users/soloecho/events{/privacy}"],"received_events_url":["https://api.github.com/users/soloecho/received_events"],"type":["User"],"site_admin":[false]},"labels":[{"id":[300221618],"node_id":["MDU6TGFiZWwzMDAyMjE2MTg="],"url":["https://api.github.com/repos/gaocegege/csp-final-paper-2015/labels/enhancement"],"name":["enhancement"],"color":["84b6eb"],"default":[true]}],"state":["closed"],"locked":[false],"assignee":{"login":["soloecho"],"id":[7734432],"node_id":["MDQ6VXNlcjc3MzQ0MzI="],"avatar_url":["https://avatars3.githubusercontent.com/u/7734432?v=4"],"gravatar_id":[""],"url":["https://api.github.com/users/soloecho"],"html_url":["https://github.com/soloecho"],"followers_url":["https://api.github.com/users/soloecho/followers"],"following_url":["https://api.github.com/users/soloecho/following{/other_user}"],"gists_url":["https://api.github.com/users/soloecho/gists{/gist_id}"],"starred_url":["https://api.github.com/users/soloecho/starred{/owner}{/repo}"],"subscriptions_url":["https://api.github.com/users/soloecho/subscriptions"],"organizations_url":["https://api.github.com/users/soloecho/orgs"],"repos_url":["https://api.github.com/users/soloecho/repos"],"events_url":["https://api.github.com/users/soloecho/events{/privacy}"],"received_events_url":["https://api.github.com/users/soloecho/received_events"],"type":["User"],"site_admin":[false]},"assignees":[{"login":["soloecho"],"id":[7734432],"node_id":["MDQ6VXNlcjc3MzQ0MzI="],"avatar_url":["https://avatars3.githubusercontent.com/u/7734432?v=4"],"gravatar_id":[""],"url":["https://api.github.com/users/soloecho"],"html_url":["https://github.com/soloecho"],"followers_url":["https://api.github.com/users/soloecho/followers"],"following_url":["https://api.github.com/users/soloecho/following{/other_user}"],"gists_url":["https://api.github.com/users/soloecho/gists{/gist_id}"],"starred_url":["https://api.github.com/users/soloecho/starred{/owner}{/repo}"],"subscriptions_url":["https://api.github.com/users/soloecho/subscriptions"],"organizations_url":["https://api.github.com/users/soloecho/orgs"],"repos_url":["https://api.github.com/users/soloecho/repos"],"events_url":["https://api.github.com/users/soloecho/events{/privacy}"],"received_events_url":["https://api.github.com/users/soloecho/received_events"],"type":["User"],"site_admin":[false]}],"milestone":{},"comments":[0],"created_at":["2016-01-04T15:33:42Z"],"updated_at":["2016-01-05T02:40:38Z"],"closed_at":["2016-01-05T02:40:38Z"],"author_association":["COLLABORATOR"],"body":[""]},{"url":["https://api.github.com/repos/gaocegege/csp-final-paper-2015/issues/4"],"repository_url":["https://api.github.com/repos/gaocegege/csp-final-paper-2015"],"labels_url":["https://api.github.com/repos/gaocegege/csp-final-paper-2015/issues/4/labels{/name}"],"comments_url":["https://api.github.com/repos/gaocegege/csp-final-paper-2015/issues/4/comments"],"events_url":["https://api.github.com/repos/gaocegege/csp-final-paper-2015/issues/4/events"],"html_url":["https://github.com/gaocegege/csp-final-paper-2015/issues/4"],"id":[124776161],"node_id":["MDU6SXNzdWUxMjQ3NzYxNjE="],"number":[4],"title":["Bug classification"],"user":{"login":["soloecho"],"id":[7734432],"node_id":["MDQ6VXNlcjc3MzQ0MzI="],"avatar_url":["https://avatars3.githubusercontent.com/u/7734432?v=4"],"gravatar_id":[""],"url":["https://api.github.com/users/soloecho"],"html_url":["https://github.com/soloecho"],"followers_url":["https://api.github.com/users/soloecho/followers"],"following_url":["https://api.github.com/users/soloecho/following{/other_user}"],"gists_url":["https://api.github.com/users/soloecho/gists{/gist_id}"],"starred_url":["https://api.github.com/users/soloecho/starred{/owner}{/repo}"],"subscriptions_url":["https://api.github.com/users/soloecho/subscriptions"],"organizations_url":["https://api.github.com/users/soloecho/orgs"],"repos_url":["https://api.github.com/users/soloecho/repos"],"events_url":["https://api.github.com/users/soloecho/events{/privacy}"],"received_events_url":["https://api.github.com/users/soloecho/received_events"],"type":["User"],"site_admin":[false]},"labels":[{"id":[300221618],"node_id":["MDU6TGFiZWwzMDAyMjE2MTg="],"url":["https://api.github.com/repos/gaocegege/csp-final-paper-2015/labels/enhancement"],"name":["enhancement"],"color":["84b6eb"],"default":[true]}],"state":["closed"],"locked":[false],"assignee":{"login":["soloecho"],"id":[7734432],"node_id":["MDQ6VXNlcjc3MzQ0MzI="],"avatar_url":["https://avatars3.githubusercontent.com/u/7734432?v=4"],"gravatar_id":[""],"url":["https://api.github.com/users/soloecho"],"html_url":["https://github.com/soloecho"],"followers_url":["https://api.github.com/users/soloecho/followers"],"following_url":["https://api.github.com/users/soloecho/following{/other_user}"],"gists_url":["https://api.github.com/users/soloecho/gists{/gist_id}"],"starred_url":["https://api.github.com/users/soloecho/starred{/owner}{/repo}"],"subscriptions_url":["https://api.github.com/users/soloecho/subscriptions"],"organizations_url":["https://api.github.com/users/soloecho/orgs"],"repos_url":["https://api.github.com/users/soloecho/repos"],"events_url":["https://api.github.com/users/soloecho/events{/privacy}"],"received_events_url":["https://api.github.com/users/soloecho/received_events"],"type":["User"],"site_admin":[false]},"assignees":[{"login":["soloecho"],"id":[7734432],"node_id":["MDQ6VXNlcjc3MzQ0MzI="],"avatar_url":["https://avatars3.githubusercontent.com/u/7734432?v=4"],"gravatar_id":[""],"url":["https://api.github.com/users/soloecho"],"html_url":["https://github.com/soloecho"],"followers_url":["https://api.github.com/users/soloecho/followers"],"following_url":["https://api.github.com/users/soloecho/following{/other_user}"],"gists_url":["https://api.github.com/users/soloecho/gists{/gist_id}"],"starred_url":["https://api.github.com/users/soloecho/starred{/owner}{/repo}"],"subscriptions_url":["https://api.github.com/users/soloecho/subscriptions"],"organizations_url":["https://api.github.com/users/soloecho/orgs"],"repos_url":["https://api.github.com/users/soloecho/repos"],"events_url":["https://api.github.com/users/soloecho/events{/privacy}"],"received_events_url":["https://api.github.com/users/soloecho/received_events"],"type":["User"],"site_admin":[false]}],"milestone":{},"comments":[0],"created_at":["2016-01-04T15:13:12Z"],"updated_at":["2016-01-04T15:32:33Z"],"closed_at":["2016-01-04T15:32:33Z"],"author_association":["COLLABORATOR"],"body":["Divide bugs into two category:\nData-race and Non-data race.\n"]},{"url":["https://api.github.com/repos/gaocegege/csp-final-paper-2015/issues/3"],"repository_url":["https://api.github.com/repos/gaocegege/csp-final-paper-2015"],"labels_url":["https://api.github.com/repos/gaocegege/csp-final-paper-2015/issues/3/labels{/name}"],"comments_url":["https://api.github.com/repos/gaocegege/csp-final-paper-2015/issues/3/comments"],"events_url":["https://api.github.com/repos/gaocegege/csp-final-paper-2015/issues/3/events"],"html_url":["https://github.com/gaocegege/csp-final-paper-2015/issues/3"],"id":[124571622],"node_id":["MDU6SXNzdWUxMjQ1NzE2MjI="],"number":[3],"title":["进行总结和比较"],"user":{"login":["gaocegege"],"id":[5100735],"node_id":["MDQ6VXNlcjUxMDA3MzU="],"avatar_url":["https://avatars3.githubusercontent.com/u/5100735?v=4"],"gravatar_id":[""],"url":["https://api.github.com/users/gaocegege"],"html_url":["https://github.com/gaocegege"],"followers_url":["https://api.github.com/users/gaocegege/followers"],"following_url":["https://api.github.com/users/gaocegege/following{/other_user}"],"gists_url":["https://api.github.com/users/gaocegege/gists{/gist_id}"],"starred_url":["https://api.github.com/users/gaocegege/starred{/owner}{/repo}"],"subscriptions_url":["https://api.github.com/users/gaocegege/subscriptions"],"organizations_url":["https://api.github.com/users/gaocegege/orgs"],"repos_url":["https://api.github.com/users/gaocegege/repos"],"events_url":["https://api.github.com/users/gaocegege/events{/privacy}"],"received_events_url":["https://api.github.com/users/gaocegege/received_events"],"type":["User"],"site_admin":[false]},"labels":[{"id":[300221618],"node_id":["MDU6TGFiZWwzMDAyMjE2MTg="],"url":["https://api.github.com/repos/gaocegege/csp-final-paper-2015/labels/enhancement"],"name":["enhancement"],"color":["84b6eb"],"default":[true]}],"state":["closed"],"locked":[false],"assignee":{},"assignees":[],"milestone":{},"comments":[0],"created_at":["2016-01-02T02:30:40Z"],"updated_at":["2017-09-20T04:06:59Z"],"closed_at":["2017-09-20T04:06:59Z"],"author_association":["OWNER"],"body":["principle:\nHybrid -> gaoce\nKISS -> liuning\nleast astonishment -> liuning\navoid rarely used components -> lijingjing\nbe explicit -> liuning\nopen design -> xiayiqian\nunyielding foundation -> gaoce\n"]},{"url":["https://api.github.com/repos/gaocegege/csp-final-paper-2015/issues/2"],"repository_url":["https://api.github.com/repos/gaocegege/csp-final-paper-2015"],"labels_url":["https://api.github.com/repos/gaocegege/csp-final-paper-2015/issues/2/labels{/name}"],"comments_url":["https://api.github.com/repos/gaocegege/csp-final-paper-2015/issues/2/comments"],"events_url":["https://api.github.com/repos/gaocegege/csp-final-paper-2015/issues/2/events"],"html_url":["https://github.com/gaocegege/csp-final-paper-2015/issues/2"],"id":[124571549],"node_id":["MDU6SXNzdWUxMjQ1NzE1NDk="],"number":[2],"title":["合并所有关于Bug的描述"],"user":{"login":["gaocegege"],"id":[5100735],"node_id":["MDQ6VXNlcjUxMDA3MzU="],"avatar_url":["https://avatars3.githubusercontent.com/u/5100735?v=4"],"gravatar_id":[""],"url":["https://api.github.com/users/gaocegege"],"html_url":["https://github.com/gaocegege"],"followers_url":["https://api.github.com/users/gaocegege/followers"],"following_url":["https://api.github.com/users/gaocegege/following{/other_user}"],"gists_url":["https://api.github.com/users/gaocegege/gists{/gist_id}"],"starred_url":["https://api.github.com/users/gaocegege/starred{/owner}{/repo}"],"subscriptions_url":["https://api.github.com/users/gaocegege/subscriptions"],"organizations_url":["https://api.github.com/users/gaocegege/orgs"],"repos_url":["https://api.github.com/users/gaocegege/repos"],"events_url":["https://api.github.com/users/gaocegege/events{/privacy}"],"received_events_url":["https://api.github.com/users/gaocegege/received_events"],"type":["User"],"site_admin":[false]},"labels":[{"id":[300221618],"node_id":["MDU6TGFiZWwzMDAyMjE2MTg="],"url":["https://api.github.com/repos/gaocegege/csp-final-paper-2015/labels/enhancement"],"name":["enhancement"],"color":["84b6eb"],"default":[true]}],"state":["closed"],"locked":[false],"assignee":{"login":["soloecho"],"id":[7734432],"node_id":["MDQ6VXNlcjc3MzQ0MzI="],"avatar_url":["https://avatars3.githubusercontent.com/u/7734432?v=4"],"gravatar_id":[""],"url":["https://api.github.com/users/soloecho"],"html_url":["https://github.com/soloecho"],"followers_url":["https://api.github.com/users/soloecho/followers"],"following_url":["https://api.github.com/users/soloecho/following{/other_user}"],"gists_url":["https://api.github.com/users/soloecho/gists{/gist_id}"],"starred_url":["https://api.github.com/users/soloecho/starred{/owner}{/repo}"],"subscriptions_url":["https://api.github.com/users/soloecho/subscriptions"],"organizations_url":["https://api.github.com/users/soloecho/orgs"],"repos_url":["https://api.github.com/users/soloecho/repos"],"events_url":["https://api.github.com/users/soloecho/events{/privacy}"],"received_events_url":["https://api.github.com/users/soloecho/received_events"],"type":["User"],"site_admin":[false]},"assignees":[{"login":["soloecho"],"id":[7734432],"node_id":["MDQ6VXNlcjc3MzQ0MzI="],"avatar_url":["https://avatars3.githubusercontent.com/u/7734432?v=4"],"gravatar_id":[""],"url":["https://api.github.com/users/soloecho"],"html_url":["https://github.com/soloecho"],"followers_url":["https://api.github.com/users/soloecho/followers"],"following_url":["https://api.github.com/users/soloecho/following{/other_user}"],"gists_url":["https://api.github.com/users/soloecho/gists{/gist_id}"],"starred_url":["https://api.github.com/users/soloecho/starred{/owner}{/repo}"],"subscriptions_url":["https://api.github.com/users/soloecho/subscriptions"],"organizations_url":["https://api.github.com/users/soloecho/orgs"],"repos_url":["https://api.github.com/users/soloecho/repos"],"events_url":["https://api.github.com/users/soloecho/events{/privacy}"],"received_events_url":["https://api.github.com/users/soloecho/received_events"],"type":["User"],"site_admin":[false]}],"milestone":{},"comments":[0],"created_at":["2016-01-02T02:29:49Z"],"updated_at":["2016-01-04T15:32:41Z"],"closed_at":["2016-01-04T15:32:41Z"],"author_association":["OWNER"],"body":["合并所有关于Bug的描述\n"]},{"url":["https://api.github.com/repos/gaocegege/csp-final-paper-2015/issues/1"],"repository_url":["https://api.github.com/repos/gaocegege/csp-final-paper-2015"],"labels_url":["https://api.github.com/repos/gaocegege/csp-final-paper-2015/issues/1/labels{/name}"],"comments_url":["https://api.github.com/repos/gaocegege/csp-final-paper-2015/issues/1/comments"],"events_url":["https://api.github.com/repos/gaocegege/csp-final-paper-2015/issues/1/events"],"html_url":["https://github.com/gaocegege/csp-final-paper-2015/issues/1"],"id":[124571491],"node_id":["MDU6SXNzdWUxMjQ1NzE0OTE="],"number":[1],"title":["缩减Goldilocks，只写idea"],"user":{"login":["gaocegege"],"id":[5100735],"node_id":["MDQ6VXNlcjUxMDA3MzU="],"avatar_url":["https://avatars3.githubusercontent.com/u/5100735?v=4"],"gravatar_id":[""],"url":["https://api.github.com/users/gaocegege"],"html_url":["https://github.com/gaocegege"],"followers_url":["https://api.github.com/users/gaocegege/followers"],"following_url":["https://api.github.com/users/gaocegege/following{/other_user}"],"gists_url":["https://api.github.com/users/gaocegege/gists{/gist_id}"],"starred_url":["https://api.github.com/users/gaocegege/starred{/owner}{/repo}"],"subscriptions_url":["https://api.github.com/users/gaocegege/subscriptions"],"organizations_url":["https://api.github.com/users/gaocegege/orgs"],"repos_url":["https://api.github.com/users/gaocegege/repos"],"events_url":["https://api.github.com/users/gaocegege/events{/privacy}"],"received_events_url":["https://api.github.com/users/gaocegege/received_events"],"type":["User"],"site_admin":[false]},"labels":[{"id":[300221618],"node_id":["MDU6TGFiZWwzMDAyMjE2MTg="],"url":["https://api.github.com/repos/gaocegege/csp-final-paper-2015/labels/enhancement"],"name":["enhancement"],"color":["84b6eb"],"default":[true]}],"state":["closed"],"locked":[false],"assignee":{"login":["gaocegege"],"id":[5100735],"node_id":["MDQ6VXNlcjUxMDA3MzU="],"avatar_url":["https://avatars3.githubusercontent.com/u/5100735?v=4"],"gravatar_id":[""],"url":["https://api.github.com/users/gaocegege"],"html_url":["https://github.com/gaocegege"],"followers_url":["https://api.github.com/users/gaocegege/followers"],"following_url":["https://api.github.com/users/gaocegege/following{/other_user}"],"gists_url":["https://api.github.com/users/gaocegege/gists{/gist_id}"],"starred_url":["https://api.github.com/users/gaocegege/starred{/owner}{/repo}"],"subscriptions_url":["https://api.github.com/users/gaocegege/subscriptions"],"organizations_url":["https://api.github.com/users/gaocegege/orgs"],"repos_url":["https://api.github.com/users/gaocegege/repos"],"events_url":["https://api.github.com/users/gaocegege/events{/privacy}"],"received_events_url":["https://api.github.com/users/gaocegege/received_events"],"type":["User"],"site_admin":[false]},"assignees":[{"login":["gaocegege"],"id":[5100735],"node_id":["MDQ6VXNlcjUxMDA3MzU="],"avatar_url":["https://avatars3.githubusercontent.com/u/5100735?v=4"],"gravatar_id":[""],"url":["https://api.github.com/users/gaocegege"],"html_url":["https://github.com/gaocegege"],"followers_url":["https://api.github.com/users/gaocegege/followers"],"following_url":["https://api.github.com/users/gaocegege/following{/other_user}"],"gists_url":["https://api.github.com/users/gaocegege/gists{/gist_id}"],"starred_url":["https://api.github.com/users/gaocegege/starred{/owner}{/repo}"],"subscriptions_url":["https://api.github.com/users/gaocegege/subscriptions"],"organizations_url":["https://api.github.com/users/gaocegege/orgs"],"repos_url":["https://api.github.com/users/gaocegege/repos"],"events_url":["https://api.github.com/users/gaocegege/events{/privacy}"],"received_events_url":["https://api.github.com/users/gaocegege/received_events"],"type":["User"],"site_admin":[false]}],"milestone":{},"comments":[0],"created_at":["2016-01-02T02:26:08Z"],"updated_at":["2016-01-04T07:12:14Z"],"closed_at":["2016-01-04T07:12:14Z"],"author_association":["OWNER"],"body":["缩减Goldilocks，只写idea\n"]}]
