[{"url":["https://api.github.com/repos/gaocegege/cv/issues/1"],"repository_url":["https://api.github.com/repos/gaocegege/cv"],"labels_url":["https://api.github.com/repos/gaocegege/cv/issues/1/labels{/name}"],"comments_url":["https://api.github.com/repos/gaocegege/cv/issues/1/comments"],"events_url":["https://api.github.com/repos/gaocegege/cv/issues/1/events"],"html_url":["https://github.com/gaocegege/cv/issues/1"],"id":[269962773],"node_id":["MDU6SXNzdWUyNjk5NjI3NzM="],"number":[1],"title":["Add open source contributions"],"user":{"login":["gaocegege"],"id":[5100735],"node_id":["MDQ6VXNlcjUxMDA3MzU="],"avatar_url":["https://avatars3.githubusercontent.com/u/5100735?v=4"],"gravatar_id":[""],"url":["https://api.github.com/users/gaocegege"],"html_url":["https://github.com/gaocegege"],"followers_url":["https://api.github.com/users/gaocegege/followers"],"following_url":["https://api.github.com/users/gaocegege/following{/other_user}"],"gists_url":["https://api.github.com/users/gaocegege/gists{/gist_id}"],"starred_url":["https://api.github.com/users/gaocegege/starred{/owner}{/repo}"],"subscriptions_url":["https://api.github.com/users/gaocegege/subscriptions"],"organizations_url":["https://api.github.com/users/gaocegege/orgs"],"repos_url":["https://api.github.com/users/gaocegege/repos"],"events_url":["https://api.github.com/users/gaocegege/events{/privacy}"],"received_events_url":["https://api.github.com/users/gaocegege/received_events"],"type":["User"],"site_admin":[false]},"labels":[],"state":["closed"],"locked":[false],"assignee":{},"assignees":[],"milestone":{},"comments":[0],"created_at":["2017-10-31T13:43:22Z"],"updated_at":["2017-11-20T06:39:25Z"],"closed_at":["2017-11-20T06:39:25Z"],"author_association":["OWNER"],"body":[""]}]
