[{"url":["https://api.github.com/repos/gaocegege/cyclone/issues/4"],"repository_url":["https://api.github.com/repos/gaocegege/cyclone"],"labels_url":["https://api.github.com/repos/gaocegege/cyclone/issues/4/labels{/name}"],"comments_url":["https://api.github.com/repos/gaocegege/cyclone/issues/4/comments"],"events_url":["https://api.github.com/repos/gaocegege/cyclone/issues/4/events"],"html_url":["https://github.com/gaocegege/cyclone/pull/4"],"id":[199726901],"node_id":["MDExOlB1bGxSZXF1ZXN0MTAwODA2ODgx"],"number":[4],"title":["Test jenkins"],"user":{"login":["gaocegege"],"id":[5100735],"node_id":["MDQ6VXNlcjUxMDA3MzU="],"avatar_url":["https://avatars3.githubusercontent.com/u/5100735?v=4"],"gravatar_id":[""],"url":["https://api.github.com/users/gaocegege"],"html_url":["https://github.com/gaocegege"],"followers_url":["https://api.github.com/users/gaocegege/followers"],"following_url":["https://api.github.com/users/gaocegege/following{/other_user}"],"gists_url":["https://api.github.com/users/gaocegege/gists{/gist_id}"],"starred_url":["https://api.github.com/users/gaocegege/starred{/owner}{/repo}"],"subscriptions_url":["https://api.github.com/users/gaocegege/subscriptions"],"organizations_url":["https://api.github.com/users/gaocegege/orgs"],"repos_url":["https://api.github.com/users/gaocegege/repos"],"events_url":["https://api.github.com/users/gaocegege/events{/privacy}"],"received_events_url":["https://api.github.com/users/gaocegege/received_events"],"type":["User"],"site_admin":[false]},"labels":[],"state":["closed"],"locked":[false],"assignee":{},"assignees":[],"milestone":{},"comments":[2],"created_at":["2017-01-10T03:53:18Z"],"updated_at":["2017-01-10T03:58:56Z"],"closed_at":["2017-01-10T03:58:56Z"],"author_association":["OWNER"],"pull_request":{"url":["https://api.github.com/repos/gaocegege/cyclone/pulls/4"],"html_url":["https://github.com/gaocegege/cyclone/pull/4"],"diff_url":["https://github.com/gaocegege/cyclone/pull/4.diff"],"patch_url":["https://github.com/gaocegege/cyclone/pull/4.patch"]},"body":[""]},{"url":["https://api.github.com/repos/gaocegege/cyclone/issues/3"],"repository_url":["https://api.github.com/repos/gaocegege/cyclone"],"labels_url":["https://api.github.com/repos/gaocegege/cyclone/issues/3/labels{/name}"],"comments_url":["https://api.github.com/repos/gaocegege/cyclone/issues/3/comments"],"events_url":["https://api.github.com/repos/gaocegege/cyclone/issues/3/events"],"html_url":["https://github.com/gaocegege/cyclone/pull/3"],"id":[199726454],"node_id":["MDExOlB1bGxSZXF1ZXN0MTAwODA2NTcx"],"number":[3],"title":["Test jenkins"],"user":{"login":["gaocegege"],"id":[5100735],"node_id":["MDQ6VXNlcjUxMDA3MzU="],"avatar_url":["https://avatars3.githubusercontent.com/u/5100735?v=4"],"gravatar_id":[""],"url":["https://api.github.com/users/gaocegege"],"html_url":["https://github.com/gaocegege"],"followers_url":["https://api.github.com/users/gaocegege/followers"],"following_url":["https://api.github.com/users/gaocegege/following{/other_user}"],"gists_url":["https://api.github.com/users/gaocegege/gists{/gist_id}"],"starred_url":["https://api.github.com/users/gaocegege/starred{/owner}{/repo}"],"subscriptions_url":["https://api.github.com/users/gaocegege/subscriptions"],"organizations_url":["https://api.github.com/users/gaocegege/orgs"],"repos_url":["https://api.github.com/users/gaocegege/repos"],"events_url":["https://api.github.com/users/gaocegege/events{/privacy}"],"received_events_url":["https://api.github.com/users/gaocegege/received_events"],"type":["User"],"site_admin":[false]},"labels":[],"state":["closed"],"locked":[false],"assignee":{},"assignees":[],"milestone":{},"comments":[3],"created_at":["2017-01-10T03:48:42Z"],"updated_at":["2017-01-10T03:52:52Z"],"closed_at":["2017-01-10T03:52:52Z"],"author_association":["OWNER"],"pull_request":{"url":["https://api.github.com/repos/gaocegege/cyclone/pulls/3"],"html_url":["https://github.com/gaocegege/cyclone/pull/3"],"diff_url":["https://github.com/gaocegege/cyclone/pull/3.diff"],"patch_url":["https://github.com/gaocegege/cyclone/pull/3.patch"]},"body":[""]},{"url":["https://api.github.com/repos/gaocegege/cyclone/issues/2"],"repository_url":["https://api.github.com/repos/gaocegege/cyclone"],"labels_url":["https://api.github.com/repos/gaocegege/cyclone/issues/2/labels{/name}"],"comments_url":["https://api.github.com/repos/gaocegege/cyclone/issues/2/comments"],"events_url":["https://api.github.com/repos/gaocegege/cyclone/issues/2/events"],"html_url":["https://github.com/gaocegege/cyclone/pull/2"],"id":[188393184],"node_id":["MDExOlB1bGxSZXF1ZXN0OTMwNjgwNjI="],"number":[2],"title":["Test Travis"],"user":{"login":["gaocegege"],"id":[5100735],"node_id":["MDQ6VXNlcjUxMDA3MzU="],"avatar_url":["https://avatars3.githubusercontent.com/u/5100735?v=4"],"gravatar_id":[""],"url":["https://api.github.com/users/gaocegege"],"html_url":["https://github.com/gaocegege"],"followers_url":["https://api.github.com/users/gaocegege/followers"],"following_url":["https://api.github.com/users/gaocegege/following{/other_user}"],"gists_url":["https://api.github.com/users/gaocegege/gists{/gist_id}"],"starred_url":["https://api.github.com/users/gaocegege/starred{/owner}{/repo}"],"subscriptions_url":["https://api.github.com/users/gaocegege/subscriptions"],"organizations_url":["https://api.github.com/users/gaocegege/orgs"],"repos_url":["https://api.github.com/users/gaocegege/repos"],"events_url":["https://api.github.com/users/gaocegege/events{/privacy}"],"received_events_url":["https://api.github.com/users/gaocegege/received_events"],"type":["User"],"site_admin":[false]},"labels":[],"state":["closed"],"locked":[false],"assignee":{},"assignees":[],"milestone":{},"comments":[0],"created_at":["2016-11-10T00:57:25Z"],"updated_at":["2016-11-11T02:23:03Z"],"closed_at":["2016-11-11T02:23:03Z"],"author_association":["OWNER"],"pull_request":{"url":["https://api.github.com/repos/gaocegege/cyclone/pulls/2"],"html_url":["https://github.com/gaocegege/cyclone/pull/2"],"diff_url":["https://github.com/gaocegege/cyclone/pull/2.diff"],"patch_url":["https://github.com/gaocegege/cyclone/pull/2.patch"]},"body":[""]},{"url":["https://api.github.com/repos/gaocegege/cyclone/issues/1"],"repository_url":["https://api.github.com/repos/gaocegege/cyclone"],"labels_url":["https://api.github.com/repos/gaocegege/cyclone/issues/1/labels{/name}"],"comments_url":["https://api.github.com/repos/gaocegege/cyclone/issues/1/comments"],"events_url":["https://api.github.com/repos/gaocegege/cyclone/issues/1/events"],"html_url":["https://github.com/gaocegege/cyclone/pull/1"],"id":[187891527],"node_id":["MDExOlB1bGxSZXF1ZXN0OTI3MDgzMDg="],"number":[1],"title":["test travis"],"user":{"login":["gaocegege"],"id":[5100735],"node_id":["MDQ6VXNlcjUxMDA3MzU="],"avatar_url":["https://avatars3.githubusercontent.com/u/5100735?v=4"],"gravatar_id":[""],"url":["https://api.github.com/users/gaocegege"],"html_url":["https://github.com/gaocegege"],"followers_url":["https://api.github.com/users/gaocegege/followers"],"following_url":["https://api.github.com/users/gaocegege/following{/other_user}"],"gists_url":["https://api.github.com/users/gaocegege/gists{/gist_id}"],"starred_url":["https://api.github.com/users/gaocegege/starred{/owner}{/repo}"],"subscriptions_url":["https://api.github.com/users/gaocegege/subscriptions"],"organizations_url":["https://api.github.com/users/gaocegege/orgs"],"repos_url":["https://api.github.com/users/gaocegege/repos"],"events_url":["https://api.github.com/users/gaocegege/events{/privacy}"],"received_events_url":["https://api.github.com/users/gaocegege/received_events"],"type":["User"],"site_admin":[false]},"labels":[],"state":["closed"],"locked":[false],"assignee":{},"assignees":[],"milestone":{},"comments":[0],"created_at":["2016-11-08T03:17:06Z"],"updated_at":["2016-11-08T08:02:37Z"],"closed_at":["2016-11-08T08:02:37Z"],"author_association":["OWNER"],"pull_request":{"url":["https://api.github.com/repos/gaocegege/cyclone/pulls/1"],"html_url":["https://github.com/gaocegege/cyclone/pull/1"],"diff_url":["https://github.com/gaocegege/cyclone/pull/1.diff"],"patch_url":["https://github.com/gaocegege/cyclone/pull/1.patch"]},"body":[""]}]
