[{"url":["https://api.github.com/repos/gaocegege/flower-power/issues/4"],"repository_url":["https://api.github.com/repos/gaocegege/flower-power"],"labels_url":["https://api.github.com/repos/gaocegege/flower-power/issues/4/labels{/name}"],"comments_url":["https://api.github.com/repos/gaocegege/flower-power/issues/4/comments"],"events_url":["https://api.github.com/repos/gaocegege/flower-power/issues/4/events"],"html_url":["https://github.com/gaocegege/flower-power/issues/4"],"id":[358121860],"node_id":["MDU6SXNzdWUzNTgxMjE4NjA="],"number":[4],"title":["好甜~甜到掉牙了【星星眼】"],"user":{"login":["ElementMo"],"id":[27777504],"node_id":["MDQ6VXNlcjI3Nzc3NTA0"],"avatar_url":["https://avatars2.githubusercontent.com/u/27777504?v=4"],"gravatar_id":[""],"url":["https://api.github.com/users/ElementMo"],"html_url":["https://github.com/ElementMo"],"followers_url":["https://api.github.com/users/ElementMo/followers"],"following_url":["https://api.github.com/users/ElementMo/following{/other_user}"],"gists_url":["https://api.github.com/users/ElementMo/gists{/gist_id}"],"starred_url":["https://api.github.com/users/ElementMo/starred{/owner}{/repo}"],"subscriptions_url":["https://api.github.com/users/ElementMo/subscriptions"],"organizations_url":["https://api.github.com/users/ElementMo/orgs"],"repos_url":["https://api.github.com/users/ElementMo/repos"],"events_url":["https://api.github.com/users/ElementMo/events{/privacy}"],"received_events_url":["https://api.github.com/users/ElementMo/received_events"],"type":["User"],"site_admin":[false]},"labels":[],"state":["open"],"locked":[false],"assignee":{},"assignees":[],"milestone":{},"comments":[2],"created_at":["2018-09-07T15:52:38Z"],"updated_at":["2018-09-08T07:19:02Z"],"closed_at":{},"author_association":["NONE"],"body":["(•̀⌄•́)"]},{"url":["https://api.github.com/repos/gaocegege/flower-power/issues/3"],"repository_url":["https://api.github.com/repos/gaocegege/flower-power"],"labels_url":["https://api.github.com/repos/gaocegege/flower-power/issues/3/labels{/name}"],"comments_url":["https://api.github.com/repos/gaocegege/flower-power/issues/3/comments"],"events_url":["https://api.github.com/repos/gaocegege/flower-power/issues/3/events"],"html_url":["https://github.com/gaocegege/flower-power/issues/3"],"id":[171036998],"node_id":["MDU6SXNzdWUxNzEwMzY5OTg="],"number":[3],"title":["添加processing.js支持"],"user":{"login":["gaocegege"],"id":[5100735],"node_id":["MDQ6VXNlcjUxMDA3MzU="],"avatar_url":["https://avatars3.githubusercontent.com/u/5100735?v=4"],"gravatar_id":[""],"url":["https://api.github.com/users/gaocegege"],"html_url":["https://github.com/gaocegege"],"followers_url":["https://api.github.com/users/gaocegege/followers"],"following_url":["https://api.github.com/users/gaocegege/following{/other_user}"],"gists_url":["https://api.github.com/users/gaocegege/gists{/gist_id}"],"starred_url":["https://api.github.com/users/gaocegege/starred{/owner}{/repo}"],"subscriptions_url":["https://api.github.com/users/gaocegege/subscriptions"],"organizations_url":["https://api.github.com/users/gaocegege/orgs"],"repos_url":["https://api.github.com/users/gaocegege/repos"],"events_url":["https://api.github.com/users/gaocegege/events{/privacy}"],"received_events_url":["https://api.github.com/users/gaocegege/received_events"],"type":["User"],"site_admin":[false]},"labels":[],"state":["closed"],"locked":[false],"assignee":{"login":["gaocegege"],"id":[5100735],"node_id":["MDQ6VXNlcjUxMDA3MzU="],"avatar_url":["https://avatars3.githubusercontent.com/u/5100735?v=4"],"gravatar_id":[""],"url":["https://api.github.com/users/gaocegege"],"html_url":["https://github.com/gaocegege"],"followers_url":["https://api.github.com/users/gaocegege/followers"],"following_url":["https://api.github.com/users/gaocegege/following{/other_user}"],"gists_url":["https://api.github.com/users/gaocegege/gists{/gist_id}"],"starred_url":["https://api.github.com/users/gaocegege/starred{/owner}{/repo}"],"subscriptions_url":["https://api.github.com/users/gaocegege/subscriptions"],"organizations_url":["https://api.github.com/users/gaocegege/orgs"],"repos_url":["https://api.github.com/users/gaocegege/repos"],"events_url":["https://api.github.com/users/gaocegege/events{/privacy}"],"received_events_url":["https://api.github.com/users/gaocegege/received_events"],"type":["User"],"site_admin":[false]},"assignees":[{"login":["gaocegege"],"id":[5100735],"node_id":["MDQ6VXNlcjUxMDA3MzU="],"avatar_url":["https://avatars3.githubusercontent.com/u/5100735?v=4"],"gravatar_id":[""],"url":["https://api.github.com/users/gaocegege"],"html_url":["https://github.com/gaocegege"],"followers_url":["https://api.github.com/users/gaocegege/followers"],"following_url":["https://api.github.com/users/gaocegege/following{/other_user}"],"gists_url":["https://api.github.com/users/gaocegege/gists{/gist_id}"],"starred_url":["https://api.github.com/users/gaocegege/starred{/owner}{/repo}"],"subscriptions_url":["https://api.github.com/users/gaocegege/subscriptions"],"organizations_url":["https://api.github.com/users/gaocegege/orgs"],"repos_url":["https://api.github.com/users/gaocegege/repos"],"events_url":["https://api.github.com/users/gaocegege/events{/privacy}"],"received_events_url":["https://api.github.com/users/gaocegege/received_events"],"type":["User"],"site_admin":[false]}],"milestone":{},"comments":[6],"created_at":["2016-08-14T01:38:33Z"],"updated_at":["2017-09-20T04:12:12Z"],"closed_at":["2017-09-20T04:12:12Z"],"author_association":["OWNER"],"body":["支持渲染成HTML canvas\n"]},{"url":["https://api.github.com/repos/gaocegege/flower-power/issues/2"],"repository_url":["https://api.github.com/repos/gaocegege/flower-power"],"labels_url":["https://api.github.com/repos/gaocegege/flower-power/issues/2/labels{/name}"],"comments_url":["https://api.github.com/repos/gaocegege/flower-power/issues/2/comments"],"events_url":["https://api.github.com/repos/gaocegege/flower-power/issues/2/events"],"html_url":["https://github.com/gaocegege/flower-power/issues/2"],"id":[170990446],"node_id":["MDU6SXNzdWUxNzA5OTA0NDY="],"number":[2],"title":["builder模式构建Bloom和Petal会好一些"],"user":{"login":["gaocegege"],"id":[5100735],"node_id":["MDQ6VXNlcjUxMDA3MzU="],"avatar_url":["https://avatars3.githubusercontent.com/u/5100735?v=4"],"gravatar_id":[""],"url":["https://api.github.com/users/gaocegege"],"html_url":["https://github.com/gaocegege"],"followers_url":["https://api.github.com/users/gaocegege/followers"],"following_url":["https://api.github.com/users/gaocegege/following{/other_user}"],"gists_url":["https://api.github.com/users/gaocegege/gists{/gist_id}"],"starred_url":["https://api.github.com/users/gaocegege/starred{/owner}{/repo}"],"subscriptions_url":["https://api.github.com/users/gaocegege/subscriptions"],"organizations_url":["https://api.github.com/users/gaocegege/orgs"],"repos_url":["https://api.github.com/users/gaocegege/repos"],"events_url":["https://api.github.com/users/gaocegege/events{/privacy}"],"received_events_url":["https://api.github.com/users/gaocegege/received_events"],"type":["User"],"site_admin":[false]},"labels":[],"state":["closed"],"locked":[false],"assignee":{"login":["gaocegege"],"id":[5100735],"node_id":["MDQ6VXNlcjUxMDA3MzU="],"avatar_url":["https://avatars3.githubusercontent.com/u/5100735?v=4"],"gravatar_id":[""],"url":["https://api.github.com/users/gaocegege"],"html_url":["https://github.com/gaocegege"],"followers_url":["https://api.github.com/users/gaocegege/followers"],"following_url":["https://api.github.com/users/gaocegege/following{/other_user}"],"gists_url":["https://api.github.com/users/gaocegege/gists{/gist_id}"],"starred_url":["https://api.github.com/users/gaocegege/starred{/owner}{/repo}"],"subscriptions_url":["https://api.github.com/users/gaocegege/subscriptions"],"organizations_url":["https://api.github.com/users/gaocegege/orgs"],"repos_url":["https://api.github.com/users/gaocegege/repos"],"events_url":["https://api.github.com/users/gaocegege/events{/privacy}"],"received_events_url":["https://api.github.com/users/gaocegege/received_events"],"type":["User"],"site_admin":[false]},"assignees":[{"login":["gaocegege"],"id":[5100735],"node_id":["MDQ6VXNlcjUxMDA3MzU="],"avatar_url":["https://avatars3.githubusercontent.com/u/5100735?v=4"],"gravatar_id":[""],"url":["https://api.github.com/users/gaocegege"],"html_url":["https://github.com/gaocegege"],"followers_url":["https://api.github.com/users/gaocegege/followers"],"following_url":["https://api.github.com/users/gaocegege/following{/other_user}"],"gists_url":["https://api.github.com/users/gaocegege/gists{/gist_id}"],"starred_url":["https://api.github.com/users/gaocegege/starred{/owner}{/repo}"],"subscriptions_url":["https://api.github.com/users/gaocegege/subscriptions"],"organizations_url":["https://api.github.com/users/gaocegege/orgs"],"repos_url":["https://api.github.com/users/gaocegege/repos"],"events_url":["https://api.github.com/users/gaocegege/events{/privacy}"],"received_events_url":["https://api.github.com/users/gaocegege/received_events"],"type":["User"],"site_admin":[false]}],"milestone":{},"comments":[1],"created_at":["2016-08-13T03:25:16Z"],"updated_at":["2016-08-13T07:57:12Z"],"closed_at":["2016-08-13T07:57:12Z"],"author_association":["OWNER"],"body":["像现在的那些\n\n```\nstatic final int petalCount = 9;\nstatic final double petalStretch = 2;\nstatic final double growFactor = 1.5;\nstatic final int bloomRadius = 8;\nstatic final double circle = Math.PI * 2;\n```\n\n应该是改成类内对象的方式吧，不知道为什么processing不支持类内static变量？？？再试试，不行要用builder模式写构建器来构建，全局变量太丑了\n"]},{"url":["https://api.github.com/repos/gaocegege/flower-power/issues/1"],"repository_url":["https://api.github.com/repos/gaocegege/flower-power"],"labels_url":["https://api.github.com/repos/gaocegege/flower-power/issues/1/labels{/name}"],"comments_url":["https://api.github.com/repos/gaocegege/flower-power/issues/1/comments"],"events_url":["https://api.github.com/repos/gaocegege/flower-power/issues/1/events"],"html_url":["https://github.com/gaocegege/flower-power/issues/1"],"id":[170860742],"node_id":["MDU6SXNzdWUxNzA4NjA3NDI="],"number":[1],"title":["什么鬼编辑器，空格 Tab 一起上"],"user":{"login":["gaocegege"],"id":[5100735],"node_id":["MDQ6VXNlcjUxMDA3MzU="],"avatar_url":["https://avatars3.githubusercontent.com/u/5100735?v=4"],"gravatar_id":[""],"url":["https://api.github.com/users/gaocegege"],"html_url":["https://github.com/gaocegege"],"followers_url":["https://api.github.com/users/gaocegege/followers"],"following_url":["https://api.github.com/users/gaocegege/following{/other_user}"],"gists_url":["https://api.github.com/users/gaocegege/gists{/gist_id}"],"starred_url":["https://api.github.com/users/gaocegege/starred{/owner}{/repo}"],"subscriptions_url":["https://api.github.com/users/gaocegege/subscriptions"],"organizations_url":["https://api.github.com/users/gaocegege/orgs"],"repos_url":["https://api.github.com/users/gaocegege/repos"],"events_url":["https://api.github.com/users/gaocegege/events{/privacy}"],"received_events_url":["https://api.github.com/users/gaocegege/received_events"],"type":["User"],"site_admin":[false]},"labels":[],"state":["closed"],"locked":[false],"assignee":{"login":["gaocegege"],"id":[5100735],"node_id":["MDQ6VXNlcjUxMDA3MzU="],"avatar_url":["https://avatars3.githubusercontent.com/u/5100735?v=4"],"gravatar_id":[""],"url":["https://api.github.com/users/gaocegege"],"html_url":["https://github.com/gaocegege"],"followers_url":["https://api.github.com/users/gaocegege/followers"],"following_url":["https://api.github.com/users/gaocegege/following{/other_user}"],"gists_url":["https://api.github.com/users/gaocegege/gists{/gist_id}"],"starred_url":["https://api.github.com/users/gaocegege/starred{/owner}{/repo}"],"subscriptions_url":["https://api.github.com/users/gaocegege/subscriptions"],"organizations_url":["https://api.github.com/users/gaocegege/orgs"],"repos_url":["https://api.github.com/users/gaocegege/repos"],"events_url":["https://api.github.com/users/gaocegege/events{/privacy}"],"received_events_url":["https://api.github.com/users/gaocegege/received_events"],"type":["User"],"site_admin":[false]},"assignees":[{"login":["gaocegege"],"id":[5100735],"node_id":["MDQ6VXNlcjUxMDA3MzU="],"avatar_url":["https://avatars3.githubusercontent.com/u/5100735?v=4"],"gravatar_id":[""],"url":["https://api.github.com/users/gaocegege"],"html_url":["https://github.com/gaocegege"],"followers_url":["https://api.github.com/users/gaocegege/followers"],"following_url":["https://api.github.com/users/gaocegege/following{/other_user}"],"gists_url":["https://api.github.com/users/gaocegege/gists{/gist_id}"],"starred_url":["https://api.github.com/users/gaocegege/starred{/owner}{/repo}"],"subscriptions_url":["https://api.github.com/users/gaocegege/subscriptions"],"organizations_url":["https://api.github.com/users/gaocegege/orgs"],"repos_url":["https://api.github.com/users/gaocegege/repos"],"events_url":["https://api.github.com/users/gaocegege/events{/privacy}"],"received_events_url":["https://api.github.com/users/gaocegege/received_events"],"type":["User"],"site_admin":[false]}],"milestone":{},"comments":[5],"created_at":["2016-08-12T12:29:41Z"],"updated_at":["2016-08-13T11:31:53Z"],"closed_at":["2016-08-12T12:53:23Z"],"author_association":["OWNER"],"body":[""]}]
