[{"url":["https://api.github.com/repos/gaocegege/infrastructure-in-golang/issues/2"],"repository_url":["https://api.github.com/repos/gaocegege/infrastructure-in-golang"],"labels_url":["https://api.github.com/repos/gaocegege/infrastructure-in-golang/issues/2/labels{/name}"],"comments_url":["https://api.github.com/repos/gaocegege/infrastructure-in-golang/issues/2/comments"],"events_url":["https://api.github.com/repos/gaocegege/infrastructure-in-golang/issues/2/events"],"html_url":["https://github.com/gaocegege/infrastructure-in-golang/issues/2"],"id":[221733196],"node_id":["MDU6SXNzdWUyMjE3MzMxOTY="],"number":[2],"title":["Support Hypernetes"],"user":{"login":["gaocegege"],"id":[5100735],"node_id":["MDQ6VXNlcjUxMDA3MzU="],"avatar_url":["https://avatars3.githubusercontent.com/u/5100735?v=4"],"gravatar_id":[""],"url":["https://api.github.com/users/gaocegege"],"html_url":["https://github.com/gaocegege"],"followers_url":["https://api.github.com/users/gaocegege/followers"],"following_url":["https://api.github.com/users/gaocegege/following{/other_user}"],"gists_url":["https://api.github.com/users/gaocegege/gists{/gist_id}"],"starred_url":["https://api.github.com/users/gaocegege/starred{/owner}{/repo}"],"subscriptions_url":["https://api.github.com/users/gaocegege/subscriptions"],"organizations_url":["https://api.github.com/users/gaocegege/orgs"],"repos_url":["https://api.github.com/users/gaocegege/repos"],"events_url":["https://api.github.com/users/gaocegege/events{/privacy}"],"received_events_url":["https://api.github.com/users/gaocegege/received_events"],"type":["User"],"site_admin":[false]},"labels":[],"state":["open"],"locked":[false],"assignee":{},"assignees":[],"milestone":{},"comments":[0],"created_at":["2017-04-14T03:19:57Z"],"updated_at":["2017-04-14T03:19:57Z"],"closed_at":{},"author_association":["OWNER"],"body":[""]},{"url":["https://api.github.com/repos/gaocegege/infrastructure-in-golang/issues/1"],"repository_url":["https://api.github.com/repos/gaocegege/infrastructure-in-golang"],"labels_url":["https://api.github.com/repos/gaocegege/infrastructure-in-golang/issues/1/labels{/name}"],"comments_url":["https://api.github.com/repos/gaocegege/infrastructure-in-golang/issues/1/comments"],"events_url":["https://api.github.com/repos/gaocegege/infrastructure-in-golang/issues/1/events"],"html_url":["https://github.com/gaocegege/infrastructure-in-golang/issues/1"],"id":[221731268],"node_id":["MDU6SXNzdWUyMjE3MzEyNjg="],"number":[1],"title":["Enrich the technical stack"],"user":{"login":["gaocegege"],"id":[5100735],"node_id":["MDQ6VXNlcjUxMDA3MzU="],"avatar_url":["https://avatars3.githubusercontent.com/u/5100735?v=4"],"gravatar_id":[""],"url":["https://api.github.com/users/gaocegege"],"html_url":["https://github.com/gaocegege"],"followers_url":["https://api.github.com/users/gaocegege/followers"],"following_url":["https://api.github.com/users/gaocegege/following{/other_user}"],"gists_url":["https://api.github.com/users/gaocegege/gists{/gist_id}"],"starred_url":["https://api.github.com/users/gaocegege/starred{/owner}{/repo}"],"subscriptions_url":["https://api.github.com/users/gaocegege/subscriptions"],"organizations_url":["https://api.github.com/users/gaocegege/orgs"],"repos_url":["https://api.github.com/users/gaocegege/repos"],"events_url":["https://api.github.com/users/gaocegege/events{/privacy}"],"received_events_url":["https://api.github.com/users/gaocegege/received_events"],"type":["User"],"site_admin":[false]},"labels":[{"id":[582071507],"node_id":["MDU6TGFiZWw1ODIwNzE1MDc="],"url":["https://api.github.com/repos/gaocegege/infrastructure-in-golang/labels/enhancement"],"name":["enhancement"],"color":["84b6eb"],"default":[true]}],"state":["open"],"locked":[false],"assignee":{"login":["gaocegege"],"id":[5100735],"node_id":["MDQ6VXNlcjUxMDA3MzU="],"avatar_url":["https://avatars3.githubusercontent.com/u/5100735?v=4"],"gravatar_id":[""],"url":["https://api.github.com/users/gaocegege"],"html_url":["https://github.com/gaocegege"],"followers_url":["https://api.github.com/users/gaocegege/followers"],"following_url":["https://api.github.com/users/gaocegege/following{/other_user}"],"gists_url":["https://api.github.com/users/gaocegege/gists{/gist_id}"],"starred_url":["https://api.github.com/users/gaocegege/starred{/owner}{/repo}"],"subscriptions_url":["https://api.github.com/users/gaocegege/subscriptions"],"organizations_url":["https://api.github.com/users/gaocegege/orgs"],"repos_url":["https://api.github.com/users/gaocegege/repos"],"events_url":["https://api.github.com/users/gaocegege/events{/privacy}"],"received_events_url":["https://api.github.com/users/gaocegege/received_events"],"type":["User"],"site_admin":[false]},"assignees":[{"login":["gaocegege"],"id":[5100735],"node_id":["MDQ6VXNlcjUxMDA3MzU="],"avatar_url":["https://avatars3.githubusercontent.com/u/5100735?v=4"],"gravatar_id":[""],"url":["https://api.github.com/users/gaocegege"],"html_url":["https://github.com/gaocegege"],"followers_url":["https://api.github.com/users/gaocegege/followers"],"following_url":["https://api.github.com/users/gaocegege/following{/other_user}"],"gists_url":["https://api.github.com/users/gaocegege/gists{/gist_id}"],"starred_url":["https://api.github.com/users/gaocegege/starred{/owner}{/repo}"],"subscriptions_url":["https://api.github.com/users/gaocegege/subscriptions"],"organizations_url":["https://api.github.com/users/gaocegege/orgs"],"repos_url":["https://api.github.com/users/gaocegege/repos"],"events_url":["https://api.github.com/users/gaocegege/events{/privacy}"],"received_events_url":["https://api.github.com/users/gaocegege/received_events"],"type":["User"],"site_admin":[false]}],"milestone":{},"comments":[0],"created_at":["2017-04-14T03:00:32Z"],"updated_at":["2017-04-14T03:00:32Z"],"closed_at":{},"author_association":["OWNER"],"body":["Now we have SCM, CI/CD tool, log tracing tool. It is not enough. We also need:\r\n\r\n* RPC\r\n* Event bus\r\n* Monitor\r\n"]}]
