[{"url":["https://api.github.com/repos/gaocegege/kubetidb/issues/1"],"repository_url":["https://api.github.com/repos/gaocegege/kubetidb"],"labels_url":["https://api.github.com/repos/gaocegege/kubetidb/issues/1/labels{/name}"],"comments_url":["https://api.github.com/repos/gaocegege/kubetidb/issues/1/comments"],"events_url":["https://api.github.com/repos/gaocegege/kubetidb/issues/1/events"],"html_url":["https://github.com/gaocegege/kubetidb/pull/1"],"id":[288149162],"node_id":["MDExOlB1bGxSZXF1ZXN0MTYyNjUzMTI1"],"number":[1],"title":["WIP"],"user":{"login":["gaocegege"],"id":[5100735],"node_id":["MDQ6VXNlcjUxMDA3MzU="],"avatar_url":["https://avatars3.githubusercontent.com/u/5100735?v=4"],"gravatar_id":[""],"url":["https://api.github.com/users/gaocegege"],"html_url":["https://github.com/gaocegege"],"followers_url":["https://api.github.com/users/gaocegege/followers"],"following_url":["https://api.github.com/users/gaocegege/following{/other_user}"],"gists_url":["https://api.github.com/users/gaocegege/gists{/gist_id}"],"starred_url":["https://api.github.com/users/gaocegege/starred{/owner}{/repo}"],"subscriptions_url":["https://api.github.com/users/gaocegege/subscriptions"],"organizations_url":["https://api.github.com/users/gaocegege/orgs"],"repos_url":["https://api.github.com/users/gaocegege/repos"],"events_url":["https://api.github.com/users/gaocegege/events{/privacy}"],"received_events_url":["https://api.github.com/users/gaocegege/received_events"],"type":["User"],"site_admin":[false]},"labels":[],"state":["open"],"locked":[false],"assignee":{},"assignees":[],"milestone":{},"comments":[2],"created_at":["2018-01-12T15:12:37Z"],"updated_at":["2018-03-02T09:41:10Z"],"closed_at":{},"author_association":["OWNER"],"pull_request":{"url":["https://api.github.com/repos/gaocegege/kubetidb/pulls/1"],"html_url":["https://github.com/gaocegege/kubetidb/pull/1"],"diff_url":["https://github.com/gaocegege/kubetidb/pull/1.diff"],"patch_url":["https://github.com/gaocegege/kubetidb/pull/1.patch"]},"body":["Signed-off-by: Ce Gao <ce.gao@outlook.com>"]}]
