[{"url":["https://api.github.com/repos/gaocegege/kubeflow-benchmarks/issues/1"],"repository_url":["https://api.github.com/repos/gaocegege/kubeflow-benchmarks"],"labels_url":["https://api.github.com/repos/gaocegege/kubeflow-benchmarks/issues/1/labels{/name}"],"comments_url":["https://api.github.com/repos/gaocegege/kubeflow-benchmarks/issues/1/comments"],"events_url":["https://api.github.com/repos/gaocegege/kubeflow-benchmarks/issues/1/events"],"html_url":["https://github.com/gaocegege/kubeflow-benchmarks/issues/1"],"id":[363840232],"node_id":["MDU6SXNzdWUzNjM4NDAyMzI="],"number":[1],"title":["Distributed"],"user":{"login":["gaocegege"],"id":[5100735],"node_id":["MDQ6VXNlcjUxMDA3MzU="],"avatar_url":["https://avatars3.githubusercontent.com/u/5100735?v=4"],"gravatar_id":[""],"url":["https://api.github.com/users/gaocegege"],"html_url":["https://github.com/gaocegege"],"followers_url":["https://api.github.com/users/gaocegege/followers"],"following_url":["https://api.github.com/users/gaocegege/following{/other_user}"],"gists_url":["https://api.github.com/users/gaocegege/gists{/gist_id}"],"starred_url":["https://api.github.com/users/gaocegege/starred{/owner}{/repo}"],"subscriptions_url":["https://api.github.com/users/gaocegege/subscriptions"],"organizations_url":["https://api.github.com/users/gaocegege/orgs"],"repos_url":["https://api.github.com/users/gaocegege/repos"],"events_url":["https://api.github.com/users/gaocegege/events{/privacy}"],"received_events_url":["https://api.github.com/users/gaocegege/received_events"],"type":["User"],"site_admin":[false]},"labels":[],"state":["open"],"locked":[false],"assignee":{},"assignees":[],"milestone":{},"comments":[1],"created_at":["2018-09-26T03:04:29Z"],"updated_at":["2018-09-26T03:53:35Z"],"closed_at":{},"author_association":["OWNER"],"body":["https://github.com/tensorflow/benchmarks/issues/65"]}]
