[{"url":["https://api.github.com/repos/gaocegege/LLVM-Simple-Wrapper/issues/2"],"repository_url":["https://api.github.com/repos/gaocegege/LLVM-Simple-Wrapper"],"labels_url":["https://api.github.com/repos/gaocegege/LLVM-Simple-Wrapper/issues/2/labels{/name}"],"comments_url":["https://api.github.com/repos/gaocegege/LLVM-Simple-Wrapper/issues/2/comments"],"events_url":["https://api.github.com/repos/gaocegege/LLVM-Simple-Wrapper/issues/2/events"],"html_url":["https://github.com/gaocegege/LLVM-Simple-Wrapper/pull/2"],"id":[52738076],"node_id":["MDExOlB1bGxSZXF1ZXN0MjY1MDg5NDI="],"number":[2],"title":["fix -std=c++11"],"user":{"login":["hczhcz"],"id":[3832986],"node_id":["MDQ6VXNlcjM4MzI5ODY="],"avatar_url":["https://avatars0.githubusercontent.com/u/3832986?v=4"],"gravatar_id":[""],"url":["https://api.github.com/users/hczhcz"],"html_url":["https://github.com/hczhcz"],"followers_url":["https://api.github.com/users/hczhcz/followers"],"following_url":["https://api.github.com/users/hczhcz/following{/other_user}"],"gists_url":["https://api.github.com/users/hczhcz/gists{/gist_id}"],"starred_url":["https://api.github.com/users/hczhcz/starred{/owner}{/repo}"],"subscriptions_url":["https://api.github.com/users/hczhcz/subscriptions"],"organizations_url":["https://api.github.com/users/hczhcz/orgs"],"repos_url":["https://api.github.com/users/hczhcz/repos"],"events_url":["https://api.github.com/users/hczhcz/events{/privacy}"],"received_events_url":["https://api.github.com/users/hczhcz/received_events"],"type":["User"],"site_admin":[false]},"labels":[],"state":["closed"],"locked":[false],"assignee":{},"assignees":[],"milestone":{},"comments":[0],"created_at":["2014-12-23T12:50:37Z"],"updated_at":["2014-12-24T03:05:29Z"],"closed_at":["2014-12-24T03:05:29Z"],"author_association":["COLLABORATOR"],"pull_request":{"url":["https://api.github.com/repos/gaocegege/LLVM-Simple-Wrapper/pulls/2"],"html_url":["https://github.com/gaocegege/LLVM-Simple-Wrapper/pull/2"],"diff_url":["https://github.com/gaocegege/LLVM-Simple-Wrapper/pull/2.diff"],"patch_url":["https://github.com/gaocegege/LLVM-Simple-Wrapper/pull/2.patch"]},"body":[""]},{"url":["https://api.github.com/repos/gaocegege/LLVM-Simple-Wrapper/issues/1"],"repository_url":["https://api.github.com/repos/gaocegege/LLVM-Simple-Wrapper"],"labels_url":["https://api.github.com/repos/gaocegege/LLVM-Simple-Wrapper/issues/1/labels{/name}"],"comments_url":["https://api.github.com/repos/gaocegege/LLVM-Simple-Wrapper/issues/1/comments"],"events_url":["https://api.github.com/repos/gaocegege/LLVM-Simple-Wrapper/issues/1/events"],"html_url":["https://github.com/gaocegege/LLVM-Simple-Wrapper/issues/1"],"id":[52729442],"node_id":["MDU6SXNzdWU1MjcyOTQ0Mg=="],"number":[1],"title":["apply & on stl"],"user":{"login":["hczhcz"],"id":[3832986],"node_id":["MDQ6VXNlcjM4MzI5ODY="],"avatar_url":["https://avatars0.githubusercontent.com/u/3832986?v=4"],"gravatar_id":[""],"url":["https://api.github.com/users/hczhcz"],"html_url":["https://github.com/hczhcz"],"followers_url":["https://api.github.com/users/hczhcz/followers"],"following_url":["https://api.github.com/users/hczhcz/following{/other_user}"],"gists_url":["https://api.github.com/users/hczhcz/gists{/gist_id}"],"starred_url":["https://api.github.com/users/hczhcz/starred{/owner}{/repo}"],"subscriptions_url":["https://api.github.com/users/hczhcz/subscriptions"],"organizations_url":["https://api.github.com/users/hczhcz/orgs"],"repos_url":["https://api.github.com/users/hczhcz/repos"],"events_url":["https://api.github.com/users/hczhcz/events{/privacy}"],"received_events_url":["https://api.github.com/users/hczhcz/received_events"],"type":["User"],"site_admin":[false]},"labels":[],"state":["closed"],"locked":[false],"assignee":{},"assignees":[],"milestone":{},"comments":[3],"created_at":["2014-12-23T10:25:40Z"],"updated_at":["2014-12-24T05:19:32Z"],"closed_at":["2014-12-24T03:26:19Z"],"author_association":["COLLABORATOR"],"body":["I mean \"apply call-by-const-ref on stl objects\". (Pressed ENTER by mistake while entering the title XD)\n\nExample:\n\n`func(const std::vector<...> &arg)` instead of `func(std::vector<...> arg)`\n"]}]
