[{"url":["https://api.github.com/repos/gaocegege/macOS-UI-Kit/issues/1"],"repository_url":["https://api.github.com/repos/gaocegege/macOS-UI-Kit"],"labels_url":["https://api.github.com/repos/gaocegege/macOS-UI-Kit/issues/1/labels{/name}"],"comments_url":["https://api.github.com/repos/gaocegege/macOS-UI-Kit/issues/1/comments"],"events_url":["https://api.github.com/repos/gaocegege/macOS-UI-Kit/issues/1/events"],"html_url":["https://github.com/gaocegege/macOS-UI-Kit/pull/1"],"id":[215613123],"node_id":["MDExOlB1bGxSZXF1ZXN0MTExNjkyMTkw"],"number":[1],"title":["README.md: Fix header image"],"user":{"login":["gaocegege"],"id":[5100735],"node_id":["MDQ6VXNlcjUxMDA3MzU="],"avatar_url":["https://avatars3.githubusercontent.com/u/5100735?v=4"],"gravatar_id":[""],"url":["https://api.github.com/users/gaocegege"],"html_url":["https://github.com/gaocegege"],"followers_url":["https://api.github.com/users/gaocegege/followers"],"following_url":["https://api.github.com/users/gaocegege/following{/other_user}"],"gists_url":["https://api.github.com/users/gaocegege/gists{/gist_id}"],"starred_url":["https://api.github.com/users/gaocegege/starred{/owner}{/repo}"],"subscriptions_url":["https://api.github.com/users/gaocegege/subscriptions"],"organizations_url":["https://api.github.com/users/gaocegege/orgs"],"repos_url":["https://api.github.com/users/gaocegege/repos"],"events_url":["https://api.github.com/users/gaocegege/events{/privacy}"],"received_events_url":["https://api.github.com/users/gaocegege/received_events"],"type":["User"],"site_admin":[false]},"labels":[],"state":["closed"],"locked":[false],"assignee":{},"assignees":[],"milestone":{},"comments":[0],"created_at":["2017-03-21T02:44:40Z"],"updated_at":["2017-03-21T03:07:36Z"],"closed_at":["2017-03-21T03:07:36Z"],"author_association":["OWNER"],"pull_request":{"url":["https://api.github.com/repos/gaocegege/macOS-UI-Kit/pulls/1"],"html_url":["https://github.com/gaocegege/macOS-UI-Kit/pull/1"],"diff_url":["https://github.com/gaocegege/macOS-UI-Kit/pull/1.diff"],"patch_url":["https://github.com/gaocegege/macOS-UI-Kit/pull/1.patch"]},"body":["PTAL\r\n\r\n[PR Preview](https://github.com/gaocegege/macOS-UI-Kit/blob/ebbafd07b9e595012ed4c85fe6923b3309604173/README.md)"]}]
