[{"url":["https://api.github.com/repos/gaocegege/Onlien-Book-Store/issues/1"],"repository_url":["https://api.github.com/repos/gaocegege/Onlien-Book-Store"],"labels_url":["https://api.github.com/repos/gaocegege/Onlien-Book-Store/issues/1/labels{/name}"],"comments_url":["https://api.github.com/repos/gaocegege/Onlien-Book-Store/issues/1/comments"],"events_url":["https://api.github.com/repos/gaocegege/Onlien-Book-Store/issues/1/events"],"html_url":["https://github.com/gaocegege/Onlien-Book-Store/issues/1"],"id":[90454465],"node_id":["MDU6SXNzdWU5MDQ1NDQ2NQ=="],"number":[1],"title":["测女神你标题打错字了"],"user":{"login":["tcbbd"],"id":[5502163],"node_id":["MDQ6VXNlcjU1MDIxNjM="],"avatar_url":["https://avatars1.githubusercontent.com/u/5502163?v=4"],"gravatar_id":[""],"url":["https://api.github.com/users/tcbbd"],"html_url":["https://github.com/tcbbd"],"followers_url":["https://api.github.com/users/tcbbd/followers"],"following_url":["https://api.github.com/users/tcbbd/following{/other_user}"],"gists_url":["https://api.github.com/users/tcbbd/gists{/gist_id}"],"starred_url":["https://api.github.com/users/tcbbd/starred{/owner}{/repo}"],"subscriptions_url":["https://api.github.com/users/tcbbd/subscriptions"],"organizations_url":["https://api.github.com/users/tcbbd/orgs"],"repos_url":["https://api.github.com/users/tcbbd/repos"],"events_url":["https://api.github.com/users/tcbbd/events{/privacy}"],"received_events_url":["https://api.github.com/users/tcbbd/received_events"],"type":["User"],"site_admin":[false]},"labels":[],"state":["closed"],"locked":[false],"assignee":{},"assignees":[],"milestone":{},"comments":[2],"created_at":["2015-06-23T18:15:18Z"],"updated_at":["2015-08-13T11:38:06Z"],"closed_at":["2015-08-13T11:37:00Z"],"author_association":["NONE"],"body":[""]}]
