[{"url":["https://api.github.com/repos/gaocegege/pouch/issues/1"],"repository_url":["https://api.github.com/repos/gaocegege/pouch"],"labels_url":["https://api.github.com/repos/gaocegege/pouch/issues/1/labels{/name}"],"comments_url":["https://api.github.com/repos/gaocegege/pouch/issues/1/comments"],"events_url":["https://api.github.com/repos/gaocegege/pouch/issues/1/events"],"html_url":["https://github.com/gaocegege/pouch/pull/1"],"id":[275132977],"node_id":["MDExOlB1bGxSZXF1ZXN0MTUzNDgxNTE0"],"number":[1],"title":["WIP"],"user":{"login":["gaocegege"],"id":[5100735],"node_id":["MDQ6VXNlcjUxMDA3MzU="],"avatar_url":["https://avatars3.githubusercontent.com/u/5100735?v=4"],"gravatar_id":[""],"url":["https://api.github.com/users/gaocegege"],"html_url":["https://github.com/gaocegege"],"followers_url":["https://api.github.com/users/gaocegege/followers"],"following_url":["https://api.github.com/users/gaocegege/following{/other_user}"],"gists_url":["https://api.github.com/users/gaocegege/gists{/gist_id}"],"starred_url":["https://api.github.com/users/gaocegege/starred{/owner}{/repo}"],"subscriptions_url":["https://api.github.com/users/gaocegege/subscriptions"],"organizations_url":["https://api.github.com/users/gaocegege/orgs"],"repos_url":["https://api.github.com/users/gaocegege/repos"],"events_url":["https://api.github.com/users/gaocegege/events{/privacy}"],"received_events_url":["https://api.github.com/users/gaocegege/received_events"],"type":["User"],"site_admin":[false]},"labels":[],"state":["closed"],"locked":[false],"assignee":{},"assignees":[],"milestone":{},"comments":[0],"created_at":["2017-11-19T05:08:14Z"],"updated_at":["2017-11-19T05:36:06Z"],"closed_at":["2017-11-19T05:36:06Z"],"author_association":["OWNER"],"pull_request":{"url":["https://api.github.com/repos/gaocegege/pouch/pulls/1"],"html_url":["https://github.com/gaocegege/pouch/pull/1"],"diff_url":["https://github.com/gaocegege/pouch/pull/1.diff"],"patch_url":["https://github.com/gaocegege/pouch/pull/1.patch"]},"body":["Signed-off-by: Ce Gao <ce.gao@outlook.com>\r\n\r\n<!-- \r\nPlease make sure you have read and understood the contributing guidelines;\r\nhttps://github.com/alibaba/pouch/blob/master/CONTRIBUTING.md -->\r\n\r\n**1.Describe what this PR did**\r\n\r\n**2.Does this pull request fix one issue?** \r\n<!--If that, add \"fixes #xxxx\" below in the next line, for example, fixes #15. Otherwise, add \"NONE\" -->\r\n\r\n**3.Describe how you did it**\r\n\r\n**4.Describe how to verify it**\r\n\r\n**5.Special notes for reviews**\r\n\r\n\r\n"]}]
