[{"url":["https://api.github.com/repos/gaocegege/resume-2018/issues/3"],"repository_url":["https://api.github.com/repos/gaocegege/resume-2018"],"labels_url":["https://api.github.com/repos/gaocegege/resume-2018/issues/3/labels{/name}"],"comments_url":["https://api.github.com/repos/gaocegege/resume-2018/issues/3/comments"],"events_url":["https://api.github.com/repos/gaocegege/resume-2018/issues/3/events"],"html_url":["https://github.com/gaocegege/resume-2018/issues/3"],"id":[308250632],"node_id":["MDU6SXNzdWUzMDgyNTA2MzI="],"number":[3],"title":["中文与英文version 版本对调了"],"user":{"login":["cncoder"],"id":[11889736],"node_id":["MDQ6VXNlcjExODg5NzM2"],"avatar_url":["https://avatars0.githubusercontent.com/u/11889736?v=4"],"gravatar_id":[""],"url":["https://api.github.com/users/cncoder"],"html_url":["https://github.com/cncoder"],"followers_url":["https://api.github.com/users/cncoder/followers"],"following_url":["https://api.github.com/users/cncoder/following{/other_user}"],"gists_url":["https://api.github.com/users/cncoder/gists{/gist_id}"],"starred_url":["https://api.github.com/users/cncoder/starred{/owner}{/repo}"],"subscriptions_url":["https://api.github.com/users/cncoder/subscriptions"],"organizations_url":["https://api.github.com/users/cncoder/orgs"],"repos_url":["https://api.github.com/users/cncoder/repos"],"events_url":["https://api.github.com/users/cncoder/events{/privacy}"],"received_events_url":["https://api.github.com/users/cncoder/received_events"],"type":["User"],"site_admin":[false]},"labels":[],"state":["closed"],"locked":[false],"assignee":{},"assignees":[],"milestone":{},"comments":[1],"created_at":["2018-03-24T10:58:03Z"],"updated_at":["2018-03-26T15:53:21Z"],"closed_at":["2018-03-26T15:53:21Z"],"author_association":["NONE"],"body":[""]},{"url":["https://api.github.com/repos/gaocegege/resume-2018/issues/2"],"repository_url":["https://api.github.com/repos/gaocegege/resume-2018"],"labels_url":["https://api.github.com/repos/gaocegege/resume-2018/issues/2/labels{/name}"],"comments_url":["https://api.github.com/repos/gaocegege/resume-2018/issues/2/comments"],"events_url":["https://api.github.com/repos/gaocegege/resume-2018/issues/2/events"],"html_url":["https://github.com/gaocegege/resume-2018/issues/2"],"id":[284367561],"node_id":["MDU6SXNzdWUyODQzNjc1NjE="],"number":[2],"title":["添加演讲内容"],"user":{"login":["gaocegege"],"id":[5100735],"node_id":["MDQ6VXNlcjUxMDA3MzU="],"avatar_url":["https://avatars3.githubusercontent.com/u/5100735?v=4"],"gravatar_id":[""],"url":["https://api.github.com/users/gaocegege"],"html_url":["https://github.com/gaocegege"],"followers_url":["https://api.github.com/users/gaocegege/followers"],"following_url":["https://api.github.com/users/gaocegege/following{/other_user}"],"gists_url":["https://api.github.com/users/gaocegege/gists{/gist_id}"],"starred_url":["https://api.github.com/users/gaocegege/starred{/owner}{/repo}"],"subscriptions_url":["https://api.github.com/users/gaocegege/subscriptions"],"organizations_url":["https://api.github.com/users/gaocegege/orgs"],"repos_url":["https://api.github.com/users/gaocegege/repos"],"events_url":["https://api.github.com/users/gaocegege/events{/privacy}"],"received_events_url":["https://api.github.com/users/gaocegege/received_events"],"type":["User"],"site_admin":[false]},"labels":[],"state":["closed"],"locked":[false],"assignee":{},"assignees":[],"milestone":{},"comments":[0],"created_at":["2017-12-24T15:04:08Z"],"updated_at":["2018-01-19T09:10:25Z"],"closed_at":["2018-01-19T09:10:25Z"],"author_association":["OWNER"],"body":["https://github.com/gaocegege/talks"]},{"url":["https://api.github.com/repos/gaocegege/resume-2018/issues/1"],"repository_url":["https://api.github.com/repos/gaocegege/resume-2018"],"labels_url":["https://api.github.com/repos/gaocegege/resume-2018/issues/1/labels{/name}"],"comments_url":["https://api.github.com/repos/gaocegege/resume-2018/issues/1/comments"],"events_url":["https://api.github.com/repos/gaocegege/resume-2018/issues/1/events"],"html_url":["https://github.com/gaocegege/resume-2018/issues/1"],"id":[261392076],"node_id":["MDU6SXNzdWUyNjEzOTIwNzY="],"number":[1],"title":["Orz & C++ is repeated in programming skills."],"user":{"login":["YeXiaoRain"],"id":[7298239],"node_id":["MDQ6VXNlcjcyOTgyMzk="],"avatar_url":["https://avatars1.githubusercontent.com/u/7298239?v=4"],"gravatar_id":[""],"url":["https://api.github.com/users/YeXiaoRain"],"html_url":["https://github.com/YeXiaoRain"],"followers_url":["https://api.github.com/users/YeXiaoRain/followers"],"following_url":["https://api.github.com/users/YeXiaoRain/following{/other_user}"],"gists_url":["https://api.github.com/users/YeXiaoRain/gists{/gist_id}"],"starred_url":["https://api.github.com/users/YeXiaoRain/starred{/owner}{/repo}"],"subscriptions_url":["https://api.github.com/users/YeXiaoRain/subscriptions"],"organizations_url":["https://api.github.com/users/YeXiaoRain/orgs"],"repos_url":["https://api.github.com/users/YeXiaoRain/repos"],"events_url":["https://api.github.com/users/YeXiaoRain/events{/privacy}"],"received_events_url":["https://api.github.com/users/YeXiaoRain/received_events"],"type":["User"],"site_admin":[false]},"labels":[],"state":["closed"],"locked":[false],"assignee":{},"assignees":[],"milestone":{},"comments":[1],"created_at":["2017-09-28T17:02:25Z"],"updated_at":["2017-09-29T02:47:24Z"],"closed_at":["2017-09-29T02:47:24Z"],"author_association":["NONE"],"body":["↑"]}]
