[{"url":["https://api.github.com/repos/gaocegege/resume-2015/issues/1"],"repository_url":["https://api.github.com/repos/gaocegege/resume-2015"],"labels_url":["https://api.github.com/repos/gaocegege/resume-2015/issues/1/labels{/name}"],"comments_url":["https://api.github.com/repos/gaocegege/resume-2015/issues/1/comments"],"events_url":["https://api.github.com/repos/gaocegege/resume-2015/issues/1/events"],"html_url":["https://github.com/gaocegege/resume-2015/pull/1"],"id":[57884228],"node_id":["MDExOlB1bGxSZXF1ZXN0Mjk0MTg1NDM="],"number":[1],"title":["Fix spelling incorrect"],"user":{"login":["Azard"],"id":[3364650],"node_id":["MDQ6VXNlcjMzNjQ2NTA="],"avatar_url":["https://avatars0.githubusercontent.com/u/3364650?v=4"],"gravatar_id":[""],"url":["https://api.github.com/users/Azard"],"html_url":["https://github.com/Azard"],"followers_url":["https://api.github.com/users/Azard/followers"],"following_url":["https://api.github.com/users/Azard/following{/other_user}"],"gists_url":["https://api.github.com/users/Azard/gists{/gist_id}"],"starred_url":["https://api.github.com/users/Azard/starred{/owner}{/repo}"],"subscriptions_url":["https://api.github.com/users/Azard/subscriptions"],"organizations_url":["https://api.github.com/users/Azard/orgs"],"repos_url":["https://api.github.com/users/Azard/repos"],"events_url":["https://api.github.com/users/Azard/events{/privacy}"],"received_events_url":["https://api.github.com/users/Azard/received_events"],"type":["User"],"site_admin":[false]},"labels":[],"state":["closed"],"locked":[false],"assignee":{},"assignees":[],"milestone":{},"comments":[3],"created_at":["2015-02-17T05:12:43Z"],"updated_at":["2015-02-17T07:27:04Z"],"closed_at":["2015-02-17T07:17:51Z"],"author_association":["NONE"],"pull_request":{"url":["https://api.github.com/repos/gaocegege/resume-2015/pulls/1"],"html_url":["https://github.com/gaocegege/resume-2015/pull/1"],"diff_url":["https://github.com/gaocegege/resume-2015/pull/1.diff"],"patch_url":["https://github.com/gaocegege/resume-2015/pull/1.patch"]},"body":[""]}]
