[{"url":["https://api.github.com/repos/gaocegege/scala-github-relationship/issues/3"],"repository_url":["https://api.github.com/repos/gaocegege/scala-github-relationship"],"labels_url":["https://api.github.com/repos/gaocegege/scala-github-relationship/issues/3/labels{/name}"],"comments_url":["https://api.github.com/repos/gaocegege/scala-github-relationship/issues/3/comments"],"events_url":["https://api.github.com/repos/gaocegege/scala-github-relationship/issues/3/events"],"html_url":["https://github.com/gaocegege/scala-github-relationship/issues/3"],"id":[320830732],"node_id":["MDU6SXNzdWUzMjA4MzA3MzI="],"number":[3],"title":["[Improve]When I have 400 following, Running is block."],"user":{"login":["yangwenmai"],"id":[1710912],"node_id":["MDQ6VXNlcjE3MTA5MTI="],"avatar_url":["https://avatars3.githubusercontent.com/u/1710912?v=4"],"gravatar_id":[""],"url":["https://api.github.com/users/yangwenmai"],"html_url":["https://github.com/yangwenmai"],"followers_url":["https://api.github.com/users/yangwenmai/followers"],"following_url":["https://api.github.com/users/yangwenmai/following{/other_user}"],"gists_url":["https://api.github.com/users/yangwenmai/gists{/gist_id}"],"starred_url":["https://api.github.com/users/yangwenmai/starred{/owner}{/repo}"],"subscriptions_url":["https://api.github.com/users/yangwenmai/subscriptions"],"organizations_url":["https://api.github.com/users/yangwenmai/orgs"],"repos_url":["https://api.github.com/users/yangwenmai/repos"],"events_url":["https://api.github.com/users/yangwenmai/events{/privacy}"],"received_events_url":["https://api.github.com/users/yangwenmai/received_events"],"type":["User"],"site_admin":[false]},"labels":[],"state":["open"],"locked":[false],"assignee":{},"assignees":[],"milestone":{},"comments":[8],"created_at":["2018-05-07T14:40:37Z"],"updated_at":["2018-05-08T01:38:29Z"],"closed_at":{},"author_association":["NONE"],"body":["The problem is as stated in the title."]},{"url":["https://api.github.com/repos/gaocegege/scala-github-relationship/issues/2"],"repository_url":["https://api.github.com/repos/gaocegege/scala-github-relationship"],"labels_url":["https://api.github.com/repos/gaocegege/scala-github-relationship/issues/2/labels{/name}"],"comments_url":["https://api.github.com/repos/gaocegege/scala-github-relationship/issues/2/comments"],"events_url":["https://api.github.com/repos/gaocegege/scala-github-relationship/issues/2/events"],"html_url":["https://github.com/gaocegege/scala-github-relationship/issues/2"],"id":[320568064],"node_id":["MDU6SXNzdWUzMjA1NjgwNjQ="],"number":[2],"title":["[case] Too many followings"],"user":{"login":["gaocegege"],"id":[5100735],"node_id":["MDQ6VXNlcjUxMDA3MzU="],"avatar_url":["https://avatars3.githubusercontent.com/u/5100735?v=4"],"gravatar_id":[""],"url":["https://api.github.com/users/gaocegege"],"html_url":["https://github.com/gaocegege"],"followers_url":["https://api.github.com/users/gaocegege/followers"],"following_url":["https://api.github.com/users/gaocegege/following{/other_user}"],"gists_url":["https://api.github.com/users/gaocegege/gists{/gist_id}"],"starred_url":["https://api.github.com/users/gaocegege/starred{/owner}{/repo}"],"subscriptions_url":["https://api.github.com/users/gaocegege/subscriptions"],"organizations_url":["https://api.github.com/users/gaocegege/orgs"],"repos_url":["https://api.github.com/users/gaocegege/repos"],"events_url":["https://api.github.com/users/gaocegege/events{/privacy}"],"received_events_url":["https://api.github.com/users/gaocegege/received_events"],"type":["User"],"site_admin":[false]},"labels":[],"state":["open"],"locked":[false],"assignee":{},"assignees":[],"milestone":{},"comments":[0],"created_at":["2018-05-06T06:55:10Z"],"updated_at":["2018-05-06T11:00:16Z"],"closed_at":{},"author_association":["OWNER"],"body":["- https://github.com/nfultz\r\n- https://github.com/dalinhuang99\r\n- https://github.com/fordream\r\n- https://github.com/angusshire Fuck this one."]},{"url":["https://api.github.com/repos/gaocegege/scala-github-relationship/issues/1"],"repository_url":["https://api.github.com/repos/gaocegege/scala-github-relationship"],"labels_url":["https://api.github.com/repos/gaocegege/scala-github-relationship/issues/1/labels{/name}"],"comments_url":["https://api.github.com/repos/gaocegege/scala-github-relationship/issues/1/comments"],"events_url":["https://api.github.com/repos/gaocegege/scala-github-relationship/issues/1/events"],"html_url":["https://github.com/gaocegege/scala-github-relationship/issues/1"],"id":[320566094],"node_id":["MDU6SXNzdWUzMjA1NjYwOTQ="],"number":[1],"title":["[feature] Support oauth token instead of username & pwd"],"user":{"login":["gaocegege"],"id":[5100735],"node_id":["MDQ6VXNlcjUxMDA3MzU="],"avatar_url":["https://avatars3.githubusercontent.com/u/5100735?v=4"],"gravatar_id":[""],"url":["https://api.github.com/users/gaocegege"],"html_url":["https://github.com/gaocegege"],"followers_url":["https://api.github.com/users/gaocegege/followers"],"following_url":["https://api.github.com/users/gaocegege/following{/other_user}"],"gists_url":["https://api.github.com/users/gaocegege/gists{/gist_id}"],"starred_url":["https://api.github.com/users/gaocegege/starred{/owner}{/repo}"],"subscriptions_url":["https://api.github.com/users/gaocegege/subscriptions"],"organizations_url":["https://api.github.com/users/gaocegege/orgs"],"repos_url":["https://api.github.com/users/gaocegege/repos"],"events_url":["https://api.github.com/users/gaocegege/events{/privacy}"],"received_events_url":["https://api.github.com/users/gaocegege/received_events"],"type":["User"],"site_admin":[false]},"labels":[],"state":["open"],"locked":[false],"assignee":{},"assignees":[],"milestone":{},"comments":[0],"created_at":["2018-05-06T06:13:58Z"],"updated_at":["2018-05-06T06:13:58Z"],"closed_at":{},"author_association":["OWNER"],"body":[""]}]
