[{"url":["https://api.github.com/repos/gaocegege/simple-k8s-scheduler-extender/issues/3"],"repository_url":["https://api.github.com/repos/gaocegege/simple-k8s-scheduler-extender"],"labels_url":["https://api.github.com/repos/gaocegege/simple-k8s-scheduler-extender/issues/3/labels{/name}"],"comments_url":["https://api.github.com/repos/gaocegege/simple-k8s-scheduler-extender/issues/3/comments"],"events_url":["https://api.github.com/repos/gaocegege/simple-k8s-scheduler-extender/issues/3/events"],"html_url":["https://github.com/gaocegege/simple-k8s-scheduler-extender/issues/3"],"id":[237201352],"node_id":["MDU6SXNzdWUyMzcyMDEzNTI="],"number":[3],"title":["a little problem while building the project"],"user":{"login":["dearboll"],"id":[5729929],"node_id":["MDQ6VXNlcjU3Mjk5Mjk="],"avatar_url":["https://avatars0.githubusercontent.com/u/5729929?v=4"],"gravatar_id":[""],"url":["https://api.github.com/users/dearboll"],"html_url":["https://github.com/dearboll"],"followers_url":["https://api.github.com/users/dearboll/followers"],"following_url":["https://api.github.com/users/dearboll/following{/other_user}"],"gists_url":["https://api.github.com/users/dearboll/gists{/gist_id}"],"starred_url":["https://api.github.com/users/dearboll/starred{/owner}{/repo}"],"subscriptions_url":["https://api.github.com/users/dearboll/subscriptions"],"organizations_url":["https://api.github.com/users/dearboll/orgs"],"repos_url":["https://api.github.com/users/dearboll/repos"],"events_url":["https://api.github.com/users/dearboll/events{/privacy}"],"received_events_url":["https://api.github.com/users/dearboll/received_events"],"type":["User"],"site_admin":[false]},"labels":[],"state":["open"],"locked":[false],"assignee":{},"assignees":[],"milestone":{},"comments":[1],"created_at":["2017-06-20T13:01:06Z"],"updated_at":["2017-06-20T13:06:05Z"],"closed_at":{},"author_association":["NONE"],"body":["Hello. There is something wrong when I run `godep go build . ` as below.  \r\n\r\n$godep go build .\r\n simple-k8s-scheduler-extender\r\n./main.go:15: cannot use api.PrioritizeHandler (type func(*\"github.com/gaocegege/simple-k8s-scheduler-extender/vendor/github.com/gin-gonic/gin\".Context)) as type \"simple-k8s-scheduler-extender/vendor/github.com/gin-gonic/gin\".HandlerFunc in argument to r.RouterGroup.POST\r\ngodep: go exit status 2"]},{"url":["https://api.github.com/repos/gaocegege/simple-k8s-scheduler-extender/issues/2"],"repository_url":["https://api.github.com/repos/gaocegege/simple-k8s-scheduler-extender"],"labels_url":["https://api.github.com/repos/gaocegege/simple-k8s-scheduler-extender/issues/2/labels{/name}"],"comments_url":["https://api.github.com/repos/gaocegege/simple-k8s-scheduler-extender/issues/2/comments"],"events_url":["https://api.github.com/repos/gaocegege/simple-k8s-scheduler-extender/issues/2/events"],"html_url":["https://github.com/gaocegege/simple-k8s-scheduler-extender/pull/2"],"id":[214631948],"node_id":["MDExOlB1bGxSZXF1ZXN0MTExMDE2NTIw"],"number":[2],"title":["[fix] fix compile error, using the local package"],"user":{"login":["x1957"],"id":[970964],"node_id":["MDQ6VXNlcjk3MDk2NA=="],"avatar_url":["https://avatars2.githubusercontent.com/u/970964?v=4"],"gravatar_id":[""],"url":["https://api.github.com/users/x1957"],"html_url":["https://github.com/x1957"],"followers_url":["https://api.github.com/users/x1957/followers"],"following_url":["https://api.github.com/users/x1957/following{/other_user}"],"gists_url":["https://api.github.com/users/x1957/gists{/gist_id}"],"starred_url":["https://api.github.com/users/x1957/starred{/owner}{/repo}"],"subscriptions_url":["https://api.github.com/users/x1957/subscriptions"],"organizations_url":["https://api.github.com/users/x1957/orgs"],"repos_url":["https://api.github.com/users/x1957/repos"],"events_url":["https://api.github.com/users/x1957/events{/privacy}"],"received_events_url":["https://api.github.com/users/x1957/received_events"],"type":["User"],"site_admin":[false]},"labels":[],"state":["closed"],"locked":[false],"assignee":{},"assignees":[],"milestone":{},"comments":[0],"created_at":["2017-03-16T08:40:45Z"],"updated_at":["2017-03-16T08:42:15Z"],"closed_at":["2017-03-16T08:42:15Z"],"author_association":["NONE"],"pull_request":{"url":["https://api.github.com/repos/gaocegege/simple-k8s-scheduler-extender/pulls/2"],"html_url":["https://github.com/gaocegege/simple-k8s-scheduler-extender/pull/2"],"diff_url":["https://github.com/gaocegege/simple-k8s-scheduler-extender/pull/2.diff"],"patch_url":["https://github.com/gaocegege/simple-k8s-scheduler-extender/pull/2.patch"]},"body":[""]},{"url":["https://api.github.com/repos/gaocegege/simple-k8s-scheduler-extender/issues/1"],"repository_url":["https://api.github.com/repos/gaocegege/simple-k8s-scheduler-extender"],"labels_url":["https://api.github.com/repos/gaocegege/simple-k8s-scheduler-extender/issues/1/labels{/name}"],"comments_url":["https://api.github.com/repos/gaocegege/simple-k8s-scheduler-extender/issues/1/comments"],"events_url":["https://api.github.com/repos/gaocegege/simple-k8s-scheduler-extender/issues/1/events"],"html_url":["https://github.com/gaocegege/simple-k8s-scheduler-extender/issues/1"],"id":[191918111],"node_id":["MDU6SXNzdWUxOTE5MTgxMTE="],"number":[1],"title":["请教extender的用法"],"user":{"login":["qwurey"],"id":[6870569],"node_id":["MDQ6VXNlcjY4NzA1Njk="],"avatar_url":["https://avatars2.githubusercontent.com/u/6870569?v=4"],"gravatar_id":[""],"url":["https://api.github.com/users/qwurey"],"html_url":["https://github.com/qwurey"],"followers_url":["https://api.github.com/users/qwurey/followers"],"following_url":["https://api.github.com/users/qwurey/following{/other_user}"],"gists_url":["https://api.github.com/users/qwurey/gists{/gist_id}"],"starred_url":["https://api.github.com/users/qwurey/starred{/owner}{/repo}"],"subscriptions_url":["https://api.github.com/users/qwurey/subscriptions"],"organizations_url":["https://api.github.com/users/qwurey/orgs"],"repos_url":["https://api.github.com/users/qwurey/repos"],"events_url":["https://api.github.com/users/qwurey/events{/privacy}"],"received_events_url":["https://api.github.com/users/qwurey/received_events"],"type":["User"],"site_admin":[false]},"labels":[],"state":["closed"],"locked":[false],"assignee":{},"assignees":[],"milestone":{},"comments":[3],"created_at":["2016-11-28T04:39:45Z"],"updated_at":["2016-12-01T03:10:21Z"],"closed_at":["2016-12-01T03:10:21Z"],"author_association":["NONE"],"body":["请教一下，extender用法是在所有配置的priorities后面，再经过这个extender的策略吗？\r\n比如经过priorities后，出来3个node，分数分别为10，9，8，再经过extender后，分数变为3，7，8；那么最后返回node3？\r\n谢谢~！"]}]
