[{"url":["https://api.github.com/repos/gaocegege/the-big-brother-is-watching-you/issues/1"],"repository_url":["https://api.github.com/repos/gaocegege/the-big-brother-is-watching-you"],"labels_url":["https://api.github.com/repos/gaocegege/the-big-brother-is-watching-you/issues/1/labels{/name}"],"comments_url":["https://api.github.com/repos/gaocegege/the-big-brother-is-watching-you/issues/1/comments"],"events_url":["https://api.github.com/repos/gaocegege/the-big-brother-is-watching-you/issues/1/events"],"html_url":["https://github.com/gaocegege/the-big-brother-is-watching-you/pull/1"],"id":[131606953],"node_id":["MDExOlB1bGxSZXF1ZXN0NTg0MTEzNTI="],"number":[1],"title":["Format road map in README"],"user":{"login":["at15"],"id":[5621298],"node_id":["MDQ6VXNlcjU2MjEyOTg="],"avatar_url":["https://avatars2.githubusercontent.com/u/5621298?v=4"],"gravatar_id":[""],"url":["https://api.github.com/users/at15"],"html_url":["https://github.com/at15"],"followers_url":["https://api.github.com/users/at15/followers"],"following_url":["https://api.github.com/users/at15/following{/other_user}"],"gists_url":["https://api.github.com/users/at15/gists{/gist_id}"],"starred_url":["https://api.github.com/users/at15/starred{/owner}{/repo}"],"subscriptions_url":["https://api.github.com/users/at15/subscriptions"],"organizations_url":["https://api.github.com/users/at15/orgs"],"repos_url":["https://api.github.com/users/at15/repos"],"events_url":["https://api.github.com/users/at15/events{/privacy}"],"received_events_url":["https://api.github.com/users/at15/received_events"],"type":["User"],"site_admin":[false]},"labels":[],"state":["closed"],"locked":[false],"assignee":{},"assignees":[],"milestone":{},"comments":[1],"created_at":["2016-02-05T10:28:26Z"],"updated_at":["2016-02-05T10:50:25Z"],"closed_at":["2016-02-05T10:50:25Z"],"author_association":["CONTRIBUTOR"],"pull_request":{"url":["https://api.github.com/repos/gaocegege/the-big-brother-is-watching-you/pulls/1"],"html_url":["https://github.com/gaocegege/the-big-brother-is-watching-you/pull/1"],"diff_url":["https://github.com/gaocegege/the-big-brother-is-watching-you/pull/1.diff"],"patch_url":["https://github.com/gaocegege/the-big-brother-is-watching-you/pull/1.patch"]},"body":["use GFM todo list\n"]}]
