[{"url":["https://api.github.com/repos/gaocegege/tidb/issues/3"],"repository_url":["https://api.github.com/repos/gaocegege/tidb"],"labels_url":["https://api.github.com/repos/gaocegege/tidb/issues/3/labels{/name}"],"comments_url":["https://api.github.com/repos/gaocegege/tidb/issues/3/comments"],"events_url":["https://api.github.com/repos/gaocegege/tidb/issues/3/events"],"html_url":["https://github.com/gaocegege/tidb/pull/3"],"id":[259096328],"node_id":["MDExOlB1bGxSZXF1ZXN0MTQyMDQ5Mjk0"],"number":[3],"title":["Bug/cast"],"user":{"login":["gaocegege"],"id":[5100735],"node_id":["MDQ6VXNlcjUxMDA3MzU="],"avatar_url":["https://avatars3.githubusercontent.com/u/5100735?v=4"],"gravatar_id":[""],"url":["https://api.github.com/users/gaocegege"],"html_url":["https://github.com/gaocegege"],"followers_url":["https://api.github.com/users/gaocegege/followers"],"following_url":["https://api.github.com/users/gaocegege/following{/other_user}"],"gists_url":["https://api.github.com/users/gaocegege/gists{/gist_id}"],"starred_url":["https://api.github.com/users/gaocegege/starred{/owner}{/repo}"],"subscriptions_url":["https://api.github.com/users/gaocegege/subscriptions"],"organizations_url":["https://api.github.com/users/gaocegege/orgs"],"repos_url":["https://api.github.com/users/gaocegege/repos"],"events_url":["https://api.github.com/users/gaocegege/events{/privacy}"],"received_events_url":["https://api.github.com/users/gaocegege/received_events"],"type":["User"],"site_admin":[false]},"labels":[],"state":["closed"],"locked":[false],"assignee":{},"assignees":[],"milestone":{},"comments":[0],"created_at":["2017-09-20T09:21:35Z"],"updated_at":["2018-05-10T08:46:32Z"],"closed_at":["2018-05-10T08:46:32Z"],"author_association":["OWNER"],"pull_request":{"url":["https://api.github.com/repos/gaocegege/tidb/pulls/3"],"html_url":["https://github.com/gaocegege/tidb/pull/3"],"diff_url":["https://github.com/gaocegege/tidb/pull/3.diff"],"patch_url":["https://github.com/gaocegege/tidb/pull/3.patch"]},"body":["Test"]},{"url":["https://api.github.com/repos/gaocegege/tidb/issues/2"],"repository_url":["https://api.github.com/repos/gaocegege/tidb"],"labels_url":["https://api.github.com/repos/gaocegege/tidb/issues/2/labels{/name}"],"comments_url":["https://api.github.com/repos/gaocegege/tidb/issues/2/comments"],"events_url":["https://api.github.com/repos/gaocegege/tidb/issues/2/events"],"html_url":["https://github.com/gaocegege/tidb/pull/2"],"id":[224136269],"node_id":["MDExOlB1bGxSZXF1ZXN0MTE3NDgzMzMw"],"number":[2],"title":["Travis/coverage"],"user":{"login":["gaocegege"],"id":[5100735],"node_id":["MDQ6VXNlcjUxMDA3MzU="],"avatar_url":["https://avatars3.githubusercontent.com/u/5100735?v=4"],"gravatar_id":[""],"url":["https://api.github.com/users/gaocegege"],"html_url":["https://github.com/gaocegege"],"followers_url":["https://api.github.com/users/gaocegege/followers"],"following_url":["https://api.github.com/users/gaocegege/following{/other_user}"],"gists_url":["https://api.github.com/users/gaocegege/gists{/gist_id}"],"starred_url":["https://api.github.com/users/gaocegege/starred{/owner}{/repo}"],"subscriptions_url":["https://api.github.com/users/gaocegege/subscriptions"],"organizations_url":["https://api.github.com/users/gaocegege/orgs"],"repos_url":["https://api.github.com/users/gaocegege/repos"],"events_url":["https://api.github.com/users/gaocegege/events{/privacy}"],"received_events_url":["https://api.github.com/users/gaocegege/received_events"],"type":["User"],"site_admin":[false]},"labels":[],"state":["closed"],"locked":[false],"assignee":{},"assignees":[],"milestone":{},"comments":[1],"created_at":["2017-04-25T13:23:35Z"],"updated_at":["2017-09-20T04:01:43Z"],"closed_at":["2017-09-20T04:01:43Z"],"author_association":["OWNER"],"pull_request":{"url":["https://api.github.com/repos/gaocegege/tidb/pulls/2"],"html_url":["https://github.com/gaocegege/tidb/pull/2"],"diff_url":["https://github.com/gaocegege/tidb/pull/2.diff"],"patch_url":["https://github.com/gaocegege/tidb/pull/2.patch"]},"body":[""]},{"url":["https://api.github.com/repos/gaocegege/tidb/issues/1"],"repository_url":["https://api.github.com/repos/gaocegege/tidb"],"labels_url":["https://api.github.com/repos/gaocegege/tidb/issues/1/labels{/name}"],"comments_url":["https://api.github.com/repos/gaocegege/tidb/issues/1/comments"],"events_url":["https://api.github.com/repos/gaocegege/tidb/issues/1/events"],"html_url":["https://github.com/gaocegege/tidb/pull/1"],"id":[222392466],"node_id":["MDExOlB1bGxSZXF1ZXN0MTE2MzEwODI3"],"number":[1],"title":["Builtin/math/truncate"],"user":{"login":["gaocegege"],"id":[5100735],"node_id":["MDQ6VXNlcjUxMDA3MzU="],"avatar_url":["https://avatars3.githubusercontent.com/u/5100735?v=4"],"gravatar_id":[""],"url":["https://api.github.com/users/gaocegege"],"html_url":["https://github.com/gaocegege"],"followers_url":["https://api.github.com/users/gaocegege/followers"],"following_url":["https://api.github.com/users/gaocegege/following{/other_user}"],"gists_url":["https://api.github.com/users/gaocegege/gists{/gist_id}"],"starred_url":["https://api.github.com/users/gaocegege/starred{/owner}{/repo}"],"subscriptions_url":["https://api.github.com/users/gaocegege/subscriptions"],"organizations_url":["https://api.github.com/users/gaocegege/orgs"],"repos_url":["https://api.github.com/users/gaocegege/repos"],"events_url":["https://api.github.com/users/gaocegege/events{/privacy}"],"received_events_url":["https://api.github.com/users/gaocegege/received_events"],"type":["User"],"site_admin":[false]},"labels":[],"state":["closed"],"locked":[false],"assignee":{},"assignees":[],"milestone":{},"comments":[0],"created_at":["2017-04-18T11:57:13Z"],"updated_at":["2017-04-19T01:55:48Z"],"closed_at":["2017-04-19T01:55:48Z"],"author_association":["OWNER"],"pull_request":{"url":["https://api.github.com/repos/gaocegege/tidb/pulls/1"],"html_url":["https://github.com/gaocegege/tidb/pull/1"],"diff_url":["https://github.com/gaocegege/tidb/pull/1.diff"],"patch_url":["https://github.com/gaocegege/tidb/pull/1.patch"]},"body":["Just for CI"]}]
