[{"url":["https://api.github.com/repos/gaocegege/travel-research/issues/2"],"repository_url":["https://api.github.com/repos/gaocegege/travel-research"],"labels_url":["https://api.github.com/repos/gaocegege/travel-research/issues/2/labels{/name}"],"comments_url":["https://api.github.com/repos/gaocegege/travel-research/issues/2/comments"],"events_url":["https://api.github.com/repos/gaocegege/travel-research/issues/2/events"],"html_url":["https://github.com/gaocegege/travel-research/issues/2"],"id":[257052986],"node_id":["MDU6SXNzdWUyNTcwNTI5ODY="],"number":[2],"title":["高策鸽鸽的旅行计划"],"user":{"login":["darkness-y"],"id":[13075492],"node_id":["MDQ6VXNlcjEzMDc1NDky"],"avatar_url":["https://avatars0.githubusercontent.com/u/13075492?v=4"],"gravatar_id":[""],"url":["https://api.github.com/users/darkness-y"],"html_url":["https://github.com/darkness-y"],"followers_url":["https://api.github.com/users/darkness-y/followers"],"following_url":["https://api.github.com/users/darkness-y/following{/other_user}"],"gists_url":["https://api.github.com/users/darkness-y/gists{/gist_id}"],"starred_url":["https://api.github.com/users/darkness-y/starred{/owner}{/repo}"],"subscriptions_url":["https://api.github.com/users/darkness-y/subscriptions"],"organizations_url":["https://api.github.com/users/darkness-y/orgs"],"repos_url":["https://api.github.com/users/darkness-y/repos"],"events_url":["https://api.github.com/users/darkness-y/events{/privacy}"],"received_events_url":["https://api.github.com/users/darkness-y/received_events"],"type":["User"],"site_admin":[false]},"labels":[],"state":["closed"],"locked":[false],"assignee":{},"assignees":[],"milestone":{},"comments":[1],"created_at":["2017-09-12T13:57:58Z"],"updated_at":["2017-09-12T14:47:40Z"],"closed_at":["2017-09-12T14:04:02Z"],"author_association":["NONE"],"body":["已阅"]},{"url":["https://api.github.com/repos/gaocegege/travel-research/issues/1"],"repository_url":["https://api.github.com/repos/gaocegege/travel-research"],"labels_url":["https://api.github.com/repos/gaocegege/travel-research/issues/1/labels{/name}"],"comments_url":["https://api.github.com/repos/gaocegege/travel-research/issues/1/comments"],"events_url":["https://api.github.com/repos/gaocegege/travel-research/issues/1/events"],"html_url":["https://github.com/gaocegege/travel-research/issues/1"],"id":[255489748],"node_id":["MDU6SXNzdWUyNTU0ODk3NDg="],"number":[1],"title":["候选目的地"],"user":{"login":["gaocegege"],"id":[5100735],"node_id":["MDQ6VXNlcjUxMDA3MzU="],"avatar_url":["https://avatars3.githubusercontent.com/u/5100735?v=4"],"gravatar_id":[""],"url":["https://api.github.com/users/gaocegege"],"html_url":["https://github.com/gaocegege"],"followers_url":["https://api.github.com/users/gaocegege/followers"],"following_url":["https://api.github.com/users/gaocegege/following{/other_user}"],"gists_url":["https://api.github.com/users/gaocegege/gists{/gist_id}"],"starred_url":["https://api.github.com/users/gaocegege/starred{/owner}{/repo}"],"subscriptions_url":["https://api.github.com/users/gaocegege/subscriptions"],"organizations_url":["https://api.github.com/users/gaocegege/orgs"],"repos_url":["https://api.github.com/users/gaocegege/repos"],"events_url":["https://api.github.com/users/gaocegege/events{/privacy}"],"received_events_url":["https://api.github.com/users/gaocegege/received_events"],"type":["User"],"site_admin":[false]},"labels":[{"id":[684576097],"node_id":["MDU6TGFiZWw2ODQ1NzYwOTc="],"url":["https://api.github.com/repos/gaocegege/travel-research/labels/enhancement"],"name":["enhancement"],"color":["84b6eb"],"default":[true]}],"state":["open"],"locked":[false],"assignee":{},"assignees":[],"milestone":{},"comments":[0],"created_at":["2017-09-06T05:58:43Z"],"updated_at":["2017-09-06T05:58:58Z"],"closed_at":{},"author_association":["OWNER"],"body":["* 新加坡\r\n* 英国\r\n"]}]
