[{"url":["https://api.github.com/repos/gaocegege/treadmill/issues/15"],"repository_url":["https://api.github.com/repos/gaocegege/treadmill"],"labels_url":["https://api.github.com/repos/gaocegege/treadmill/issues/15/labels{/name}"],"comments_url":["https://api.github.com/repos/gaocegege/treadmill/issues/15/comments"],"events_url":["https://api.github.com/repos/gaocegege/treadmill/issues/15/events"],"html_url":["https://github.com/gaocegege/treadmill/pull/15"],"id":[246945745],"node_id":["MDExOlB1bGxSZXF1ZXN0MTMzMzgxNzUw"],"number":[15],"title":["Scheduler/demo"],"user":{"login":["gaocegege"],"id":[5100735],"node_id":["MDQ6VXNlcjUxMDA3MzU="],"avatar_url":["https://avatars3.githubusercontent.com/u/5100735?v=4"],"gravatar_id":[""],"url":["https://api.github.com/users/gaocegege"],"html_url":["https://github.com/gaocegege"],"followers_url":["https://api.github.com/users/gaocegege/followers"],"following_url":["https://api.github.com/users/gaocegege/following{/other_user}"],"gists_url":["https://api.github.com/users/gaocegege/gists{/gist_id}"],"starred_url":["https://api.github.com/users/gaocegege/starred{/owner}{/repo}"],"subscriptions_url":["https://api.github.com/users/gaocegege/subscriptions"],"organizations_url":["https://api.github.com/users/gaocegege/orgs"],"repos_url":["https://api.github.com/users/gaocegege/repos"],"events_url":["https://api.github.com/users/gaocegege/events{/privacy}"],"received_events_url":["https://api.github.com/users/gaocegege/received_events"],"type":["User"],"site_admin":[false]},"labels":[],"state":["closed"],"locked":[false],"assignee":{},"assignees":[],"milestone":{},"comments":[0],"created_at":["2017-08-01T03:32:41Z"],"updated_at":["2017-08-01T03:33:00Z"],"closed_at":["2017-08-01T03:33:00Z"],"author_association":["OWNER"],"pull_request":{"url":["https://api.github.com/repos/gaocegege/treadmill/pulls/15"],"html_url":["https://github.com/gaocegege/treadmill/pull/15"],"diff_url":["https://github.com/gaocegege/treadmill/pull/15.diff"],"patch_url":["https://github.com/gaocegege/treadmill/pull/15.patch"]},"body":[""]},{"url":["https://api.github.com/repos/gaocegege/treadmill/issues/14"],"repository_url":["https://api.github.com/repos/gaocegege/treadmill"],"labels_url":["https://api.github.com/repos/gaocegege/treadmill/issues/14/labels{/name}"],"comments_url":["https://api.github.com/repos/gaocegege/treadmill/issues/14/comments"],"events_url":["https://api.github.com/repos/gaocegege/treadmill/issues/14/events"],"html_url":["https://github.com/gaocegege/treadmill/pull/14"],"id":[245660766],"node_id":["MDExOlB1bGxSZXF1ZXN0MTMyNDY5NTg1"],"number":[14],"title":["sched: Add k8s-native scheduler support"],"user":{"login":["wuchunghsuan"],"id":[15892709],"node_id":["MDQ6VXNlcjE1ODkyNzA5"],"avatar_url":["https://avatars0.githubusercontent.com/u/15892709?v=4"],"gravatar_id":[""],"url":["https://api.github.com/users/wuchunghsuan"],"html_url":["https://github.com/wuchunghsuan"],"followers_url":["https://api.github.com/users/wuchunghsuan/followers"],"following_url":["https://api.github.com/users/wuchunghsuan/following{/other_user}"],"gists_url":["https://api.github.com/users/wuchunghsuan/gists{/gist_id}"],"starred_url":["https://api.github.com/users/wuchunghsuan/starred{/owner}{/repo}"],"subscriptions_url":["https://api.github.com/users/wuchunghsuan/subscriptions"],"organizations_url":["https://api.github.com/users/wuchunghsuan/orgs"],"repos_url":["https://api.github.com/users/wuchunghsuan/repos"],"events_url":["https://api.github.com/users/wuchunghsuan/events{/privacy}"],"received_events_url":["https://api.github.com/users/wuchunghsuan/received_events"],"type":["User"],"site_admin":[false]},"labels":[],"state":["closed"],"locked":[false],"assignee":{},"assignees":[],"milestone":{},"comments":[1],"created_at":["2017-07-26T09:29:24Z"],"updated_at":["2017-07-26T09:32:58Z"],"closed_at":["2017-07-26T09:32:58Z"],"author_association":["NONE"],"pull_request":{"url":["https://api.github.com/repos/gaocegege/treadmill/pulls/14"],"html_url":["https://github.com/gaocegege/treadmill/pull/14"],"diff_url":["https://github.com/gaocegege/treadmill/pull/14.diff"],"patch_url":["https://github.com/gaocegege/treadmill/pull/14.patch"]},"body":[""]},{"url":["https://api.github.com/repos/gaocegege/treadmill/issues/13"],"repository_url":["https://api.github.com/repos/gaocegege/treadmill"],"labels_url":["https://api.github.com/repos/gaocegege/treadmill/issues/13/labels{/name}"],"comments_url":["https://api.github.com/repos/gaocegege/treadmill/issues/13/comments"],"events_url":["https://api.github.com/repos/gaocegege/treadmill/issues/13/events"],"html_url":["https://github.com/gaocegege/treadmill/pull/13"],"id":[245293131],"node_id":["MDExOlB1bGxSZXF1ZXN0MTMyMjAxNTc3"],"number":[13],"title":["Improve affinity limits check."],"user":{"login":["wuchunghsuan"],"id":[15892709],"node_id":["MDQ6VXNlcjE1ODkyNzA5"],"avatar_url":["https://avatars0.githubusercontent.com/u/15892709?v=4"],"gravatar_id":[""],"url":["https://api.github.com/users/wuchunghsuan"],"html_url":["https://github.com/wuchunghsuan"],"followers_url":["https://api.github.com/users/wuchunghsuan/followers"],"following_url":["https://api.github.com/users/wuchunghsuan/following{/other_user}"],"gists_url":["https://api.github.com/users/wuchunghsuan/gists{/gist_id}"],"starred_url":["https://api.github.com/users/wuchunghsuan/starred{/owner}{/repo}"],"subscriptions_url":["https://api.github.com/users/wuchunghsuan/subscriptions"],"organizations_url":["https://api.github.com/users/wuchunghsuan/orgs"],"repos_url":["https://api.github.com/users/wuchunghsuan/repos"],"events_url":["https://api.github.com/users/wuchunghsuan/events{/privacy}"],"received_events_url":["https://api.github.com/users/wuchunghsuan/received_events"],"type":["User"],"site_admin":[false]},"labels":[],"state":["closed"],"locked":[false],"assignee":{},"assignees":[],"milestone":{},"comments":[1],"created_at":["2017-07-25T05:56:12Z"],"updated_at":["2017-07-25T06:00:11Z"],"closed_at":["2017-07-25T06:00:11Z"],"author_association":["NONE"],"pull_request":{"url":["https://api.github.com/repos/gaocegege/treadmill/pulls/13"],"html_url":["https://github.com/gaocegege/treadmill/pull/13"],"diff_url":["https://github.com/gaocegege/treadmill/pull/13.diff"],"patch_url":["https://github.com/gaocegege/treadmill/pull/13.patch"]},"body":["更改了server储存父节点affinity的方式，使用dict()储存，key是affinity的名称（cell、rack或任意名称），value是counter的list。现在flatten node 会递归寻找父节点的affinity信息并储存下来，predicate检查affinity的部分也做了更新。"]},{"url":["https://api.github.com/repos/gaocegege/treadmill/issues/12"],"repository_url":["https://api.github.com/repos/gaocegege/treadmill"],"labels_url":["https://api.github.com/repos/gaocegege/treadmill/issues/12/labels{/name}"],"comments_url":["https://api.github.com/repos/gaocegege/treadmill/issues/12/comments"],"events_url":["https://api.github.com/repos/gaocegege/treadmill/issues/12/events"],"html_url":["https://github.com/gaocegege/treadmill/pull/12"],"id":[245288867],"node_id":["MDExOlB1bGxSZXF1ZXN0MTMyMTk4NjA1"],"number":[12],"title":["*: Add kuberetes scheduler support"],"user":{"login":["gaocegege"],"id":[5100735],"node_id":["MDQ6VXNlcjUxMDA3MzU="],"avatar_url":["https://avatars3.githubusercontent.com/u/5100735?v=4"],"gravatar_id":[""],"url":["https://api.github.com/users/gaocegege"],"html_url":["https://github.com/gaocegege"],"followers_url":["https://api.github.com/users/gaocegege/followers"],"following_url":["https://api.github.com/users/gaocegege/following{/other_user}"],"gists_url":["https://api.github.com/users/gaocegege/gists{/gist_id}"],"starred_url":["https://api.github.com/users/gaocegege/starred{/owner}{/repo}"],"subscriptions_url":["https://api.github.com/users/gaocegege/subscriptions"],"organizations_url":["https://api.github.com/users/gaocegege/orgs"],"repos_url":["https://api.github.com/users/gaocegege/repos"],"events_url":["https://api.github.com/users/gaocegege/events{/privacy}"],"received_events_url":["https://api.github.com/users/gaocegege/received_events"],"type":["User"],"site_admin":[false]},"labels":[],"state":["closed"],"locked":[false],"assignee":{},"assignees":[],"milestone":{},"comments":[1],"created_at":["2017-07-25T05:24:40Z"],"updated_at":["2018-05-10T08:47:09Z"],"closed_at":["2018-05-10T08:47:09Z"],"author_association":["OWNER"],"pull_request":{"url":["https://api.github.com/repos/gaocegege/treadmill/pulls/12"],"html_url":["https://github.com/gaocegege/treadmill/pull/12"],"diff_url":["https://github.com/gaocegege/treadmill/pull/12.diff"],"patch_url":["https://github.com/gaocegege/treadmill/pull/12.patch"]},"body":["Signed-off-by: Ce Gao <ce.gao@outlook.com>"]},{"url":["https://api.github.com/repos/gaocegege/treadmill/issues/11"],"repository_url":["https://api.github.com/repos/gaocegege/treadmill"],"labels_url":["https://api.github.com/repos/gaocegege/treadmill/issues/11/labels{/name}"],"comments_url":["https://api.github.com/repos/gaocegege/treadmill/issues/11/comments"],"events_url":["https://api.github.com/repos/gaocegege/treadmill/issues/11/events"],"html_url":["https://github.com/gaocegege/treadmill/pull/11"],"id":[244626009],"node_id":["MDExOlB1bGxSZXF1ZXN0MTMxNzQxODk0"],"number":[11],"title":["All test pass."],"user":{"login":["wuchunghsuan"],"id":[15892709],"node_id":["MDQ6VXNlcjE1ODkyNzA5"],"avatar_url":["https://avatars0.githubusercontent.com/u/15892709?v=4"],"gravatar_id":[""],"url":["https://api.github.com/users/wuchunghsuan"],"html_url":["https://github.com/wuchunghsuan"],"followers_url":["https://api.github.com/users/wuchunghsuan/followers"],"following_url":["https://api.github.com/users/wuchunghsuan/following{/other_user}"],"gists_url":["https://api.github.com/users/wuchunghsuan/gists{/gist_id}"],"starred_url":["https://api.github.com/users/wuchunghsuan/starred{/owner}{/repo}"],"subscriptions_url":["https://api.github.com/users/wuchunghsuan/subscriptions"],"organizations_url":["https://api.github.com/users/wuchunghsuan/orgs"],"repos_url":["https://api.github.com/users/wuchunghsuan/repos"],"events_url":["https://api.github.com/users/wuchunghsuan/events{/privacy}"],"received_events_url":["https://api.github.com/users/wuchunghsuan/received_events"],"type":["User"],"site_admin":[false]},"labels":[],"state":["closed"],"locked":[false],"assignee":{},"assignees":[],"milestone":{},"comments":[1],"created_at":["2017-07-21T10:14:12Z"],"updated_at":["2017-07-22T06:17:15Z"],"closed_at":["2017-07-22T06:17:15Z"],"author_association":["NONE"],"pull_request":{"url":["https://api.github.com/repos/gaocegege/treadmill/pulls/11"],"html_url":["https://github.com/gaocegege/treadmill/pull/11"],"diff_url":["https://github.com/gaocegege/treadmill/pull/11.diff"],"patch_url":["https://github.com/gaocegege/treadmill/pull/11.patch"]},"body":["@gaocegege \r\n测试用例修改掉了下午说的那个问题。修改后测试还是不过，原因是_find_placements函数在分配server失败后会尝试释放server再分配app，但是这个步骤没有做rack以及cell的affinity检查。\r\n我在代码中实现了这部分的affinity检查。"]},{"url":["https://api.github.com/repos/gaocegege/treadmill/issues/10"],"repository_url":["https://api.github.com/repos/gaocegege/treadmill"],"labels_url":["https://api.github.com/repos/gaocegege/treadmill/issues/10/labels{/name}"],"comments_url":["https://api.github.com/repos/gaocegege/treadmill/issues/10/comments"],"events_url":["https://api.github.com/repos/gaocegege/treadmill/issues/10/events"],"html_url":["https://github.com/gaocegege/treadmill/pull/10"],"id":[244594545],"node_id":["MDExOlB1bGxSZXF1ZXN0MTMxNzE5MzE4"],"number":[10],"title":["WIP: Prepare to merge to mainline"],"user":{"login":["gaocegege"],"id":[5100735],"node_id":["MDQ6VXNlcjUxMDA3MzU="],"avatar_url":["https://avatars3.githubusercontent.com/u/5100735?v=4"],"gravatar_id":[""],"url":["https://api.github.com/users/gaocegege"],"html_url":["https://github.com/gaocegege"],"followers_url":["https://api.github.com/users/gaocegege/followers"],"following_url":["https://api.github.com/users/gaocegege/following{/other_user}"],"gists_url":["https://api.github.com/users/gaocegege/gists{/gist_id}"],"starred_url":["https://api.github.com/users/gaocegege/starred{/owner}{/repo}"],"subscriptions_url":["https://api.github.com/users/gaocegege/subscriptions"],"organizations_url":["https://api.github.com/users/gaocegege/orgs"],"repos_url":["https://api.github.com/users/gaocegege/repos"],"events_url":["https://api.github.com/users/gaocegege/events{/privacy}"],"received_events_url":["https://api.github.com/users/gaocegege/received_events"],"type":["User"],"site_admin":[false]},"labels":[],"state":["closed"],"locked":[false],"assignee":{},"assignees":[],"milestone":{},"comments":[1],"created_at":["2017-07-21T08:08:20Z"],"updated_at":["2017-07-25T05:24:51Z"],"closed_at":["2017-07-25T05:24:51Z"],"author_association":["OWNER"],"pull_request":{"url":["https://api.github.com/repos/gaocegege/treadmill/pulls/10"],"html_url":["https://github.com/gaocegege/treadmill/pull/10"],"diff_url":["https://github.com/gaocegege/treadmill/pull/10.diff"],"patch_url":["https://github.com/gaocegege/treadmill/pull/10.patch"]},"body":[""]},{"url":["https://api.github.com/repos/gaocegege/treadmill/issues/9"],"repository_url":["https://api.github.com/repos/gaocegege/treadmill"],"labels_url":["https://api.github.com/repos/gaocegege/treadmill/issues/9/labels{/name}"],"comments_url":["https://api.github.com/repos/gaocegege/treadmill/issues/9/comments"],"events_url":["https://api.github.com/repos/gaocegege/treadmill/issues/9/events"],"html_url":["https://github.com/gaocegege/treadmill/pull/9"],"id":[243334799],"node_id":["MDExOlB1bGxSZXF1ZXN0MTMwODExMTQ4"],"number":[9],"title":["*: Add config in sproc scheduler"],"user":{"login":["gaocegege"],"id":[5100735],"node_id":["MDQ6VXNlcjUxMDA3MzU="],"avatar_url":["https://avatars3.githubusercontent.com/u/5100735?v=4"],"gravatar_id":[""],"url":["https://api.github.com/users/gaocegege"],"html_url":["https://github.com/gaocegege"],"followers_url":["https://api.github.com/users/gaocegege/followers"],"following_url":["https://api.github.com/users/gaocegege/following{/other_user}"],"gists_url":["https://api.github.com/users/gaocegege/gists{/gist_id}"],"starred_url":["https://api.github.com/users/gaocegege/starred{/owner}{/repo}"],"subscriptions_url":["https://api.github.com/users/gaocegege/subscriptions"],"organizations_url":["https://api.github.com/users/gaocegege/orgs"],"repos_url":["https://api.github.com/users/gaocegege/repos"],"events_url":["https://api.github.com/users/gaocegege/events{/privacy}"],"received_events_url":["https://api.github.com/users/gaocegege/received_events"],"type":["User"],"site_admin":[false]},"labels":[],"state":["closed"],"locked":[false],"assignee":{},"assignees":[],"milestone":{},"comments":[0],"created_at":["2017-07-17T09:11:43Z"],"updated_at":["2017-07-17T09:17:51Z"],"closed_at":["2017-07-17T09:17:48Z"],"author_association":["OWNER"],"pull_request":{"url":["https://api.github.com/repos/gaocegege/treadmill/pulls/9"],"html_url":["https://github.com/gaocegege/treadmill/pull/9"],"diff_url":["https://github.com/gaocegege/treadmill/pull/9.diff"],"patch_url":["https://github.com/gaocegege/treadmill/pull/9.patch"]},"body":["Signed-off-by: Ce Gao <ce.gao@outlook.com>"]},{"url":["https://api.github.com/repos/gaocegege/treadmill/issues/8"],"repository_url":["https://api.github.com/repos/gaocegege/treadmill"],"labels_url":["https://api.github.com/repos/gaocegege/treadmill/issues/8/labels{/name}"],"comments_url":["https://api.github.com/repos/gaocegege/treadmill/issues/8/comments"],"events_url":["https://api.github.com/repos/gaocegege/treadmill/issues/8/events"],"html_url":["https://github.com/gaocegege/treadmill/pull/8"],"id":[243226417],"node_id":["MDExOlB1bGxSZXF1ZXN0MTMwNzQzOTAx"],"number":[8],"title":["Move algorithm to /treadmill/plugins/ . && Use importlib to import module."],"user":{"login":["wuchunghsuan"],"id":[15892709],"node_id":["MDQ6VXNlcjE1ODkyNzA5"],"avatar_url":["https://avatars0.githubusercontent.com/u/15892709?v=4"],"gravatar_id":[""],"url":["https://api.github.com/users/wuchunghsuan"],"html_url":["https://github.com/wuchunghsuan"],"followers_url":["https://api.github.com/users/wuchunghsuan/followers"],"following_url":["https://api.github.com/users/wuchunghsuan/following{/other_user}"],"gists_url":["https://api.github.com/users/wuchunghsuan/gists{/gist_id}"],"starred_url":["https://api.github.com/users/wuchunghsuan/starred{/owner}{/repo}"],"subscriptions_url":["https://api.github.com/users/wuchunghsuan/subscriptions"],"organizations_url":["https://api.github.com/users/wuchunghsuan/orgs"],"repos_url":["https://api.github.com/users/wuchunghsuan/repos"],"events_url":["https://api.github.com/users/wuchunghsuan/events{/privacy}"],"received_events_url":["https://api.github.com/users/wuchunghsuan/received_events"],"type":["User"],"site_admin":[false]},"labels":[],"state":["closed"],"locked":[false],"assignee":{},"assignees":[],"milestone":{},"comments":[2],"created_at":["2017-07-16T08:47:08Z"],"updated_at":["2017-07-16T09:08:45Z"],"closed_at":["2017-07-16T09:08:45Z"],"author_association":["NONE"],"pull_request":{"url":["https://api.github.com/repos/gaocegege/treadmill/pulls/8"],"html_url":["https://github.com/gaocegege/treadmill/pull/8"],"diff_url":["https://github.com/gaocegege/treadmill/pull/8.diff"],"patch_url":["https://github.com/gaocegege/treadmill/pull/8.patch"]},"body":["@gaocegege \r\n把algotithm部分放到了treadmill/plugins/scheduler下。\r\n把provider里面import的方式改成了importlib的方式。"]},{"url":["https://api.github.com/repos/gaocegege/treadmill/issues/7"],"repository_url":["https://api.github.com/repos/gaocegege/treadmill"],"labels_url":["https://api.github.com/repos/gaocegege/treadmill/issues/7/labels{/name}"],"comments_url":["https://api.github.com/repos/gaocegege/treadmill/issues/7/comments"],"events_url":["https://api.github.com/repos/gaocegege/treadmill/issues/7/events"],"html_url":["https://github.com/gaocegege/treadmill/pull/7"],"id":[243153769],"node_id":["MDExOlB1bGxSZXF1ZXN0MTMwNzAzOTI2"],"number":[7],"title":["Add choice for scheduler"],"user":{"login":["gaocegege"],"id":[5100735],"node_id":["MDQ6VXNlcjUxMDA3MzU="],"avatar_url":["https://avatars3.githubusercontent.com/u/5100735?v=4"],"gravatar_id":[""],"url":["https://api.github.com/users/gaocegege"],"html_url":["https://github.com/gaocegege"],"followers_url":["https://api.github.com/users/gaocegege/followers"],"following_url":["https://api.github.com/users/gaocegege/following{/other_user}"],"gists_url":["https://api.github.com/users/gaocegege/gists{/gist_id}"],"starred_url":["https://api.github.com/users/gaocegege/starred{/owner}{/repo}"],"subscriptions_url":["https://api.github.com/users/gaocegege/subscriptions"],"organizations_url":["https://api.github.com/users/gaocegege/orgs"],"repos_url":["https://api.github.com/users/gaocegege/repos"],"events_url":["https://api.github.com/users/gaocegege/events{/privacy}"],"received_events_url":["https://api.github.com/users/gaocegege/received_events"],"type":["User"],"site_admin":[false]},"labels":[],"state":["closed"],"locked":[false],"assignee":{},"assignees":[],"milestone":{},"comments":[1],"created_at":["2017-07-15T05:09:19Z"],"updated_at":["2017-07-16T08:01:09Z"],"closed_at":["2017-07-16T08:01:04Z"],"author_association":["OWNER"],"pull_request":{"url":["https://api.github.com/repos/gaocegege/treadmill/pulls/7"],"html_url":["https://github.com/gaocegege/treadmill/pull/7"],"diff_url":["https://github.com/gaocegege/treadmill/pull/7.diff"],"patch_url":["https://github.com/gaocegege/treadmill/pull/7.patch"]},"body":["Signed-off-by: Ce Gao <ce.gao@outlook.com>"]},{"url":["https://api.github.com/repos/gaocegege/treadmill/issues/6"],"repository_url":["https://api.github.com/repos/gaocegege/treadmill"],"labels_url":["https://api.github.com/repos/gaocegege/treadmill/issues/6/labels{/name}"],"comments_url":["https://api.github.com/repos/gaocegege/treadmill/issues/6/comments"],"events_url":["https://api.github.com/repos/gaocegege/treadmill/issues/6/events"],"html_url":["https://github.com/gaocegege/treadmill/pull/6"],"id":[243148910],"node_id":["MDExOlB1bGxSZXF1ZXN0MTMwNzAxMTIy"],"number":[6],"title":["Fix unittest."],"user":{"login":["wuchunghsuan"],"id":[15892709],"node_id":["MDQ6VXNlcjE1ODkyNzA5"],"avatar_url":["https://avatars0.githubusercontent.com/u/15892709?v=4"],"gravatar_id":[""],"url":["https://api.github.com/users/wuchunghsuan"],"html_url":["https://github.com/wuchunghsuan"],"followers_url":["https://api.github.com/users/wuchunghsuan/followers"],"following_url":["https://api.github.com/users/wuchunghsuan/following{/other_user}"],"gists_url":["https://api.github.com/users/wuchunghsuan/gists{/gist_id}"],"starred_url":["https://api.github.com/users/wuchunghsuan/starred{/owner}{/repo}"],"subscriptions_url":["https://api.github.com/users/wuchunghsuan/subscriptions"],"organizations_url":["https://api.github.com/users/wuchunghsuan/orgs"],"repos_url":["https://api.github.com/users/wuchunghsuan/repos"],"events_url":["https://api.github.com/users/wuchunghsuan/events{/privacy}"],"received_events_url":["https://api.github.com/users/wuchunghsuan/received_events"],"type":["User"],"site_admin":[false]},"labels":[],"state":["closed"],"locked":[false],"assignee":{},"assignees":[],"milestone":{},"comments":[2],"created_at":["2017-07-15T03:02:24Z"],"updated_at":["2017-07-15T04:02:11Z"],"closed_at":["2017-07-15T04:02:11Z"],"author_association":["NONE"],"pull_request":{"url":["https://api.github.com/repos/gaocegege/treadmill/pulls/6"],"html_url":["https://github.com/gaocegege/treadmill/pull/6"],"diff_url":["https://github.com/gaocegege/treadmill/pull/6.diff"],"patch_url":["https://github.com/gaocegege/treadmill/pull/6.patch"]},"body":["@gaocegege test_affinity_limits已经解决了，但是在test_data_retention还是挂了\r\n挂在这：https://github.com/wuchunghsuan/treadmill/blob/dev/scheduler/tests/scheduler_test.py#L984\r\n\r\nsticky_apps[0]和unsticky_app要被schedule到同一个server，按照我们现在实现的spread算法，会优先分配app到没使用过的server上，所以他们会被分配到不同的server。但是测试要求他们要被分配到同一个server上。\r\n我比对了他们的spread算法，发现了原因：app中有个app.affinity 表示affinity的名字，他们实现的scheduler对不同的app.affinity会使用不同的Strategy实例，所以导致sticky_apps[0]（affinity为sticky）和unsticky_app（affinity为unsticky）虽然使用相同的spread策略，但是因为他们的spread策略是单纯的顺序遍历每一个node（self.current_idx += 1，current_idx是初始化为0储存在SpreadStrategy实例中的），所以导致这两个app会被schedule到同一个server上。\r\n\r\n不知道我这样的描述你有没有懂....\r\n我怎么觉得他们这样的schedule策略好奇怪啊.... 我们的scheduler要支持这样的特性吗？\r\n我们可以周一再讨论这个问题【捂脸】"]},{"url":["https://api.github.com/repos/gaocegege/treadmill/issues/5"],"repository_url":["https://api.github.com/repos/gaocegege/treadmill"],"labels_url":["https://api.github.com/repos/gaocegege/treadmill/issues/5/labels{/name}"],"comments_url":["https://api.github.com/repos/gaocegege/treadmill/issues/5/comments"],"events_url":["https://api.github.com/repos/gaocegege/treadmill/issues/5/events"],"html_url":["https://github.com/gaocegege/treadmill/pull/5"],"id":[243009070],"node_id":["MDExOlB1bGxSZXF1ZXN0MTMwNTk3ODcz"],"number":[5],"title":["scheduler: Refactor the logic about flatten_nodes"],"user":{"login":["gaocegege"],"id":[5100735],"node_id":["MDQ6VXNlcjUxMDA3MzU="],"avatar_url":["https://avatars3.githubusercontent.com/u/5100735?v=4"],"gravatar_id":[""],"url":["https://api.github.com/users/gaocegege"],"html_url":["https://github.com/gaocegege"],"followers_url":["https://api.github.com/users/gaocegege/followers"],"following_url":["https://api.github.com/users/gaocegege/following{/other_user}"],"gists_url":["https://api.github.com/users/gaocegege/gists{/gist_id}"],"starred_url":["https://api.github.com/users/gaocegege/starred{/owner}{/repo}"],"subscriptions_url":["https://api.github.com/users/gaocegege/subscriptions"],"organizations_url":["https://api.github.com/users/gaocegege/orgs"],"repos_url":["https://api.github.com/users/gaocegege/repos"],"events_url":["https://api.github.com/users/gaocegege/events{/privacy}"],"received_events_url":["https://api.github.com/users/gaocegege/received_events"],"type":["User"],"site_admin":[false]},"labels":[],"state":["closed"],"locked":[false],"assignee":{},"assignees":[],"milestone":{},"comments":[1],"created_at":["2017-07-14T14:11:34Z"],"updated_at":["2017-07-15T04:43:18Z"],"closed_at":["2017-07-15T04:43:15Z"],"author_association":["OWNER"],"pull_request":{"url":["https://api.github.com/repos/gaocegege/treadmill/pulls/5"],"html_url":["https://github.com/gaocegege/treadmill/pull/5"],"diff_url":["https://github.com/gaocegege/treadmill/pull/5.diff"],"patch_url":["https://github.com/gaocegege/treadmill/pull/5.patch"]},"body":["Signed-off-by: Ce Gao <ce.gao@outlook.com>"]},{"url":["https://api.github.com/repos/gaocegege/treadmill/issues/4"],"repository_url":["https://api.github.com/repos/gaocegege/treadmill"],"labels_url":["https://api.github.com/repos/gaocegege/treadmill/issues/4/labels{/name}"],"comments_url":["https://api.github.com/repos/gaocegege/treadmill/issues/4/comments"],"events_url":["https://api.github.com/repos/gaocegege/treadmill/issues/4/events"],"html_url":["https://github.com/gaocegege/treadmill/pull/4"],"id":[242298853],"node_id":["MDExOlB1bGxSZXF1ZXN0MTMwMDgxMjc5"],"number":[4],"title":["Add put_simple()."],"user":{"login":["wuchunghsuan"],"id":[15892709],"node_id":["MDQ6VXNlcjE1ODkyNzA5"],"avatar_url":["https://avatars0.githubusercontent.com/u/15892709?v=4"],"gravatar_id":[""],"url":["https://api.github.com/users/wuchunghsuan"],"html_url":["https://github.com/wuchunghsuan"],"followers_url":["https://api.github.com/users/wuchunghsuan/followers"],"following_url":["https://api.github.com/users/wuchunghsuan/following{/other_user}"],"gists_url":["https://api.github.com/users/wuchunghsuan/gists{/gist_id}"],"starred_url":["https://api.github.com/users/wuchunghsuan/starred{/owner}{/repo}"],"subscriptions_url":["https://api.github.com/users/wuchunghsuan/subscriptions"],"organizations_url":["https://api.github.com/users/wuchunghsuan/orgs"],"repos_url":["https://api.github.com/users/wuchunghsuan/repos"],"events_url":["https://api.github.com/users/wuchunghsuan/events{/privacy}"],"received_events_url":["https://api.github.com/users/wuchunghsuan/received_events"],"type":["User"],"site_admin":[false]},"labels":[],"state":["closed"],"locked":[false],"assignee":{},"assignees":[],"milestone":{},"comments":[1],"created_at":["2017-07-12T08:27:20Z"],"updated_at":["2017-07-12T08:46:42Z"],"closed_at":["2017-07-12T08:46:42Z"],"author_association":["NONE"],"pull_request":{"url":["https://api.github.com/repos/gaocegege/treadmill/pulls/4"],"html_url":["https://github.com/gaocegege/treadmill/pull/4"],"diff_url":["https://github.com/gaocegege/treadmill/pull/4.diff"],"patch_url":["https://github.com/gaocegege/treadmill/pull/4.patch"]},"body":["@gaocegege 添加了新的put_simple()，与原本的put相比省去了predicate中已经检查过的check_app_constraints()以及check_app_lifetime()。"]},{"url":["https://api.github.com/repos/gaocegege/treadmill/issues/3"],"repository_url":["https://api.github.com/repos/gaocegege/treadmill"],"labels_url":["https://api.github.com/repos/gaocegege/treadmill/issues/3/labels{/name}"],"comments_url":["https://api.github.com/repos/gaocegege/treadmill/issues/3/comments"],"events_url":["https://api.github.com/repos/gaocegege/treadmill/issues/3/events"],"html_url":["https://github.com/gaocegege/treadmill/pull/3"],"id":[241984731],"node_id":["MDExOlB1bGxSZXF1ZXN0MTI5ODYyODU2"],"number":[3],"title":["Add Architecture.md"],"user":{"login":["wuchunghsuan"],"id":[15892709],"node_id":["MDQ6VXNlcjE1ODkyNzA5"],"avatar_url":["https://avatars0.githubusercontent.com/u/15892709?v=4"],"gravatar_id":[""],"url":["https://api.github.com/users/wuchunghsuan"],"html_url":["https://github.com/wuchunghsuan"],"followers_url":["https://api.github.com/users/wuchunghsuan/followers"],"following_url":["https://api.github.com/users/wuchunghsuan/following{/other_user}"],"gists_url":["https://api.github.com/users/wuchunghsuan/gists{/gist_id}"],"starred_url":["https://api.github.com/users/wuchunghsuan/starred{/owner}{/repo}"],"subscriptions_url":["https://api.github.com/users/wuchunghsuan/subscriptions"],"organizations_url":["https://api.github.com/users/wuchunghsuan/orgs"],"repos_url":["https://api.github.com/users/wuchunghsuan/repos"],"events_url":["https://api.github.com/users/wuchunghsuan/events{/privacy}"],"received_events_url":["https://api.github.com/users/wuchunghsuan/received_events"],"type":["User"],"site_admin":[false]},"labels":[],"state":["closed"],"locked":[false],"assignee":{},"assignees":[],"milestone":{},"comments":[1],"created_at":["2017-07-11T09:33:33Z"],"updated_at":["2017-07-11T09:40:01Z"],"closed_at":["2017-07-11T09:40:01Z"],"author_association":["NONE"],"pull_request":{"url":["https://api.github.com/repos/gaocegege/treadmill/pulls/3"],"html_url":["https://github.com/gaocegege/treadmill/pull/3"],"diff_url":["https://github.com/gaocegege/treadmill/pull/3.diff"],"patch_url":["https://github.com/gaocegege/treadmill/pull/3.patch"]},"body":[""]},{"url":["https://api.github.com/repos/gaocegege/treadmill/issues/2"],"repository_url":["https://api.github.com/repos/gaocegege/treadmill"],"labels_url":["https://api.github.com/repos/gaocegege/treadmill/issues/2/labels{/name}"],"comments_url":["https://api.github.com/repos/gaocegege/treadmill/issues/2/comments"],"events_url":["https://api.github.com/repos/gaocegege/treadmill/issues/2/events"],"html_url":["https://github.com/gaocegege/treadmill/pull/2"],"id":[240339659],"node_id":["MDExOlB1bGxSZXF1ZXN0MTI4NzQzOTU1"],"number":[2],"title":["Scheduler Implementation"],"user":{"login":["gaocegege"],"id":[5100735],"node_id":["MDQ6VXNlcjUxMDA3MzU="],"avatar_url":["https://avatars3.githubusercontent.com/u/5100735?v=4"],"gravatar_id":[""],"url":["https://api.github.com/users/gaocegege"],"html_url":["https://github.com/gaocegege"],"followers_url":["https://api.github.com/users/gaocegege/followers"],"following_url":["https://api.github.com/users/gaocegege/following{/other_user}"],"gists_url":["https://api.github.com/users/gaocegege/gists{/gist_id}"],"starred_url":["https://api.github.com/users/gaocegege/starred{/owner}{/repo}"],"subscriptions_url":["https://api.github.com/users/gaocegege/subscriptions"],"organizations_url":["https://api.github.com/users/gaocegege/orgs"],"repos_url":["https://api.github.com/users/gaocegege/repos"],"events_url":["https://api.github.com/users/gaocegege/events{/privacy}"],"received_events_url":["https://api.github.com/users/gaocegege/received_events"],"type":["User"],"site_admin":[false]},"labels":[],"state":["closed"],"locked":[false],"assignee":{},"assignees":[],"milestone":{},"comments":[6],"created_at":["2017-07-04T07:51:15Z"],"updated_at":["2017-07-26T07:47:11Z"],"closed_at":["2017-07-26T07:46:15Z"],"author_association":["OWNER"],"pull_request":{"url":["https://api.github.com/repos/gaocegege/treadmill/pulls/2"],"html_url":["https://github.com/gaocegege/treadmill/pull/2"],"diff_url":["https://github.com/gaocegege/treadmill/pull/2.diff"],"patch_url":["https://github.com/gaocegege/treadmill/pull/2.patch"]},"body":["[![Build Status](https://travis-ci.org/gaocegege/treadmill.svg?branch=dev/scheduler)](https://travis-ci.org/gaocegege/treadmill)\r\n\r\nNotice: If we want to merge the PR into morgan's mainline, we need to close the travis-ci build in this repo because of the rule of travis.\r\n\r\nSigned-off-by: Ce Gao <ce.gao@outlook.com>"]},{"url":["https://api.github.com/repos/gaocegege/treadmill/issues/1"],"repository_url":["https://api.github.com/repos/gaocegege/treadmill"],"labels_url":["https://api.github.com/repos/gaocegege/treadmill/issues/1/labels{/name}"],"comments_url":["https://api.github.com/repos/gaocegege/treadmill/issues/1/comments"],"events_url":["https://api.github.com/repos/gaocegege/treadmill/issues/1/events"],"html_url":["https://github.com/gaocegege/treadmill/pull/1"],"id":[240339301],"node_id":["MDExOlB1bGxSZXF1ZXN0MTI4NzQzNzIx"],"number":[1],"title":["Dev/scheduler"],"user":{"login":["gaocegege"],"id":[5100735],"node_id":["MDQ6VXNlcjUxMDA3MzU="],"avatar_url":["https://avatars3.githubusercontent.com/u/5100735?v=4"],"gravatar_id":[""],"url":["https://api.github.com/users/gaocegege"],"html_url":["https://github.com/gaocegege"],"followers_url":["https://api.github.com/users/gaocegege/followers"],"following_url":["https://api.github.com/users/gaocegege/following{/other_user}"],"gists_url":["https://api.github.com/users/gaocegege/gists{/gist_id}"],"starred_url":["https://api.github.com/users/gaocegege/starred{/owner}{/repo}"],"subscriptions_url":["https://api.github.com/users/gaocegege/subscriptions"],"organizations_url":["https://api.github.com/users/gaocegege/orgs"],"repos_url":["https://api.github.com/users/gaocegege/repos"],"events_url":["https://api.github.com/users/gaocegege/events{/privacy}"],"received_events_url":["https://api.github.com/users/gaocegege/received_events"],"type":["User"],"site_admin":[false]},"labels":[],"state":["closed"],"locked":[false],"assignee":{},"assignees":[],"milestone":{},"comments":[0],"created_at":["2017-07-04T07:49:39Z"],"updated_at":["2017-07-04T07:50:32Z"],"closed_at":["2017-07-04T07:50:32Z"],"author_association":["OWNER"],"pull_request":{"url":["https://api.github.com/repos/gaocegege/treadmill/pulls/1"],"html_url":["https://github.com/gaocegege/treadmill/pull/1"],"diff_url":["https://github.com/gaocegege/treadmill/pull/1.diff"],"patch_url":["https://github.com/gaocegege/treadmill/pull/1.patch"]},"body":[""]}]
