[{"url":["https://api.github.com/repos/gaocegege/weekly/issues/1"],"repository_url":["https://api.github.com/repos/gaocegege/weekly"],"labels_url":["https://api.github.com/repos/gaocegege/weekly/issues/1/labels{/name}"],"comments_url":["https://api.github.com/repos/gaocegege/weekly/issues/1/comments"],"events_url":["https://api.github.com/repos/gaocegege/weekly/issues/1/events"],"html_url":["https://github.com/gaocegege/weekly/issues/1"],"id":[321133399],"node_id":["MDU6SXNzdWUzMjExMzMzOTk="],"number":[1],"title":["weekly-100"],"user":{"login":["gaocegege"],"id":[5100735],"node_id":["MDQ6VXNlcjUxMDA3MzU="],"avatar_url":["https://avatars3.githubusercontent.com/u/5100735?v=4"],"gravatar_id":[""],"url":["https://api.github.com/users/gaocegege"],"html_url":["https://github.com/gaocegege"],"followers_url":["https://api.github.com/users/gaocegege/followers"],"following_url":["https://api.github.com/users/gaocegege/following{/other_user}"],"gists_url":["https://api.github.com/users/gaocegege/gists{/gist_id}"],"starred_url":["https://api.github.com/users/gaocegege/starred{/owner}{/repo}"],"subscriptions_url":["https://api.github.com/users/gaocegege/subscriptions"],"organizations_url":["https://api.github.com/users/gaocegege/orgs"],"repos_url":["https://api.github.com/users/gaocegege/repos"],"events_url":["https://api.github.com/users/gaocegege/events{/privacy}"],"received_events_url":["https://api.github.com/users/gaocegege/received_events"],"type":["User"],"site_admin":[false]},"labels":[{"id":[926396627],"node_id":["MDU6TGFiZWw5MjYzOTY2Mjc="],"url":["https://api.github.com/repos/gaocegege/weekly/labels/working"],"name":["working"],"color":["fff87f"],"default":[false]}],"state":["open"],"locked":[false],"assignee":{},"assignees":[],"milestone":{},"comments":[0],"created_at":["2018-05-08T10:40:38Z"],"updated_at":["2018-05-08T10:46:22Z"],"closed_at":{},"author_association":["OWNER"],"body":[""]}]
