[{"url":["https://api.github.com/repos/gaocegege/xrw/issues/2"],"repository_url":["https://api.github.com/repos/gaocegege/xrw"],"labels_url":["https://api.github.com/repos/gaocegege/xrw/issues/2/labels{/name}"],"comments_url":["https://api.github.com/repos/gaocegege/xrw/issues/2/comments"],"events_url":["https://api.github.com/repos/gaocegege/xrw/issues/2/events"],"html_url":["https://github.com/gaocegege/xrw/issues/2"],"id":[170995925],"node_id":["MDU6SXNzdWUxNzA5OTU5MjU="],"number":[2],"title":["关于礼物的建议"],"user":{"login":["zackszhu"],"id":[7601610],"node_id":["MDQ6VXNlcjc2MDE2MTA="],"avatar_url":["https://avatars2.githubusercontent.com/u/7601610?v=4"],"gravatar_id":[""],"url":["https://api.github.com/users/zackszhu"],"html_url":["https://github.com/zackszhu"],"followers_url":["https://api.github.com/users/zackszhu/followers"],"following_url":["https://api.github.com/users/zackszhu/following{/other_user}"],"gists_url":["https://api.github.com/users/zackszhu/gists{/gist_id}"],"starred_url":["https://api.github.com/users/zackszhu/starred{/owner}{/repo}"],"subscriptions_url":["https://api.github.com/users/zackszhu/subscriptions"],"organizations_url":["https://api.github.com/users/zackszhu/orgs"],"repos_url":["https://api.github.com/users/zackszhu/repos"],"events_url":["https://api.github.com/users/zackszhu/events{/privacy}"],"received_events_url":["https://api.github.com/users/zackszhu/received_events"],"type":["User"],"site_admin":[false]},"labels":[],"state":["open"],"locked":[false],"assignee":{},"assignees":[],"milestone":{},"comments":[14],"created_at":["2016-08-13T06:27:20Z"],"updated_at":["2016-08-13T07:02:50Z"],"closed_at":{},"author_association":["NONE"],"body":["看预算，\n\n```\ngift = [花束]\nswitch budget of\n    case [200, 500]:\n        gift.append(口红)\n        break\n    case [500, 1000]:\n        gift.append(香水)\n        break\n    case [1000, 2000]:\n        gift.append(钱包/手链/项链)\n        break\n    case [10000, +∞):\n        gift.append(包)\n        break\n    default:\n        凑到以上范围\n```\n\n话说你hackathon会带去吗？\n"]},{"url":["https://api.github.com/repos/gaocegege/xrw/issues/1"],"repository_url":["https://api.github.com/repos/gaocegege/xrw"],"labels_url":["https://api.github.com/repos/gaocegege/xrw/issues/1/labels{/name}"],"comments_url":["https://api.github.com/repos/gaocegege/xrw/issues/1/comments"],"events_url":["https://api.github.com/repos/gaocegege/xrw/issues/1/events"],"html_url":["https://github.com/gaocegege/xrw/issues/1"],"id":[170586437],"node_id":["MDU6SXNzdWUxNzA1ODY0Mzc="],"number":[1],"title":[":dog: ( e ... emoji is not supported in title)"],"user":{"login":["at15"],"id":[5621298],"node_id":["MDQ6VXNlcjU2MjEyOTg="],"avatar_url":["https://avatars2.githubusercontent.com/u/5621298?v=4"],"gravatar_id":[""],"url":["https://api.github.com/users/at15"],"html_url":["https://github.com/at15"],"followers_url":["https://api.github.com/users/at15/followers"],"following_url":["https://api.github.com/users/at15/following{/other_user}"],"gists_url":["https://api.github.com/users/at15/gists{/gist_id}"],"starred_url":["https://api.github.com/users/at15/starred{/owner}{/repo}"],"subscriptions_url":["https://api.github.com/users/at15/subscriptions"],"organizations_url":["https://api.github.com/users/at15/orgs"],"repos_url":["https://api.github.com/users/at15/repos"],"events_url":["https://api.github.com/users/at15/events{/privacy}"],"received_events_url":["https://api.github.com/users/at15/received_events"],"type":["User"],"site_admin":[false]},"labels":[],"state":["open"],"locked":[false],"assignee":{"login":["gaocegege"],"id":[5100735],"node_id":["MDQ6VXNlcjUxMDA3MzU="],"avatar_url":["https://avatars3.githubusercontent.com/u/5100735?v=4"],"gravatar_id":[""],"url":["https://api.github.com/users/gaocegege"],"html_url":["https://github.com/gaocegege"],"followers_url":["https://api.github.com/users/gaocegege/followers"],"following_url":["https://api.github.com/users/gaocegege/following{/other_user}"],"gists_url":["https://api.github.com/users/gaocegege/gists{/gist_id}"],"starred_url":["https://api.github.com/users/gaocegege/starred{/owner}{/repo}"],"subscriptions_url":["https://api.github.com/users/gaocegege/subscriptions"],"organizations_url":["https://api.github.com/users/gaocegege/orgs"],"repos_url":["https://api.github.com/users/gaocegege/repos"],"events_url":["https://api.github.com/users/gaocegege/events{/privacy}"],"received_events_url":["https://api.github.com/users/gaocegege/received_events"],"type":["User"],"site_admin":[false]},"assignees":[{"login":["gaocegege"],"id":[5100735],"node_id":["MDQ6VXNlcjUxMDA3MzU="],"avatar_url":["https://avatars3.githubusercontent.com/u/5100735?v=4"],"gravatar_id":[""],"url":["https://api.github.com/users/gaocegege"],"html_url":["https://github.com/gaocegege"],"followers_url":["https://api.github.com/users/gaocegege/followers"],"following_url":["https://api.github.com/users/gaocegege/following{/other_user}"],"gists_url":["https://api.github.com/users/gaocegege/gists{/gist_id}"],"starred_url":["https://api.github.com/users/gaocegege/starred{/owner}{/repo}"],"subscriptions_url":["https://api.github.com/users/gaocegege/subscriptions"],"organizations_url":["https://api.github.com/users/gaocegege/orgs"],"repos_url":["https://api.github.com/users/gaocegege/repos"],"events_url":["https://api.github.com/users/gaocegege/events{/privacy}"],"received_events_url":["https://api.github.com/users/gaocegege/received_events"],"type":["User"],"site_admin":[false]}],"milestone":{},"comments":[1],"created_at":["2016-08-11T07:36:06Z"],"updated_at":["2016-08-11T07:46:58Z"],"closed_at":{},"author_association":["NONE"],"body":[":dog: \n"]}]
