[
  {
    "id": [54709707],
    "node_id": ["MDEwOlJlcG9zaXRvcnk1NDcwOTcwNw=="],
    "name": ["wechat"],
    "full_name": ["gaocegege/wechat"],
    "private": [false],
    "owner": {
      "login": ["gaocegege"],
      "id": [5100735],
      "node_id": ["MDQ6VXNlcjUxMDA3MzU="],
      "avatar_url": ["https://avatars3.githubusercontent.com/u/5100735?v=4"],
      "gravatar_id": [""],
      "url": ["https://api.github.com/users/gaocegege"],
      "html_url": ["https://github.com/gaocegege"],
      "followers_url": ["https://api.github.com/users/gaocegege/followers"],
      "following_url": ["https://api.github.com/users/gaocegege/following{/other_user}"],
      "gists_url": ["https://api.github.com/users/gaocegege/gists{/gist_id}"],
      "starred_url": ["https://api.github.com/users/gaocegege/starred{/owner}{/repo}"],
      "subscriptions_url": ["https://api.github.com/users/gaocegege/subscriptions"],
      "organizations_url": ["https://api.github.com/users/gaocegege/orgs"],
      "repos_url": ["https://api.github.com/users/gaocegege/repos"],
      "events_url": ["https://api.github.com/users/gaocegege/events{/privacy}"],
      "received_events_url": ["https://api.github.com/users/gaocegege/received_events"],
      "type": ["User"],
      "site_admin": [false]
    },
    "html_url": ["https://github.com/gaocegege/wechat"],
    "description": ["<U+5FAE><U+4FE1><U+516C><U+4F17><U+670D><U+52A1><U+53F7>(<U+8BA2><U+9605><U+53F7>)Go<U+8BED><U+8A00><U+5F00><U+53D1><U+6846><U+67B6>"],
    "fork": [true],
    "url": ["https://api.github.com/repos/gaocegege/wechat"],
    "forks_url": ["https://api.github.com/repos/gaocegege/wechat/forks"],
    "keys_url": ["https://api.github.com/repos/gaocegege/wechat/keys{/key_id}"],
    "collaborators_url": ["https://api.github.com/repos/gaocegege/wechat/collaborators{/collaborator}"],
    "teams_url": ["https://api.github.com/repos/gaocegege/wechat/teams"],
    "hooks_url": ["https://api.github.com/repos/gaocegege/wechat/hooks"],
    "issue_events_url": ["https://api.github.com/repos/gaocegege/wechat/issues/events{/number}"],
    "events_url": ["https://api.github.com/repos/gaocegege/wechat/events"],
    "assignees_url": ["https://api.github.com/repos/gaocegege/wechat/assignees{/user}"],
    "branches_url": ["https://api.github.com/repos/gaocegege/wechat/branches{/branch}"],
    "tags_url": ["https://api.github.com/repos/gaocegege/wechat/tags"],
    "blobs_url": ["https://api.github.com/repos/gaocegege/wechat/git/blobs{/sha}"],
    "git_tags_url": ["https://api.github.com/repos/gaocegege/wechat/git/tags{/sha}"],
    "git_refs_url": ["https://api.github.com/repos/gaocegege/wechat/git/refs{/sha}"],
    "trees_url": ["https://api.github.com/repos/gaocegege/wechat/git/trees{/sha}"],
    "statuses_url": ["https://api.github.com/repos/gaocegege/wechat/statuses/{sha}"],
    "languages_url": ["https://api.github.com/repos/gaocegege/wechat/languages"],
    "stargazers_url": ["https://api.github.com/repos/gaocegege/wechat/stargazers"],
    "contributors_url": ["https://api.github.com/repos/gaocegege/wechat/contributors"],
    "subscribers_url": ["https://api.github.com/repos/gaocegege/wechat/subscribers"],
    "subscription_url": ["https://api.github.com/repos/gaocegege/wechat/subscription"],
    "commits_url": ["https://api.github.com/repos/gaocegege/wechat/commits{/sha}"],
    "git_commits_url": ["https://api.github.com/repos/gaocegege/wechat/git/commits{/sha}"],
    "comments_url": ["https://api.github.com/repos/gaocegege/wechat/comments{/number}"],
    "issue_comment_url": ["https://api.github.com/repos/gaocegege/wechat/issues/comments{/number}"],
    "contents_url": ["https://api.github.com/repos/gaocegege/wechat/contents/{+path}"],
    "compare_url": ["https://api.github.com/repos/gaocegege/wechat/compare/{base}...{head}"],
    "merges_url": ["https://api.github.com/repos/gaocegege/wechat/merges"],
    "archive_url": ["https://api.github.com/repos/gaocegege/wechat/{archive_format}{/ref}"],
    "downloads_url": ["https://api.github.com/repos/gaocegege/wechat/downloads"],
    "issues_url": ["https://api.github.com/repos/gaocegege/wechat/issues{/number}"],
    "pulls_url": ["https://api.github.com/repos/gaocegege/wechat/pulls{/number}"],
    "milestones_url": ["https://api.github.com/repos/gaocegege/wechat/milestones{/number}"],
    "notifications_url": ["https://api.github.com/repos/gaocegege/wechat/notifications{?since,all,participating}"],
    "labels_url": ["https://api.github.com/repos/gaocegege/wechat/labels{/name}"],
    "releases_url": ["https://api.github.com/repos/gaocegege/wechat/releases{/id}"],
    "deployments_url": ["https://api.github.com/repos/gaocegege/wechat/deployments"],
    "created_at": ["2016-03-25T09:39:31Z"],
    "updated_at": ["2016-03-25T09:39:32Z"],
    "pushed_at": ["2014-03-11T03:04:41Z"],
    "git_url": ["git://github.com/gaocegege/wechat.git"],
    "ssh_url": ["git@github.com:gaocegege/wechat.git"],
    "clone_url": ["https://github.com/gaocegege/wechat.git"],
    "svn_url": ["https://github.com/gaocegege/wechat"],
    "homepage": {},
    "size": [208],
    "stargazers_count": [0],
    "watchers_count": [0],
    "language": ["Go"],
    "has_issues": [false],
    "has_projects": [true],
    "has_downloads": [true],
    "has_wiki": [true],
    "has_pages": [false],
    "forks_count": [3],
    "mirror_url": {},
    "archived": [false],
    "open_issues_count": [0],
    "license": {},
    "forks": [3],
    "open_issues": [0],
    "watchers": [0],
    "default_branch": ["master"],
    "permissions": {
      "admin": [false],
      "push": [false],
      "pull": [true]
    }
  }
]
