[
  {
    "id": [88508026],
    "node_id": ["MDEwOlJlcG9zaXRvcnk4ODUwODAyNg=="],
    "name": ["kind"],
    "full_name": ["gaocegege/kind"],
    "private": [false],
    "owner": {
      "login": ["gaocegege"],
      "id": [5100735],
      "node_id": ["MDQ6VXNlcjUxMDA3MzU="],
      "avatar_url": ["https://avatars3.githubusercontent.com/u/5100735?v=4"],
      "gravatar_id": [""],
      "url": ["https://api.github.com/users/gaocegege"],
      "html_url": ["https://github.com/gaocegege"],
      "followers_url": ["https://api.github.com/users/gaocegege/followers"],
      "following_url": ["https://api.github.com/users/gaocegege/following{/other_user}"],
      "gists_url": ["https://api.github.com/users/gaocegege/gists{/gist_id}"],
      "starred_url": ["https://api.github.com/users/gaocegege/starred{/owner}{/repo}"],
      "subscriptions_url": ["https://api.github.com/users/gaocegege/subscriptions"],
      "organizations_url": ["https://api.github.com/users/gaocegege/orgs"],
      "repos_url": ["https://api.github.com/users/gaocegege/repos"],
      "events_url": ["https://api.github.com/users/gaocegege/events{/privacy}"],
      "received_events_url": ["https://api.github.com/users/gaocegege/received_events"],
      "type": ["User"],
      "site_admin": [false]
    },
    "html_url": ["https://github.com/gaocegege/kind"],
    "description": ["[WIP] Run Kubernetes in Docker"],
    "fork": [true],
    "url": ["https://api.github.com/repos/gaocegege/kind"],
    "forks_url": ["https://api.github.com/repos/gaocegege/kind/forks"],
    "keys_url": ["https://api.github.com/repos/gaocegege/kind/keys{/key_id}"],
    "collaborators_url": ["https://api.github.com/repos/gaocegege/kind/collaborators{/collaborator}"],
    "teams_url": ["https://api.github.com/repos/gaocegege/kind/teams"],
    "hooks_url": ["https://api.github.com/repos/gaocegege/kind/hooks"],
    "issue_events_url": ["https://api.github.com/repos/gaocegege/kind/issues/events{/number}"],
    "events_url": ["https://api.github.com/repos/gaocegege/kind/events"],
    "assignees_url": ["https://api.github.com/repos/gaocegege/kind/assignees{/user}"],
    "branches_url": ["https://api.github.com/repos/gaocegege/kind/branches{/branch}"],
    "tags_url": ["https://api.github.com/repos/gaocegege/kind/tags"],
    "blobs_url": ["https://api.github.com/repos/gaocegege/kind/git/blobs{/sha}"],
    "git_tags_url": ["https://api.github.com/repos/gaocegege/kind/git/tags{/sha}"],
    "git_refs_url": ["https://api.github.com/repos/gaocegege/kind/git/refs{/sha}"],
    "trees_url": ["https://api.github.com/repos/gaocegege/kind/git/trees{/sha}"],
    "statuses_url": ["https://api.github.com/repos/gaocegege/kind/statuses/{sha}"],
    "languages_url": ["https://api.github.com/repos/gaocegege/kind/languages"],
    "stargazers_url": ["https://api.github.com/repos/gaocegege/kind/stargazers"],
    "contributors_url": ["https://api.github.com/repos/gaocegege/kind/contributors"],
    "subscribers_url": ["https://api.github.com/repos/gaocegege/kind/subscribers"],
    "subscription_url": ["https://api.github.com/repos/gaocegege/kind/subscription"],
    "commits_url": ["https://api.github.com/repos/gaocegege/kind/commits{/sha}"],
    "git_commits_url": ["https://api.github.com/repos/gaocegege/kind/git/commits{/sha}"],
    "comments_url": ["https://api.github.com/repos/gaocegege/kind/comments{/number}"],
    "issue_comment_url": ["https://api.github.com/repos/gaocegege/kind/issues/comments{/number}"],
    "contents_url": ["https://api.github.com/repos/gaocegege/kind/contents/{+path}"],
    "compare_url": ["https://api.github.com/repos/gaocegege/kind/compare/{base}...{head}"],
    "merges_url": ["https://api.github.com/repos/gaocegege/kind/merges"],
    "archive_url": ["https://api.github.com/repos/gaocegege/kind/{archive_format}{/ref}"],
    "downloads_url": ["https://api.github.com/repos/gaocegege/kind/downloads"],
    "issues_url": ["https://api.github.com/repos/gaocegege/kind/issues{/number}"],
    "pulls_url": ["https://api.github.com/repos/gaocegege/kind/pulls{/number}"],
    "milestones_url": ["https://api.github.com/repos/gaocegege/kind/milestones{/number}"],
    "notifications_url": ["https://api.github.com/repos/gaocegege/kind/notifications{?since,all,participating}"],
    "labels_url": ["https://api.github.com/repos/gaocegege/kind/labels{/name}"],
    "releases_url": ["https://api.github.com/repos/gaocegege/kind/releases{/id}"],
    "deployments_url": ["https://api.github.com/repos/gaocegege/kind/deployments"],
    "created_at": ["2017-04-17T12:56:11Z"],
    "updated_at": ["2017-04-17T13:01:32Z"],
    "pushed_at": ["2017-04-17T13:23:35Z"],
    "git_url": ["git://github.com/gaocegege/kind.git"],
    "ssh_url": ["git@github.com:gaocegege/kind.git"],
    "clone_url": ["https://github.com/gaocegege/kind.git"],
    "svn_url": ["https://github.com/gaocegege/kind"],
    "homepage": [""],
    "size": [32246],
    "stargazers_count": [0],
    "watchers_count": [0],
    "language": ["Go"],
    "has_issues": [false],
    "has_projects": [true],
    "has_downloads": [true],
    "has_wiki": [true],
    "has_pages": [false],
    "forks_count": [0],
    "mirror_url": {},
    "archived": [false],
    "open_issues_count": [0],
    "license": {
      "key": ["apache-2.0"],
      "name": ["Apache License 2.0"],
      "spdx_id": ["Apache-2.0"],
      "url": ["https://api.github.com/licenses/apache-2.0"],
      "node_id": ["MDc6TGljZW5zZTI="]
    },
    "forks": [0],
    "open_issues": [0],
    "watchers": [0],
    "default_branch": ["master"],
    "permissions": {
      "admin": [false],
      "push": [false],
      "pull": [true]
    }
  }
]
