[
  {
    "id": [135384785],
    "node_id": ["MDEwOlJlcG9zaXRvcnkxMzUzODQ3ODU="],
    "name": ["toc"],
    "full_name": ["gaocegege/toc"],
    "private": [false],
    "owner": {
      "login": ["gaocegege"],
      "id": [5100735],
      "node_id": ["MDQ6VXNlcjUxMDA3MzU="],
      "avatar_url": ["https://avatars3.githubusercontent.com/u/5100735?v=4"],
      "gravatar_id": [""],
      "url": ["https://api.github.com/users/gaocegege"],
      "html_url": ["https://github.com/gaocegege"],
      "followers_url": ["https://api.github.com/users/gaocegege/followers"],
      "following_url": ["https://api.github.com/users/gaocegege/following{/other_user}"],
      "gists_url": ["https://api.github.com/users/gaocegege/gists{/gist_id}"],
      "starred_url": ["https://api.github.com/users/gaocegege/starred{/owner}{/repo}"],
      "subscriptions_url": ["https://api.github.com/users/gaocegege/subscriptions"],
      "organizations_url": ["https://api.github.com/users/gaocegege/orgs"],
      "repos_url": ["https://api.github.com/users/gaocegege/repos"],
      "events_url": ["https://api.github.com/users/gaocegege/events{/privacy}"],
      "received_events_url": ["https://api.github.com/users/gaocegege/received_events"],
      "type": ["User"],
      "site_admin": [false]
    },
    "html_url": ["https://github.com/gaocegege/toc"],
    "description": ["Technical Oversight Committee (TOC)"],
    "fork": [true],
    "url": ["https://api.github.com/repos/gaocegege/toc"],
    "forks_url": ["https://api.github.com/repos/gaocegege/toc/forks"],
    "keys_url": ["https://api.github.com/repos/gaocegege/toc/keys{/key_id}"],
    "collaborators_url": ["https://api.github.com/repos/gaocegege/toc/collaborators{/collaborator}"],
    "teams_url": ["https://api.github.com/repos/gaocegege/toc/teams"],
    "hooks_url": ["https://api.github.com/repos/gaocegege/toc/hooks"],
    "issue_events_url": ["https://api.github.com/repos/gaocegege/toc/issues/events{/number}"],
    "events_url": ["https://api.github.com/repos/gaocegege/toc/events"],
    "assignees_url": ["https://api.github.com/repos/gaocegege/toc/assignees{/user}"],
    "branches_url": ["https://api.github.com/repos/gaocegege/toc/branches{/branch}"],
    "tags_url": ["https://api.github.com/repos/gaocegege/toc/tags"],
    "blobs_url": ["https://api.github.com/repos/gaocegege/toc/git/blobs{/sha}"],
    "git_tags_url": ["https://api.github.com/repos/gaocegege/toc/git/tags{/sha}"],
    "git_refs_url": ["https://api.github.com/repos/gaocegege/toc/git/refs{/sha}"],
    "trees_url": ["https://api.github.com/repos/gaocegege/toc/git/trees{/sha}"],
    "statuses_url": ["https://api.github.com/repos/gaocegege/toc/statuses/{sha}"],
    "languages_url": ["https://api.github.com/repos/gaocegege/toc/languages"],
    "stargazers_url": ["https://api.github.com/repos/gaocegege/toc/stargazers"],
    "contributors_url": ["https://api.github.com/repos/gaocegege/toc/contributors"],
    "subscribers_url": ["https://api.github.com/repos/gaocegege/toc/subscribers"],
    "subscription_url": ["https://api.github.com/repos/gaocegege/toc/subscription"],
    "commits_url": ["https://api.github.com/repos/gaocegege/toc/commits{/sha}"],
    "git_commits_url": ["https://api.github.com/repos/gaocegege/toc/git/commits{/sha}"],
    "comments_url": ["https://api.github.com/repos/gaocegege/toc/comments{/number}"],
    "issue_comment_url": ["https://api.github.com/repos/gaocegege/toc/issues/comments{/number}"],
    "contents_url": ["https://api.github.com/repos/gaocegege/toc/contents/{+path}"],
    "compare_url": ["https://api.github.com/repos/gaocegege/toc/compare/{base}...{head}"],
    "merges_url": ["https://api.github.com/repos/gaocegege/toc/merges"],
    "archive_url": ["https://api.github.com/repos/gaocegege/toc/{archive_format}{/ref}"],
    "downloads_url": ["https://api.github.com/repos/gaocegege/toc/downloads"],
    "issues_url": ["https://api.github.com/repos/gaocegege/toc/issues{/number}"],
    "pulls_url": ["https://api.github.com/repos/gaocegege/toc/pulls{/number}"],
    "milestones_url": ["https://api.github.com/repos/gaocegege/toc/milestones{/number}"],
    "notifications_url": ["https://api.github.com/repos/gaocegege/toc/notifications{?since,all,participating}"],
    "labels_url": ["https://api.github.com/repos/gaocegege/toc/labels{/name}"],
    "releases_url": ["https://api.github.com/repos/gaocegege/toc/releases{/id}"],
    "deployments_url": ["https://api.github.com/repos/gaocegege/toc/deployments"],
    "created_at": ["2018-05-30T03:46:24Z"],
    "updated_at": ["2018-05-30T03:46:27Z"],
    "pushed_at": ["2018-05-30T04:16:12Z"],
    "git_url": ["git://github.com/gaocegege/toc.git"],
    "ssh_url": ["git@github.com:gaocegege/toc.git"],
    "clone_url": ["https://github.com/gaocegege/toc.git"],
    "svn_url": ["https://github.com/gaocegege/toc"],
    "homepage": ["https://cncf.io/"],
    "size": [328],
    "stargazers_count": [0],
    "watchers_count": [0],
    "language": {},
    "has_issues": [false],
    "has_projects": [true],
    "has_downloads": [true],
    "has_wiki": [false],
    "has_pages": [false],
    "forks_count": [0],
    "mirror_url": {},
    "archived": [false],
    "open_issues_count": [0],
    "license": {},
    "forks": [0],
    "open_issues": [0],
    "watchers": [0],
    "default_branch": ["master"],
    "permissions": {
      "admin": [false],
      "push": [false],
      "pull": [true]
    }
  }
]
