[
  {
    "id": [70998341],
    "node_id": ["MDEwOlJlcG9zaXRvcnk3MDk5ODM0MQ=="],
    "name": ["hackys-backend-reader"],
    "full_name": ["gaocegege/hackys-backend-reader"],
    "private": [false],
    "owner": {
      "login": ["gaocegege"],
      "id": [5100735],
      "node_id": ["MDQ6VXNlcjUxMDA3MzU="],
      "avatar_url": ["https://avatars3.githubusercontent.com/u/5100735?v=4"],
      "gravatar_id": [""],
      "url": ["https://api.github.com/users/gaocegege"],
      "html_url": ["https://github.com/gaocegege"],
      "followers_url": ["https://api.github.com/users/gaocegege/followers"],
      "following_url": ["https://api.github.com/users/gaocegege/following{/other_user}"],
      "gists_url": ["https://api.github.com/users/gaocegege/gists{/gist_id}"],
      "starred_url": ["https://api.github.com/users/gaocegege/starred{/owner}{/repo}"],
      "subscriptions_url": ["https://api.github.com/users/gaocegege/subscriptions"],
      "organizations_url": ["https://api.github.com/users/gaocegege/orgs"],
      "repos_url": ["https://api.github.com/users/gaocegege/repos"],
      "events_url": ["https://api.github.com/users/gaocegege/events{/privacy}"],
      "received_events_url": ["https://api.github.com/users/gaocegege/received_events"],
      "type": ["User"],
      "site_admin": [false]
    },
    "html_url": ["https://github.com/gaocegege/hackys-backend-reader"],
    "description": {},
    "fork": [false],
    "url": ["https://api.github.com/repos/gaocegege/hackys-backend-reader"],
    "forks_url": ["https://api.github.com/repos/gaocegege/hackys-backend-reader/forks"],
    "keys_url": ["https://api.github.com/repos/gaocegege/hackys-backend-reader/keys{/key_id}"],
    "collaborators_url": ["https://api.github.com/repos/gaocegege/hackys-backend-reader/collaborators{/collaborator}"],
    "teams_url": ["https://api.github.com/repos/gaocegege/hackys-backend-reader/teams"],
    "hooks_url": ["https://api.github.com/repos/gaocegege/hackys-backend-reader/hooks"],
    "issue_events_url": ["https://api.github.com/repos/gaocegege/hackys-backend-reader/issues/events{/number}"],
    "events_url": ["https://api.github.com/repos/gaocegege/hackys-backend-reader/events"],
    "assignees_url": ["https://api.github.com/repos/gaocegege/hackys-backend-reader/assignees{/user}"],
    "branches_url": ["https://api.github.com/repos/gaocegege/hackys-backend-reader/branches{/branch}"],
    "tags_url": ["https://api.github.com/repos/gaocegege/hackys-backend-reader/tags"],
    "blobs_url": ["https://api.github.com/repos/gaocegege/hackys-backend-reader/git/blobs{/sha}"],
    "git_tags_url": ["https://api.github.com/repos/gaocegege/hackys-backend-reader/git/tags{/sha}"],
    "git_refs_url": ["https://api.github.com/repos/gaocegege/hackys-backend-reader/git/refs{/sha}"],
    "trees_url": ["https://api.github.com/repos/gaocegege/hackys-backend-reader/git/trees{/sha}"],
    "statuses_url": ["https://api.github.com/repos/gaocegege/hackys-backend-reader/statuses/{sha}"],
    "languages_url": ["https://api.github.com/repos/gaocegege/hackys-backend-reader/languages"],
    "stargazers_url": ["https://api.github.com/repos/gaocegege/hackys-backend-reader/stargazers"],
    "contributors_url": ["https://api.github.com/repos/gaocegege/hackys-backend-reader/contributors"],
    "subscribers_url": ["https://api.github.com/repos/gaocegege/hackys-backend-reader/subscribers"],
    "subscription_url": ["https://api.github.com/repos/gaocegege/hackys-backend-reader/subscription"],
    "commits_url": ["https://api.github.com/repos/gaocegege/hackys-backend-reader/commits{/sha}"],
    "git_commits_url": ["https://api.github.com/repos/gaocegege/hackys-backend-reader/git/commits{/sha}"],
    "comments_url": ["https://api.github.com/repos/gaocegege/hackys-backend-reader/comments{/number}"],
    "issue_comment_url": ["https://api.github.com/repos/gaocegege/hackys-backend-reader/issues/comments{/number}"],
    "contents_url": ["https://api.github.com/repos/gaocegege/hackys-backend-reader/contents/{+path}"],
    "compare_url": ["https://api.github.com/repos/gaocegege/hackys-backend-reader/compare/{base}...{head}"],
    "merges_url": ["https://api.github.com/repos/gaocegege/hackys-backend-reader/merges"],
    "archive_url": ["https://api.github.com/repos/gaocegege/hackys-backend-reader/{archive_format}{/ref}"],
    "downloads_url": ["https://api.github.com/repos/gaocegege/hackys-backend-reader/downloads"],
    "issues_url": ["https://api.github.com/repos/gaocegege/hackys-backend-reader/issues{/number}"],
    "pulls_url": ["https://api.github.com/repos/gaocegege/hackys-backend-reader/pulls{/number}"],
    "milestones_url": ["https://api.github.com/repos/gaocegege/hackys-backend-reader/milestones{/number}"],
    "notifications_url": ["https://api.github.com/repos/gaocegege/hackys-backend-reader/notifications{?since,all,participating}"],
    "labels_url": ["https://api.github.com/repos/gaocegege/hackys-backend-reader/labels{/name}"],
    "releases_url": ["https://api.github.com/repos/gaocegege/hackys-backend-reader/releases{/id}"],
    "deployments_url": ["https://api.github.com/repos/gaocegege/hackys-backend-reader/deployments"],
    "created_at": ["2016-10-15T16:05:19Z"],
    "updated_at": ["2016-10-17T08:40:06Z"],
    "pushed_at": ["2016-10-16T00:40:19Z"],
    "git_url": ["git://github.com/gaocegege/hackys-backend-reader.git"],
    "ssh_url": ["git@github.com:gaocegege/hackys-backend-reader.git"],
    "clone_url": ["https://github.com/gaocegege/hackys-backend-reader.git"],
    "svn_url": ["https://github.com/gaocegege/hackys-backend-reader"],
    "homepage": {},
    "size": [774],
    "stargazers_count": [1],
    "watchers_count": [1],
    "language": ["Python"],
    "has_issues": [true],
    "has_projects": [true],
    "has_downloads": [true],
    "has_wiki": [true],
    "has_pages": [false],
    "forks_count": [0],
    "mirror_url": {},
    "archived": [false],
    "open_issues_count": [0],
    "license": {},
    "forks": [0],
    "open_issues": [0],
    "watchers": [1],
    "default_branch": ["master"],
    "permissions": {
      "admin": [false],
      "push": [false],
      "pull": [true]
    }
  }
]
