[
  {
    "id": [73253902],
    "node_id": ["MDEwOlJlcG9zaXRvcnk3MzI1MzkwMg=="],
    "name": ["awesome-go"],
    "full_name": ["gaocegege/awesome-go"],
    "private": [false],
    "owner": {
      "login": ["gaocegege"],
      "id": [5100735],
      "node_id": ["MDQ6VXNlcjUxMDA3MzU="],
      "avatar_url": ["https://avatars3.githubusercontent.com/u/5100735?v=4"],
      "gravatar_id": [""],
      "url": ["https://api.github.com/users/gaocegege"],
      "html_url": ["https://github.com/gaocegege"],
      "followers_url": ["https://api.github.com/users/gaocegege/followers"],
      "following_url": ["https://api.github.com/users/gaocegege/following{/other_user}"],
      "gists_url": ["https://api.github.com/users/gaocegege/gists{/gist_id}"],
      "starred_url": ["https://api.github.com/users/gaocegege/starred{/owner}{/repo}"],
      "subscriptions_url": ["https://api.github.com/users/gaocegege/subscriptions"],
      "organizations_url": ["https://api.github.com/users/gaocegege/orgs"],
      "repos_url": ["https://api.github.com/users/gaocegege/repos"],
      "events_url": ["https://api.github.com/users/gaocegege/events{/privacy}"],
      "received_events_url": ["https://api.github.com/users/gaocegege/received_events"],
      "type": ["User"],
      "site_admin": [false]
    },
    "html_url": ["https://github.com/gaocegege/awesome-go"],
    "description": ["A curated list of awesome Go frameworks, libraries and software"],
    "fork": [true],
    "url": ["https://api.github.com/repos/gaocegege/awesome-go"],
    "forks_url": ["https://api.github.com/repos/gaocegege/awesome-go/forks"],
    "keys_url": ["https://api.github.com/repos/gaocegege/awesome-go/keys{/key_id}"],
    "collaborators_url": ["https://api.github.com/repos/gaocegege/awesome-go/collaborators{/collaborator}"],
    "teams_url": ["https://api.github.com/repos/gaocegege/awesome-go/teams"],
    "hooks_url": ["https://api.github.com/repos/gaocegege/awesome-go/hooks"],
    "issue_events_url": ["https://api.github.com/repos/gaocegege/awesome-go/issues/events{/number}"],
    "events_url": ["https://api.github.com/repos/gaocegege/awesome-go/events"],
    "assignees_url": ["https://api.github.com/repos/gaocegege/awesome-go/assignees{/user}"],
    "branches_url": ["https://api.github.com/repos/gaocegege/awesome-go/branches{/branch}"],
    "tags_url": ["https://api.github.com/repos/gaocegege/awesome-go/tags"],
    "blobs_url": ["https://api.github.com/repos/gaocegege/awesome-go/git/blobs{/sha}"],
    "git_tags_url": ["https://api.github.com/repos/gaocegege/awesome-go/git/tags{/sha}"],
    "git_refs_url": ["https://api.github.com/repos/gaocegege/awesome-go/git/refs{/sha}"],
    "trees_url": ["https://api.github.com/repos/gaocegege/awesome-go/git/trees{/sha}"],
    "statuses_url": ["https://api.github.com/repos/gaocegege/awesome-go/statuses/{sha}"],
    "languages_url": ["https://api.github.com/repos/gaocegege/awesome-go/languages"],
    "stargazers_url": ["https://api.github.com/repos/gaocegege/awesome-go/stargazers"],
    "contributors_url": ["https://api.github.com/repos/gaocegege/awesome-go/contributors"],
    "subscribers_url": ["https://api.github.com/repos/gaocegege/awesome-go/subscribers"],
    "subscription_url": ["https://api.github.com/repos/gaocegege/awesome-go/subscription"],
    "commits_url": ["https://api.github.com/repos/gaocegege/awesome-go/commits{/sha}"],
    "git_commits_url": ["https://api.github.com/repos/gaocegege/awesome-go/git/commits{/sha}"],
    "comments_url": ["https://api.github.com/repos/gaocegege/awesome-go/comments{/number}"],
    "issue_comment_url": ["https://api.github.com/repos/gaocegege/awesome-go/issues/comments{/number}"],
    "contents_url": ["https://api.github.com/repos/gaocegege/awesome-go/contents/{+path}"],
    "compare_url": ["https://api.github.com/repos/gaocegege/awesome-go/compare/{base}...{head}"],
    "merges_url": ["https://api.github.com/repos/gaocegege/awesome-go/merges"],
    "archive_url": ["https://api.github.com/repos/gaocegege/awesome-go/{archive_format}{/ref}"],
    "downloads_url": ["https://api.github.com/repos/gaocegege/awesome-go/downloads"],
    "issues_url": ["https://api.github.com/repos/gaocegege/awesome-go/issues{/number}"],
    "pulls_url": ["https://api.github.com/repos/gaocegege/awesome-go/pulls{/number}"],
    "milestones_url": ["https://api.github.com/repos/gaocegege/awesome-go/milestones{/number}"],
    "notifications_url": ["https://api.github.com/repos/gaocegege/awesome-go/notifications{?since,all,participating}"],
    "labels_url": ["https://api.github.com/repos/gaocegege/awesome-go/labels{/name}"],
    "releases_url": ["https://api.github.com/repos/gaocegege/awesome-go/releases{/id}"],
    "deployments_url": ["https://api.github.com/repos/gaocegege/awesome-go/deployments"],
    "created_at": ["2016-11-09T05:09:56Z"],
    "updated_at": ["2016-11-09T05:09:58Z"],
    "pushed_at": ["2016-11-09T05:19:35Z"],
    "git_url": ["git://github.com/gaocegege/awesome-go.git"],
    "ssh_url": ["git@github.com:gaocegege/awesome-go.git"],
    "clone_url": ["https://github.com/gaocegege/awesome-go.git"],
    "svn_url": ["https://github.com/gaocegege/awesome-go"],
    "homepage": ["http://awesome-go.com/"],
    "size": [3871],
    "stargazers_count": [0],
    "watchers_count": [0],
    "language": ["Go"],
    "has_issues": [false],
    "has_projects": [true],
    "has_downloads": [true],
    "has_wiki": [false],
    "has_pages": [false],
    "forks_count": [0],
    "mirror_url": {},
    "archived": [false],
    "open_issues_count": [0],
    "license": {
      "key": ["mit"],
      "name": ["MIT License"],
      "spdx_id": ["MIT"],
      "url": ["https://api.github.com/licenses/mit"],
      "node_id": ["MDc6TGljZW5zZTEz"]
    },
    "forks": [0],
    "open_issues": [0],
    "watchers": [0],
    "default_branch": ["master"],
    "permissions": {
      "admin": [false],
      "push": [false],
      "pull": [true]
    }
  }
]
