[
  {
    "id": [132101337],
    "node_id": ["MDEwOlJlcG9zaXRvcnkxMzIxMDEzMzc="],
    "name": ["dy-bot"],
    "full_name": ["gaocegege/dy-bot"],
    "private": [false],
    "owner": {
      "login": ["gaocegege"],
      "id": [5100735],
      "node_id": ["MDQ6VXNlcjUxMDA3MzU="],
      "avatar_url": ["https://avatars3.githubusercontent.com/u/5100735?v=4"],
      "gravatar_id": [""],
      "url": ["https://api.github.com/users/gaocegege"],
      "html_url": ["https://github.com/gaocegege"],
      "followers_url": ["https://api.github.com/users/gaocegege/followers"],
      "following_url": ["https://api.github.com/users/gaocegege/following{/other_user}"],
      "gists_url": ["https://api.github.com/users/gaocegege/gists{/gist_id}"],
      "starred_url": ["https://api.github.com/users/gaocegege/starred{/owner}{/repo}"],
      "subscriptions_url": ["https://api.github.com/users/gaocegege/subscriptions"],
      "organizations_url": ["https://api.github.com/users/gaocegege/orgs"],
      "repos_url": ["https://api.github.com/users/gaocegege/repos"],
      "events_url": ["https://api.github.com/users/gaocegege/events{/privacy}"],
      "received_events_url": ["https://api.github.com/users/gaocegege/received_events"],
      "type": ["User"],
      "site_admin": [false]
    },
    "html_url": ["https://github.com/gaocegege/dy-bot"],
    "description": ["Our handsome and cute bot"],
    "fork": [true],
    "url": ["https://api.github.com/repos/gaocegege/dy-bot"],
    "forks_url": ["https://api.github.com/repos/gaocegege/dy-bot/forks"],
    "keys_url": ["https://api.github.com/repos/gaocegege/dy-bot/keys{/key_id}"],
    "collaborators_url": ["https://api.github.com/repos/gaocegege/dy-bot/collaborators{/collaborator}"],
    "teams_url": ["https://api.github.com/repos/gaocegege/dy-bot/teams"],
    "hooks_url": ["https://api.github.com/repos/gaocegege/dy-bot/hooks"],
    "issue_events_url": ["https://api.github.com/repos/gaocegege/dy-bot/issues/events{/number}"],
    "events_url": ["https://api.github.com/repos/gaocegege/dy-bot/events"],
    "assignees_url": ["https://api.github.com/repos/gaocegege/dy-bot/assignees{/user}"],
    "branches_url": ["https://api.github.com/repos/gaocegege/dy-bot/branches{/branch}"],
    "tags_url": ["https://api.github.com/repos/gaocegege/dy-bot/tags"],
    "blobs_url": ["https://api.github.com/repos/gaocegege/dy-bot/git/blobs{/sha}"],
    "git_tags_url": ["https://api.github.com/repos/gaocegege/dy-bot/git/tags{/sha}"],
    "git_refs_url": ["https://api.github.com/repos/gaocegege/dy-bot/git/refs{/sha}"],
    "trees_url": ["https://api.github.com/repos/gaocegege/dy-bot/git/trees{/sha}"],
    "statuses_url": ["https://api.github.com/repos/gaocegege/dy-bot/statuses/{sha}"],
    "languages_url": ["https://api.github.com/repos/gaocegege/dy-bot/languages"],
    "stargazers_url": ["https://api.github.com/repos/gaocegege/dy-bot/stargazers"],
    "contributors_url": ["https://api.github.com/repos/gaocegege/dy-bot/contributors"],
    "subscribers_url": ["https://api.github.com/repos/gaocegege/dy-bot/subscribers"],
    "subscription_url": ["https://api.github.com/repos/gaocegege/dy-bot/subscription"],
    "commits_url": ["https://api.github.com/repos/gaocegege/dy-bot/commits{/sha}"],
    "git_commits_url": ["https://api.github.com/repos/gaocegege/dy-bot/git/commits{/sha}"],
    "comments_url": ["https://api.github.com/repos/gaocegege/dy-bot/comments{/number}"],
    "issue_comment_url": ["https://api.github.com/repos/gaocegege/dy-bot/issues/comments{/number}"],
    "contents_url": ["https://api.github.com/repos/gaocegege/dy-bot/contents/{+path}"],
    "compare_url": ["https://api.github.com/repos/gaocegege/dy-bot/compare/{base}...{head}"],
    "merges_url": ["https://api.github.com/repos/gaocegege/dy-bot/merges"],
    "archive_url": ["https://api.github.com/repos/gaocegege/dy-bot/{archive_format}{/ref}"],
    "downloads_url": ["https://api.github.com/repos/gaocegege/dy-bot/downloads"],
    "issues_url": ["https://api.github.com/repos/gaocegege/dy-bot/issues{/number}"],
    "pulls_url": ["https://api.github.com/repos/gaocegege/dy-bot/pulls{/number}"],
    "milestones_url": ["https://api.github.com/repos/gaocegege/dy-bot/milestones{/number}"],
    "notifications_url": ["https://api.github.com/repos/gaocegege/dy-bot/notifications{?since,all,participating}"],
    "labels_url": ["https://api.github.com/repos/gaocegege/dy-bot/labels{/name}"],
    "releases_url": ["https://api.github.com/repos/gaocegege/dy-bot/releases{/id}"],
    "deployments_url": ["https://api.github.com/repos/gaocegege/dy-bot/deployments"],
    "created_at": ["2018-05-04T06:59:43Z"],
    "updated_at": ["2018-05-04T06:59:45Z"],
    "pushed_at": ["2018-10-01T02:23:01Z"],
    "git_url": ["git://github.com/gaocegege/dy-bot.git"],
    "ssh_url": ["git@github.com:gaocegege/dy-bot.git"],
    "clone_url": ["https://github.com/gaocegege/dy-bot.git"],
    "svn_url": ["https://github.com/gaocegege/dy-bot"],
    "homepage": {},
    "size": [0],
    "stargazers_count": [0],
    "watchers_count": [0],
    "language": {},
    "has_issues": [false],
    "has_projects": [true],
    "has_downloads": [true],
    "has_wiki": [true],
    "has_pages": [false],
    "forks_count": [0],
    "mirror_url": {},
    "archived": [false],
    "open_issues_count": [0],
    "license": {},
    "forks": [0],
    "open_issues": [0],
    "watchers": [0],
    "default_branch": ["master"],
    "permissions": {
      "admin": [false],
      "push": [false],
      "pull": [true]
    }
  }
]
