[
  {
    "id": [82150721],
    "node_id": ["MDEwOlJlcG9zaXRvcnk4MjE1MDcyMQ=="],
    "name": ["atom-languageclient"],
    "full_name": ["gaocegege/atom-languageclient"],
    "private": [false],
    "owner": {
      "login": ["gaocegege"],
      "id": [5100735],
      "node_id": ["MDQ6VXNlcjUxMDA3MzU="],
      "avatar_url": ["https://avatars3.githubusercontent.com/u/5100735?v=4"],
      "gravatar_id": [""],
      "url": ["https://api.github.com/users/gaocegege"],
      "html_url": ["https://github.com/gaocegege"],
      "followers_url": ["https://api.github.com/users/gaocegege/followers"],
      "following_url": ["https://api.github.com/users/gaocegege/following{/other_user}"],
      "gists_url": ["https://api.github.com/users/gaocegege/gists{/gist_id}"],
      "starred_url": ["https://api.github.com/users/gaocegege/starred{/owner}{/repo}"],
      "subscriptions_url": ["https://api.github.com/users/gaocegege/subscriptions"],
      "organizations_url": ["https://api.github.com/users/gaocegege/orgs"],
      "repos_url": ["https://api.github.com/users/gaocegege/repos"],
      "events_url": ["https://api.github.com/users/gaocegege/events{/privacy}"],
      "received_events_url": ["https://api.github.com/users/gaocegege/received_events"],
      "type": ["User"],
      "site_admin": [false]
    },
    "html_url": ["https://github.com/gaocegege/atom-languageclient"],
    "description": {},
    "fork": [true],
    "url": ["https://api.github.com/repos/gaocegege/atom-languageclient"],
    "forks_url": ["https://api.github.com/repos/gaocegege/atom-languageclient/forks"],
    "keys_url": ["https://api.github.com/repos/gaocegege/atom-languageclient/keys{/key_id}"],
    "collaborators_url": ["https://api.github.com/repos/gaocegege/atom-languageclient/collaborators{/collaborator}"],
    "teams_url": ["https://api.github.com/repos/gaocegege/atom-languageclient/teams"],
    "hooks_url": ["https://api.github.com/repos/gaocegege/atom-languageclient/hooks"],
    "issue_events_url": ["https://api.github.com/repos/gaocegege/atom-languageclient/issues/events{/number}"],
    "events_url": ["https://api.github.com/repos/gaocegege/atom-languageclient/events"],
    "assignees_url": ["https://api.github.com/repos/gaocegege/atom-languageclient/assignees{/user}"],
    "branches_url": ["https://api.github.com/repos/gaocegege/atom-languageclient/branches{/branch}"],
    "tags_url": ["https://api.github.com/repos/gaocegege/atom-languageclient/tags"],
    "blobs_url": ["https://api.github.com/repos/gaocegege/atom-languageclient/git/blobs{/sha}"],
    "git_tags_url": ["https://api.github.com/repos/gaocegege/atom-languageclient/git/tags{/sha}"],
    "git_refs_url": ["https://api.github.com/repos/gaocegege/atom-languageclient/git/refs{/sha}"],
    "trees_url": ["https://api.github.com/repos/gaocegege/atom-languageclient/git/trees{/sha}"],
    "statuses_url": ["https://api.github.com/repos/gaocegege/atom-languageclient/statuses/{sha}"],
    "languages_url": ["https://api.github.com/repos/gaocegege/atom-languageclient/languages"],
    "stargazers_url": ["https://api.github.com/repos/gaocegege/atom-languageclient/stargazers"],
    "contributors_url": ["https://api.github.com/repos/gaocegege/atom-languageclient/contributors"],
    "subscribers_url": ["https://api.github.com/repos/gaocegege/atom-languageclient/subscribers"],
    "subscription_url": ["https://api.github.com/repos/gaocegege/atom-languageclient/subscription"],
    "commits_url": ["https://api.github.com/repos/gaocegege/atom-languageclient/commits{/sha}"],
    "git_commits_url": ["https://api.github.com/repos/gaocegege/atom-languageclient/git/commits{/sha}"],
    "comments_url": ["https://api.github.com/repos/gaocegege/atom-languageclient/comments{/number}"],
    "issue_comment_url": ["https://api.github.com/repos/gaocegege/atom-languageclient/issues/comments{/number}"],
    "contents_url": ["https://api.github.com/repos/gaocegege/atom-languageclient/contents/{+path}"],
    "compare_url": ["https://api.github.com/repos/gaocegege/atom-languageclient/compare/{base}...{head}"],
    "merges_url": ["https://api.github.com/repos/gaocegege/atom-languageclient/merges"],
    "archive_url": ["https://api.github.com/repos/gaocegege/atom-languageclient/{archive_format}{/ref}"],
    "downloads_url": ["https://api.github.com/repos/gaocegege/atom-languageclient/downloads"],
    "issues_url": ["https://api.github.com/repos/gaocegege/atom-languageclient/issues{/number}"],
    "pulls_url": ["https://api.github.com/repos/gaocegege/atom-languageclient/pulls{/number}"],
    "milestones_url": ["https://api.github.com/repos/gaocegege/atom-languageclient/milestones{/number}"],
    "notifications_url": ["https://api.github.com/repos/gaocegege/atom-languageclient/notifications{?since,all,participating}"],
    "labels_url": ["https://api.github.com/repos/gaocegege/atom-languageclient/labels{/name}"],
    "releases_url": ["https://api.github.com/repos/gaocegege/atom-languageclient/releases{/id}"],
    "deployments_url": ["https://api.github.com/repos/gaocegege/atom-languageclient/deployments"],
    "created_at": ["2017-02-16T07:08:43Z"],
    "updated_at": ["2017-02-16T07:08:45Z"],
    "pushed_at": ["2017-09-20T04:04:07Z"],
    "git_url": ["git://github.com/gaocegege/atom-languageclient.git"],
    "ssh_url": ["git@github.com:gaocegege/atom-languageclient.git"],
    "clone_url": ["https://github.com/gaocegege/atom-languageclient.git"],
    "svn_url": ["https://github.com/gaocegege/atom-languageclient"],
    "homepage": {},
    "size": [1912],
    "stargazers_count": [0],
    "watchers_count": [0],
    "language": ["TypeScript"],
    "has_issues": [false],
    "has_projects": [true],
    "has_downloads": [true],
    "has_wiki": [true],
    "has_pages": [false],
    "forks_count": [0],
    "mirror_url": {},
    "archived": [false],
    "open_issues_count": [0],
    "license": {
      "key": ["mit"],
      "name": ["MIT License"],
      "spdx_id": ["MIT"],
      "url": ["https://api.github.com/licenses/mit"],
      "node_id": ["MDc6TGljZW5zZTEz"]
    },
    "forks": [0],
    "open_issues": [0],
    "watchers": [0],
    "default_branch": ["master"],
    "permissions": {
      "admin": [false],
      "push": [false],
      "pull": [true]
    }
  }
]
