[
  {
    "id": [64286584],
    "node_id": ["MDEwOlJlcG9zaXRvcnk2NDI4NjU4NA=="],
    "name": ["dronecraft"],
    "full_name": ["gaocegege/dronecraft"],
    "private": [false],
    "owner": {
      "login": ["gaocegege"],
      "id": [5100735],
      "node_id": ["MDQ6VXNlcjUxMDA3MzU="],
      "avatar_url": ["https://avatars3.githubusercontent.com/u/5100735?v=4"],
      "gravatar_id": [""],
      "url": ["https://api.github.com/users/gaocegege"],
      "html_url": ["https://github.com/gaocegege"],
      "followers_url": ["https://api.github.com/users/gaocegege/followers"],
      "following_url": ["https://api.github.com/users/gaocegege/following{/other_user}"],
      "gists_url": ["https://api.github.com/users/gaocegege/gists{/gist_id}"],
      "starred_url": ["https://api.github.com/users/gaocegege/starred{/owner}{/repo}"],
      "subscriptions_url": ["https://api.github.com/users/gaocegege/subscriptions"],
      "organizations_url": ["https://api.github.com/users/gaocegege/orgs"],
      "repos_url": ["https://api.github.com/users/gaocegege/repos"],
      "events_url": ["https://api.github.com/users/gaocegege/events{/privacy}"],
      "received_events_url": ["https://api.github.com/users/gaocegege/received_events"],
      "type": ["User"],
      "site_admin": [false]
    },
    "html_url": ["https://github.com/gaocegege/dronecraft"],
    "description": [":ocean: :whale: :video_game: drone client in minecraft, inspired by dockercraft."],
    "fork": [false],
    "url": ["https://api.github.com/repos/gaocegege/dronecraft"],
    "forks_url": ["https://api.github.com/repos/gaocegege/dronecraft/forks"],
    "keys_url": ["https://api.github.com/repos/gaocegege/dronecraft/keys{/key_id}"],
    "collaborators_url": ["https://api.github.com/repos/gaocegege/dronecraft/collaborators{/collaborator}"],
    "teams_url": ["https://api.github.com/repos/gaocegege/dronecraft/teams"],
    "hooks_url": ["https://api.github.com/repos/gaocegege/dronecraft/hooks"],
    "issue_events_url": ["https://api.github.com/repos/gaocegege/dronecraft/issues/events{/number}"],
    "events_url": ["https://api.github.com/repos/gaocegege/dronecraft/events"],
    "assignees_url": ["https://api.github.com/repos/gaocegege/dronecraft/assignees{/user}"],
    "branches_url": ["https://api.github.com/repos/gaocegege/dronecraft/branches{/branch}"],
    "tags_url": ["https://api.github.com/repos/gaocegege/dronecraft/tags"],
    "blobs_url": ["https://api.github.com/repos/gaocegege/dronecraft/git/blobs{/sha}"],
    "git_tags_url": ["https://api.github.com/repos/gaocegege/dronecraft/git/tags{/sha}"],
    "git_refs_url": ["https://api.github.com/repos/gaocegege/dronecraft/git/refs{/sha}"],
    "trees_url": ["https://api.github.com/repos/gaocegege/dronecraft/git/trees{/sha}"],
    "statuses_url": ["https://api.github.com/repos/gaocegege/dronecraft/statuses/{sha}"],
    "languages_url": ["https://api.github.com/repos/gaocegege/dronecraft/languages"],
    "stargazers_url": ["https://api.github.com/repos/gaocegege/dronecraft/stargazers"],
    "contributors_url": ["https://api.github.com/repos/gaocegege/dronecraft/contributors"],
    "subscribers_url": ["https://api.github.com/repos/gaocegege/dronecraft/subscribers"],
    "subscription_url": ["https://api.github.com/repos/gaocegege/dronecraft/subscription"],
    "commits_url": ["https://api.github.com/repos/gaocegege/dronecraft/commits{/sha}"],
    "git_commits_url": ["https://api.github.com/repos/gaocegege/dronecraft/git/commits{/sha}"],
    "comments_url": ["https://api.github.com/repos/gaocegege/dronecraft/comments{/number}"],
    "issue_comment_url": ["https://api.github.com/repos/gaocegege/dronecraft/issues/comments{/number}"],
    "contents_url": ["https://api.github.com/repos/gaocegege/dronecraft/contents/{+path}"],
    "compare_url": ["https://api.github.com/repos/gaocegege/dronecraft/compare/{base}...{head}"],
    "merges_url": ["https://api.github.com/repos/gaocegege/dronecraft/merges"],
    "archive_url": ["https://api.github.com/repos/gaocegege/dronecraft/{archive_format}{/ref}"],
    "downloads_url": ["https://api.github.com/repos/gaocegege/dronecraft/downloads"],
    "issues_url": ["https://api.github.com/repos/gaocegege/dronecraft/issues{/number}"],
    "pulls_url": ["https://api.github.com/repos/gaocegege/dronecraft/pulls{/number}"],
    "milestones_url": ["https://api.github.com/repos/gaocegege/dronecraft/milestones{/number}"],
    "notifications_url": ["https://api.github.com/repos/gaocegege/dronecraft/notifications{?since,all,participating}"],
    "labels_url": ["https://api.github.com/repos/gaocegege/dronecraft/labels{/name}"],
    "releases_url": ["https://api.github.com/repos/gaocegege/dronecraft/releases{/id}"],
    "deployments_url": ["https://api.github.com/repos/gaocegege/dronecraft/deployments"],
    "created_at": ["2016-07-27T07:20:11Z"],
    "updated_at": ["2019-03-18T10:47:13Z"],
    "pushed_at": ["2016-08-04T08:38:52Z"],
    "git_url": ["git://github.com/gaocegege/dronecraft.git"],
    "ssh_url": ["git@github.com:gaocegege/dronecraft.git"],
    "clone_url": ["https://github.com/gaocegege/dronecraft.git"],
    "svn_url": ["https://github.com/gaocegege/dronecraft"],
    "homepage": [""],
    "size": [24040],
    "stargazers_count": [8],
    "watchers_count": [8],
    "language": ["Lua"],
    "has_issues": [true],
    "has_projects": [true],
    "has_downloads": [true],
    "has_wiki": [true],
    "has_pages": [false],
    "forks_count": [1],
    "mirror_url": {},
    "archived": [false],
    "open_issues_count": [0],
    "license": {
      "key": ["apache-2.0"],
      "name": ["Apache License 2.0"],
      "spdx_id": ["Apache-2.0"],
      "url": ["https://api.github.com/licenses/apache-2.0"],
      "node_id": ["MDc6TGljZW5zZTI="]
    },
    "forks": [1],
    "open_issues": [0],
    "watchers": [8],
    "default_branch": ["master"],
    "permissions": {
      "admin": [false],
      "push": [false],
      "pull": [true]
    }
  }
]
