[
  {
    "id": [177931197],
    "node_id": ["MDEwOlJlcG9zaXRvcnkxNzc5MzExOTc="],
    "name": ["katib"],
    "full_name": ["gaocegege/katib"],
    "private": [false],
    "owner": {
      "login": ["gaocegege"],
      "id": [5100735],
      "node_id": ["MDQ6VXNlcjUxMDA3MzU="],
      "avatar_url": ["https://avatars3.githubusercontent.com/u/5100735?v=4"],
      "gravatar_id": [""],
      "url": ["https://api.github.com/users/gaocegege"],
      "html_url": ["https://github.com/gaocegege"],
      "followers_url": ["https://api.github.com/users/gaocegege/followers"],
      "following_url": ["https://api.github.com/users/gaocegege/following{/other_user}"],
      "gists_url": ["https://api.github.com/users/gaocegege/gists{/gist_id}"],
      "starred_url": ["https://api.github.com/users/gaocegege/starred{/owner}{/repo}"],
      "subscriptions_url": ["https://api.github.com/users/gaocegege/subscriptions"],
      "organizations_url": ["https://api.github.com/users/gaocegege/orgs"],
      "repos_url": ["https://api.github.com/users/gaocegege/repos"],
      "events_url": ["https://api.github.com/users/gaocegege/events{/privacy}"],
      "received_events_url": ["https://api.github.com/users/gaocegege/received_events"],
      "type": ["User"],
      "site_admin": [false]
    },
    "html_url": ["https://github.com/gaocegege/katib"],
    "description": ["Repository for hyperparameter tuning"],
    "fork": [true],
    "url": ["https://api.github.com/repos/gaocegege/katib"],
    "forks_url": ["https://api.github.com/repos/gaocegege/katib/forks"],
    "keys_url": ["https://api.github.com/repos/gaocegege/katib/keys{/key_id}"],
    "collaborators_url": ["https://api.github.com/repos/gaocegege/katib/collaborators{/collaborator}"],
    "teams_url": ["https://api.github.com/repos/gaocegege/katib/teams"],
    "hooks_url": ["https://api.github.com/repos/gaocegege/katib/hooks"],
    "issue_events_url": ["https://api.github.com/repos/gaocegege/katib/issues/events{/number}"],
    "events_url": ["https://api.github.com/repos/gaocegege/katib/events"],
    "assignees_url": ["https://api.github.com/repos/gaocegege/katib/assignees{/user}"],
    "branches_url": ["https://api.github.com/repos/gaocegege/katib/branches{/branch}"],
    "tags_url": ["https://api.github.com/repos/gaocegege/katib/tags"],
    "blobs_url": ["https://api.github.com/repos/gaocegege/katib/git/blobs{/sha}"],
    "git_tags_url": ["https://api.github.com/repos/gaocegege/katib/git/tags{/sha}"],
    "git_refs_url": ["https://api.github.com/repos/gaocegege/katib/git/refs{/sha}"],
    "trees_url": ["https://api.github.com/repos/gaocegege/katib/git/trees{/sha}"],
    "statuses_url": ["https://api.github.com/repos/gaocegege/katib/statuses/{sha}"],
    "languages_url": ["https://api.github.com/repos/gaocegege/katib/languages"],
    "stargazers_url": ["https://api.github.com/repos/gaocegege/katib/stargazers"],
    "contributors_url": ["https://api.github.com/repos/gaocegege/katib/contributors"],
    "subscribers_url": ["https://api.github.com/repos/gaocegege/katib/subscribers"],
    "subscription_url": ["https://api.github.com/repos/gaocegege/katib/subscription"],
    "commits_url": ["https://api.github.com/repos/gaocegege/katib/commits{/sha}"],
    "git_commits_url": ["https://api.github.com/repos/gaocegege/katib/git/commits{/sha}"],
    "comments_url": ["https://api.github.com/repos/gaocegege/katib/comments{/number}"],
    "issue_comment_url": ["https://api.github.com/repos/gaocegege/katib/issues/comments{/number}"],
    "contents_url": ["https://api.github.com/repos/gaocegege/katib/contents/{+path}"],
    "compare_url": ["https://api.github.com/repos/gaocegege/katib/compare/{base}...{head}"],
    "merges_url": ["https://api.github.com/repos/gaocegege/katib/merges"],
    "archive_url": ["https://api.github.com/repos/gaocegege/katib/{archive_format}{/ref}"],
    "downloads_url": ["https://api.github.com/repos/gaocegege/katib/downloads"],
    "issues_url": ["https://api.github.com/repos/gaocegege/katib/issues{/number}"],
    "pulls_url": ["https://api.github.com/repos/gaocegege/katib/pulls{/number}"],
    "milestones_url": ["https://api.github.com/repos/gaocegege/katib/milestones{/number}"],
    "notifications_url": ["https://api.github.com/repos/gaocegege/katib/notifications{?since,all,participating}"],
    "labels_url": ["https://api.github.com/repos/gaocegege/katib/labels{/name}"],
    "releases_url": ["https://api.github.com/repos/gaocegege/katib/releases{/id}"],
    "deployments_url": ["https://api.github.com/repos/gaocegege/katib/deployments"],
    "created_at": ["2019-03-27T06:23:00Z"],
    "updated_at": ["2019-03-27T06:23:03Z"],
    "pushed_at": ["2019-03-26T17:07:22Z"],
    "git_url": ["git://github.com/gaocegege/katib.git"],
    "ssh_url": ["git@github.com:gaocegege/katib.git"],
    "clone_url": ["https://github.com/gaocegege/katib.git"],
    "svn_url": ["https://github.com/gaocegege/katib"],
    "homepage": {},
    "size": [43552],
    "stargazers_count": [0],
    "watchers_count": [0],
    "language": ["Jsonnet"],
    "has_issues": [false],
    "has_projects": [true],
    "has_downloads": [true],
    "has_wiki": [true],
    "has_pages": [false],
    "forks_count": [0],
    "mirror_url": {},
    "archived": [false],
    "open_issues_count": [0],
    "license": {
      "key": ["apache-2.0"],
      "name": ["Apache License 2.0"],
      "spdx_id": ["Apache-2.0"],
      "url": ["https://api.github.com/licenses/apache-2.0"],
      "node_id": ["MDc6TGljZW5zZTI="]
    },
    "forks": [0],
    "open_issues": [0],
    "watchers": [0],
    "default_branch": ["master"],
    "permissions": {
      "admin": [false],
      "push": [false],
      "pull": [true]
    }
  }
]
