[
  {
    "id": [91641693],
    "node_id": ["MDEwOlJlcG9zaXRvcnk5MTY0MTY5Mw=="],
    "name": ["criu"],
    "full_name": ["gaocegege/criu"],
    "private": [false],
    "owner": {
      "login": ["gaocegege"],
      "id": [5100735],
      "node_id": ["MDQ6VXNlcjUxMDA3MzU="],
      "avatar_url": ["https://avatars3.githubusercontent.com/u/5100735?v=4"],
      "gravatar_id": [""],
      "url": ["https://api.github.com/users/gaocegege"],
      "html_url": ["https://github.com/gaocegege"],
      "followers_url": ["https://api.github.com/users/gaocegege/followers"],
      "following_url": ["https://api.github.com/users/gaocegege/following{/other_user}"],
      "gists_url": ["https://api.github.com/users/gaocegege/gists{/gist_id}"],
      "starred_url": ["https://api.github.com/users/gaocegege/starred{/owner}{/repo}"],
      "subscriptions_url": ["https://api.github.com/users/gaocegege/subscriptions"],
      "organizations_url": ["https://api.github.com/users/gaocegege/orgs"],
      "repos_url": ["https://api.github.com/users/gaocegege/repos"],
      "events_url": ["https://api.github.com/users/gaocegege/events{/privacy}"],
      "received_events_url": ["https://api.github.com/users/gaocegege/received_events"],
      "type": ["User"],
      "site_admin": [false]
    },
    "html_url": ["https://github.com/gaocegege/criu"],
    "description": ["Checkpoint/Restore tool"],
    "fork": [true],
    "url": ["https://api.github.com/repos/gaocegege/criu"],
    "forks_url": ["https://api.github.com/repos/gaocegege/criu/forks"],
    "keys_url": ["https://api.github.com/repos/gaocegege/criu/keys{/key_id}"],
    "collaborators_url": ["https://api.github.com/repos/gaocegege/criu/collaborators{/collaborator}"],
    "teams_url": ["https://api.github.com/repos/gaocegege/criu/teams"],
    "hooks_url": ["https://api.github.com/repos/gaocegege/criu/hooks"],
    "issue_events_url": ["https://api.github.com/repos/gaocegege/criu/issues/events{/number}"],
    "events_url": ["https://api.github.com/repos/gaocegege/criu/events"],
    "assignees_url": ["https://api.github.com/repos/gaocegege/criu/assignees{/user}"],
    "branches_url": ["https://api.github.com/repos/gaocegege/criu/branches{/branch}"],
    "tags_url": ["https://api.github.com/repos/gaocegege/criu/tags"],
    "blobs_url": ["https://api.github.com/repos/gaocegege/criu/git/blobs{/sha}"],
    "git_tags_url": ["https://api.github.com/repos/gaocegege/criu/git/tags{/sha}"],
    "git_refs_url": ["https://api.github.com/repos/gaocegege/criu/git/refs{/sha}"],
    "trees_url": ["https://api.github.com/repos/gaocegege/criu/git/trees{/sha}"],
    "statuses_url": ["https://api.github.com/repos/gaocegege/criu/statuses/{sha}"],
    "languages_url": ["https://api.github.com/repos/gaocegege/criu/languages"],
    "stargazers_url": ["https://api.github.com/repos/gaocegege/criu/stargazers"],
    "contributors_url": ["https://api.github.com/repos/gaocegege/criu/contributors"],
    "subscribers_url": ["https://api.github.com/repos/gaocegege/criu/subscribers"],
    "subscription_url": ["https://api.github.com/repos/gaocegege/criu/subscription"],
    "commits_url": ["https://api.github.com/repos/gaocegege/criu/commits{/sha}"],
    "git_commits_url": ["https://api.github.com/repos/gaocegege/criu/git/commits{/sha}"],
    "comments_url": ["https://api.github.com/repos/gaocegege/criu/comments{/number}"],
    "issue_comment_url": ["https://api.github.com/repos/gaocegege/criu/issues/comments{/number}"],
    "contents_url": ["https://api.github.com/repos/gaocegege/criu/contents/{+path}"],
    "compare_url": ["https://api.github.com/repos/gaocegege/criu/compare/{base}...{head}"],
    "merges_url": ["https://api.github.com/repos/gaocegege/criu/merges"],
    "archive_url": ["https://api.github.com/repos/gaocegege/criu/{archive_format}{/ref}"],
    "downloads_url": ["https://api.github.com/repos/gaocegege/criu/downloads"],
    "issues_url": ["https://api.github.com/repos/gaocegege/criu/issues{/number}"],
    "pulls_url": ["https://api.github.com/repos/gaocegege/criu/pulls{/number}"],
    "milestones_url": ["https://api.github.com/repos/gaocegege/criu/milestones{/number}"],
    "notifications_url": ["https://api.github.com/repos/gaocegege/criu/notifications{?since,all,participating}"],
    "labels_url": ["https://api.github.com/repos/gaocegege/criu/labels{/name}"],
    "releases_url": ["https://api.github.com/repos/gaocegege/criu/releases{/id}"],
    "deployments_url": ["https://api.github.com/repos/gaocegege/criu/deployments"],
    "created_at": ["2017-05-18T02:49:12Z"],
    "updated_at": ["2017-05-18T02:49:15Z"],
    "pushed_at": ["2017-05-17T23:30:45Z"],
    "git_url": ["git://github.com/gaocegege/criu.git"],
    "ssh_url": ["git@github.com:gaocegege/criu.git"],
    "clone_url": ["https://github.com/gaocegege/criu.git"],
    "svn_url": ["https://github.com/gaocegege/criu"],
    "homepage": ["criu.org"],
    "size": [13158],
    "stargazers_count": [0],
    "watchers_count": [0],
    "language": ["C"],
    "has_issues": [false],
    "has_projects": [true],
    "has_downloads": [true],
    "has_wiki": [false],
    "has_pages": [false],
    "forks_count": [0],
    "mirror_url": {},
    "archived": [false],
    "open_issues_count": [0],
    "license": {
      "key": ["other"],
      "name": ["Other"],
      "spdx_id": ["NOASSERTION"],
      "url": {},
      "node_id": ["MDc6TGljZW5zZTA="]
    },
    "forks": [0],
    "open_issues": [0],
    "watchers": [0],
    "default_branch": ["master"],
    "permissions": {
      "admin": [false],
      "push": [false],
      "pull": [true]
    }
  }
]
