[
  {
    "id": [69420193],
    "node_id": ["MDEwOlJlcG9zaXRvcnk2OTQyMDE5Mw=="],
    "name": ["circle-deploy"],
    "full_name": ["gaocegege/circle-deploy"],
    "private": [false],
    "owner": {
      "login": ["gaocegege"],
      "id": [5100735],
      "node_id": ["MDQ6VXNlcjUxMDA3MzU="],
      "avatar_url": ["https://avatars3.githubusercontent.com/u/5100735?v=4"],
      "gravatar_id": [""],
      "url": ["https://api.github.com/users/gaocegege"],
      "html_url": ["https://github.com/gaocegege"],
      "followers_url": ["https://api.github.com/users/gaocegege/followers"],
      "following_url": ["https://api.github.com/users/gaocegege/following{/other_user}"],
      "gists_url": ["https://api.github.com/users/gaocegege/gists{/gist_id}"],
      "starred_url": ["https://api.github.com/users/gaocegege/starred{/owner}{/repo}"],
      "subscriptions_url": ["https://api.github.com/users/gaocegege/subscriptions"],
      "organizations_url": ["https://api.github.com/users/gaocegege/orgs"],
      "repos_url": ["https://api.github.com/users/gaocegege/repos"],
      "events_url": ["https://api.github.com/users/gaocegege/events{/privacy}"],
      "received_events_url": ["https://api.github.com/users/gaocegege/received_events"],
      "type": ["User"],
      "site_admin": [false]
    },
    "html_url": ["https://github.com/gaocegege/circle-deploy"],
    "description": {},
    "fork": [false],
    "url": ["https://api.github.com/repos/gaocegege/circle-deploy"],
    "forks_url": ["https://api.github.com/repos/gaocegege/circle-deploy/forks"],
    "keys_url": ["https://api.github.com/repos/gaocegege/circle-deploy/keys{/key_id}"],
    "collaborators_url": ["https://api.github.com/repos/gaocegege/circle-deploy/collaborators{/collaborator}"],
    "teams_url": ["https://api.github.com/repos/gaocegege/circle-deploy/teams"],
    "hooks_url": ["https://api.github.com/repos/gaocegege/circle-deploy/hooks"],
    "issue_events_url": ["https://api.github.com/repos/gaocegege/circle-deploy/issues/events{/number}"],
    "events_url": ["https://api.github.com/repos/gaocegege/circle-deploy/events"],
    "assignees_url": ["https://api.github.com/repos/gaocegege/circle-deploy/assignees{/user}"],
    "branches_url": ["https://api.github.com/repos/gaocegege/circle-deploy/branches{/branch}"],
    "tags_url": ["https://api.github.com/repos/gaocegege/circle-deploy/tags"],
    "blobs_url": ["https://api.github.com/repos/gaocegege/circle-deploy/git/blobs{/sha}"],
    "git_tags_url": ["https://api.github.com/repos/gaocegege/circle-deploy/git/tags{/sha}"],
    "git_refs_url": ["https://api.github.com/repos/gaocegege/circle-deploy/git/refs{/sha}"],
    "trees_url": ["https://api.github.com/repos/gaocegege/circle-deploy/git/trees{/sha}"],
    "statuses_url": ["https://api.github.com/repos/gaocegege/circle-deploy/statuses/{sha}"],
    "languages_url": ["https://api.github.com/repos/gaocegege/circle-deploy/languages"],
    "stargazers_url": ["https://api.github.com/repos/gaocegege/circle-deploy/stargazers"],
    "contributors_url": ["https://api.github.com/repos/gaocegege/circle-deploy/contributors"],
    "subscribers_url": ["https://api.github.com/repos/gaocegege/circle-deploy/subscribers"],
    "subscription_url": ["https://api.github.com/repos/gaocegege/circle-deploy/subscription"],
    "commits_url": ["https://api.github.com/repos/gaocegege/circle-deploy/commits{/sha}"],
    "git_commits_url": ["https://api.github.com/repos/gaocegege/circle-deploy/git/commits{/sha}"],
    "comments_url": ["https://api.github.com/repos/gaocegege/circle-deploy/comments{/number}"],
    "issue_comment_url": ["https://api.github.com/repos/gaocegege/circle-deploy/issues/comments{/number}"],
    "contents_url": ["https://api.github.com/repos/gaocegege/circle-deploy/contents/{+path}"],
    "compare_url": ["https://api.github.com/repos/gaocegege/circle-deploy/compare/{base}...{head}"],
    "merges_url": ["https://api.github.com/repos/gaocegege/circle-deploy/merges"],
    "archive_url": ["https://api.github.com/repos/gaocegege/circle-deploy/{archive_format}{/ref}"],
    "downloads_url": ["https://api.github.com/repos/gaocegege/circle-deploy/downloads"],
    "issues_url": ["https://api.github.com/repos/gaocegege/circle-deploy/issues{/number}"],
    "pulls_url": ["https://api.github.com/repos/gaocegege/circle-deploy/pulls{/number}"],
    "milestones_url": ["https://api.github.com/repos/gaocegege/circle-deploy/milestones{/number}"],
    "notifications_url": ["https://api.github.com/repos/gaocegege/circle-deploy/notifications{?since,all,participating}"],
    "labels_url": ["https://api.github.com/repos/gaocegege/circle-deploy/labels{/name}"],
    "releases_url": ["https://api.github.com/repos/gaocegege/circle-deploy/releases{/id}"],
    "deployments_url": ["https://api.github.com/repos/gaocegege/circle-deploy/deployments"],
    "created_at": ["2016-09-28T03:02:19Z"],
    "updated_at": ["2016-09-28T03:02:19Z"],
    "pushed_at": ["2016-09-30T02:49:27Z"],
    "git_url": ["git://github.com/gaocegege/circle-deploy.git"],
    "ssh_url": ["git@github.com:gaocegege/circle-deploy.git"],
    "clone_url": ["https://github.com/gaocegege/circle-deploy.git"],
    "svn_url": ["https://github.com/gaocegege/circle-deploy"],
    "homepage": {},
    "size": [1],
    "stargazers_count": [0],
    "watchers_count": [0],
    "language": {},
    "has_issues": [true],
    "has_projects": [true],
    "has_downloads": [true],
    "has_wiki": [true],
    "has_pages": [false],
    "forks_count": [1],
    "mirror_url": {},
    "archived": [false],
    "open_issues_count": [0],
    "license": {},
    "forks": [1],
    "open_issues": [0],
    "watchers": [0],
    "default_branch": ["master"],
    "permissions": {
      "admin": [false],
      "push": [false],
      "pull": [true]
    }
  }
]
