[
  {
    "id": [90523940],
    "node_id": ["MDEwOlJlcG9zaXRvcnk5MDUyMzk0MA=="],
    "name": ["awesome-github"],
    "full_name": ["gaocegege/awesome-github"],
    "private": [false],
    "owner": {
      "login": ["gaocegege"],
      "id": [5100735],
      "node_id": ["MDQ6VXNlcjUxMDA3MzU="],
      "avatar_url": ["https://avatars3.githubusercontent.com/u/5100735?v=4"],
      "gravatar_id": [""],
      "url": ["https://api.github.com/users/gaocegege"],
      "html_url": ["https://github.com/gaocegege"],
      "followers_url": ["https://api.github.com/users/gaocegege/followers"],
      "following_url": ["https://api.github.com/users/gaocegege/following{/other_user}"],
      "gists_url": ["https://api.github.com/users/gaocegege/gists{/gist_id}"],
      "starred_url": ["https://api.github.com/users/gaocegege/starred{/owner}{/repo}"],
      "subscriptions_url": ["https://api.github.com/users/gaocegege/subscriptions"],
      "organizations_url": ["https://api.github.com/users/gaocegege/orgs"],
      "repos_url": ["https://api.github.com/users/gaocegege/repos"],
      "events_url": ["https://api.github.com/users/gaocegege/events{/privacy}"],
      "received_events_url": ["https://api.github.com/users/gaocegege/received_events"],
      "type": ["User"],
      "site_admin": [false]
    },
    "html_url": ["https://github.com/gaocegege/awesome-github"],
    "description": ["A curated list of awesome GitHub guides, articles, sites, tools, projects and resources.  <U+6536><U+96C6><U+8FD9><U+4E2A><U+5217><U+8868>,<U+53EA><U+662F><U+4E3A><U+4E86><U+66F4><U+597D><U+5730><U+4F7F><U+7528><U+4EB2><U+7231><U+7684>GitHub,<U+6B22><U+8FCE><U+63D0><U+4EA4>pr<U+548C>issue<U+3002>"],
    "fork": [true],
    "url": ["https://api.github.com/repos/gaocegege/awesome-github"],
    "forks_url": ["https://api.github.com/repos/gaocegege/awesome-github/forks"],
    "keys_url": ["https://api.github.com/repos/gaocegege/awesome-github/keys{/key_id}"],
    "collaborators_url": ["https://api.github.com/repos/gaocegege/awesome-github/collaborators{/collaborator}"],
    "teams_url": ["https://api.github.com/repos/gaocegege/awesome-github/teams"],
    "hooks_url": ["https://api.github.com/repos/gaocegege/awesome-github/hooks"],
    "issue_events_url": ["https://api.github.com/repos/gaocegege/awesome-github/issues/events{/number}"],
    "events_url": ["https://api.github.com/repos/gaocegege/awesome-github/events"],
    "assignees_url": ["https://api.github.com/repos/gaocegege/awesome-github/assignees{/user}"],
    "branches_url": ["https://api.github.com/repos/gaocegege/awesome-github/branches{/branch}"],
    "tags_url": ["https://api.github.com/repos/gaocegege/awesome-github/tags"],
    "blobs_url": ["https://api.github.com/repos/gaocegege/awesome-github/git/blobs{/sha}"],
    "git_tags_url": ["https://api.github.com/repos/gaocegege/awesome-github/git/tags{/sha}"],
    "git_refs_url": ["https://api.github.com/repos/gaocegege/awesome-github/git/refs{/sha}"],
    "trees_url": ["https://api.github.com/repos/gaocegege/awesome-github/git/trees{/sha}"],
    "statuses_url": ["https://api.github.com/repos/gaocegege/awesome-github/statuses/{sha}"],
    "languages_url": ["https://api.github.com/repos/gaocegege/awesome-github/languages"],
    "stargazers_url": ["https://api.github.com/repos/gaocegege/awesome-github/stargazers"],
    "contributors_url": ["https://api.github.com/repos/gaocegege/awesome-github/contributors"],
    "subscribers_url": ["https://api.github.com/repos/gaocegege/awesome-github/subscribers"],
    "subscription_url": ["https://api.github.com/repos/gaocegege/awesome-github/subscription"],
    "commits_url": ["https://api.github.com/repos/gaocegege/awesome-github/commits{/sha}"],
    "git_commits_url": ["https://api.github.com/repos/gaocegege/awesome-github/git/commits{/sha}"],
    "comments_url": ["https://api.github.com/repos/gaocegege/awesome-github/comments{/number}"],
    "issue_comment_url": ["https://api.github.com/repos/gaocegege/awesome-github/issues/comments{/number}"],
    "contents_url": ["https://api.github.com/repos/gaocegege/awesome-github/contents/{+path}"],
    "compare_url": ["https://api.github.com/repos/gaocegege/awesome-github/compare/{base}...{head}"],
    "merges_url": ["https://api.github.com/repos/gaocegege/awesome-github/merges"],
    "archive_url": ["https://api.github.com/repos/gaocegege/awesome-github/{archive_format}{/ref}"],
    "downloads_url": ["https://api.github.com/repos/gaocegege/awesome-github/downloads"],
    "issues_url": ["https://api.github.com/repos/gaocegege/awesome-github/issues{/number}"],
    "pulls_url": ["https://api.github.com/repos/gaocegege/awesome-github/pulls{/number}"],
    "milestones_url": ["https://api.github.com/repos/gaocegege/awesome-github/milestones{/number}"],
    "notifications_url": ["https://api.github.com/repos/gaocegege/awesome-github/notifications{?since,all,participating}"],
    "labels_url": ["https://api.github.com/repos/gaocegege/awesome-github/labels{/name}"],
    "releases_url": ["https://api.github.com/repos/gaocegege/awesome-github/releases{/id}"],
    "deployments_url": ["https://api.github.com/repos/gaocegege/awesome-github/deployments"],
    "created_at": ["2017-05-07T10:09:59Z"],
    "updated_at": ["2018-05-21T17:28:30Z"],
    "pushed_at": ["2017-05-08T06:17:41Z"],
    "git_url": ["git://github.com/gaocegege/awesome-github.git"],
    "ssh_url": ["git@github.com:gaocegege/awesome-github.git"],
    "clone_url": ["https://github.com/gaocegege/awesome-github.git"],
    "svn_url": ["https://github.com/gaocegege/awesome-github"],
    "homepage": ["https://github.com/AntBranch/awesome-github"],
    "size": [66],
    "stargazers_count": [2],
    "watchers_count": [2],
    "language": {},
    "has_issues": [false],
    "has_projects": [true],
    "has_downloads": [true],
    "has_wiki": [true],
    "has_pages": [false],
    "forks_count": [3],
    "mirror_url": {},
    "archived": [false],
    "open_issues_count": [0],
    "license": {},
    "forks": [3],
    "open_issues": [0],
    "watchers": [2],
    "default_branch": ["master"],
    "permissions": {
      "admin": [false],
      "push": [false],
      "pull": [true]
    }
  }
]
