[
  {
    "id": [41197215],
    "node_id": ["MDEwOlJlcG9zaXRvcnk0MTE5NzIxNQ=="],
    "name": ["shadowsocks-chromeapp"],
    "full_name": ["gaocegege/shadowsocks-chromeapp"],
    "private": [false],
    "owner": {
      "login": ["gaocegege"],
      "id": [5100735],
      "node_id": ["MDQ6VXNlcjUxMDA3MzU="],
      "avatar_url": ["https://avatars3.githubusercontent.com/u/5100735?v=4"],
      "gravatar_id": [""],
      "url": ["https://api.github.com/users/gaocegege"],
      "html_url": ["https://github.com/gaocegege"],
      "followers_url": ["https://api.github.com/users/gaocegege/followers"],
      "following_url": ["https://api.github.com/users/gaocegege/following{/other_user}"],
      "gists_url": ["https://api.github.com/users/gaocegege/gists{/gist_id}"],
      "starred_url": ["https://api.github.com/users/gaocegege/starred{/owner}{/repo}"],
      "subscriptions_url": ["https://api.github.com/users/gaocegege/subscriptions"],
      "organizations_url": ["https://api.github.com/users/gaocegege/orgs"],
      "repos_url": ["https://api.github.com/users/gaocegege/repos"],
      "events_url": ["https://api.github.com/users/gaocegege/events{/privacy}"],
      "received_events_url": ["https://api.github.com/users/gaocegege/received_events"],
      "type": ["User"],
      "site_admin": [false]
    },
    "html_url": ["https://github.com/gaocegege/shadowsocks-chromeapp"],
    "description": ["Chrome client for shadowsocks"],
    "fork": [true],
    "url": ["https://api.github.com/repos/gaocegege/shadowsocks-chromeapp"],
    "forks_url": ["https://api.github.com/repos/gaocegege/shadowsocks-chromeapp/forks"],
    "keys_url": ["https://api.github.com/repos/gaocegege/shadowsocks-chromeapp/keys{/key_id}"],
    "collaborators_url": ["https://api.github.com/repos/gaocegege/shadowsocks-chromeapp/collaborators{/collaborator}"],
    "teams_url": ["https://api.github.com/repos/gaocegege/shadowsocks-chromeapp/teams"],
    "hooks_url": ["https://api.github.com/repos/gaocegege/shadowsocks-chromeapp/hooks"],
    "issue_events_url": ["https://api.github.com/repos/gaocegege/shadowsocks-chromeapp/issues/events{/number}"],
    "events_url": ["https://api.github.com/repos/gaocegege/shadowsocks-chromeapp/events"],
    "assignees_url": ["https://api.github.com/repos/gaocegege/shadowsocks-chromeapp/assignees{/user}"],
    "branches_url": ["https://api.github.com/repos/gaocegege/shadowsocks-chromeapp/branches{/branch}"],
    "tags_url": ["https://api.github.com/repos/gaocegege/shadowsocks-chromeapp/tags"],
    "blobs_url": ["https://api.github.com/repos/gaocegege/shadowsocks-chromeapp/git/blobs{/sha}"],
    "git_tags_url": ["https://api.github.com/repos/gaocegege/shadowsocks-chromeapp/git/tags{/sha}"],
    "git_refs_url": ["https://api.github.com/repos/gaocegege/shadowsocks-chromeapp/git/refs{/sha}"],
    "trees_url": ["https://api.github.com/repos/gaocegege/shadowsocks-chromeapp/git/trees{/sha}"],
    "statuses_url": ["https://api.github.com/repos/gaocegege/shadowsocks-chromeapp/statuses/{sha}"],
    "languages_url": ["https://api.github.com/repos/gaocegege/shadowsocks-chromeapp/languages"],
    "stargazers_url": ["https://api.github.com/repos/gaocegege/shadowsocks-chromeapp/stargazers"],
    "contributors_url": ["https://api.github.com/repos/gaocegege/shadowsocks-chromeapp/contributors"],
    "subscribers_url": ["https://api.github.com/repos/gaocegege/shadowsocks-chromeapp/subscribers"],
    "subscription_url": ["https://api.github.com/repos/gaocegege/shadowsocks-chromeapp/subscription"],
    "commits_url": ["https://api.github.com/repos/gaocegege/shadowsocks-chromeapp/commits{/sha}"],
    "git_commits_url": ["https://api.github.com/repos/gaocegege/shadowsocks-chromeapp/git/commits{/sha}"],
    "comments_url": ["https://api.github.com/repos/gaocegege/shadowsocks-chromeapp/comments{/number}"],
    "issue_comment_url": ["https://api.github.com/repos/gaocegege/shadowsocks-chromeapp/issues/comments{/number}"],
    "contents_url": ["https://api.github.com/repos/gaocegege/shadowsocks-chromeapp/contents/{+path}"],
    "compare_url": ["https://api.github.com/repos/gaocegege/shadowsocks-chromeapp/compare/{base}...{head}"],
    "merges_url": ["https://api.github.com/repos/gaocegege/shadowsocks-chromeapp/merges"],
    "archive_url": ["https://api.github.com/repos/gaocegege/shadowsocks-chromeapp/{archive_format}{/ref}"],
    "downloads_url": ["https://api.github.com/repos/gaocegege/shadowsocks-chromeapp/downloads"],
    "issues_url": ["https://api.github.com/repos/gaocegege/shadowsocks-chromeapp/issues{/number}"],
    "pulls_url": ["https://api.github.com/repos/gaocegege/shadowsocks-chromeapp/pulls{/number}"],
    "milestones_url": ["https://api.github.com/repos/gaocegege/shadowsocks-chromeapp/milestones{/number}"],
    "notifications_url": ["https://api.github.com/repos/gaocegege/shadowsocks-chromeapp/notifications{?since,all,participating}"],
    "labels_url": ["https://api.github.com/repos/gaocegege/shadowsocks-chromeapp/labels{/name}"],
    "releases_url": ["https://api.github.com/repos/gaocegege/shadowsocks-chromeapp/releases{/id}"],
    "deployments_url": ["https://api.github.com/repos/gaocegege/shadowsocks-chromeapp/deployments"],
    "created_at": ["2015-08-22T07:58:06Z"],
    "updated_at": ["2015-08-22T07:58:07Z"],
    "pushed_at": ["2015-04-16T16:37:10Z"],
    "git_url": ["git://github.com/gaocegege/shadowsocks-chromeapp.git"],
    "ssh_url": ["git@github.com:gaocegege/shadowsocks-chromeapp.git"],
    "clone_url": ["https://github.com/gaocegege/shadowsocks-chromeapp.git"],
    "svn_url": ["https://github.com/gaocegege/shadowsocks-chromeapp"],
    "homepage": [""],
    "size": [665],
    "stargazers_count": [0],
    "watchers_count": [0],
    "language": ["CoffeeScript"],
    "has_issues": [false],
    "has_projects": [true],
    "has_downloads": [true],
    "has_wiki": [true],
    "has_pages": [false],
    "forks_count": [0],
    "mirror_url": {},
    "archived": [false],
    "open_issues_count": [0],
    "license": {},
    "forks": [0],
    "open_issues": [0],
    "watchers": [0],
    "default_branch": ["master"],
    "permissions": {
      "admin": [false],
      "push": [false],
      "pull": [true]
    }
  }
]
