[
  {
    "id": [102241227],
    "node_id": ["MDEwOlJlcG9zaXRvcnkxMDIyNDEyMjc="],
    "name": ["moby"],
    "full_name": ["gaocegege/moby"],
    "private": [false],
    "owner": {
      "login": ["gaocegege"],
      "id": [5100735],
      "node_id": ["MDQ6VXNlcjUxMDA3MzU="],
      "avatar_url": ["https://avatars3.githubusercontent.com/u/5100735?v=4"],
      "gravatar_id": [""],
      "url": ["https://api.github.com/users/gaocegege"],
      "html_url": ["https://github.com/gaocegege"],
      "followers_url": ["https://api.github.com/users/gaocegege/followers"],
      "following_url": ["https://api.github.com/users/gaocegege/following{/other_user}"],
      "gists_url": ["https://api.github.com/users/gaocegege/gists{/gist_id}"],
      "starred_url": ["https://api.github.com/users/gaocegege/starred{/owner}{/repo}"],
      "subscriptions_url": ["https://api.github.com/users/gaocegege/subscriptions"],
      "organizations_url": ["https://api.github.com/users/gaocegege/orgs"],
      "repos_url": ["https://api.github.com/users/gaocegege/repos"],
      "events_url": ["https://api.github.com/users/gaocegege/events{/privacy}"],
      "received_events_url": ["https://api.github.com/users/gaocegege/received_events"],
      "type": ["User"],
      "site_admin": [false]
    },
    "html_url": ["https://github.com/gaocegege/moby"],
    "description": ["Moby Project - a collaborative project for the container ecosystem to assemble container-based systems"],
    "fork": [true],
    "url": ["https://api.github.com/repos/gaocegege/moby"],
    "forks_url": ["https://api.github.com/repos/gaocegege/moby/forks"],
    "keys_url": ["https://api.github.com/repos/gaocegege/moby/keys{/key_id}"],
    "collaborators_url": ["https://api.github.com/repos/gaocegege/moby/collaborators{/collaborator}"],
    "teams_url": ["https://api.github.com/repos/gaocegege/moby/teams"],
    "hooks_url": ["https://api.github.com/repos/gaocegege/moby/hooks"],
    "issue_events_url": ["https://api.github.com/repos/gaocegege/moby/issues/events{/number}"],
    "events_url": ["https://api.github.com/repos/gaocegege/moby/events"],
    "assignees_url": ["https://api.github.com/repos/gaocegege/moby/assignees{/user}"],
    "branches_url": ["https://api.github.com/repos/gaocegege/moby/branches{/branch}"],
    "tags_url": ["https://api.github.com/repos/gaocegege/moby/tags"],
    "blobs_url": ["https://api.github.com/repos/gaocegege/moby/git/blobs{/sha}"],
    "git_tags_url": ["https://api.github.com/repos/gaocegege/moby/git/tags{/sha}"],
    "git_refs_url": ["https://api.github.com/repos/gaocegege/moby/git/refs{/sha}"],
    "trees_url": ["https://api.github.com/repos/gaocegege/moby/git/trees{/sha}"],
    "statuses_url": ["https://api.github.com/repos/gaocegege/moby/statuses/{sha}"],
    "languages_url": ["https://api.github.com/repos/gaocegege/moby/languages"],
    "stargazers_url": ["https://api.github.com/repos/gaocegege/moby/stargazers"],
    "contributors_url": ["https://api.github.com/repos/gaocegege/moby/contributors"],
    "subscribers_url": ["https://api.github.com/repos/gaocegege/moby/subscribers"],
    "subscription_url": ["https://api.github.com/repos/gaocegege/moby/subscription"],
    "commits_url": ["https://api.github.com/repos/gaocegege/moby/commits{/sha}"],
    "git_commits_url": ["https://api.github.com/repos/gaocegege/moby/git/commits{/sha}"],
    "comments_url": ["https://api.github.com/repos/gaocegege/moby/comments{/number}"],
    "issue_comment_url": ["https://api.github.com/repos/gaocegege/moby/issues/comments{/number}"],
    "contents_url": ["https://api.github.com/repos/gaocegege/moby/contents/{+path}"],
    "compare_url": ["https://api.github.com/repos/gaocegege/moby/compare/{base}...{head}"],
    "merges_url": ["https://api.github.com/repos/gaocegege/moby/merges"],
    "archive_url": ["https://api.github.com/repos/gaocegege/moby/{archive_format}{/ref}"],
    "downloads_url": ["https://api.github.com/repos/gaocegege/moby/downloads"],
    "issues_url": ["https://api.github.com/repos/gaocegege/moby/issues{/number}"],
    "pulls_url": ["https://api.github.com/repos/gaocegege/moby/pulls{/number}"],
    "milestones_url": ["https://api.github.com/repos/gaocegege/moby/milestones{/number}"],
    "notifications_url": ["https://api.github.com/repos/gaocegege/moby/notifications{?since,all,participating}"],
    "labels_url": ["https://api.github.com/repos/gaocegege/moby/labels{/name}"],
    "releases_url": ["https://api.github.com/repos/gaocegege/moby/releases{/id}"],
    "deployments_url": ["https://api.github.com/repos/gaocegege/moby/deployments"],
    "created_at": ["2017-09-03T04:32:30Z"],
    "updated_at": ["2017-09-03T04:32:53Z"],
    "pushed_at": ["2017-09-03T01:34:06Z"],
    "git_url": ["git://github.com/gaocegege/moby.git"],
    "ssh_url": ["git@github.com:gaocegege/moby.git"],
    "clone_url": ["https://github.com/gaocegege/moby.git"],
    "svn_url": ["https://github.com/gaocegege/moby"],
    "homepage": ["https://mobyproject.org/"],
    "size": [133651],
    "stargazers_count": [0],
    "watchers_count": [0],
    "language": ["Go"],
    "has_issues": [false],
    "has_projects": [true],
    "has_downloads": [true],
    "has_wiki": [true],
    "has_pages": [false],
    "forks_count": [0],
    "mirror_url": {},
    "archived": [false],
    "open_issues_count": [0],
    "license": {
      "key": ["apache-2.0"],
      "name": ["Apache License 2.0"],
      "spdx_id": ["Apache-2.0"],
      "url": ["https://api.github.com/licenses/apache-2.0"],
      "node_id": ["MDc6TGljZW5zZTI="]
    },
    "forks": [0],
    "open_issues": [0],
    "watchers": [0],
    "default_branch": ["master"],
    "permissions": {
      "admin": [false],
      "push": [false],
      "pull": [true]
    }
  }
]
