[
  {
    "id": [105134219],
    "node_id": ["MDEwOlJlcG9zaXRvcnkxMDUxMzQyMTk="],
    "name": ["resume-2018"],
    "full_name": ["gaocegege/resume-2018"],
    "private": [false],
    "owner": {
      "login": ["gaocegege"],
      "id": [5100735],
      "node_id": ["MDQ6VXNlcjUxMDA3MzU="],
      "avatar_url": ["https://avatars3.githubusercontent.com/u/5100735?v=4"],
      "gravatar_id": [""],
      "url": ["https://api.github.com/users/gaocegege"],
      "html_url": ["https://github.com/gaocegege"],
      "followers_url": ["https://api.github.com/users/gaocegege/followers"],
      "following_url": ["https://api.github.com/users/gaocegege/following{/other_user}"],
      "gists_url": ["https://api.github.com/users/gaocegege/gists{/gist_id}"],
      "starred_url": ["https://api.github.com/users/gaocegege/starred{/owner}{/repo}"],
      "subscriptions_url": ["https://api.github.com/users/gaocegege/subscriptions"],
      "organizations_url": ["https://api.github.com/users/gaocegege/orgs"],
      "repos_url": ["https://api.github.com/users/gaocegege/repos"],
      "events_url": ["https://api.github.com/users/gaocegege/events{/privacy}"],
      "received_events_url": ["https://api.github.com/users/gaocegege/received_events"],
      "type": ["User"],
      "site_admin": [false]
    },
    "html_url": ["https://github.com/gaocegege/resume-2018"],
    "description": ["<U+4E2A><U+4EBA><U+7B80><U+5386>"],
    "fork": [false],
    "url": ["https://api.github.com/repos/gaocegege/resume-2018"],
    "forks_url": ["https://api.github.com/repos/gaocegege/resume-2018/forks"],
    "keys_url": ["https://api.github.com/repos/gaocegege/resume-2018/keys{/key_id}"],
    "collaborators_url": ["https://api.github.com/repos/gaocegege/resume-2018/collaborators{/collaborator}"],
    "teams_url": ["https://api.github.com/repos/gaocegege/resume-2018/teams"],
    "hooks_url": ["https://api.github.com/repos/gaocegege/resume-2018/hooks"],
    "issue_events_url": ["https://api.github.com/repos/gaocegege/resume-2018/issues/events{/number}"],
    "events_url": ["https://api.github.com/repos/gaocegege/resume-2018/events"],
    "assignees_url": ["https://api.github.com/repos/gaocegege/resume-2018/assignees{/user}"],
    "branches_url": ["https://api.github.com/repos/gaocegege/resume-2018/branches{/branch}"],
    "tags_url": ["https://api.github.com/repos/gaocegege/resume-2018/tags"],
    "blobs_url": ["https://api.github.com/repos/gaocegege/resume-2018/git/blobs{/sha}"],
    "git_tags_url": ["https://api.github.com/repos/gaocegege/resume-2018/git/tags{/sha}"],
    "git_refs_url": ["https://api.github.com/repos/gaocegege/resume-2018/git/refs{/sha}"],
    "trees_url": ["https://api.github.com/repos/gaocegege/resume-2018/git/trees{/sha}"],
    "statuses_url": ["https://api.github.com/repos/gaocegege/resume-2018/statuses/{sha}"],
    "languages_url": ["https://api.github.com/repos/gaocegege/resume-2018/languages"],
    "stargazers_url": ["https://api.github.com/repos/gaocegege/resume-2018/stargazers"],
    "contributors_url": ["https://api.github.com/repos/gaocegege/resume-2018/contributors"],
    "subscribers_url": ["https://api.github.com/repos/gaocegege/resume-2018/subscribers"],
    "subscription_url": ["https://api.github.com/repos/gaocegege/resume-2018/subscription"],
    "commits_url": ["https://api.github.com/repos/gaocegege/resume-2018/commits{/sha}"],
    "git_commits_url": ["https://api.github.com/repos/gaocegege/resume-2018/git/commits{/sha}"],
    "comments_url": ["https://api.github.com/repos/gaocegege/resume-2018/comments{/number}"],
    "issue_comment_url": ["https://api.github.com/repos/gaocegege/resume-2018/issues/comments{/number}"],
    "contents_url": ["https://api.github.com/repos/gaocegege/resume-2018/contents/{+path}"],
    "compare_url": ["https://api.github.com/repos/gaocegege/resume-2018/compare/{base}...{head}"],
    "merges_url": ["https://api.github.com/repos/gaocegege/resume-2018/merges"],
    "archive_url": ["https://api.github.com/repos/gaocegege/resume-2018/{archive_format}{/ref}"],
    "downloads_url": ["https://api.github.com/repos/gaocegege/resume-2018/downloads"],
    "issues_url": ["https://api.github.com/repos/gaocegege/resume-2018/issues{/number}"],
    "pulls_url": ["https://api.github.com/repos/gaocegege/resume-2018/pulls{/number}"],
    "milestones_url": ["https://api.github.com/repos/gaocegege/resume-2018/milestones{/number}"],
    "notifications_url": ["https://api.github.com/repos/gaocegege/resume-2018/notifications{?since,all,participating}"],
    "labels_url": ["https://api.github.com/repos/gaocegege/resume-2018/labels{/name}"],
    "releases_url": ["https://api.github.com/repos/gaocegege/resume-2018/releases{/id}"],
    "deployments_url": ["https://api.github.com/repos/gaocegege/resume-2018/deployments"],
    "created_at": ["2017-09-28T10:17:25Z"],
    "updated_at": ["2018-10-01T05:31:28Z"],
    "pushed_at": ["2018-10-01T05:31:26Z"],
    "git_url": ["git://github.com/gaocegege/resume-2018.git"],
    "ssh_url": ["git@github.com:gaocegege/resume-2018.git"],
    "clone_url": ["https://github.com/gaocegege/resume-2018.git"],
    "svn_url": ["https://github.com/gaocegege/resume-2018"],
    "homepage": ["http://gaocegege.com/resume-2018/cn/"],
    "size": [230089],
    "stargazers_count": [0],
    "watchers_count": [0],
    "language": ["TeX"],
    "has_issues": [true],
    "has_projects": [true],
    "has_downloads": [true],
    "has_wiki": [true],
    "has_pages": [true],
    "forks_count": [2],
    "mirror_url": {},
    "archived": [false],
    "open_issues_count": [0],
    "license": {},
    "forks": [2],
    "open_issues": [0],
    "watchers": [0],
    "default_branch": ["master"],
    "permissions": {
      "admin": [false],
      "push": [false],
      "pull": [true]
    }
  }
]
