[
  {
    "id": [54533402],
    "node_id": ["MDEwOlJlcG9zaXRvcnk1NDUzMzQwMg=="],
    "name": ["hello-ci"],
    "full_name": ["gaocegege/hello-ci"],
    "private": [false],
    "owner": {
      "login": ["gaocegege"],
      "id": [5100735],
      "node_id": ["MDQ6VXNlcjUxMDA3MzU="],
      "avatar_url": ["https://avatars3.githubusercontent.com/u/5100735?v=4"],
      "gravatar_id": [""],
      "url": ["https://api.github.com/users/gaocegege"],
      "html_url": ["https://github.com/gaocegege"],
      "followers_url": ["https://api.github.com/users/gaocegege/followers"],
      "following_url": ["https://api.github.com/users/gaocegege/following{/other_user}"],
      "gists_url": ["https://api.github.com/users/gaocegege/gists{/gist_id}"],
      "starred_url": ["https://api.github.com/users/gaocegege/starred{/owner}{/repo}"],
      "subscriptions_url": ["https://api.github.com/users/gaocegege/subscriptions"],
      "organizations_url": ["https://api.github.com/users/gaocegege/orgs"],
      "repos_url": ["https://api.github.com/users/gaocegege/repos"],
      "events_url": ["https://api.github.com/users/gaocegege/events{/privacy}"],
      "received_events_url": ["https://api.github.com/users/gaocegege/received_events"],
      "type": ["User"],
      "site_admin": [false]
    },
    "html_url": ["https://github.com/gaocegege/hello-ci"],
    "description": ["<U+5C1D><U+8BD5><U+4E86> hin <U+591A> CI <U+5DE5><U+5177>,<U+4ECD><U+7136><U+8FC7><U+4E0D><U+597D><U+8FD9><U+4E00><U+751F>"],
    "fork": [false],
    "url": ["https://api.github.com/repos/gaocegege/hello-ci"],
    "forks_url": ["https://api.github.com/repos/gaocegege/hello-ci/forks"],
    "keys_url": ["https://api.github.com/repos/gaocegege/hello-ci/keys{/key_id}"],
    "collaborators_url": ["https://api.github.com/repos/gaocegege/hello-ci/collaborators{/collaborator}"],
    "teams_url": ["https://api.github.com/repos/gaocegege/hello-ci/teams"],
    "hooks_url": ["https://api.github.com/repos/gaocegege/hello-ci/hooks"],
    "issue_events_url": ["https://api.github.com/repos/gaocegege/hello-ci/issues/events{/number}"],
    "events_url": ["https://api.github.com/repos/gaocegege/hello-ci/events"],
    "assignees_url": ["https://api.github.com/repos/gaocegege/hello-ci/assignees{/user}"],
    "branches_url": ["https://api.github.com/repos/gaocegege/hello-ci/branches{/branch}"],
    "tags_url": ["https://api.github.com/repos/gaocegege/hello-ci/tags"],
    "blobs_url": ["https://api.github.com/repos/gaocegege/hello-ci/git/blobs{/sha}"],
    "git_tags_url": ["https://api.github.com/repos/gaocegege/hello-ci/git/tags{/sha}"],
    "git_refs_url": ["https://api.github.com/repos/gaocegege/hello-ci/git/refs{/sha}"],
    "trees_url": ["https://api.github.com/repos/gaocegege/hello-ci/git/trees{/sha}"],
    "statuses_url": ["https://api.github.com/repos/gaocegege/hello-ci/statuses/{sha}"],
    "languages_url": ["https://api.github.com/repos/gaocegege/hello-ci/languages"],
    "stargazers_url": ["https://api.github.com/repos/gaocegege/hello-ci/stargazers"],
    "contributors_url": ["https://api.github.com/repos/gaocegege/hello-ci/contributors"],
    "subscribers_url": ["https://api.github.com/repos/gaocegege/hello-ci/subscribers"],
    "subscription_url": ["https://api.github.com/repos/gaocegege/hello-ci/subscription"],
    "commits_url": ["https://api.github.com/repos/gaocegege/hello-ci/commits{/sha}"],
    "git_commits_url": ["https://api.github.com/repos/gaocegege/hello-ci/git/commits{/sha}"],
    "comments_url": ["https://api.github.com/repos/gaocegege/hello-ci/comments{/number}"],
    "issue_comment_url": ["https://api.github.com/repos/gaocegege/hello-ci/issues/comments{/number}"],
    "contents_url": ["https://api.github.com/repos/gaocegege/hello-ci/contents/{+path}"],
    "compare_url": ["https://api.github.com/repos/gaocegege/hello-ci/compare/{base}...{head}"],
    "merges_url": ["https://api.github.com/repos/gaocegege/hello-ci/merges"],
    "archive_url": ["https://api.github.com/repos/gaocegege/hello-ci/{archive_format}{/ref}"],
    "downloads_url": ["https://api.github.com/repos/gaocegege/hello-ci/downloads"],
    "issues_url": ["https://api.github.com/repos/gaocegege/hello-ci/issues{/number}"],
    "pulls_url": ["https://api.github.com/repos/gaocegege/hello-ci/pulls{/number}"],
    "milestones_url": ["https://api.github.com/repos/gaocegege/hello-ci/milestones{/number}"],
    "notifications_url": ["https://api.github.com/repos/gaocegege/hello-ci/notifications{?since,all,participating}"],
    "labels_url": ["https://api.github.com/repos/gaocegege/hello-ci/labels{/name}"],
    "releases_url": ["https://api.github.com/repos/gaocegege/hello-ci/releases{/id}"],
    "deployments_url": ["https://api.github.com/repos/gaocegege/hello-ci/deployments"],
    "created_at": ["2016-03-23T05:30:11Z"],
    "updated_at": ["2018-01-01T08:52:59Z"],
    "pushed_at": ["2017-01-10T05:23:05Z"],
    "git_url": ["git://github.com/gaocegege/hello-ci.git"],
    "ssh_url": ["git@github.com:gaocegege/hello-ci.git"],
    "clone_url": ["https://github.com/gaocegege/hello-ci.git"],
    "svn_url": ["https://github.com/gaocegege/hello-ci"],
    "homepage": [""],
    "size": [24],
    "stargazers_count": [6],
    "watchers_count": [6],
    "language": ["Go"],
    "has_issues": [true],
    "has_projects": [true],
    "has_downloads": [true],
    "has_wiki": [true],
    "has_pages": [false],
    "forks_count": [6],
    "mirror_url": {},
    "archived": [false],
    "open_issues_count": [2],
    "license": {},
    "forks": [6],
    "open_issues": [2],
    "watchers": [6],
    "default_branch": ["master"],
    "permissions": {
      "admin": [false],
      "push": [false],
      "pull": [true]
    }
  }
]
