[
  {
    "id": [89426242],
    "node_id": ["MDEwOlJlcG9zaXRvcnk4OTQyNjI0Mg=="],
    "name": ["maintainer"],
    "full_name": ["gaocegege/maintainer"],
    "private": [false],
    "owner": {
      "login": ["gaocegege"],
      "id": [5100735],
      "node_id": ["MDQ6VXNlcjUxMDA3MzU="],
      "avatar_url": ["https://avatars3.githubusercontent.com/u/5100735?v=4"],
      "gravatar_id": [""],
      "url": ["https://api.github.com/users/gaocegege"],
      "html_url": ["https://github.com/gaocegege"],
      "followers_url": ["https://api.github.com/users/gaocegege/followers"],
      "following_url": ["https://api.github.com/users/gaocegege/following{/other_user}"],
      "gists_url": ["https://api.github.com/users/gaocegege/gists{/gist_id}"],
      "starred_url": ["https://api.github.com/users/gaocegege/starred{/owner}{/repo}"],
      "subscriptions_url": ["https://api.github.com/users/gaocegege/subscriptions"],
      "organizations_url": ["https://api.github.com/users/gaocegege/orgs"],
      "repos_url": ["https://api.github.com/users/gaocegege/repos"],
      "events_url": ["https://api.github.com/users/gaocegege/events{/privacy}"],
      "received_events_url": ["https://api.github.com/users/gaocegege/received_events"],
      "type": ["User"],
      "site_admin": [false]
    },
    "html_url": ["https://github.com/gaocegege/maintainer"],
    "description": [":octocat: :man_technologist: :whale: Generate AUTHORS, CONTRIBUTING, and CHANGELOG for your GitHub repository."],
    "fork": [false],
    "url": ["https://api.github.com/repos/gaocegege/maintainer"],
    "forks_url": ["https://api.github.com/repos/gaocegege/maintainer/forks"],
    "keys_url": ["https://api.github.com/repos/gaocegege/maintainer/keys{/key_id}"],
    "collaborators_url": ["https://api.github.com/repos/gaocegege/maintainer/collaborators{/collaborator}"],
    "teams_url": ["https://api.github.com/repos/gaocegege/maintainer/teams"],
    "hooks_url": ["https://api.github.com/repos/gaocegege/maintainer/hooks"],
    "issue_events_url": ["https://api.github.com/repos/gaocegege/maintainer/issues/events{/number}"],
    "events_url": ["https://api.github.com/repos/gaocegege/maintainer/events"],
    "assignees_url": ["https://api.github.com/repos/gaocegege/maintainer/assignees{/user}"],
    "branches_url": ["https://api.github.com/repos/gaocegege/maintainer/branches{/branch}"],
    "tags_url": ["https://api.github.com/repos/gaocegege/maintainer/tags"],
    "blobs_url": ["https://api.github.com/repos/gaocegege/maintainer/git/blobs{/sha}"],
    "git_tags_url": ["https://api.github.com/repos/gaocegege/maintainer/git/tags{/sha}"],
    "git_refs_url": ["https://api.github.com/repos/gaocegege/maintainer/git/refs{/sha}"],
    "trees_url": ["https://api.github.com/repos/gaocegege/maintainer/git/trees{/sha}"],
    "statuses_url": ["https://api.github.com/repos/gaocegege/maintainer/statuses/{sha}"],
    "languages_url": ["https://api.github.com/repos/gaocegege/maintainer/languages"],
    "stargazers_url": ["https://api.github.com/repos/gaocegege/maintainer/stargazers"],
    "contributors_url": ["https://api.github.com/repos/gaocegege/maintainer/contributors"],
    "subscribers_url": ["https://api.github.com/repos/gaocegege/maintainer/subscribers"],
    "subscription_url": ["https://api.github.com/repos/gaocegege/maintainer/subscription"],
    "commits_url": ["https://api.github.com/repos/gaocegege/maintainer/commits{/sha}"],
    "git_commits_url": ["https://api.github.com/repos/gaocegege/maintainer/git/commits{/sha}"],
    "comments_url": ["https://api.github.com/repos/gaocegege/maintainer/comments{/number}"],
    "issue_comment_url": ["https://api.github.com/repos/gaocegege/maintainer/issues/comments{/number}"],
    "contents_url": ["https://api.github.com/repos/gaocegege/maintainer/contents/{+path}"],
    "compare_url": ["https://api.github.com/repos/gaocegege/maintainer/compare/{base}...{head}"],
    "merges_url": ["https://api.github.com/repos/gaocegege/maintainer/merges"],
    "archive_url": ["https://api.github.com/repos/gaocegege/maintainer/{archive_format}{/ref}"],
    "downloads_url": ["https://api.github.com/repos/gaocegege/maintainer/downloads"],
    "issues_url": ["https://api.github.com/repos/gaocegege/maintainer/issues{/number}"],
    "pulls_url": ["https://api.github.com/repos/gaocegege/maintainer/pulls{/number}"],
    "milestones_url": ["https://api.github.com/repos/gaocegege/maintainer/milestones{/number}"],
    "notifications_url": ["https://api.github.com/repos/gaocegege/maintainer/notifications{?since,all,participating}"],
    "labels_url": ["https://api.github.com/repos/gaocegege/maintainer/labels{/name}"],
    "releases_url": ["https://api.github.com/repos/gaocegege/maintainer/releases{/id}"],
    "deployments_url": ["https://api.github.com/repos/gaocegege/maintainer/deployments"],
    "created_at": ["2017-04-26T02:00:43Z"],
    "updated_at": ["2019-03-23T08:17:03Z"],
    "pushed_at": ["2018-01-08T06:49:50Z"],
    "git_url": ["git://github.com/gaocegege/maintainer.git"],
    "ssh_url": ["git@github.com:gaocegege/maintainer.git"],
    "clone_url": ["https://github.com/gaocegege/maintainer.git"],
    "svn_url": ["https://github.com/gaocegege/maintainer"],
    "homepage": [""],
    "size": [1912],
    "stargazers_count": [134],
    "watchers_count": [134],
    "language": ["Go"],
    "has_issues": [true],
    "has_projects": [true],
    "has_downloads": [true],
    "has_wiki": [true],
    "has_pages": [false],
    "forks_count": [13],
    "mirror_url": {},
    "archived": [false],
    "open_issues_count": [16],
    "license": {
      "key": ["apache-2.0"],
      "name": ["Apache License 2.0"],
      "spdx_id": ["Apache-2.0"],
      "url": ["https://api.github.com/licenses/apache-2.0"],
      "node_id": ["MDc6TGljZW5zZTI="]
    },
    "forks": [13],
    "open_issues": [16],
    "watchers": [134],
    "default_branch": ["master"],
    "permissions": {
      "admin": [false],
      "push": [false],
      "pull": [true]
    }
  }
]
