[
  {
    "id": [26681531],
    "node_id": ["MDEwOlJlcG9zaXRvcnkyNjY4MTUzMQ=="],
    "name": ["HackShanghai"],
    "full_name": ["gaocegege/HackShanghai"],
    "private": [false],
    "owner": {
      "login": ["gaocegege"],
      "id": [5100735],
      "node_id": ["MDQ6VXNlcjUxMDA3MzU="],
      "avatar_url": ["https://avatars3.githubusercontent.com/u/5100735?v=4"],
      "gravatar_id": [""],
      "url": ["https://api.github.com/users/gaocegege"],
      "html_url": ["https://github.com/gaocegege"],
      "followers_url": ["https://api.github.com/users/gaocegege/followers"],
      "following_url": ["https://api.github.com/users/gaocegege/following{/other_user}"],
      "gists_url": ["https://api.github.com/users/gaocegege/gists{/gist_id}"],
      "starred_url": ["https://api.github.com/users/gaocegege/starred{/owner}{/repo}"],
      "subscriptions_url": ["https://api.github.com/users/gaocegege/subscriptions"],
      "organizations_url": ["https://api.github.com/users/gaocegege/orgs"],
      "repos_url": ["https://api.github.com/users/gaocegege/repos"],
      "events_url": ["https://api.github.com/users/gaocegege/events{/privacy}"],
      "received_events_url": ["https://api.github.com/users/gaocegege/received_events"],
      "type": ["User"],
      "site_admin": [false]
    },
    "html_url": ["https://github.com/gaocegege/HackShanghai"],
    "description": ["HackShanghai Project"],
    "fork": [false],
    "url": ["https://api.github.com/repos/gaocegege/HackShanghai"],
    "forks_url": ["https://api.github.com/repos/gaocegege/HackShanghai/forks"],
    "keys_url": ["https://api.github.com/repos/gaocegege/HackShanghai/keys{/key_id}"],
    "collaborators_url": ["https://api.github.com/repos/gaocegege/HackShanghai/collaborators{/collaborator}"],
    "teams_url": ["https://api.github.com/repos/gaocegege/HackShanghai/teams"],
    "hooks_url": ["https://api.github.com/repos/gaocegege/HackShanghai/hooks"],
    "issue_events_url": ["https://api.github.com/repos/gaocegege/HackShanghai/issues/events{/number}"],
    "events_url": ["https://api.github.com/repos/gaocegege/HackShanghai/events"],
    "assignees_url": ["https://api.github.com/repos/gaocegege/HackShanghai/assignees{/user}"],
    "branches_url": ["https://api.github.com/repos/gaocegege/HackShanghai/branches{/branch}"],
    "tags_url": ["https://api.github.com/repos/gaocegege/HackShanghai/tags"],
    "blobs_url": ["https://api.github.com/repos/gaocegege/HackShanghai/git/blobs{/sha}"],
    "git_tags_url": ["https://api.github.com/repos/gaocegege/HackShanghai/git/tags{/sha}"],
    "git_refs_url": ["https://api.github.com/repos/gaocegege/HackShanghai/git/refs{/sha}"],
    "trees_url": ["https://api.github.com/repos/gaocegege/HackShanghai/git/trees{/sha}"],
    "statuses_url": ["https://api.github.com/repos/gaocegege/HackShanghai/statuses/{sha}"],
    "languages_url": ["https://api.github.com/repos/gaocegege/HackShanghai/languages"],
    "stargazers_url": ["https://api.github.com/repos/gaocegege/HackShanghai/stargazers"],
    "contributors_url": ["https://api.github.com/repos/gaocegege/HackShanghai/contributors"],
    "subscribers_url": ["https://api.github.com/repos/gaocegege/HackShanghai/subscribers"],
    "subscription_url": ["https://api.github.com/repos/gaocegege/HackShanghai/subscription"],
    "commits_url": ["https://api.github.com/repos/gaocegege/HackShanghai/commits{/sha}"],
    "git_commits_url": ["https://api.github.com/repos/gaocegege/HackShanghai/git/commits{/sha}"],
    "comments_url": ["https://api.github.com/repos/gaocegege/HackShanghai/comments{/number}"],
    "issue_comment_url": ["https://api.github.com/repos/gaocegege/HackShanghai/issues/comments{/number}"],
    "contents_url": ["https://api.github.com/repos/gaocegege/HackShanghai/contents/{+path}"],
    "compare_url": ["https://api.github.com/repos/gaocegege/HackShanghai/compare/{base}...{head}"],
    "merges_url": ["https://api.github.com/repos/gaocegege/HackShanghai/merges"],
    "archive_url": ["https://api.github.com/repos/gaocegege/HackShanghai/{archive_format}{/ref}"],
    "downloads_url": ["https://api.github.com/repos/gaocegege/HackShanghai/downloads"],
    "issues_url": ["https://api.github.com/repos/gaocegege/HackShanghai/issues{/number}"],
    "pulls_url": ["https://api.github.com/repos/gaocegege/HackShanghai/pulls{/number}"],
    "milestones_url": ["https://api.github.com/repos/gaocegege/HackShanghai/milestones{/number}"],
    "notifications_url": ["https://api.github.com/repos/gaocegege/HackShanghai/notifications{?since,all,participating}"],
    "labels_url": ["https://api.github.com/repos/gaocegege/HackShanghai/labels{/name}"],
    "releases_url": ["https://api.github.com/repos/gaocegege/HackShanghai/releases{/id}"],
    "deployments_url": ["https://api.github.com/repos/gaocegege/HackShanghai/deployments"],
    "created_at": ["2014-11-15T14:01:55Z"],
    "updated_at": ["2014-11-15T16:43:07Z"],
    "pushed_at": ["2014-11-15T16:43:07Z"],
    "git_url": ["git://github.com/gaocegege/HackShanghai.git"],
    "ssh_url": ["git@github.com:gaocegege/HackShanghai.git"],
    "clone_url": ["https://github.com/gaocegege/HackShanghai.git"],
    "svn_url": ["https://github.com/gaocegege/HackShanghai"],
    "homepage": {},
    "size": [104],
    "stargazers_count": [0],
    "watchers_count": [0],
    "language": ["PHP"],
    "has_issues": [true],
    "has_projects": [true],
    "has_downloads": [true],
    "has_wiki": [true],
    "has_pages": [false],
    "forks_count": [1],
    "mirror_url": {},
    "archived": [false],
    "open_issues_count": [0],
    "license": {},
    "forks": [1],
    "open_issues": [0],
    "watchers": [0],
    "default_branch": ["master"],
    "permissions": {
      "admin": [false],
      "push": [false],
      "pull": [true]
    }
  }
]
