[
  {
    "id": [85524433],
    "node_id": ["MDEwOlJlcG9zaXRvcnk4NTUyNDQzMw=="],
    "name": ["course"],
    "full_name": ["gaocegege/course"],
    "private": [false],
    "owner": {
      "login": ["gaocegege"],
      "id": [5100735],
      "node_id": ["MDQ6VXNlcjUxMDA3MzU="],
      "avatar_url": ["https://avatars3.githubusercontent.com/u/5100735?v=4"],
      "gravatar_id": [""],
      "url": ["https://api.github.com/users/gaocegege"],
      "html_url": ["https://github.com/gaocegege"],
      "followers_url": ["https://api.github.com/users/gaocegege/followers"],
      "following_url": ["https://api.github.com/users/gaocegege/following{/other_user}"],
      "gists_url": ["https://api.github.com/users/gaocegege/gists{/gist_id}"],
      "starred_url": ["https://api.github.com/users/gaocegege/starred{/owner}{/repo}"],
      "subscriptions_url": ["https://api.github.com/users/gaocegege/subscriptions"],
      "organizations_url": ["https://api.github.com/users/gaocegege/orgs"],
      "repos_url": ["https://api.github.com/users/gaocegege/repos"],
      "events_url": ["https://api.github.com/users/gaocegege/events{/privacy}"],
      "received_events_url": ["https://api.github.com/users/gaocegege/received_events"],
      "type": ["User"],
      "site_admin": [false]
    },
    "html_url": ["https://github.com/gaocegege/course"],
    "description": ["Dongyue Web Studio course and lecture "],
    "fork": [true],
    "url": ["https://api.github.com/repos/gaocegege/course"],
    "forks_url": ["https://api.github.com/repos/gaocegege/course/forks"],
    "keys_url": ["https://api.github.com/repos/gaocegege/course/keys{/key_id}"],
    "collaborators_url": ["https://api.github.com/repos/gaocegege/course/collaborators{/collaborator}"],
    "teams_url": ["https://api.github.com/repos/gaocegege/course/teams"],
    "hooks_url": ["https://api.github.com/repos/gaocegege/course/hooks"],
    "issue_events_url": ["https://api.github.com/repos/gaocegege/course/issues/events{/number}"],
    "events_url": ["https://api.github.com/repos/gaocegege/course/events"],
    "assignees_url": ["https://api.github.com/repos/gaocegege/course/assignees{/user}"],
    "branches_url": ["https://api.github.com/repos/gaocegege/course/branches{/branch}"],
    "tags_url": ["https://api.github.com/repos/gaocegege/course/tags"],
    "blobs_url": ["https://api.github.com/repos/gaocegege/course/git/blobs{/sha}"],
    "git_tags_url": ["https://api.github.com/repos/gaocegege/course/git/tags{/sha}"],
    "git_refs_url": ["https://api.github.com/repos/gaocegege/course/git/refs{/sha}"],
    "trees_url": ["https://api.github.com/repos/gaocegege/course/git/trees{/sha}"],
    "statuses_url": ["https://api.github.com/repos/gaocegege/course/statuses/{sha}"],
    "languages_url": ["https://api.github.com/repos/gaocegege/course/languages"],
    "stargazers_url": ["https://api.github.com/repos/gaocegege/course/stargazers"],
    "contributors_url": ["https://api.github.com/repos/gaocegege/course/contributors"],
    "subscribers_url": ["https://api.github.com/repos/gaocegege/course/subscribers"],
    "subscription_url": ["https://api.github.com/repos/gaocegege/course/subscription"],
    "commits_url": ["https://api.github.com/repos/gaocegege/course/commits{/sha}"],
    "git_commits_url": ["https://api.github.com/repos/gaocegege/course/git/commits{/sha}"],
    "comments_url": ["https://api.github.com/repos/gaocegege/course/comments{/number}"],
    "issue_comment_url": ["https://api.github.com/repos/gaocegege/course/issues/comments{/number}"],
    "contents_url": ["https://api.github.com/repos/gaocegege/course/contents/{+path}"],
    "compare_url": ["https://api.github.com/repos/gaocegege/course/compare/{base}...{head}"],
    "merges_url": ["https://api.github.com/repos/gaocegege/course/merges"],
    "archive_url": ["https://api.github.com/repos/gaocegege/course/{archive_format}{/ref}"],
    "downloads_url": ["https://api.github.com/repos/gaocegege/course/downloads"],
    "issues_url": ["https://api.github.com/repos/gaocegege/course/issues{/number}"],
    "pulls_url": ["https://api.github.com/repos/gaocegege/course/pulls{/number}"],
    "milestones_url": ["https://api.github.com/repos/gaocegege/course/milestones{/number}"],
    "notifications_url": ["https://api.github.com/repos/gaocegege/course/notifications{?since,all,participating}"],
    "labels_url": ["https://api.github.com/repos/gaocegege/course/labels{/name}"],
    "releases_url": ["https://api.github.com/repos/gaocegege/course/releases{/id}"],
    "deployments_url": ["https://api.github.com/repos/gaocegege/course/deployments"],
    "created_at": ["2017-03-20T01:54:31Z"],
    "updated_at": ["2017-03-20T01:54:33Z"],
    "pushed_at": ["2017-03-20T05:22:57Z"],
    "git_url": ["git://github.com/gaocegege/course.git"],
    "ssh_url": ["git@github.com:gaocegege/course.git"],
    "clone_url": ["https://github.com/gaocegege/course.git"],
    "svn_url": ["https://github.com/gaocegege/course"],
    "homepage": ["http://dongyueweb.com/course/"],
    "size": [4583],
    "stargazers_count": [0],
    "watchers_count": [0],
    "language": ["PHP"],
    "has_issues": [false],
    "has_projects": [true],
    "has_downloads": [true],
    "has_wiki": [true],
    "has_pages": [false],
    "forks_count": [0],
    "mirror_url": {},
    "archived": [false],
    "open_issues_count": [0],
    "license": {
      "key": ["gpl-3.0"],
      "name": ["GNU General Public License v3.0"],
      "spdx_id": ["GPL-3.0"],
      "url": ["https://api.github.com/licenses/gpl-3.0"],
      "node_id": ["MDc6TGljZW5zZTk="]
    },
    "forks": [0],
    "open_issues": [0],
    "watchers": [0],
    "default_branch": ["master"],
    "permissions": {
      "admin": [false],
      "push": [false],
      "pull": [true]
    }
  }
]
