[
  {
    "id": [21937765],
    "node_id": ["MDEwOlJlcG9zaXRvcnkyMTkzNzc2NQ=="],
    "name": ["TampermonkeyScripts"],
    "full_name": ["gaocegege/TampermonkeyScripts"],
    "private": [false],
    "owner": {
      "login": ["gaocegege"],
      "id": [5100735],
      "node_id": ["MDQ6VXNlcjUxMDA3MzU="],
      "avatar_url": ["https://avatars3.githubusercontent.com/u/5100735?v=4"],
      "gravatar_id": [""],
      "url": ["https://api.github.com/users/gaocegege"],
      "html_url": ["https://github.com/gaocegege"],
      "followers_url": ["https://api.github.com/users/gaocegege/followers"],
      "following_url": ["https://api.github.com/users/gaocegege/following{/other_user}"],
      "gists_url": ["https://api.github.com/users/gaocegege/gists{/gist_id}"],
      "starred_url": ["https://api.github.com/users/gaocegege/starred{/owner}{/repo}"],
      "subscriptions_url": ["https://api.github.com/users/gaocegege/subscriptions"],
      "organizations_url": ["https://api.github.com/users/gaocegege/orgs"],
      "repos_url": ["https://api.github.com/users/gaocegege/repos"],
      "events_url": ["https://api.github.com/users/gaocegege/events{/privacy}"],
      "received_events_url": ["https://api.github.com/users/gaocegege/received_events"],
      "type": ["User"],
      "site_admin": [false]
    },
    "html_url": ["https://github.com/gaocegege/TampermonkeyScripts"],
    "description": ["my scripts in TamperMonkey"],
    "fork": [false],
    "url": ["https://api.github.com/repos/gaocegege/TampermonkeyScripts"],
    "forks_url": ["https://api.github.com/repos/gaocegege/TampermonkeyScripts/forks"],
    "keys_url": ["https://api.github.com/repos/gaocegege/TampermonkeyScripts/keys{/key_id}"],
    "collaborators_url": ["https://api.github.com/repos/gaocegege/TampermonkeyScripts/collaborators{/collaborator}"],
    "teams_url": ["https://api.github.com/repos/gaocegege/TampermonkeyScripts/teams"],
    "hooks_url": ["https://api.github.com/repos/gaocegege/TampermonkeyScripts/hooks"],
    "issue_events_url": ["https://api.github.com/repos/gaocegege/TampermonkeyScripts/issues/events{/number}"],
    "events_url": ["https://api.github.com/repos/gaocegege/TampermonkeyScripts/events"],
    "assignees_url": ["https://api.github.com/repos/gaocegege/TampermonkeyScripts/assignees{/user}"],
    "branches_url": ["https://api.github.com/repos/gaocegege/TampermonkeyScripts/branches{/branch}"],
    "tags_url": ["https://api.github.com/repos/gaocegege/TampermonkeyScripts/tags"],
    "blobs_url": ["https://api.github.com/repos/gaocegege/TampermonkeyScripts/git/blobs{/sha}"],
    "git_tags_url": ["https://api.github.com/repos/gaocegege/TampermonkeyScripts/git/tags{/sha}"],
    "git_refs_url": ["https://api.github.com/repos/gaocegege/TampermonkeyScripts/git/refs{/sha}"],
    "trees_url": ["https://api.github.com/repos/gaocegege/TampermonkeyScripts/git/trees{/sha}"],
    "statuses_url": ["https://api.github.com/repos/gaocegege/TampermonkeyScripts/statuses/{sha}"],
    "languages_url": ["https://api.github.com/repos/gaocegege/TampermonkeyScripts/languages"],
    "stargazers_url": ["https://api.github.com/repos/gaocegege/TampermonkeyScripts/stargazers"],
    "contributors_url": ["https://api.github.com/repos/gaocegege/TampermonkeyScripts/contributors"],
    "subscribers_url": ["https://api.github.com/repos/gaocegege/TampermonkeyScripts/subscribers"],
    "subscription_url": ["https://api.github.com/repos/gaocegege/TampermonkeyScripts/subscription"],
    "commits_url": ["https://api.github.com/repos/gaocegege/TampermonkeyScripts/commits{/sha}"],
    "git_commits_url": ["https://api.github.com/repos/gaocegege/TampermonkeyScripts/git/commits{/sha}"],
    "comments_url": ["https://api.github.com/repos/gaocegege/TampermonkeyScripts/comments{/number}"],
    "issue_comment_url": ["https://api.github.com/repos/gaocegege/TampermonkeyScripts/issues/comments{/number}"],
    "contents_url": ["https://api.github.com/repos/gaocegege/TampermonkeyScripts/contents/{+path}"],
    "compare_url": ["https://api.github.com/repos/gaocegege/TampermonkeyScripts/compare/{base}...{head}"],
    "merges_url": ["https://api.github.com/repos/gaocegege/TampermonkeyScripts/merges"],
    "archive_url": ["https://api.github.com/repos/gaocegege/TampermonkeyScripts/{archive_format}{/ref}"],
    "downloads_url": ["https://api.github.com/repos/gaocegege/TampermonkeyScripts/downloads"],
    "issues_url": ["https://api.github.com/repos/gaocegege/TampermonkeyScripts/issues{/number}"],
    "pulls_url": ["https://api.github.com/repos/gaocegege/TampermonkeyScripts/pulls{/number}"],
    "milestones_url": ["https://api.github.com/repos/gaocegege/TampermonkeyScripts/milestones{/number}"],
    "notifications_url": ["https://api.github.com/repos/gaocegege/TampermonkeyScripts/notifications{?since,all,participating}"],
    "labels_url": ["https://api.github.com/repos/gaocegege/TampermonkeyScripts/labels{/name}"],
    "releases_url": ["https://api.github.com/repos/gaocegege/TampermonkeyScripts/releases{/id}"],
    "deployments_url": ["https://api.github.com/repos/gaocegege/TampermonkeyScripts/deployments"],
    "created_at": ["2014-07-17T10:24:10Z"],
    "updated_at": ["2015-11-06T15:43:01Z"],
    "pushed_at": ["2014-11-21T02:08:50Z"],
    "git_url": ["git://github.com/gaocegege/TampermonkeyScripts.git"],
    "ssh_url": ["git@github.com:gaocegege/TampermonkeyScripts.git"],
    "clone_url": ["https://github.com/gaocegege/TampermonkeyScripts.git"],
    "svn_url": ["https://github.com/gaocegege/TampermonkeyScripts"],
    "homepage": [""],
    "size": [204],
    "stargazers_count": [0],
    "watchers_count": [0],
    "language": ["JavaScript"],
    "has_issues": [true],
    "has_projects": [true],
    "has_downloads": [true],
    "has_wiki": [true],
    "has_pages": [false],
    "forks_count": [0],
    "mirror_url": {},
    "archived": [false],
    "open_issues_count": [0],
    "license": {},
    "forks": [0],
    "open_issues": [0],
    "watchers": [0],
    "default_branch": ["master"],
    "permissions": {
      "admin": [false],
      "push": [false],
      "pull": [true]
    }
  }
]
