[
  {
    "id": [71764119],
    "node_id": ["MDEwOlJlcG9zaXRvcnk3MTc2NDExOQ=="],
    "name": ["hyperstart"],
    "full_name": ["gaocegege/hyperstart"],
    "private": [false],
    "owner": {
      "login": ["gaocegege"],
      "id": [5100735],
      "node_id": ["MDQ6VXNlcjUxMDA3MzU="],
      "avatar_url": ["https://avatars3.githubusercontent.com/u/5100735?v=4"],
      "gravatar_id": [""],
      "url": ["https://api.github.com/users/gaocegege"],
      "html_url": ["https://github.com/gaocegege"],
      "followers_url": ["https://api.github.com/users/gaocegege/followers"],
      "following_url": ["https://api.github.com/users/gaocegege/following{/other_user}"],
      "gists_url": ["https://api.github.com/users/gaocegege/gists{/gist_id}"],
      "starred_url": ["https://api.github.com/users/gaocegege/starred{/owner}{/repo}"],
      "subscriptions_url": ["https://api.github.com/users/gaocegege/subscriptions"],
      "organizations_url": ["https://api.github.com/users/gaocegege/orgs"],
      "repos_url": ["https://api.github.com/users/gaocegege/repos"],
      "events_url": ["https://api.github.com/users/gaocegege/events{/privacy}"],
      "received_events_url": ["https://api.github.com/users/gaocegege/received_events"],
      "type": ["User"],
      "site_admin": [false]
    },
    "html_url": ["https://github.com/gaocegege/hyperstart"],
    "description": ["The tiny Init service for HyperContainer"],
    "fork": [true],
    "url": ["https://api.github.com/repos/gaocegege/hyperstart"],
    "forks_url": ["https://api.github.com/repos/gaocegege/hyperstart/forks"],
    "keys_url": ["https://api.github.com/repos/gaocegege/hyperstart/keys{/key_id}"],
    "collaborators_url": ["https://api.github.com/repos/gaocegege/hyperstart/collaborators{/collaborator}"],
    "teams_url": ["https://api.github.com/repos/gaocegege/hyperstart/teams"],
    "hooks_url": ["https://api.github.com/repos/gaocegege/hyperstart/hooks"],
    "issue_events_url": ["https://api.github.com/repos/gaocegege/hyperstart/issues/events{/number}"],
    "events_url": ["https://api.github.com/repos/gaocegege/hyperstart/events"],
    "assignees_url": ["https://api.github.com/repos/gaocegege/hyperstart/assignees{/user}"],
    "branches_url": ["https://api.github.com/repos/gaocegege/hyperstart/branches{/branch}"],
    "tags_url": ["https://api.github.com/repos/gaocegege/hyperstart/tags"],
    "blobs_url": ["https://api.github.com/repos/gaocegege/hyperstart/git/blobs{/sha}"],
    "git_tags_url": ["https://api.github.com/repos/gaocegege/hyperstart/git/tags{/sha}"],
    "git_refs_url": ["https://api.github.com/repos/gaocegege/hyperstart/git/refs{/sha}"],
    "trees_url": ["https://api.github.com/repos/gaocegege/hyperstart/git/trees{/sha}"],
    "statuses_url": ["https://api.github.com/repos/gaocegege/hyperstart/statuses/{sha}"],
    "languages_url": ["https://api.github.com/repos/gaocegege/hyperstart/languages"],
    "stargazers_url": ["https://api.github.com/repos/gaocegege/hyperstart/stargazers"],
    "contributors_url": ["https://api.github.com/repos/gaocegege/hyperstart/contributors"],
    "subscribers_url": ["https://api.github.com/repos/gaocegege/hyperstart/subscribers"],
    "subscription_url": ["https://api.github.com/repos/gaocegege/hyperstart/subscription"],
    "commits_url": ["https://api.github.com/repos/gaocegege/hyperstart/commits{/sha}"],
    "git_commits_url": ["https://api.github.com/repos/gaocegege/hyperstart/git/commits{/sha}"],
    "comments_url": ["https://api.github.com/repos/gaocegege/hyperstart/comments{/number}"],
    "issue_comment_url": ["https://api.github.com/repos/gaocegege/hyperstart/issues/comments{/number}"],
    "contents_url": ["https://api.github.com/repos/gaocegege/hyperstart/contents/{+path}"],
    "compare_url": ["https://api.github.com/repos/gaocegege/hyperstart/compare/{base}...{head}"],
    "merges_url": ["https://api.github.com/repos/gaocegege/hyperstart/merges"],
    "archive_url": ["https://api.github.com/repos/gaocegege/hyperstart/{archive_format}{/ref}"],
    "downloads_url": ["https://api.github.com/repos/gaocegege/hyperstart/downloads"],
    "issues_url": ["https://api.github.com/repos/gaocegege/hyperstart/issues{/number}"],
    "pulls_url": ["https://api.github.com/repos/gaocegege/hyperstart/pulls{/number}"],
    "milestones_url": ["https://api.github.com/repos/gaocegege/hyperstart/milestones{/number}"],
    "notifications_url": ["https://api.github.com/repos/gaocegege/hyperstart/notifications{?since,all,participating}"],
    "labels_url": ["https://api.github.com/repos/gaocegege/hyperstart/labels{/name}"],
    "releases_url": ["https://api.github.com/repos/gaocegege/hyperstart/releases{/id}"],
    "deployments_url": ["https://api.github.com/repos/gaocegege/hyperstart/deployments"],
    "created_at": ["2016-10-24T07:39:58Z"],
    "updated_at": ["2016-10-24T07:40:00Z"],
    "pushed_at": ["2016-10-24T01:27:13Z"],
    "git_url": ["git://github.com/gaocegege/hyperstart.git"],
    "ssh_url": ["git@github.com:gaocegege/hyperstart.git"],
    "clone_url": ["https://github.com/gaocegege/hyperstart.git"],
    "svn_url": ["https://github.com/gaocegege/hyperstart"],
    "homepage": ["https://www.hypercontainer.io"],
    "size": [58167],
    "stargazers_count": [0],
    "watchers_count": [0],
    "language": ["C"],
    "has_issues": [false],
    "has_projects": [true],
    "has_downloads": [true],
    "has_wiki": [true],
    "has_pages": [false],
    "forks_count": [0],
    "mirror_url": {},
    "archived": [false],
    "open_issues_count": [0],
    "license": {
      "key": ["apache-2.0"],
      "name": ["Apache License 2.0"],
      "spdx_id": ["Apache-2.0"],
      "url": ["https://api.github.com/licenses/apache-2.0"],
      "node_id": ["MDc6TGljZW5zZTI="]
    },
    "forks": [0],
    "open_issues": [0],
    "watchers": [0],
    "default_branch": ["master"],
    "permissions": {
      "admin": [false],
      "push": [false],
      "pull": [true]
    }
  }
]
