[
  {
    "id": [73356308],
    "node_id": ["MDEwOlJlcG9zaXRvcnk3MzM1NjMwOA=="],
    "name": ["overalls"],
    "full_name": ["gaocegege/overalls"],
    "private": [false],
    "owner": {
      "login": ["gaocegege"],
      "id": [5100735],
      "node_id": ["MDQ6VXNlcjUxMDA3MzU="],
      "avatar_url": ["https://avatars3.githubusercontent.com/u/5100735?v=4"],
      "gravatar_id": [""],
      "url": ["https://api.github.com/users/gaocegege"],
      "html_url": ["https://github.com/gaocegege"],
      "followers_url": ["https://api.github.com/users/gaocegege/followers"],
      "following_url": ["https://api.github.com/users/gaocegege/following{/other_user}"],
      "gists_url": ["https://api.github.com/users/gaocegege/gists{/gist_id}"],
      "starred_url": ["https://api.github.com/users/gaocegege/starred{/owner}{/repo}"],
      "subscriptions_url": ["https://api.github.com/users/gaocegege/subscriptions"],
      "organizations_url": ["https://api.github.com/users/gaocegege/orgs"],
      "repos_url": ["https://api.github.com/users/gaocegege/repos"],
      "events_url": ["https://api.github.com/users/gaocegege/events{/privacy}"],
      "received_events_url": ["https://api.github.com/users/gaocegege/received_events"],
      "type": ["User"],
      "site_admin": [false]
    },
    "html_url": ["https://github.com/gaocegege/overalls"],
    "description": [":jeans:Multi-Package go project coverprofile for tools like goveralls"],
    "fork": [true],
    "url": ["https://api.github.com/repos/gaocegege/overalls"],
    "forks_url": ["https://api.github.com/repos/gaocegege/overalls/forks"],
    "keys_url": ["https://api.github.com/repos/gaocegege/overalls/keys{/key_id}"],
    "collaborators_url": ["https://api.github.com/repos/gaocegege/overalls/collaborators{/collaborator}"],
    "teams_url": ["https://api.github.com/repos/gaocegege/overalls/teams"],
    "hooks_url": ["https://api.github.com/repos/gaocegege/overalls/hooks"],
    "issue_events_url": ["https://api.github.com/repos/gaocegege/overalls/issues/events{/number}"],
    "events_url": ["https://api.github.com/repos/gaocegege/overalls/events"],
    "assignees_url": ["https://api.github.com/repos/gaocegege/overalls/assignees{/user}"],
    "branches_url": ["https://api.github.com/repos/gaocegege/overalls/branches{/branch}"],
    "tags_url": ["https://api.github.com/repos/gaocegege/overalls/tags"],
    "blobs_url": ["https://api.github.com/repos/gaocegege/overalls/git/blobs{/sha}"],
    "git_tags_url": ["https://api.github.com/repos/gaocegege/overalls/git/tags{/sha}"],
    "git_refs_url": ["https://api.github.com/repos/gaocegege/overalls/git/refs{/sha}"],
    "trees_url": ["https://api.github.com/repos/gaocegege/overalls/git/trees{/sha}"],
    "statuses_url": ["https://api.github.com/repos/gaocegege/overalls/statuses/{sha}"],
    "languages_url": ["https://api.github.com/repos/gaocegege/overalls/languages"],
    "stargazers_url": ["https://api.github.com/repos/gaocegege/overalls/stargazers"],
    "contributors_url": ["https://api.github.com/repos/gaocegege/overalls/contributors"],
    "subscribers_url": ["https://api.github.com/repos/gaocegege/overalls/subscribers"],
    "subscription_url": ["https://api.github.com/repos/gaocegege/overalls/subscription"],
    "commits_url": ["https://api.github.com/repos/gaocegege/overalls/commits{/sha}"],
    "git_commits_url": ["https://api.github.com/repos/gaocegege/overalls/git/commits{/sha}"],
    "comments_url": ["https://api.github.com/repos/gaocegege/overalls/comments{/number}"],
    "issue_comment_url": ["https://api.github.com/repos/gaocegege/overalls/issues/comments{/number}"],
    "contents_url": ["https://api.github.com/repos/gaocegege/overalls/contents/{+path}"],
    "compare_url": ["https://api.github.com/repos/gaocegege/overalls/compare/{base}...{head}"],
    "merges_url": ["https://api.github.com/repos/gaocegege/overalls/merges"],
    "archive_url": ["https://api.github.com/repos/gaocegege/overalls/{archive_format}{/ref}"],
    "downloads_url": ["https://api.github.com/repos/gaocegege/overalls/downloads"],
    "issues_url": ["https://api.github.com/repos/gaocegege/overalls/issues{/number}"],
    "pulls_url": ["https://api.github.com/repos/gaocegege/overalls/pulls{/number}"],
    "milestones_url": ["https://api.github.com/repos/gaocegege/overalls/milestones{/number}"],
    "notifications_url": ["https://api.github.com/repos/gaocegege/overalls/notifications{?since,all,participating}"],
    "labels_url": ["https://api.github.com/repos/gaocegege/overalls/labels{/name}"],
    "releases_url": ["https://api.github.com/repos/gaocegege/overalls/releases{/id}"],
    "deployments_url": ["https://api.github.com/repos/gaocegege/overalls/deployments"],
    "created_at": ["2016-11-10T07:13:02Z"],
    "updated_at": ["2016-11-10T07:13:03Z"],
    "pushed_at": ["2016-10-02T22:18:14Z"],
    "git_url": ["git://github.com/gaocegege/overalls.git"],
    "ssh_url": ["git@github.com:gaocegege/overalls.git"],
    "clone_url": ["https://github.com/gaocegege/overalls.git"],
    "svn_url": ["https://github.com/gaocegege/overalls"],
    "homepage": [""],
    "size": [2197],
    "stargazers_count": [0],
    "watchers_count": [0],
    "language": ["Go"],
    "has_issues": [false],
    "has_projects": [true],
    "has_downloads": [true],
    "has_wiki": [true],
    "has_pages": [false],
    "forks_count": [0],
    "mirror_url": {},
    "archived": [false],
    "open_issues_count": [0],
    "license": {
      "key": ["mit"],
      "name": ["MIT License"],
      "spdx_id": ["MIT"],
      "url": ["https://api.github.com/licenses/mit"],
      "node_id": ["MDc6TGljZW5zZTEz"]
    },
    "forks": [0],
    "open_issues": [0],
    "watchers": [0],
    "default_branch": ["master"],
    "permissions": {
      "admin": [false],
      "push": [false],
      "pull": [true]
    }
  }
]
