[
  {
    "id": [47868612],
    "node_id": ["MDEwOlJlcG9zaXRvcnk0Nzg2ODYxMg=="],
    "name": ["shadowsocks"],
    "full_name": ["gaocegege/shadowsocks"],
    "private": [false],
    "owner": {
      "login": ["gaocegege"],
      "id": [5100735],
      "node_id": ["MDQ6VXNlcjUxMDA3MzU="],
      "avatar_url": ["https://avatars3.githubusercontent.com/u/5100735?v=4"],
      "gravatar_id": [""],
      "url": ["https://api.github.com/users/gaocegege"],
      "html_url": ["https://github.com/gaocegege"],
      "followers_url": ["https://api.github.com/users/gaocegege/followers"],
      "following_url": ["https://api.github.com/users/gaocegege/following{/other_user}"],
      "gists_url": ["https://api.github.com/users/gaocegege/gists{/gist_id}"],
      "starred_url": ["https://api.github.com/users/gaocegege/starred{/owner}{/repo}"],
      "subscriptions_url": ["https://api.github.com/users/gaocegege/subscriptions"],
      "organizations_url": ["https://api.github.com/users/gaocegege/orgs"],
      "repos_url": ["https://api.github.com/users/gaocegege/repos"],
      "events_url": ["https://api.github.com/users/gaocegege/events{/privacy}"],
      "received_events_url": ["https://api.github.com/users/gaocegege/received_events"],
      "type": ["User"],
      "site_admin": [false]
    },
    "html_url": ["https://github.com/gaocegege/shadowsocks"],
    "description": {},
    "fork": [true],
    "url": ["https://api.github.com/repos/gaocegege/shadowsocks"],
    "forks_url": ["https://api.github.com/repos/gaocegege/shadowsocks/forks"],
    "keys_url": ["https://api.github.com/repos/gaocegege/shadowsocks/keys{/key_id}"],
    "collaborators_url": ["https://api.github.com/repos/gaocegege/shadowsocks/collaborators{/collaborator}"],
    "teams_url": ["https://api.github.com/repos/gaocegege/shadowsocks/teams"],
    "hooks_url": ["https://api.github.com/repos/gaocegege/shadowsocks/hooks"],
    "issue_events_url": ["https://api.github.com/repos/gaocegege/shadowsocks/issues/events{/number}"],
    "events_url": ["https://api.github.com/repos/gaocegege/shadowsocks/events"],
    "assignees_url": ["https://api.github.com/repos/gaocegege/shadowsocks/assignees{/user}"],
    "branches_url": ["https://api.github.com/repos/gaocegege/shadowsocks/branches{/branch}"],
    "tags_url": ["https://api.github.com/repos/gaocegege/shadowsocks/tags"],
    "blobs_url": ["https://api.github.com/repos/gaocegege/shadowsocks/git/blobs{/sha}"],
    "git_tags_url": ["https://api.github.com/repos/gaocegege/shadowsocks/git/tags{/sha}"],
    "git_refs_url": ["https://api.github.com/repos/gaocegege/shadowsocks/git/refs{/sha}"],
    "trees_url": ["https://api.github.com/repos/gaocegege/shadowsocks/git/trees{/sha}"],
    "statuses_url": ["https://api.github.com/repos/gaocegege/shadowsocks/statuses/{sha}"],
    "languages_url": ["https://api.github.com/repos/gaocegege/shadowsocks/languages"],
    "stargazers_url": ["https://api.github.com/repos/gaocegege/shadowsocks/stargazers"],
    "contributors_url": ["https://api.github.com/repos/gaocegege/shadowsocks/contributors"],
    "subscribers_url": ["https://api.github.com/repos/gaocegege/shadowsocks/subscribers"],
    "subscription_url": ["https://api.github.com/repos/gaocegege/shadowsocks/subscription"],
    "commits_url": ["https://api.github.com/repos/gaocegege/shadowsocks/commits{/sha}"],
    "git_commits_url": ["https://api.github.com/repos/gaocegege/shadowsocks/git/commits{/sha}"],
    "comments_url": ["https://api.github.com/repos/gaocegege/shadowsocks/comments{/number}"],
    "issue_comment_url": ["https://api.github.com/repos/gaocegege/shadowsocks/issues/comments{/number}"],
    "contents_url": ["https://api.github.com/repos/gaocegege/shadowsocks/contents/{+path}"],
    "compare_url": ["https://api.github.com/repos/gaocegege/shadowsocks/compare/{base}...{head}"],
    "merges_url": ["https://api.github.com/repos/gaocegege/shadowsocks/merges"],
    "archive_url": ["https://api.github.com/repos/gaocegege/shadowsocks/{archive_format}{/ref}"],
    "downloads_url": ["https://api.github.com/repos/gaocegege/shadowsocks/downloads"],
    "issues_url": ["https://api.github.com/repos/gaocegege/shadowsocks/issues{/number}"],
    "pulls_url": ["https://api.github.com/repos/gaocegege/shadowsocks/pulls{/number}"],
    "milestones_url": ["https://api.github.com/repos/gaocegege/shadowsocks/milestones{/number}"],
    "notifications_url": ["https://api.github.com/repos/gaocegege/shadowsocks/notifications{?since,all,participating}"],
    "labels_url": ["https://api.github.com/repos/gaocegege/shadowsocks/labels{/name}"],
    "releases_url": ["https://api.github.com/repos/gaocegege/shadowsocks/releases{/id}"],
    "deployments_url": ["https://api.github.com/repos/gaocegege/shadowsocks/deployments"],
    "created_at": ["2015-12-12T07:12:05Z"],
    "updated_at": ["2015-12-12T07:12:06Z"],
    "pushed_at": ["2015-12-12T07:31:46Z"],
    "git_url": ["git://github.com/gaocegege/shadowsocks.git"],
    "ssh_url": ["git@github.com:gaocegege/shadowsocks.git"],
    "clone_url": ["https://github.com/gaocegege/shadowsocks.git"],
    "svn_url": ["https://github.com/gaocegege/shadowsocks"],
    "homepage": [""],
    "size": [726],
    "stargazers_count": [0],
    "watchers_count": [0],
    "language": {},
    "has_issues": [false],
    "has_projects": [true],
    "has_downloads": [true],
    "has_wiki": [true],
    "has_pages": [false],
    "forks_count": [0],
    "mirror_url": {},
    "archived": [false],
    "open_issues_count": [0],
    "license": {},
    "forks": [0],
    "open_issues": [0],
    "watchers": [0],
    "default_branch": ["rm"],
    "permissions": {
      "admin": [false],
      "push": [false],
      "pull": [true]
    }
  }
]
