[
  {
    "id": [138538051],
    "node_id": ["MDEwOlJlcG9zaXRvcnkxMzg1MzgwNTE="],
    "name": ["kubebench"],
    "full_name": ["gaocegege/kubebench"],
    "private": [false],
    "owner": {
      "login": ["gaocegege"],
      "id": [5100735],
      "node_id": ["MDQ6VXNlcjUxMDA3MzU="],
      "avatar_url": ["https://avatars3.githubusercontent.com/u/5100735?v=4"],
      "gravatar_id": [""],
      "url": ["https://api.github.com/users/gaocegege"],
      "html_url": ["https://github.com/gaocegege"],
      "followers_url": ["https://api.github.com/users/gaocegege/followers"],
      "following_url": ["https://api.github.com/users/gaocegege/following{/other_user}"],
      "gists_url": ["https://api.github.com/users/gaocegege/gists{/gist_id}"],
      "starred_url": ["https://api.github.com/users/gaocegege/starred{/owner}{/repo}"],
      "subscriptions_url": ["https://api.github.com/users/gaocegege/subscriptions"],
      "organizations_url": ["https://api.github.com/users/gaocegege/orgs"],
      "repos_url": ["https://api.github.com/users/gaocegege/repos"],
      "events_url": ["https://api.github.com/users/gaocegege/events{/privacy}"],
      "received_events_url": ["https://api.github.com/users/gaocegege/received_events"],
      "type": ["User"],
      "site_admin": [false]
    },
    "html_url": ["https://github.com/gaocegege/kubebench"],
    "description": ["Repository for benchmarking"],
    "fork": [true],
    "url": ["https://api.github.com/repos/gaocegege/kubebench"],
    "forks_url": ["https://api.github.com/repos/gaocegege/kubebench/forks"],
    "keys_url": ["https://api.github.com/repos/gaocegege/kubebench/keys{/key_id}"],
    "collaborators_url": ["https://api.github.com/repos/gaocegege/kubebench/collaborators{/collaborator}"],
    "teams_url": ["https://api.github.com/repos/gaocegege/kubebench/teams"],
    "hooks_url": ["https://api.github.com/repos/gaocegege/kubebench/hooks"],
    "issue_events_url": ["https://api.github.com/repos/gaocegege/kubebench/issues/events{/number}"],
    "events_url": ["https://api.github.com/repos/gaocegege/kubebench/events"],
    "assignees_url": ["https://api.github.com/repos/gaocegege/kubebench/assignees{/user}"],
    "branches_url": ["https://api.github.com/repos/gaocegege/kubebench/branches{/branch}"],
    "tags_url": ["https://api.github.com/repos/gaocegege/kubebench/tags"],
    "blobs_url": ["https://api.github.com/repos/gaocegege/kubebench/git/blobs{/sha}"],
    "git_tags_url": ["https://api.github.com/repos/gaocegege/kubebench/git/tags{/sha}"],
    "git_refs_url": ["https://api.github.com/repos/gaocegege/kubebench/git/refs{/sha}"],
    "trees_url": ["https://api.github.com/repos/gaocegege/kubebench/git/trees{/sha}"],
    "statuses_url": ["https://api.github.com/repos/gaocegege/kubebench/statuses/{sha}"],
    "languages_url": ["https://api.github.com/repos/gaocegege/kubebench/languages"],
    "stargazers_url": ["https://api.github.com/repos/gaocegege/kubebench/stargazers"],
    "contributors_url": ["https://api.github.com/repos/gaocegege/kubebench/contributors"],
    "subscribers_url": ["https://api.github.com/repos/gaocegege/kubebench/subscribers"],
    "subscription_url": ["https://api.github.com/repos/gaocegege/kubebench/subscription"],
    "commits_url": ["https://api.github.com/repos/gaocegege/kubebench/commits{/sha}"],
    "git_commits_url": ["https://api.github.com/repos/gaocegege/kubebench/git/commits{/sha}"],
    "comments_url": ["https://api.github.com/repos/gaocegege/kubebench/comments{/number}"],
    "issue_comment_url": ["https://api.github.com/repos/gaocegege/kubebench/issues/comments{/number}"],
    "contents_url": ["https://api.github.com/repos/gaocegege/kubebench/contents/{+path}"],
    "compare_url": ["https://api.github.com/repos/gaocegege/kubebench/compare/{base}...{head}"],
    "merges_url": ["https://api.github.com/repos/gaocegege/kubebench/merges"],
    "archive_url": ["https://api.github.com/repos/gaocegege/kubebench/{archive_format}{/ref}"],
    "downloads_url": ["https://api.github.com/repos/gaocegege/kubebench/downloads"],
    "issues_url": ["https://api.github.com/repos/gaocegege/kubebench/issues{/number}"],
    "pulls_url": ["https://api.github.com/repos/gaocegege/kubebench/pulls{/number}"],
    "milestones_url": ["https://api.github.com/repos/gaocegege/kubebench/milestones{/number}"],
    "notifications_url": ["https://api.github.com/repos/gaocegege/kubebench/notifications{?since,all,participating}"],
    "labels_url": ["https://api.github.com/repos/gaocegege/kubebench/labels{/name}"],
    "releases_url": ["https://api.github.com/repos/gaocegege/kubebench/releases{/id}"],
    "deployments_url": ["https://api.github.com/repos/gaocegege/kubebench/deployments"],
    "created_at": ["2018-06-25T03:13:54Z"],
    "updated_at": ["2018-06-25T03:13:56Z"],
    "pushed_at": ["2018-07-06T01:47:46Z"],
    "git_url": ["git://github.com/gaocegege/kubebench.git"],
    "ssh_url": ["git@github.com:gaocegege/kubebench.git"],
    "clone_url": ["https://github.com/gaocegege/kubebench.git"],
    "svn_url": ["https://github.com/gaocegege/kubebench"],
    "homepage": {},
    "size": [582],
    "stargazers_count": [0],
    "watchers_count": [0],
    "language": ["Python"],
    "has_issues": [false],
    "has_projects": [true],
    "has_downloads": [true],
    "has_wiki": [true],
    "has_pages": [false],
    "forks_count": [0],
    "mirror_url": {},
    "archived": [false],
    "open_issues_count": [0],
    "license": {
      "key": ["apache-2.0"],
      "name": ["Apache License 2.0"],
      "spdx_id": ["Apache-2.0"],
      "url": ["https://api.github.com/licenses/apache-2.0"],
      "node_id": ["MDc6TGljZW5zZTI="]
    },
    "forks": [0],
    "open_issues": [0],
    "watchers": [0],
    "default_branch": ["master"],
    "permissions": {
      "admin": [false],
      "push": [false],
      "pull": [true]
    }
  }
]
