[
  {
    "id": [104033128],
    "node_id": ["MDEwOlJlcG9zaXRvcnkxMDQwMzMxMjg="],
    "name": ["gsoc-cn"],
    "full_name": ["gaocegege/gsoc-cn"],
    "private": [false],
    "owner": {
      "login": ["gaocegege"],
      "id": [5100735],
      "node_id": ["MDQ6VXNlcjUxMDA3MzU="],
      "avatar_url": ["https://avatars3.githubusercontent.com/u/5100735?v=4"],
      "gravatar_id": [""],
      "url": ["https://api.github.com/users/gaocegege"],
      "html_url": ["https://github.com/gaocegege"],
      "followers_url": ["https://api.github.com/users/gaocegege/followers"],
      "following_url": ["https://api.github.com/users/gaocegege/following{/other_user}"],
      "gists_url": ["https://api.github.com/users/gaocegege/gists{/gist_id}"],
      "starred_url": ["https://api.github.com/users/gaocegege/starred{/owner}{/repo}"],
      "subscriptions_url": ["https://api.github.com/users/gaocegege/subscriptions"],
      "organizations_url": ["https://api.github.com/users/gaocegege/orgs"],
      "repos_url": ["https://api.github.com/users/gaocegege/repos"],
      "events_url": ["https://api.github.com/users/gaocegege/events{/privacy}"],
      "received_events_url": ["https://api.github.com/users/gaocegege/received_events"],
      "type": ["User"],
      "site_admin": [false]
    },
    "html_url": ["https://github.com/gaocegege/gsoc-cn"],
    "description": ["Main repo for gsoc-cn which about how we maintain this organization  "],
    "fork": [true],
    "url": ["https://api.github.com/repos/gaocegege/gsoc-cn"],
    "forks_url": ["https://api.github.com/repos/gaocegege/gsoc-cn/forks"],
    "keys_url": ["https://api.github.com/repos/gaocegege/gsoc-cn/keys{/key_id}"],
    "collaborators_url": ["https://api.github.com/repos/gaocegege/gsoc-cn/collaborators{/collaborator}"],
    "teams_url": ["https://api.github.com/repos/gaocegege/gsoc-cn/teams"],
    "hooks_url": ["https://api.github.com/repos/gaocegege/gsoc-cn/hooks"],
    "issue_events_url": ["https://api.github.com/repos/gaocegege/gsoc-cn/issues/events{/number}"],
    "events_url": ["https://api.github.com/repos/gaocegege/gsoc-cn/events"],
    "assignees_url": ["https://api.github.com/repos/gaocegege/gsoc-cn/assignees{/user}"],
    "branches_url": ["https://api.github.com/repos/gaocegege/gsoc-cn/branches{/branch}"],
    "tags_url": ["https://api.github.com/repos/gaocegege/gsoc-cn/tags"],
    "blobs_url": ["https://api.github.com/repos/gaocegege/gsoc-cn/git/blobs{/sha}"],
    "git_tags_url": ["https://api.github.com/repos/gaocegege/gsoc-cn/git/tags{/sha}"],
    "git_refs_url": ["https://api.github.com/repos/gaocegege/gsoc-cn/git/refs{/sha}"],
    "trees_url": ["https://api.github.com/repos/gaocegege/gsoc-cn/git/trees{/sha}"],
    "statuses_url": ["https://api.github.com/repos/gaocegege/gsoc-cn/statuses/{sha}"],
    "languages_url": ["https://api.github.com/repos/gaocegege/gsoc-cn/languages"],
    "stargazers_url": ["https://api.github.com/repos/gaocegege/gsoc-cn/stargazers"],
    "contributors_url": ["https://api.github.com/repos/gaocegege/gsoc-cn/contributors"],
    "subscribers_url": ["https://api.github.com/repos/gaocegege/gsoc-cn/subscribers"],
    "subscription_url": ["https://api.github.com/repos/gaocegege/gsoc-cn/subscription"],
    "commits_url": ["https://api.github.com/repos/gaocegege/gsoc-cn/commits{/sha}"],
    "git_commits_url": ["https://api.github.com/repos/gaocegege/gsoc-cn/git/commits{/sha}"],
    "comments_url": ["https://api.github.com/repos/gaocegege/gsoc-cn/comments{/number}"],
    "issue_comment_url": ["https://api.github.com/repos/gaocegege/gsoc-cn/issues/comments{/number}"],
    "contents_url": ["https://api.github.com/repos/gaocegege/gsoc-cn/contents/{+path}"],
    "compare_url": ["https://api.github.com/repos/gaocegege/gsoc-cn/compare/{base}...{head}"],
    "merges_url": ["https://api.github.com/repos/gaocegege/gsoc-cn/merges"],
    "archive_url": ["https://api.github.com/repos/gaocegege/gsoc-cn/{archive_format}{/ref}"],
    "downloads_url": ["https://api.github.com/repos/gaocegege/gsoc-cn/downloads"],
    "issues_url": ["https://api.github.com/repos/gaocegege/gsoc-cn/issues{/number}"],
    "pulls_url": ["https://api.github.com/repos/gaocegege/gsoc-cn/pulls{/number}"],
    "milestones_url": ["https://api.github.com/repos/gaocegege/gsoc-cn/milestones{/number}"],
    "notifications_url": ["https://api.github.com/repos/gaocegege/gsoc-cn/notifications{?since,all,participating}"],
    "labels_url": ["https://api.github.com/repos/gaocegege/gsoc-cn/labels{/name}"],
    "releases_url": ["https://api.github.com/repos/gaocegege/gsoc-cn/releases{/id}"],
    "deployments_url": ["https://api.github.com/repos/gaocegege/gsoc-cn/deployments"],
    "created_at": ["2017-09-19T06:02:32Z"],
    "updated_at": ["2017-09-19T05:39:26Z"],
    "pushed_at": ["2018-12-12T01:23:44Z"],
    "git_url": ["git://github.com/gaocegege/gsoc-cn.git"],
    "ssh_url": ["git@github.com:gaocegege/gsoc-cn.git"],
    "clone_url": ["https://github.com/gaocegege/gsoc-cn.git"],
    "svn_url": ["https://github.com/gaocegege/gsoc-cn"],
    "homepage": [""],
    "size": [716],
    "stargazers_count": [0],
    "watchers_count": [0],
    "language": {},
    "has_issues": [false],
    "has_projects": [true],
    "has_downloads": [true],
    "has_wiki": [true],
    "has_pages": [false],
    "forks_count": [0],
    "mirror_url": {},
    "archived": [false],
    "open_issues_count": [0],
    "license": {},
    "forks": [0],
    "open_issues": [0],
    "watchers": [0],
    "default_branch": ["master"],
    "permissions": {
      "admin": [false],
      "push": [false],
      "pull": [true]
    }
  }
]
