[
  {
    "id": [53126975],
    "node_id": ["MDEwOlJlcG9zaXRvcnk1MzEyNjk3NQ=="],
    "name": ["dapper"],
    "full_name": ["gaocegege/dapper"],
    "private": [false],
    "owner": {
      "login": ["gaocegege"],
      "id": [5100735],
      "node_id": ["MDQ6VXNlcjUxMDA3MzU="],
      "avatar_url": ["https://avatars3.githubusercontent.com/u/5100735?v=4"],
      "gravatar_id": [""],
      "url": ["https://api.github.com/users/gaocegege"],
      "html_url": ["https://github.com/gaocegege"],
      "followers_url": ["https://api.github.com/users/gaocegege/followers"],
      "following_url": ["https://api.github.com/users/gaocegege/following{/other_user}"],
      "gists_url": ["https://api.github.com/users/gaocegege/gists{/gist_id}"],
      "starred_url": ["https://api.github.com/users/gaocegege/starred{/owner}{/repo}"],
      "subscriptions_url": ["https://api.github.com/users/gaocegege/subscriptions"],
      "organizations_url": ["https://api.github.com/users/gaocegege/orgs"],
      "repos_url": ["https://api.github.com/users/gaocegege/repos"],
      "events_url": ["https://api.github.com/users/gaocegege/events{/privacy}"],
      "received_events_url": ["https://api.github.com/users/gaocegege/received_events"],
      "type": ["User"],
      "site_admin": [false]
    },
    "html_url": ["https://github.com/gaocegege/dapper"],
    "description": ["Docker build wrapper"],
    "fork": [true],
    "url": ["https://api.github.com/repos/gaocegege/dapper"],
    "forks_url": ["https://api.github.com/repos/gaocegege/dapper/forks"],
    "keys_url": ["https://api.github.com/repos/gaocegege/dapper/keys{/key_id}"],
    "collaborators_url": ["https://api.github.com/repos/gaocegege/dapper/collaborators{/collaborator}"],
    "teams_url": ["https://api.github.com/repos/gaocegege/dapper/teams"],
    "hooks_url": ["https://api.github.com/repos/gaocegege/dapper/hooks"],
    "issue_events_url": ["https://api.github.com/repos/gaocegege/dapper/issues/events{/number}"],
    "events_url": ["https://api.github.com/repos/gaocegege/dapper/events"],
    "assignees_url": ["https://api.github.com/repos/gaocegege/dapper/assignees{/user}"],
    "branches_url": ["https://api.github.com/repos/gaocegege/dapper/branches{/branch}"],
    "tags_url": ["https://api.github.com/repos/gaocegege/dapper/tags"],
    "blobs_url": ["https://api.github.com/repos/gaocegege/dapper/git/blobs{/sha}"],
    "git_tags_url": ["https://api.github.com/repos/gaocegege/dapper/git/tags{/sha}"],
    "git_refs_url": ["https://api.github.com/repos/gaocegege/dapper/git/refs{/sha}"],
    "trees_url": ["https://api.github.com/repos/gaocegege/dapper/git/trees{/sha}"],
    "statuses_url": ["https://api.github.com/repos/gaocegege/dapper/statuses/{sha}"],
    "languages_url": ["https://api.github.com/repos/gaocegege/dapper/languages"],
    "stargazers_url": ["https://api.github.com/repos/gaocegege/dapper/stargazers"],
    "contributors_url": ["https://api.github.com/repos/gaocegege/dapper/contributors"],
    "subscribers_url": ["https://api.github.com/repos/gaocegege/dapper/subscribers"],
    "subscription_url": ["https://api.github.com/repos/gaocegege/dapper/subscription"],
    "commits_url": ["https://api.github.com/repos/gaocegege/dapper/commits{/sha}"],
    "git_commits_url": ["https://api.github.com/repos/gaocegege/dapper/git/commits{/sha}"],
    "comments_url": ["https://api.github.com/repos/gaocegege/dapper/comments{/number}"],
    "issue_comment_url": ["https://api.github.com/repos/gaocegege/dapper/issues/comments{/number}"],
    "contents_url": ["https://api.github.com/repos/gaocegege/dapper/contents/{+path}"],
    "compare_url": ["https://api.github.com/repos/gaocegege/dapper/compare/{base}...{head}"],
    "merges_url": ["https://api.github.com/repos/gaocegege/dapper/merges"],
    "archive_url": ["https://api.github.com/repos/gaocegege/dapper/{archive_format}{/ref}"],
    "downloads_url": ["https://api.github.com/repos/gaocegege/dapper/downloads"],
    "issues_url": ["https://api.github.com/repos/gaocegege/dapper/issues{/number}"],
    "pulls_url": ["https://api.github.com/repos/gaocegege/dapper/pulls{/number}"],
    "milestones_url": ["https://api.github.com/repos/gaocegege/dapper/milestones{/number}"],
    "notifications_url": ["https://api.github.com/repos/gaocegege/dapper/notifications{?since,all,participating}"],
    "labels_url": ["https://api.github.com/repos/gaocegege/dapper/labels{/name}"],
    "releases_url": ["https://api.github.com/repos/gaocegege/dapper/releases{/id}"],
    "deployments_url": ["https://api.github.com/repos/gaocegege/dapper/deployments"],
    "created_at": ["2016-03-04T10:16:40Z"],
    "updated_at": ["2016-03-04T10:16:41Z"],
    "pushed_at": ["2016-03-03T01:48:22Z"],
    "git_url": ["git://github.com/gaocegege/dapper.git"],
    "ssh_url": ["git@github.com:gaocegege/dapper.git"],
    "clone_url": ["https://github.com/gaocegege/dapper.git"],
    "svn_url": ["https://github.com/gaocegege/dapper"],
    "homepage": {},
    "size": [193],
    "stargazers_count": [0],
    "watchers_count": [0],
    "language": ["Go"],
    "has_issues": [false],
    "has_projects": [true],
    "has_downloads": [true],
    "has_wiki": [true],
    "has_pages": [false],
    "forks_count": [0],
    "mirror_url": {},
    "archived": [false],
    "open_issues_count": [0],
    "license": {
      "key": ["apache-2.0"],
      "name": ["Apache License 2.0"],
      "spdx_id": ["Apache-2.0"],
      "url": ["https://api.github.com/licenses/apache-2.0"],
      "node_id": ["MDc6TGljZW5zZTI="]
    },
    "forks": [0],
    "open_issues": [0],
    "watchers": [0],
    "default_branch": ["master"],
    "permissions": {
      "admin": [false],
      "push": [false],
      "pull": [true]
    }
  }
]
