[
  {
    "id": [64272410],
    "node_id": ["MDEwOlJlcG9zaXRvcnk2NDI3MjQxMA=="],
    "name": ["scalapb-maven-example"],
    "full_name": ["gaocegege/scalapb-maven-example"],
    "private": [false],
    "owner": {
      "login": ["gaocegege"],
      "id": [5100735],
      "node_id": ["MDQ6VXNlcjUxMDA3MzU="],
      "avatar_url": ["https://avatars3.githubusercontent.com/u/5100735?v=4"],
      "gravatar_id": [""],
      "url": ["https://api.github.com/users/gaocegege"],
      "html_url": ["https://github.com/gaocegege"],
      "followers_url": ["https://api.github.com/users/gaocegege/followers"],
      "following_url": ["https://api.github.com/users/gaocegege/following{/other_user}"],
      "gists_url": ["https://api.github.com/users/gaocegege/gists{/gist_id}"],
      "starred_url": ["https://api.github.com/users/gaocegege/starred{/owner}{/repo}"],
      "subscriptions_url": ["https://api.github.com/users/gaocegege/subscriptions"],
      "organizations_url": ["https://api.github.com/users/gaocegege/orgs"],
      "repos_url": ["https://api.github.com/users/gaocegege/repos"],
      "events_url": ["https://api.github.com/users/gaocegege/events{/privacy}"],
      "received_events_url": ["https://api.github.com/users/gaocegege/received_events"],
      "type": ["User"],
      "site_admin": [false]
    },
    "html_url": ["https://github.com/gaocegege/scalapb-maven-example"],
    "description": ["Example of how to use ScalaPB from Maven"],
    "fork": [true],
    "url": ["https://api.github.com/repos/gaocegege/scalapb-maven-example"],
    "forks_url": ["https://api.github.com/repos/gaocegege/scalapb-maven-example/forks"],
    "keys_url": ["https://api.github.com/repos/gaocegege/scalapb-maven-example/keys{/key_id}"],
    "collaborators_url": ["https://api.github.com/repos/gaocegege/scalapb-maven-example/collaborators{/collaborator}"],
    "teams_url": ["https://api.github.com/repos/gaocegege/scalapb-maven-example/teams"],
    "hooks_url": ["https://api.github.com/repos/gaocegege/scalapb-maven-example/hooks"],
    "issue_events_url": ["https://api.github.com/repos/gaocegege/scalapb-maven-example/issues/events{/number}"],
    "events_url": ["https://api.github.com/repos/gaocegege/scalapb-maven-example/events"],
    "assignees_url": ["https://api.github.com/repos/gaocegege/scalapb-maven-example/assignees{/user}"],
    "branches_url": ["https://api.github.com/repos/gaocegege/scalapb-maven-example/branches{/branch}"],
    "tags_url": ["https://api.github.com/repos/gaocegege/scalapb-maven-example/tags"],
    "blobs_url": ["https://api.github.com/repos/gaocegege/scalapb-maven-example/git/blobs{/sha}"],
    "git_tags_url": ["https://api.github.com/repos/gaocegege/scalapb-maven-example/git/tags{/sha}"],
    "git_refs_url": ["https://api.github.com/repos/gaocegege/scalapb-maven-example/git/refs{/sha}"],
    "trees_url": ["https://api.github.com/repos/gaocegege/scalapb-maven-example/git/trees{/sha}"],
    "statuses_url": ["https://api.github.com/repos/gaocegege/scalapb-maven-example/statuses/{sha}"],
    "languages_url": ["https://api.github.com/repos/gaocegege/scalapb-maven-example/languages"],
    "stargazers_url": ["https://api.github.com/repos/gaocegege/scalapb-maven-example/stargazers"],
    "contributors_url": ["https://api.github.com/repos/gaocegege/scalapb-maven-example/contributors"],
    "subscribers_url": ["https://api.github.com/repos/gaocegege/scalapb-maven-example/subscribers"],
    "subscription_url": ["https://api.github.com/repos/gaocegege/scalapb-maven-example/subscription"],
    "commits_url": ["https://api.github.com/repos/gaocegege/scalapb-maven-example/commits{/sha}"],
    "git_commits_url": ["https://api.github.com/repos/gaocegege/scalapb-maven-example/git/commits{/sha}"],
    "comments_url": ["https://api.github.com/repos/gaocegege/scalapb-maven-example/comments{/number}"],
    "issue_comment_url": ["https://api.github.com/repos/gaocegege/scalapb-maven-example/issues/comments{/number}"],
    "contents_url": ["https://api.github.com/repos/gaocegege/scalapb-maven-example/contents/{+path}"],
    "compare_url": ["https://api.github.com/repos/gaocegege/scalapb-maven-example/compare/{base}...{head}"],
    "merges_url": ["https://api.github.com/repos/gaocegege/scalapb-maven-example/merges"],
    "archive_url": ["https://api.github.com/repos/gaocegege/scalapb-maven-example/{archive_format}{/ref}"],
    "downloads_url": ["https://api.github.com/repos/gaocegege/scalapb-maven-example/downloads"],
    "issues_url": ["https://api.github.com/repos/gaocegege/scalapb-maven-example/issues{/number}"],
    "pulls_url": ["https://api.github.com/repos/gaocegege/scalapb-maven-example/pulls{/number}"],
    "milestones_url": ["https://api.github.com/repos/gaocegege/scalapb-maven-example/milestones{/number}"],
    "notifications_url": ["https://api.github.com/repos/gaocegege/scalapb-maven-example/notifications{?since,all,participating}"],
    "labels_url": ["https://api.github.com/repos/gaocegege/scalapb-maven-example/labels{/name}"],
    "releases_url": ["https://api.github.com/repos/gaocegege/scalapb-maven-example/releases{/id}"],
    "deployments_url": ["https://api.github.com/repos/gaocegege/scalapb-maven-example/deployments"],
    "created_at": ["2016-07-27T03:00:07Z"],
    "updated_at": ["2016-07-27T03:00:08Z"],
    "pushed_at": ["2016-07-27T03:02:48Z"],
    "git_url": ["git://github.com/gaocegege/scalapb-maven-example.git"],
    "ssh_url": ["git@github.com:gaocegege/scalapb-maven-example.git"],
    "clone_url": ["https://github.com/gaocegege/scalapb-maven-example.git"],
    "svn_url": ["https://github.com/gaocegege/scalapb-maven-example"],
    "homepage": {},
    "size": [4],
    "stargazers_count": [0],
    "watchers_count": [0],
    "language": ["Protocol Buffer"],
    "has_issues": [false],
    "has_projects": [true],
    "has_downloads": [true],
    "has_wiki": [true],
    "has_pages": [false],
    "forks_count": [0],
    "mirror_url": {},
    "archived": [false],
    "open_issues_count": [0],
    "license": {
      "key": ["mit"],
      "name": ["MIT License"],
      "spdx_id": ["MIT"],
      "url": ["https://api.github.com/licenses/mit"],
      "node_id": ["MDc6TGljZW5zZTEz"]
    },
    "forks": [0],
    "open_issues": [0],
    "watchers": [0],
    "default_branch": ["master"],
    "permissions": {
      "admin": [false],
      "push": [false],
      "pull": [true]
    }
  }
]
