[
  {
    "id": [71752719],
    "node_id": ["MDEwOlJlcG9zaXRvcnk3MTc1MjcxOQ=="],
    "name": ["weekly"],
    "full_name": ["gaocegege/weekly"],
    "private": [false],
    "owner": {
      "login": ["gaocegege"],
      "id": [5100735],
      "node_id": ["MDQ6VXNlcjUxMDA3MzU="],
      "avatar_url": ["https://avatars3.githubusercontent.com/u/5100735?v=4"],
      "gravatar_id": [""],
      "url": ["https://api.github.com/users/gaocegege"],
      "html_url": ["https://github.com/gaocegege"],
      "followers_url": ["https://api.github.com/users/gaocegege/followers"],
      "following_url": ["https://api.github.com/users/gaocegege/following{/other_user}"],
      "gists_url": ["https://api.github.com/users/gaocegege/gists{/gist_id}"],
      "starred_url": ["https://api.github.com/users/gaocegege/starred{/owner}{/repo}"],
      "subscriptions_url": ["https://api.github.com/users/gaocegege/subscriptions"],
      "organizations_url": ["https://api.github.com/users/gaocegege/orgs"],
      "repos_url": ["https://api.github.com/users/gaocegege/repos"],
      "events_url": ["https://api.github.com/users/gaocegege/events{/privacy}"],
      "received_events_url": ["https://api.github.com/users/gaocegege/received_events"],
      "type": ["User"],
      "site_admin": [false]
    },
    "html_url": ["https://github.com/gaocegege/weekly"],
    "description": ["The Dongyue Web Weekly."],
    "fork": [true],
    "url": ["https://api.github.com/repos/gaocegege/weekly"],
    "forks_url": ["https://api.github.com/repos/gaocegege/weekly/forks"],
    "keys_url": ["https://api.github.com/repos/gaocegege/weekly/keys{/key_id}"],
    "collaborators_url": ["https://api.github.com/repos/gaocegege/weekly/collaborators{/collaborator}"],
    "teams_url": ["https://api.github.com/repos/gaocegege/weekly/teams"],
    "hooks_url": ["https://api.github.com/repos/gaocegege/weekly/hooks"],
    "issue_events_url": ["https://api.github.com/repos/gaocegege/weekly/issues/events{/number}"],
    "events_url": ["https://api.github.com/repos/gaocegege/weekly/events"],
    "assignees_url": ["https://api.github.com/repos/gaocegege/weekly/assignees{/user}"],
    "branches_url": ["https://api.github.com/repos/gaocegege/weekly/branches{/branch}"],
    "tags_url": ["https://api.github.com/repos/gaocegege/weekly/tags"],
    "blobs_url": ["https://api.github.com/repos/gaocegege/weekly/git/blobs{/sha}"],
    "git_tags_url": ["https://api.github.com/repos/gaocegege/weekly/git/tags{/sha}"],
    "git_refs_url": ["https://api.github.com/repos/gaocegege/weekly/git/refs{/sha}"],
    "trees_url": ["https://api.github.com/repos/gaocegege/weekly/git/trees{/sha}"],
    "statuses_url": ["https://api.github.com/repos/gaocegege/weekly/statuses/{sha}"],
    "languages_url": ["https://api.github.com/repos/gaocegege/weekly/languages"],
    "stargazers_url": ["https://api.github.com/repos/gaocegege/weekly/stargazers"],
    "contributors_url": ["https://api.github.com/repos/gaocegege/weekly/contributors"],
    "subscribers_url": ["https://api.github.com/repos/gaocegege/weekly/subscribers"],
    "subscription_url": ["https://api.github.com/repos/gaocegege/weekly/subscription"],
    "commits_url": ["https://api.github.com/repos/gaocegege/weekly/commits{/sha}"],
    "git_commits_url": ["https://api.github.com/repos/gaocegege/weekly/git/commits{/sha}"],
    "comments_url": ["https://api.github.com/repos/gaocegege/weekly/comments{/number}"],
    "issue_comment_url": ["https://api.github.com/repos/gaocegege/weekly/issues/comments{/number}"],
    "contents_url": ["https://api.github.com/repos/gaocegege/weekly/contents/{+path}"],
    "compare_url": ["https://api.github.com/repos/gaocegege/weekly/compare/{base}...{head}"],
    "merges_url": ["https://api.github.com/repos/gaocegege/weekly/merges"],
    "archive_url": ["https://api.github.com/repos/gaocegege/weekly/{archive_format}{/ref}"],
    "downloads_url": ["https://api.github.com/repos/gaocegege/weekly/downloads"],
    "issues_url": ["https://api.github.com/repos/gaocegege/weekly/issues{/number}"],
    "pulls_url": ["https://api.github.com/repos/gaocegege/weekly/pulls{/number}"],
    "milestones_url": ["https://api.github.com/repos/gaocegege/weekly/milestones{/number}"],
    "notifications_url": ["https://api.github.com/repos/gaocegege/weekly/notifications{?since,all,participating}"],
    "labels_url": ["https://api.github.com/repos/gaocegege/weekly/labels{/name}"],
    "releases_url": ["https://api.github.com/repos/gaocegege/weekly/releases{/id}"],
    "deployments_url": ["https://api.github.com/repos/gaocegege/weekly/deployments"],
    "created_at": ["2016-10-24T04:48:07Z"],
    "updated_at": ["2018-09-18T03:24:24Z"],
    "pushed_at": ["2018-09-18T04:18:46Z"],
    "git_url": ["git://github.com/gaocegege/weekly.git"],
    "ssh_url": ["git@github.com:gaocegege/weekly.git"],
    "clone_url": ["https://github.com/gaocegege/weekly.git"],
    "svn_url": ["https://github.com/gaocegege/weekly"],
    "homepage": {},
    "size": [2737],
    "stargazers_count": [0],
    "watchers_count": [0],
    "language": ["Ruby"],
    "has_issues": [true],
    "has_projects": [true],
    "has_downloads": [true],
    "has_wiki": [true],
    "has_pages": [false],
    "forks_count": [1],
    "mirror_url": {},
    "archived": [false],
    "open_issues_count": [1],
    "license": {},
    "forks": [1],
    "open_issues": [1],
    "watchers": [0],
    "default_branch": ["master"],
    "permissions": {
      "admin": [false],
      "push": [false],
      "pull": [true]
    }
  }
]
