[
  {
    "id": [48086321],
    "node_id": ["MDEwOlJlcG9zaXRvcnk0ODA4NjMyMQ=="],
    "name": ["csp-final-paper-2015"],
    "full_name": ["gaocegege/csp-final-paper-2015"],
    "private": [false],
    "owner": {
      "login": ["gaocegege"],
      "id": [5100735],
      "node_id": ["MDQ6VXNlcjUxMDA3MzU="],
      "avatar_url": ["https://avatars3.githubusercontent.com/u/5100735?v=4"],
      "gravatar_id": [""],
      "url": ["https://api.github.com/users/gaocegege"],
      "html_url": ["https://github.com/gaocegege"],
      "followers_url": ["https://api.github.com/users/gaocegege/followers"],
      "following_url": ["https://api.github.com/users/gaocegege/following{/other_user}"],
      "gists_url": ["https://api.github.com/users/gaocegege/gists{/gist_id}"],
      "starred_url": ["https://api.github.com/users/gaocegege/starred{/owner}{/repo}"],
      "subscriptions_url": ["https://api.github.com/users/gaocegege/subscriptions"],
      "organizations_url": ["https://api.github.com/users/gaocegege/orgs"],
      "repos_url": ["https://api.github.com/users/gaocegege/repos"],
      "events_url": ["https://api.github.com/users/gaocegege/events{/privacy}"],
      "received_events_url": ["https://api.github.com/users/gaocegege/received_events"],
      "type": ["User"],
      "site_admin": [false]
    },
    "html_url": ["https://github.com/gaocegege/csp-final-paper-2015"],
    "description": ["CSP Final Paper 2015"],
    "fork": [false],
    "url": ["https://api.github.com/repos/gaocegege/csp-final-paper-2015"],
    "forks_url": ["https://api.github.com/repos/gaocegege/csp-final-paper-2015/forks"],
    "keys_url": ["https://api.github.com/repos/gaocegege/csp-final-paper-2015/keys{/key_id}"],
    "collaborators_url": ["https://api.github.com/repos/gaocegege/csp-final-paper-2015/collaborators{/collaborator}"],
    "teams_url": ["https://api.github.com/repos/gaocegege/csp-final-paper-2015/teams"],
    "hooks_url": ["https://api.github.com/repos/gaocegege/csp-final-paper-2015/hooks"],
    "issue_events_url": ["https://api.github.com/repos/gaocegege/csp-final-paper-2015/issues/events{/number}"],
    "events_url": ["https://api.github.com/repos/gaocegege/csp-final-paper-2015/events"],
    "assignees_url": ["https://api.github.com/repos/gaocegege/csp-final-paper-2015/assignees{/user}"],
    "branches_url": ["https://api.github.com/repos/gaocegege/csp-final-paper-2015/branches{/branch}"],
    "tags_url": ["https://api.github.com/repos/gaocegege/csp-final-paper-2015/tags"],
    "blobs_url": ["https://api.github.com/repos/gaocegege/csp-final-paper-2015/git/blobs{/sha}"],
    "git_tags_url": ["https://api.github.com/repos/gaocegege/csp-final-paper-2015/git/tags{/sha}"],
    "git_refs_url": ["https://api.github.com/repos/gaocegege/csp-final-paper-2015/git/refs{/sha}"],
    "trees_url": ["https://api.github.com/repos/gaocegege/csp-final-paper-2015/git/trees{/sha}"],
    "statuses_url": ["https://api.github.com/repos/gaocegege/csp-final-paper-2015/statuses/{sha}"],
    "languages_url": ["https://api.github.com/repos/gaocegege/csp-final-paper-2015/languages"],
    "stargazers_url": ["https://api.github.com/repos/gaocegege/csp-final-paper-2015/stargazers"],
    "contributors_url": ["https://api.github.com/repos/gaocegege/csp-final-paper-2015/contributors"],
    "subscribers_url": ["https://api.github.com/repos/gaocegege/csp-final-paper-2015/subscribers"],
    "subscription_url": ["https://api.github.com/repos/gaocegege/csp-final-paper-2015/subscription"],
    "commits_url": ["https://api.github.com/repos/gaocegege/csp-final-paper-2015/commits{/sha}"],
    "git_commits_url": ["https://api.github.com/repos/gaocegege/csp-final-paper-2015/git/commits{/sha}"],
    "comments_url": ["https://api.github.com/repos/gaocegege/csp-final-paper-2015/comments{/number}"],
    "issue_comment_url": ["https://api.github.com/repos/gaocegege/csp-final-paper-2015/issues/comments{/number}"],
    "contents_url": ["https://api.github.com/repos/gaocegege/csp-final-paper-2015/contents/{+path}"],
    "compare_url": ["https://api.github.com/repos/gaocegege/csp-final-paper-2015/compare/{base}...{head}"],
    "merges_url": ["https://api.github.com/repos/gaocegege/csp-final-paper-2015/merges"],
    "archive_url": ["https://api.github.com/repos/gaocegege/csp-final-paper-2015/{archive_format}{/ref}"],
    "downloads_url": ["https://api.github.com/repos/gaocegege/csp-final-paper-2015/downloads"],
    "issues_url": ["https://api.github.com/repos/gaocegege/csp-final-paper-2015/issues{/number}"],
    "pulls_url": ["https://api.github.com/repos/gaocegege/csp-final-paper-2015/pulls{/number}"],
    "milestones_url": ["https://api.github.com/repos/gaocegege/csp-final-paper-2015/milestones{/number}"],
    "notifications_url": ["https://api.github.com/repos/gaocegege/csp-final-paper-2015/notifications{?since,all,participating}"],
    "labels_url": ["https://api.github.com/repos/gaocegege/csp-final-paper-2015/labels{/name}"],
    "releases_url": ["https://api.github.com/repos/gaocegege/csp-final-paper-2015/releases{/id}"],
    "deployments_url": ["https://api.github.com/repos/gaocegege/csp-final-paper-2015/deployments"],
    "created_at": ["2015-12-16T03:58:42Z"],
    "updated_at": ["2017-02-23T05:32:48Z"],
    "pushed_at": ["2016-01-09T15:29:10Z"],
    "git_url": ["git://github.com/gaocegege/csp-final-paper-2015.git"],
    "ssh_url": ["git@github.com:gaocegege/csp-final-paper-2015.git"],
    "clone_url": ["https://github.com/gaocegege/csp-final-paper-2015.git"],
    "svn_url": ["https://github.com/gaocegege/csp-final-paper-2015"],
    "homepage": [""],
    "size": [39489],
    "stargazers_count": [2],
    "watchers_count": [2],
    "language": {},
    "has_issues": [true],
    "has_projects": [true],
    "has_downloads": [true],
    "has_wiki": [true],
    "has_pages": [false],
    "forks_count": [0],
    "mirror_url": {},
    "archived": [false],
    "open_issues_count": [1],
    "license": {},
    "forks": [0],
    "open_issues": [1],
    "watchers": [2],
    "default_branch": ["master"],
    "permissions": {
      "admin": [false],
      "push": [false],
      "pull": [true]
    }
  }
]
