[
  {
    "id": [132221426],
    "node_id": ["MDEwOlJlcG9zaXRvcnkxMzIyMjE0MjY="],
    "name": ["gitdm"],
    "full_name": ["gaocegege/gitdm"],
    "private": [false],
    "owner": {
      "login": ["gaocegege"],
      "id": [5100735],
      "node_id": ["MDQ6VXNlcjUxMDA3MzU="],
      "avatar_url": ["https://avatars3.githubusercontent.com/u/5100735?v=4"],
      "gravatar_id": [""],
      "url": ["https://api.github.com/users/gaocegege"],
      "html_url": ["https://github.com/gaocegege"],
      "followers_url": ["https://api.github.com/users/gaocegege/followers"],
      "following_url": ["https://api.github.com/users/gaocegege/following{/other_user}"],
      "gists_url": ["https://api.github.com/users/gaocegege/gists{/gist_id}"],
      "starred_url": ["https://api.github.com/users/gaocegege/starred{/owner}{/repo}"],
      "subscriptions_url": ["https://api.github.com/users/gaocegege/subscriptions"],
      "organizations_url": ["https://api.github.com/users/gaocegege/orgs"],
      "repos_url": ["https://api.github.com/users/gaocegege/repos"],
      "events_url": ["https://api.github.com/users/gaocegege/events{/privacy}"],
      "received_events_url": ["https://api.github.com/users/gaocegege/received_events"],
      "type": ["User"],
      "site_admin": [false]
    },
    "html_url": ["https://github.com/gaocegege/gitdm"],
    "description": ["Fork for tracking CNCF projects"],
    "fork": [true],
    "url": ["https://api.github.com/repos/gaocegege/gitdm"],
    "forks_url": ["https://api.github.com/repos/gaocegege/gitdm/forks"],
    "keys_url": ["https://api.github.com/repos/gaocegege/gitdm/keys{/key_id}"],
    "collaborators_url": ["https://api.github.com/repos/gaocegege/gitdm/collaborators{/collaborator}"],
    "teams_url": ["https://api.github.com/repos/gaocegege/gitdm/teams"],
    "hooks_url": ["https://api.github.com/repos/gaocegege/gitdm/hooks"],
    "issue_events_url": ["https://api.github.com/repos/gaocegege/gitdm/issues/events{/number}"],
    "events_url": ["https://api.github.com/repos/gaocegege/gitdm/events"],
    "assignees_url": ["https://api.github.com/repos/gaocegege/gitdm/assignees{/user}"],
    "branches_url": ["https://api.github.com/repos/gaocegege/gitdm/branches{/branch}"],
    "tags_url": ["https://api.github.com/repos/gaocegege/gitdm/tags"],
    "blobs_url": ["https://api.github.com/repos/gaocegege/gitdm/git/blobs{/sha}"],
    "git_tags_url": ["https://api.github.com/repos/gaocegege/gitdm/git/tags{/sha}"],
    "git_refs_url": ["https://api.github.com/repos/gaocegege/gitdm/git/refs{/sha}"],
    "trees_url": ["https://api.github.com/repos/gaocegege/gitdm/git/trees{/sha}"],
    "statuses_url": ["https://api.github.com/repos/gaocegege/gitdm/statuses/{sha}"],
    "languages_url": ["https://api.github.com/repos/gaocegege/gitdm/languages"],
    "stargazers_url": ["https://api.github.com/repos/gaocegege/gitdm/stargazers"],
    "contributors_url": ["https://api.github.com/repos/gaocegege/gitdm/contributors"],
    "subscribers_url": ["https://api.github.com/repos/gaocegege/gitdm/subscribers"],
    "subscription_url": ["https://api.github.com/repos/gaocegege/gitdm/subscription"],
    "commits_url": ["https://api.github.com/repos/gaocegege/gitdm/commits{/sha}"],
    "git_commits_url": ["https://api.github.com/repos/gaocegege/gitdm/git/commits{/sha}"],
    "comments_url": ["https://api.github.com/repos/gaocegege/gitdm/comments{/number}"],
    "issue_comment_url": ["https://api.github.com/repos/gaocegege/gitdm/issues/comments{/number}"],
    "contents_url": ["https://api.github.com/repos/gaocegege/gitdm/contents/{+path}"],
    "compare_url": ["https://api.github.com/repos/gaocegege/gitdm/compare/{base}...{head}"],
    "merges_url": ["https://api.github.com/repos/gaocegege/gitdm/merges"],
    "archive_url": ["https://api.github.com/repos/gaocegege/gitdm/{archive_format}{/ref}"],
    "downloads_url": ["https://api.github.com/repos/gaocegege/gitdm/downloads"],
    "issues_url": ["https://api.github.com/repos/gaocegege/gitdm/issues{/number}"],
    "pulls_url": ["https://api.github.com/repos/gaocegege/gitdm/pulls{/number}"],
    "milestones_url": ["https://api.github.com/repos/gaocegege/gitdm/milestones{/number}"],
    "notifications_url": ["https://api.github.com/repos/gaocegege/gitdm/notifications{?since,all,participating}"],
    "labels_url": ["https://api.github.com/repos/gaocegege/gitdm/labels{/name}"],
    "releases_url": ["https://api.github.com/repos/gaocegege/gitdm/releases{/id}"],
    "deployments_url": ["https://api.github.com/repos/gaocegege/gitdm/deployments"],
    "created_at": ["2018-05-05T06:30:15Z"],
    "updated_at": ["2018-05-05T08:14:45Z"],
    "pushed_at": ["2018-05-05T08:14:41Z"],
    "git_url": ["git://github.com/gaocegege/gitdm.git"],
    "ssh_url": ["git@github.com:gaocegege/gitdm.git"],
    "clone_url": ["https://github.com/gaocegege/gitdm.git"],
    "svn_url": ["https://github.com/gaocegege/gitdm"],
    "homepage": ["https://cncf.io"],
    "size": [90460],
    "stargazers_count": [0],
    "watchers_count": [0],
    "language": ["HTML"],
    "has_issues": [false],
    "has_projects": [true],
    "has_downloads": [true],
    "has_wiki": [true],
    "has_pages": [false],
    "forks_count": [0],
    "mirror_url": {},
    "archived": [false],
    "open_issues_count": [0],
    "license": {
      "key": ["other"],
      "name": ["Other"],
      "spdx_id": ["NOASSERTION"],
      "url": {},
      "node_id": ["MDc6TGljZW5zZTA="]
    },
    "forks": [0],
    "open_issues": [0],
    "watchers": [0],
    "default_branch": ["master"],
    "permissions": {
      "admin": [false],
      "push": [false],
      "pull": [true]
    }
  }
]
