[
  {
    "id": [83209434],
    "node_id": ["MDEwOlJlcG9zaXRvcnk4MzIwOTQzNA=="],
    "name": ["csdi-2017-hw"],
    "full_name": ["gaocegege/csdi-2017-hw"],
    "private": [false],
    "owner": {
      "login": ["gaocegege"],
      "id": [5100735],
      "node_id": ["MDQ6VXNlcjUxMDA3MzU="],
      "avatar_url": ["https://avatars3.githubusercontent.com/u/5100735?v=4"],
      "gravatar_id": [""],
      "url": ["https://api.github.com/users/gaocegege"],
      "html_url": ["https://github.com/gaocegege"],
      "followers_url": ["https://api.github.com/users/gaocegege/followers"],
      "following_url": ["https://api.github.com/users/gaocegege/following{/other_user}"],
      "gists_url": ["https://api.github.com/users/gaocegege/gists{/gist_id}"],
      "starred_url": ["https://api.github.com/users/gaocegege/starred{/owner}{/repo}"],
      "subscriptions_url": ["https://api.github.com/users/gaocegege/subscriptions"],
      "organizations_url": ["https://api.github.com/users/gaocegege/orgs"],
      "repos_url": ["https://api.github.com/users/gaocegege/repos"],
      "events_url": ["https://api.github.com/users/gaocegege/events{/privacy}"],
      "received_events_url": ["https://api.github.com/users/gaocegege/received_events"],
      "type": ["User"],
      "site_admin": [false]
    },
    "html_url": ["https://github.com/gaocegege/csdi-2017-hw"],
    "description": ["CSDI 2017 Homework"],
    "fork": [false],
    "url": ["https://api.github.com/repos/gaocegege/csdi-2017-hw"],
    "forks_url": ["https://api.github.com/repos/gaocegege/csdi-2017-hw/forks"],
    "keys_url": ["https://api.github.com/repos/gaocegege/csdi-2017-hw/keys{/key_id}"],
    "collaborators_url": ["https://api.github.com/repos/gaocegege/csdi-2017-hw/collaborators{/collaborator}"],
    "teams_url": ["https://api.github.com/repos/gaocegege/csdi-2017-hw/teams"],
    "hooks_url": ["https://api.github.com/repos/gaocegege/csdi-2017-hw/hooks"],
    "issue_events_url": ["https://api.github.com/repos/gaocegege/csdi-2017-hw/issues/events{/number}"],
    "events_url": ["https://api.github.com/repos/gaocegege/csdi-2017-hw/events"],
    "assignees_url": ["https://api.github.com/repos/gaocegege/csdi-2017-hw/assignees{/user}"],
    "branches_url": ["https://api.github.com/repos/gaocegege/csdi-2017-hw/branches{/branch}"],
    "tags_url": ["https://api.github.com/repos/gaocegege/csdi-2017-hw/tags"],
    "blobs_url": ["https://api.github.com/repos/gaocegege/csdi-2017-hw/git/blobs{/sha}"],
    "git_tags_url": ["https://api.github.com/repos/gaocegege/csdi-2017-hw/git/tags{/sha}"],
    "git_refs_url": ["https://api.github.com/repos/gaocegege/csdi-2017-hw/git/refs{/sha}"],
    "trees_url": ["https://api.github.com/repos/gaocegege/csdi-2017-hw/git/trees{/sha}"],
    "statuses_url": ["https://api.github.com/repos/gaocegege/csdi-2017-hw/statuses/{sha}"],
    "languages_url": ["https://api.github.com/repos/gaocegege/csdi-2017-hw/languages"],
    "stargazers_url": ["https://api.github.com/repos/gaocegege/csdi-2017-hw/stargazers"],
    "contributors_url": ["https://api.github.com/repos/gaocegege/csdi-2017-hw/contributors"],
    "subscribers_url": ["https://api.github.com/repos/gaocegege/csdi-2017-hw/subscribers"],
    "subscription_url": ["https://api.github.com/repos/gaocegege/csdi-2017-hw/subscription"],
    "commits_url": ["https://api.github.com/repos/gaocegege/csdi-2017-hw/commits{/sha}"],
    "git_commits_url": ["https://api.github.com/repos/gaocegege/csdi-2017-hw/git/commits{/sha}"],
    "comments_url": ["https://api.github.com/repos/gaocegege/csdi-2017-hw/comments{/number}"],
    "issue_comment_url": ["https://api.github.com/repos/gaocegege/csdi-2017-hw/issues/comments{/number}"],
    "contents_url": ["https://api.github.com/repos/gaocegege/csdi-2017-hw/contents/{+path}"],
    "compare_url": ["https://api.github.com/repos/gaocegege/csdi-2017-hw/compare/{base}...{head}"],
    "merges_url": ["https://api.github.com/repos/gaocegege/csdi-2017-hw/merges"],
    "archive_url": ["https://api.github.com/repos/gaocegege/csdi-2017-hw/{archive_format}{/ref}"],
    "downloads_url": ["https://api.github.com/repos/gaocegege/csdi-2017-hw/downloads"],
    "issues_url": ["https://api.github.com/repos/gaocegege/csdi-2017-hw/issues{/number}"],
    "pulls_url": ["https://api.github.com/repos/gaocegege/csdi-2017-hw/pulls{/number}"],
    "milestones_url": ["https://api.github.com/repos/gaocegege/csdi-2017-hw/milestones{/number}"],
    "notifications_url": ["https://api.github.com/repos/gaocegege/csdi-2017-hw/notifications{?since,all,participating}"],
    "labels_url": ["https://api.github.com/repos/gaocegege/csdi-2017-hw/labels{/name}"],
    "releases_url": ["https://api.github.com/repos/gaocegege/csdi-2017-hw/releases{/id}"],
    "deployments_url": ["https://api.github.com/repos/gaocegege/csdi-2017-hw/deployments"],
    "created_at": ["2017-02-26T13:13:15Z"],
    "updated_at": ["2018-06-22T03:04:48Z"],
    "pushed_at": ["2018-06-22T03:04:47Z"],
    "git_url": ["git://github.com/gaocegege/csdi-2017-hw.git"],
    "ssh_url": ["git@github.com:gaocegege/csdi-2017-hw.git"],
    "clone_url": ["https://github.com/gaocegege/csdi-2017-hw.git"],
    "svn_url": ["https://github.com/gaocegege/csdi-2017-hw"],
    "homepage": {},
    "size": [227],
    "stargazers_count": [2],
    "watchers_count": [2],
    "language": {},
    "has_issues": [true],
    "has_projects": [true],
    "has_downloads": [true],
    "has_wiki": [true],
    "has_pages": [false],
    "forks_count": [1],
    "mirror_url": {},
    "archived": [false],
    "open_issues_count": [0],
    "license": {},
    "forks": [1],
    "open_issues": [0],
    "watchers": [2],
    "default_branch": ["master"],
    "permissions": {
      "admin": [false],
      "push": [false],
      "pull": [true]
    }
  }
]
