[
  {
    "id": [65219495],
    "node_id": ["MDEwOlJlcG9zaXRvcnk2NTIxOTQ5NQ=="],
    "name": ["Love"],
    "full_name": ["gaocegege/Love"],
    "private": [false],
    "owner": {
      "login": ["gaocegege"],
      "id": [5100735],
      "node_id": ["MDQ6VXNlcjUxMDA3MzU="],
      "avatar_url": ["https://avatars3.githubusercontent.com/u/5100735?v=4"],
      "gravatar_id": [""],
      "url": ["https://api.github.com/users/gaocegege"],
      "html_url": ["https://github.com/gaocegege"],
      "followers_url": ["https://api.github.com/users/gaocegege/followers"],
      "following_url": ["https://api.github.com/users/gaocegege/following{/other_user}"],
      "gists_url": ["https://api.github.com/users/gaocegege/gists{/gist_id}"],
      "starred_url": ["https://api.github.com/users/gaocegege/starred{/owner}{/repo}"],
      "subscriptions_url": ["https://api.github.com/users/gaocegege/subscriptions"],
      "organizations_url": ["https://api.github.com/users/gaocegege/orgs"],
      "repos_url": ["https://api.github.com/users/gaocegege/repos"],
      "events_url": ["https://api.github.com/users/gaocegege/events{/privacy}"],
      "received_events_url": ["https://api.github.com/users/gaocegege/received_events"],
      "type": ["User"],
      "site_admin": [false]
    },
    "html_url": ["https://github.com/gaocegege/Love"],
    "description": ["My love story with MaryNee"],
    "fork": [true],
    "url": ["https://api.github.com/repos/gaocegege/Love"],
    "forks_url": ["https://api.github.com/repos/gaocegege/Love/forks"],
    "keys_url": ["https://api.github.com/repos/gaocegege/Love/keys{/key_id}"],
    "collaborators_url": ["https://api.github.com/repos/gaocegege/Love/collaborators{/collaborator}"],
    "teams_url": ["https://api.github.com/repos/gaocegege/Love/teams"],
    "hooks_url": ["https://api.github.com/repos/gaocegege/Love/hooks"],
    "issue_events_url": ["https://api.github.com/repos/gaocegege/Love/issues/events{/number}"],
    "events_url": ["https://api.github.com/repos/gaocegege/Love/events"],
    "assignees_url": ["https://api.github.com/repos/gaocegege/Love/assignees{/user}"],
    "branches_url": ["https://api.github.com/repos/gaocegege/Love/branches{/branch}"],
    "tags_url": ["https://api.github.com/repos/gaocegege/Love/tags"],
    "blobs_url": ["https://api.github.com/repos/gaocegege/Love/git/blobs{/sha}"],
    "git_tags_url": ["https://api.github.com/repos/gaocegege/Love/git/tags{/sha}"],
    "git_refs_url": ["https://api.github.com/repos/gaocegege/Love/git/refs{/sha}"],
    "trees_url": ["https://api.github.com/repos/gaocegege/Love/git/trees{/sha}"],
    "statuses_url": ["https://api.github.com/repos/gaocegege/Love/statuses/{sha}"],
    "languages_url": ["https://api.github.com/repos/gaocegege/Love/languages"],
    "stargazers_url": ["https://api.github.com/repos/gaocegege/Love/stargazers"],
    "contributors_url": ["https://api.github.com/repos/gaocegege/Love/contributors"],
    "subscribers_url": ["https://api.github.com/repos/gaocegege/Love/subscribers"],
    "subscription_url": ["https://api.github.com/repos/gaocegege/Love/subscription"],
    "commits_url": ["https://api.github.com/repos/gaocegege/Love/commits{/sha}"],
    "git_commits_url": ["https://api.github.com/repos/gaocegege/Love/git/commits{/sha}"],
    "comments_url": ["https://api.github.com/repos/gaocegege/Love/comments{/number}"],
    "issue_comment_url": ["https://api.github.com/repos/gaocegege/Love/issues/comments{/number}"],
    "contents_url": ["https://api.github.com/repos/gaocegege/Love/contents/{+path}"],
    "compare_url": ["https://api.github.com/repos/gaocegege/Love/compare/{base}...{head}"],
    "merges_url": ["https://api.github.com/repos/gaocegege/Love/merges"],
    "archive_url": ["https://api.github.com/repos/gaocegege/Love/{archive_format}{/ref}"],
    "downloads_url": ["https://api.github.com/repos/gaocegege/Love/downloads"],
    "issues_url": ["https://api.github.com/repos/gaocegege/Love/issues{/number}"],
    "pulls_url": ["https://api.github.com/repos/gaocegege/Love/pulls{/number}"],
    "milestones_url": ["https://api.github.com/repos/gaocegege/Love/milestones{/number}"],
    "notifications_url": ["https://api.github.com/repos/gaocegege/Love/notifications{?since,all,participating}"],
    "labels_url": ["https://api.github.com/repos/gaocegege/Love/labels{/name}"],
    "releases_url": ["https://api.github.com/repos/gaocegege/Love/releases{/id}"],
    "deployments_url": ["https://api.github.com/repos/gaocegege/Love/deployments"],
    "created_at": ["2016-08-08T16:14:30Z"],
    "updated_at": ["2017-04-25T09:02:24Z"],
    "pushed_at": ["2017-02-15T08:33:29Z"],
    "git_url": ["git://github.com/gaocegege/Love.git"],
    "ssh_url": ["git@github.com:gaocegege/Love.git"],
    "clone_url": ["https://github.com/gaocegege/Love.git"],
    "svn_url": ["https://github.com/gaocegege/Love"],
    "homepage": ["http://gaocegege.com/Love"],
    "size": [47],
    "stargazers_count": [1],
    "watchers_count": [1],
    "language": ["JavaScript"],
    "has_issues": [false],
    "has_projects": [true],
    "has_downloads": [true],
    "has_wiki": [true],
    "has_pages": [true],
    "forks_count": [0],
    "mirror_url": {},
    "archived": [false],
    "open_issues_count": [0],
    "license": {},
    "forks": [0],
    "open_issues": [0],
    "watchers": [1],
    "default_branch": ["master"],
    "permissions": {
      "admin": [false],
      "push": [false],
      "pull": [true]
    }
  }
]
