[
  {
    "id": [61598326],
    "node_id": ["MDEwOlJlcG9zaXRvcnk2MTU5ODMyNg=="],
    "name": ["CSDI"],
    "full_name": ["gaocegege/CSDI"],
    "private": [false],
    "owner": {
      "login": ["gaocegege"],
      "id": [5100735],
      "node_id": ["MDQ6VXNlcjUxMDA3MzU="],
      "avatar_url": ["https://avatars3.githubusercontent.com/u/5100735?v=4"],
      "gravatar_id": [""],
      "url": ["https://api.github.com/users/gaocegege"],
      "html_url": ["https://github.com/gaocegege"],
      "followers_url": ["https://api.github.com/users/gaocegege/followers"],
      "following_url": ["https://api.github.com/users/gaocegege/following{/other_user}"],
      "gists_url": ["https://api.github.com/users/gaocegege/gists{/gist_id}"],
      "starred_url": ["https://api.github.com/users/gaocegege/starred{/owner}{/repo}"],
      "subscriptions_url": ["https://api.github.com/users/gaocegege/subscriptions"],
      "organizations_url": ["https://api.github.com/users/gaocegege/orgs"],
      "repos_url": ["https://api.github.com/users/gaocegege/repos"],
      "events_url": ["https://api.github.com/users/gaocegege/events{/privacy}"],
      "received_events_url": ["https://api.github.com/users/gaocegege/received_events"],
      "type": ["User"],
      "site_admin": [false]
    },
    "html_url": ["https://github.com/gaocegege/CSDI"],
    "description": ["<U+4E00><U+8D77><U+641E><U+4E2A><U+5927><U+65B0><U+95FB> :)"],
    "fork": [true],
    "url": ["https://api.github.com/repos/gaocegege/CSDI"],
    "forks_url": ["https://api.github.com/repos/gaocegege/CSDI/forks"],
    "keys_url": ["https://api.github.com/repos/gaocegege/CSDI/keys{/key_id}"],
    "collaborators_url": ["https://api.github.com/repos/gaocegege/CSDI/collaborators{/collaborator}"],
    "teams_url": ["https://api.github.com/repos/gaocegege/CSDI/teams"],
    "hooks_url": ["https://api.github.com/repos/gaocegege/CSDI/hooks"],
    "issue_events_url": ["https://api.github.com/repos/gaocegege/CSDI/issues/events{/number}"],
    "events_url": ["https://api.github.com/repos/gaocegege/CSDI/events"],
    "assignees_url": ["https://api.github.com/repos/gaocegege/CSDI/assignees{/user}"],
    "branches_url": ["https://api.github.com/repos/gaocegege/CSDI/branches{/branch}"],
    "tags_url": ["https://api.github.com/repos/gaocegege/CSDI/tags"],
    "blobs_url": ["https://api.github.com/repos/gaocegege/CSDI/git/blobs{/sha}"],
    "git_tags_url": ["https://api.github.com/repos/gaocegege/CSDI/git/tags{/sha}"],
    "git_refs_url": ["https://api.github.com/repos/gaocegege/CSDI/git/refs{/sha}"],
    "trees_url": ["https://api.github.com/repos/gaocegege/CSDI/git/trees{/sha}"],
    "statuses_url": ["https://api.github.com/repos/gaocegege/CSDI/statuses/{sha}"],
    "languages_url": ["https://api.github.com/repos/gaocegege/CSDI/languages"],
    "stargazers_url": ["https://api.github.com/repos/gaocegege/CSDI/stargazers"],
    "contributors_url": ["https://api.github.com/repos/gaocegege/CSDI/contributors"],
    "subscribers_url": ["https://api.github.com/repos/gaocegege/CSDI/subscribers"],
    "subscription_url": ["https://api.github.com/repos/gaocegege/CSDI/subscription"],
    "commits_url": ["https://api.github.com/repos/gaocegege/CSDI/commits{/sha}"],
    "git_commits_url": ["https://api.github.com/repos/gaocegege/CSDI/git/commits{/sha}"],
    "comments_url": ["https://api.github.com/repos/gaocegege/CSDI/comments{/number}"],
    "issue_comment_url": ["https://api.github.com/repos/gaocegege/CSDI/issues/comments{/number}"],
    "contents_url": ["https://api.github.com/repos/gaocegege/CSDI/contents/{+path}"],
    "compare_url": ["https://api.github.com/repos/gaocegege/CSDI/compare/{base}...{head}"],
    "merges_url": ["https://api.github.com/repos/gaocegege/CSDI/merges"],
    "archive_url": ["https://api.github.com/repos/gaocegege/CSDI/{archive_format}{/ref}"],
    "downloads_url": ["https://api.github.com/repos/gaocegege/CSDI/downloads"],
    "issues_url": ["https://api.github.com/repos/gaocegege/CSDI/issues{/number}"],
    "pulls_url": ["https://api.github.com/repos/gaocegege/CSDI/pulls{/number}"],
    "milestones_url": ["https://api.github.com/repos/gaocegege/CSDI/milestones{/number}"],
    "notifications_url": ["https://api.github.com/repos/gaocegege/CSDI/notifications{?since,all,participating}"],
    "labels_url": ["https://api.github.com/repos/gaocegege/CSDI/labels{/name}"],
    "releases_url": ["https://api.github.com/repos/gaocegege/CSDI/releases{/id}"],
    "deployments_url": ["https://api.github.com/repos/gaocegege/CSDI/deployments"],
    "created_at": ["2016-06-21T03:13:20Z"],
    "updated_at": ["2016-06-21T03:13:09Z"],
    "pushed_at": ["2016-06-21T01:39:37Z"],
    "git_url": ["git://github.com/gaocegege/CSDI.git"],
    "ssh_url": ["git@github.com:gaocegege/CSDI.git"],
    "clone_url": ["https://github.com/gaocegege/CSDI.git"],
    "svn_url": ["https://github.com/gaocegege/CSDI"],
    "homepage": [""],
    "size": [2624],
    "stargazers_count": [0],
    "watchers_count": [0],
    "language": {},
    "has_issues": [false],
    "has_projects": [true],
    "has_downloads": [true],
    "has_wiki": [true],
    "has_pages": [false],
    "forks_count": [0],
    "mirror_url": {},
    "archived": [false],
    "open_issues_count": [0],
    "license": {},
    "forks": [0],
    "open_issues": [0],
    "watchers": [0],
    "default_branch": ["master"],
    "permissions": {
      "admin": [false],
      "push": [false],
      "pull": [true]
    }
  }
]
