[
  {
    "id": [66655330],
    "node_id": ["MDEwOlJlcG9zaXRvcnk2NjY1NTMzMA=="],
    "name": ["thyme"],
    "full_name": ["gaocegege/thyme"],
    "private": [false],
    "owner": {
      "login": ["gaocegege"],
      "id": [5100735],
      "node_id": ["MDQ6VXNlcjUxMDA3MzU="],
      "avatar_url": ["https://avatars3.githubusercontent.com/u/5100735?v=4"],
      "gravatar_id": [""],
      "url": ["https://api.github.com/users/gaocegege"],
      "html_url": ["https://github.com/gaocegege"],
      "followers_url": ["https://api.github.com/users/gaocegege/followers"],
      "following_url": ["https://api.github.com/users/gaocegege/following{/other_user}"],
      "gists_url": ["https://api.github.com/users/gaocegege/gists{/gist_id}"],
      "starred_url": ["https://api.github.com/users/gaocegege/starred{/owner}{/repo}"],
      "subscriptions_url": ["https://api.github.com/users/gaocegege/subscriptions"],
      "organizations_url": ["https://api.github.com/users/gaocegege/orgs"],
      "repos_url": ["https://api.github.com/users/gaocegege/repos"],
      "events_url": ["https://api.github.com/users/gaocegege/events{/privacy}"],
      "received_events_url": ["https://api.github.com/users/gaocegege/received_events"],
      "type": ["User"],
      "site_admin": [false]
    },
    "html_url": ["https://github.com/gaocegege/thyme"],
    "description": ["Automatically track which applications you use and for how long."],
    "fork": [true],
    "url": ["https://api.github.com/repos/gaocegege/thyme"],
    "forks_url": ["https://api.github.com/repos/gaocegege/thyme/forks"],
    "keys_url": ["https://api.github.com/repos/gaocegege/thyme/keys{/key_id}"],
    "collaborators_url": ["https://api.github.com/repos/gaocegege/thyme/collaborators{/collaborator}"],
    "teams_url": ["https://api.github.com/repos/gaocegege/thyme/teams"],
    "hooks_url": ["https://api.github.com/repos/gaocegege/thyme/hooks"],
    "issue_events_url": ["https://api.github.com/repos/gaocegege/thyme/issues/events{/number}"],
    "events_url": ["https://api.github.com/repos/gaocegege/thyme/events"],
    "assignees_url": ["https://api.github.com/repos/gaocegege/thyme/assignees{/user}"],
    "branches_url": ["https://api.github.com/repos/gaocegege/thyme/branches{/branch}"],
    "tags_url": ["https://api.github.com/repos/gaocegege/thyme/tags"],
    "blobs_url": ["https://api.github.com/repos/gaocegege/thyme/git/blobs{/sha}"],
    "git_tags_url": ["https://api.github.com/repos/gaocegege/thyme/git/tags{/sha}"],
    "git_refs_url": ["https://api.github.com/repos/gaocegege/thyme/git/refs{/sha}"],
    "trees_url": ["https://api.github.com/repos/gaocegege/thyme/git/trees{/sha}"],
    "statuses_url": ["https://api.github.com/repos/gaocegege/thyme/statuses/{sha}"],
    "languages_url": ["https://api.github.com/repos/gaocegege/thyme/languages"],
    "stargazers_url": ["https://api.github.com/repos/gaocegege/thyme/stargazers"],
    "contributors_url": ["https://api.github.com/repos/gaocegege/thyme/contributors"],
    "subscribers_url": ["https://api.github.com/repos/gaocegege/thyme/subscribers"],
    "subscription_url": ["https://api.github.com/repos/gaocegege/thyme/subscription"],
    "commits_url": ["https://api.github.com/repos/gaocegege/thyme/commits{/sha}"],
    "git_commits_url": ["https://api.github.com/repos/gaocegege/thyme/git/commits{/sha}"],
    "comments_url": ["https://api.github.com/repos/gaocegege/thyme/comments{/number}"],
    "issue_comment_url": ["https://api.github.com/repos/gaocegege/thyme/issues/comments{/number}"],
    "contents_url": ["https://api.github.com/repos/gaocegege/thyme/contents/{+path}"],
    "compare_url": ["https://api.github.com/repos/gaocegege/thyme/compare/{base}...{head}"],
    "merges_url": ["https://api.github.com/repos/gaocegege/thyme/merges"],
    "archive_url": ["https://api.github.com/repos/gaocegege/thyme/{archive_format}{/ref}"],
    "downloads_url": ["https://api.github.com/repos/gaocegege/thyme/downloads"],
    "issues_url": ["https://api.github.com/repos/gaocegege/thyme/issues{/number}"],
    "pulls_url": ["https://api.github.com/repos/gaocegege/thyme/pulls{/number}"],
    "milestones_url": ["https://api.github.com/repos/gaocegege/thyme/milestones{/number}"],
    "notifications_url": ["https://api.github.com/repos/gaocegege/thyme/notifications{?since,all,participating}"],
    "labels_url": ["https://api.github.com/repos/gaocegege/thyme/labels{/name}"],
    "releases_url": ["https://api.github.com/repos/gaocegege/thyme/releases{/id}"],
    "deployments_url": ["https://api.github.com/repos/gaocegege/thyme/deployments"],
    "created_at": ["2016-08-26T14:45:32Z"],
    "updated_at": ["2016-08-26T16:34:24Z"],
    "pushed_at": ["2016-08-26T13:19:01Z"],
    "git_url": ["git://github.com/gaocegege/thyme.git"],
    "ssh_url": ["git@github.com:gaocegege/thyme.git"],
    "clone_url": ["https://github.com/gaocegege/thyme.git"],
    "svn_url": ["https://github.com/gaocegege/thyme"],
    "homepage": [""],
    "size": [380],
    "stargazers_count": [0],
    "watchers_count": [0],
    "language": ["Go"],
    "has_issues": [false],
    "has_projects": [true],
    "has_downloads": [true],
    "has_wiki": [true],
    "has_pages": [false],
    "forks_count": [0],
    "mirror_url": {},
    "archived": [false],
    "open_issues_count": [0],
    "license": {
      "key": ["mit"],
      "name": ["MIT License"],
      "spdx_id": ["MIT"],
      "url": ["https://api.github.com/licenses/mit"],
      "node_id": ["MDc6TGljZW5zZTEz"]
    },
    "forks": [0],
    "open_issues": [0],
    "watchers": [0],
    "default_branch": ["master"],
    "permissions": {
      "admin": [false],
      "push": [false],
      "pull": [true]
    }
  }
]
