[
  {
    "id": [131784182],
    "node_id": ["MDEwOlJlcG9zaXRvcnkxMzE3ODQxODI="],
    "name": ["website"],
    "full_name": ["gaocegege/website"],
    "private": [false],
    "owner": {
      "login": ["gaocegege"],
      "id": [5100735],
      "node_id": ["MDQ6VXNlcjUxMDA3MzU="],
      "avatar_url": ["https://avatars3.githubusercontent.com/u/5100735?v=4"],
      "gravatar_id": [""],
      "url": ["https://api.github.com/users/gaocegege"],
      "html_url": ["https://github.com/gaocegege"],
      "followers_url": ["https://api.github.com/users/gaocegege/followers"],
      "following_url": ["https://api.github.com/users/gaocegege/following{/other_user}"],
      "gists_url": ["https://api.github.com/users/gaocegege/gists{/gist_id}"],
      "starred_url": ["https://api.github.com/users/gaocegege/starred{/owner}{/repo}"],
      "subscriptions_url": ["https://api.github.com/users/gaocegege/subscriptions"],
      "organizations_url": ["https://api.github.com/users/gaocegege/orgs"],
      "repos_url": ["https://api.github.com/users/gaocegege/repos"],
      "events_url": ["https://api.github.com/users/gaocegege/events{/privacy}"],
      "received_events_url": ["https://api.github.com/users/gaocegege/received_events"],
      "type": ["User"],
      "site_admin": [false]
    },
    "html_url": ["https://github.com/gaocegege/website"],
    "description": ["Kubeflow's public website"],
    "fork": [true],
    "url": ["https://api.github.com/repos/gaocegege/website"],
    "forks_url": ["https://api.github.com/repos/gaocegege/website/forks"],
    "keys_url": ["https://api.github.com/repos/gaocegege/website/keys{/key_id}"],
    "collaborators_url": ["https://api.github.com/repos/gaocegege/website/collaborators{/collaborator}"],
    "teams_url": ["https://api.github.com/repos/gaocegege/website/teams"],
    "hooks_url": ["https://api.github.com/repos/gaocegege/website/hooks"],
    "issue_events_url": ["https://api.github.com/repos/gaocegege/website/issues/events{/number}"],
    "events_url": ["https://api.github.com/repos/gaocegege/website/events"],
    "assignees_url": ["https://api.github.com/repos/gaocegege/website/assignees{/user}"],
    "branches_url": ["https://api.github.com/repos/gaocegege/website/branches{/branch}"],
    "tags_url": ["https://api.github.com/repos/gaocegege/website/tags"],
    "blobs_url": ["https://api.github.com/repos/gaocegege/website/git/blobs{/sha}"],
    "git_tags_url": ["https://api.github.com/repos/gaocegege/website/git/tags{/sha}"],
    "git_refs_url": ["https://api.github.com/repos/gaocegege/website/git/refs{/sha}"],
    "trees_url": ["https://api.github.com/repos/gaocegege/website/git/trees{/sha}"],
    "statuses_url": ["https://api.github.com/repos/gaocegege/website/statuses/{sha}"],
    "languages_url": ["https://api.github.com/repos/gaocegege/website/languages"],
    "stargazers_url": ["https://api.github.com/repos/gaocegege/website/stargazers"],
    "contributors_url": ["https://api.github.com/repos/gaocegege/website/contributors"],
    "subscribers_url": ["https://api.github.com/repos/gaocegege/website/subscribers"],
    "subscription_url": ["https://api.github.com/repos/gaocegege/website/subscription"],
    "commits_url": ["https://api.github.com/repos/gaocegege/website/commits{/sha}"],
    "git_commits_url": ["https://api.github.com/repos/gaocegege/website/git/commits{/sha}"],
    "comments_url": ["https://api.github.com/repos/gaocegege/website/comments{/number}"],
    "issue_comment_url": ["https://api.github.com/repos/gaocegege/website/issues/comments{/number}"],
    "contents_url": ["https://api.github.com/repos/gaocegege/website/contents/{+path}"],
    "compare_url": ["https://api.github.com/repos/gaocegege/website/compare/{base}...{head}"],
    "merges_url": ["https://api.github.com/repos/gaocegege/website/merges"],
    "archive_url": ["https://api.github.com/repos/gaocegege/website/{archive_format}{/ref}"],
    "downloads_url": ["https://api.github.com/repos/gaocegege/website/downloads"],
    "issues_url": ["https://api.github.com/repos/gaocegege/website/issues{/number}"],
    "pulls_url": ["https://api.github.com/repos/gaocegege/website/pulls{/number}"],
    "milestones_url": ["https://api.github.com/repos/gaocegege/website/milestones{/number}"],
    "notifications_url": ["https://api.github.com/repos/gaocegege/website/notifications{?since,all,participating}"],
    "labels_url": ["https://api.github.com/repos/gaocegege/website/labels{/name}"],
    "releases_url": ["https://api.github.com/repos/gaocegege/website/releases{/id}"],
    "deployments_url": ["https://api.github.com/repos/gaocegege/website/deployments"],
    "created_at": ["2018-05-02T01:53:55Z"],
    "updated_at": ["2018-05-02T01:53:57Z"],
    "pushed_at": ["2018-05-11T03:47:22Z"],
    "git_url": ["git://github.com/gaocegege/website.git"],
    "ssh_url": ["git@github.com:gaocegege/website.git"],
    "clone_url": ["https://github.com/gaocegege/website.git"],
    "svn_url": ["https://github.com/gaocegege/website"],
    "homepage": {},
    "size": [3058],
    "stargazers_count": [0],
    "watchers_count": [0],
    "language": ["CSS"],
    "has_issues": [false],
    "has_projects": [true],
    "has_downloads": [true],
    "has_wiki": [true],
    "has_pages": [false],
    "forks_count": [0],
    "mirror_url": {},
    "archived": [false],
    "open_issues_count": [1],
    "license": {
      "key": ["apache-2.0"],
      "name": ["Apache License 2.0"],
      "spdx_id": ["Apache-2.0"],
      "url": ["https://api.github.com/licenses/apache-2.0"],
      "node_id": ["MDc6TGljZW5zZTI="]
    },
    "forks": [0],
    "open_issues": [1],
    "watchers": [0],
    "default_branch": ["master"],
    "permissions": {
      "admin": [false],
      "push": [false],
      "pull": [true]
    }
  }
]
