[
  {
    "id": [82249926],
    "node_id": ["MDEwOlJlcG9zaXRvcnk4MjI0OTkyNg=="],
    "name": ["docker-changelog-chinese"],
    "full_name": ["gaocegege/docker-changelog-chinese"],
    "private": [false],
    "owner": {
      "login": ["gaocegege"],
      "id": [5100735],
      "node_id": ["MDQ6VXNlcjUxMDA3MzU="],
      "avatar_url": ["https://avatars3.githubusercontent.com/u/5100735?v=4"],
      "gravatar_id": [""],
      "url": ["https://api.github.com/users/gaocegege"],
      "html_url": ["https://github.com/gaocegege"],
      "followers_url": ["https://api.github.com/users/gaocegege/followers"],
      "following_url": ["https://api.github.com/users/gaocegege/following{/other_user}"],
      "gists_url": ["https://api.github.com/users/gaocegege/gists{/gist_id}"],
      "starred_url": ["https://api.github.com/users/gaocegege/starred{/owner}{/repo}"],
      "subscriptions_url": ["https://api.github.com/users/gaocegege/subscriptions"],
      "organizations_url": ["https://api.github.com/users/gaocegege/orgs"],
      "repos_url": ["https://api.github.com/users/gaocegege/repos"],
      "events_url": ["https://api.github.com/users/gaocegege/events{/privacy}"],
      "received_events_url": ["https://api.github.com/users/gaocegege/received_events"],
      "type": ["User"],
      "site_admin": [false]
    },
    "html_url": ["https://github.com/gaocegege/docker-changelog-chinese"],
    "description": ["docker<U+53D8><U+66F4><U+65E5><U+5FD7><U+4E2D><U+6587><U+7248>"],
    "fork": [true],
    "url": ["https://api.github.com/repos/gaocegege/docker-changelog-chinese"],
    "forks_url": ["https://api.github.com/repos/gaocegege/docker-changelog-chinese/forks"],
    "keys_url": ["https://api.github.com/repos/gaocegege/docker-changelog-chinese/keys{/key_id}"],
    "collaborators_url": ["https://api.github.com/repos/gaocegege/docker-changelog-chinese/collaborators{/collaborator}"],
    "teams_url": ["https://api.github.com/repos/gaocegege/docker-changelog-chinese/teams"],
    "hooks_url": ["https://api.github.com/repos/gaocegege/docker-changelog-chinese/hooks"],
    "issue_events_url": ["https://api.github.com/repos/gaocegege/docker-changelog-chinese/issues/events{/number}"],
    "events_url": ["https://api.github.com/repos/gaocegege/docker-changelog-chinese/events"],
    "assignees_url": ["https://api.github.com/repos/gaocegege/docker-changelog-chinese/assignees{/user}"],
    "branches_url": ["https://api.github.com/repos/gaocegege/docker-changelog-chinese/branches{/branch}"],
    "tags_url": ["https://api.github.com/repos/gaocegege/docker-changelog-chinese/tags"],
    "blobs_url": ["https://api.github.com/repos/gaocegege/docker-changelog-chinese/git/blobs{/sha}"],
    "git_tags_url": ["https://api.github.com/repos/gaocegege/docker-changelog-chinese/git/tags{/sha}"],
    "git_refs_url": ["https://api.github.com/repos/gaocegege/docker-changelog-chinese/git/refs{/sha}"],
    "trees_url": ["https://api.github.com/repos/gaocegege/docker-changelog-chinese/git/trees{/sha}"],
    "statuses_url": ["https://api.github.com/repos/gaocegege/docker-changelog-chinese/statuses/{sha}"],
    "languages_url": ["https://api.github.com/repos/gaocegege/docker-changelog-chinese/languages"],
    "stargazers_url": ["https://api.github.com/repos/gaocegege/docker-changelog-chinese/stargazers"],
    "contributors_url": ["https://api.github.com/repos/gaocegege/docker-changelog-chinese/contributors"],
    "subscribers_url": ["https://api.github.com/repos/gaocegege/docker-changelog-chinese/subscribers"],
    "subscription_url": ["https://api.github.com/repos/gaocegege/docker-changelog-chinese/subscription"],
    "commits_url": ["https://api.github.com/repos/gaocegege/docker-changelog-chinese/commits{/sha}"],
    "git_commits_url": ["https://api.github.com/repos/gaocegege/docker-changelog-chinese/git/commits{/sha}"],
    "comments_url": ["https://api.github.com/repos/gaocegege/docker-changelog-chinese/comments{/number}"],
    "issue_comment_url": ["https://api.github.com/repos/gaocegege/docker-changelog-chinese/issues/comments{/number}"],
    "contents_url": ["https://api.github.com/repos/gaocegege/docker-changelog-chinese/contents/{+path}"],
    "compare_url": ["https://api.github.com/repos/gaocegege/docker-changelog-chinese/compare/{base}...{head}"],
    "merges_url": ["https://api.github.com/repos/gaocegege/docker-changelog-chinese/merges"],
    "archive_url": ["https://api.github.com/repos/gaocegege/docker-changelog-chinese/{archive_format}{/ref}"],
    "downloads_url": ["https://api.github.com/repos/gaocegege/docker-changelog-chinese/downloads"],
    "issues_url": ["https://api.github.com/repos/gaocegege/docker-changelog-chinese/issues{/number}"],
    "pulls_url": ["https://api.github.com/repos/gaocegege/docker-changelog-chinese/pulls{/number}"],
    "milestones_url": ["https://api.github.com/repos/gaocegege/docker-changelog-chinese/milestones{/number}"],
    "notifications_url": ["https://api.github.com/repos/gaocegege/docker-changelog-chinese/notifications{?since,all,participating}"],
    "labels_url": ["https://api.github.com/repos/gaocegege/docker-changelog-chinese/labels{/name}"],
    "releases_url": ["https://api.github.com/repos/gaocegege/docker-changelog-chinese/releases{/id}"],
    "deployments_url": ["https://api.github.com/repos/gaocegege/docker-changelog-chinese/deployments"],
    "created_at": ["2017-02-17T02:48:57Z"],
    "updated_at": ["2017-02-11T14:05:24Z"],
    "pushed_at": ["2017-02-17T02:53:27Z"],
    "git_url": ["git://github.com/gaocegege/docker-changelog-chinese.git"],
    "ssh_url": ["git@github.com:gaocegege/docker-changelog-chinese.git"],
    "clone_url": ["https://github.com/gaocegege/docker-changelog-chinese.git"],
    "svn_url": ["https://github.com/gaocegege/docker-changelog-chinese"],
    "homepage": [""],
    "size": [33],
    "stargazers_count": [0],
    "watchers_count": [0],
    "language": {},
    "has_issues": [false],
    "has_projects": [true],
    "has_downloads": [true],
    "has_wiki": [true],
    "has_pages": [false],
    "forks_count": [0],
    "mirror_url": {},
    "archived": [false],
    "open_issues_count": [0],
    "license": {
      "key": ["apache-2.0"],
      "name": ["Apache License 2.0"],
      "spdx_id": ["Apache-2.0"],
      "url": ["https://api.github.com/licenses/apache-2.0"],
      "node_id": ["MDc6TGljZW5zZTI="]
    },
    "forks": [0],
    "open_issues": [0],
    "watchers": [0],
    "default_branch": ["master"],
    "permissions": {
      "admin": [false],
      "push": [false],
      "pull": [true]
    }
  }
]
