[
  {
    "id": [29645246],
    "node_id": ["MDEwOlJlcG9zaXRvcnkyOTY0NTI0Ng=="],
    "name": ["game-of-life-in-processing"],
    "full_name": ["gaocegege/game-of-life-in-processing"],
    "private": [false],
    "owner": {
      "login": ["gaocegege"],
      "id": [5100735],
      "node_id": ["MDQ6VXNlcjUxMDA3MzU="],
      "avatar_url": ["https://avatars3.githubusercontent.com/u/5100735?v=4"],
      "gravatar_id": [""],
      "url": ["https://api.github.com/users/gaocegege"],
      "html_url": ["https://github.com/gaocegege"],
      "followers_url": ["https://api.github.com/users/gaocegege/followers"],
      "following_url": ["https://api.github.com/users/gaocegege/following{/other_user}"],
      "gists_url": ["https://api.github.com/users/gaocegege/gists{/gist_id}"],
      "starred_url": ["https://api.github.com/users/gaocegege/starred{/owner}{/repo}"],
      "subscriptions_url": ["https://api.github.com/users/gaocegege/subscriptions"],
      "organizations_url": ["https://api.github.com/users/gaocegege/orgs"],
      "repos_url": ["https://api.github.com/users/gaocegege/repos"],
      "events_url": ["https://api.github.com/users/gaocegege/events{/privacy}"],
      "received_events_url": ["https://api.github.com/users/gaocegege/received_events"],
      "type": ["User"],
      "site_admin": [false]
    },
    "html_url": ["https://github.com/gaocegege/game-of-life-in-processing"],
    "description": ["Game of life implemented in processing."],
    "fork": [false],
    "url": ["https://api.github.com/repos/gaocegege/game-of-life-in-processing"],
    "forks_url": ["https://api.github.com/repos/gaocegege/game-of-life-in-processing/forks"],
    "keys_url": ["https://api.github.com/repos/gaocegege/game-of-life-in-processing/keys{/key_id}"],
    "collaborators_url": ["https://api.github.com/repos/gaocegege/game-of-life-in-processing/collaborators{/collaborator}"],
    "teams_url": ["https://api.github.com/repos/gaocegege/game-of-life-in-processing/teams"],
    "hooks_url": ["https://api.github.com/repos/gaocegege/game-of-life-in-processing/hooks"],
    "issue_events_url": ["https://api.github.com/repos/gaocegege/game-of-life-in-processing/issues/events{/number}"],
    "events_url": ["https://api.github.com/repos/gaocegege/game-of-life-in-processing/events"],
    "assignees_url": ["https://api.github.com/repos/gaocegege/game-of-life-in-processing/assignees{/user}"],
    "branches_url": ["https://api.github.com/repos/gaocegege/game-of-life-in-processing/branches{/branch}"],
    "tags_url": ["https://api.github.com/repos/gaocegege/game-of-life-in-processing/tags"],
    "blobs_url": ["https://api.github.com/repos/gaocegege/game-of-life-in-processing/git/blobs{/sha}"],
    "git_tags_url": ["https://api.github.com/repos/gaocegege/game-of-life-in-processing/git/tags{/sha}"],
    "git_refs_url": ["https://api.github.com/repos/gaocegege/game-of-life-in-processing/git/refs{/sha}"],
    "trees_url": ["https://api.github.com/repos/gaocegege/game-of-life-in-processing/git/trees{/sha}"],
    "statuses_url": ["https://api.github.com/repos/gaocegege/game-of-life-in-processing/statuses/{sha}"],
    "languages_url": ["https://api.github.com/repos/gaocegege/game-of-life-in-processing/languages"],
    "stargazers_url": ["https://api.github.com/repos/gaocegege/game-of-life-in-processing/stargazers"],
    "contributors_url": ["https://api.github.com/repos/gaocegege/game-of-life-in-processing/contributors"],
    "subscribers_url": ["https://api.github.com/repos/gaocegege/game-of-life-in-processing/subscribers"],
    "subscription_url": ["https://api.github.com/repos/gaocegege/game-of-life-in-processing/subscription"],
    "commits_url": ["https://api.github.com/repos/gaocegege/game-of-life-in-processing/commits{/sha}"],
    "git_commits_url": ["https://api.github.com/repos/gaocegege/game-of-life-in-processing/git/commits{/sha}"],
    "comments_url": ["https://api.github.com/repos/gaocegege/game-of-life-in-processing/comments{/number}"],
    "issue_comment_url": ["https://api.github.com/repos/gaocegege/game-of-life-in-processing/issues/comments{/number}"],
    "contents_url": ["https://api.github.com/repos/gaocegege/game-of-life-in-processing/contents/{+path}"],
    "compare_url": ["https://api.github.com/repos/gaocegege/game-of-life-in-processing/compare/{base}...{head}"],
    "merges_url": ["https://api.github.com/repos/gaocegege/game-of-life-in-processing/merges"],
    "archive_url": ["https://api.github.com/repos/gaocegege/game-of-life-in-processing/{archive_format}{/ref}"],
    "downloads_url": ["https://api.github.com/repos/gaocegege/game-of-life-in-processing/downloads"],
    "issues_url": ["https://api.github.com/repos/gaocegege/game-of-life-in-processing/issues{/number}"],
    "pulls_url": ["https://api.github.com/repos/gaocegege/game-of-life-in-processing/pulls{/number}"],
    "milestones_url": ["https://api.github.com/repos/gaocegege/game-of-life-in-processing/milestones{/number}"],
    "notifications_url": ["https://api.github.com/repos/gaocegege/game-of-life-in-processing/notifications{?since,all,participating}"],
    "labels_url": ["https://api.github.com/repos/gaocegege/game-of-life-in-processing/labels{/name}"],
    "releases_url": ["https://api.github.com/repos/gaocegege/game-of-life-in-processing/releases{/id}"],
    "deployments_url": ["https://api.github.com/repos/gaocegege/game-of-life-in-processing/deployments"],
    "created_at": ["2015-01-22T02:36:10Z"],
    "updated_at": ["2015-01-22T03:13:17Z"],
    "pushed_at": ["2015-01-22T03:13:17Z"],
    "git_url": ["git://github.com/gaocegege/game-of-life-in-processing.git"],
    "ssh_url": ["git@github.com:gaocegege/game-of-life-in-processing.git"],
    "clone_url": ["https://github.com/gaocegege/game-of-life-in-processing.git"],
    "svn_url": ["https://github.com/gaocegege/game-of-life-in-processing"],
    "homepage": {},
    "size": [1316],
    "stargazers_count": [0],
    "watchers_count": [0],
    "language": ["Processing"],
    "has_issues": [true],
    "has_projects": [true],
    "has_downloads": [true],
    "has_wiki": [true],
    "has_pages": [false],
    "forks_count": [0],
    "mirror_url": {},
    "archived": [false],
    "open_issues_count": [0],
    "license": {},
    "forks": [0],
    "open_issues": [0],
    "watchers": [0],
    "default_branch": ["master"],
    "permissions": {
      "admin": [false],
      "push": [false],
      "pull": [true]
    }
  }
]
