[
  {
    "id": [78500887],
    "node_id": ["MDEwOlJlcG9zaXRvcnk3ODUwMDg4Nw=="],
    "name": ["ghprb-plugin"],
    "full_name": ["gaocegege/ghprb-plugin"],
    "private": [false],
    "owner": {
      "login": ["gaocegege"],
      "id": [5100735],
      "node_id": ["MDQ6VXNlcjUxMDA3MzU="],
      "avatar_url": ["https://avatars3.githubusercontent.com/u/5100735?v=4"],
      "gravatar_id": [""],
      "url": ["https://api.github.com/users/gaocegege"],
      "html_url": ["https://github.com/gaocegege"],
      "followers_url": ["https://api.github.com/users/gaocegege/followers"],
      "following_url": ["https://api.github.com/users/gaocegege/following{/other_user}"],
      "gists_url": ["https://api.github.com/users/gaocegege/gists{/gist_id}"],
      "starred_url": ["https://api.github.com/users/gaocegege/starred{/owner}{/repo}"],
      "subscriptions_url": ["https://api.github.com/users/gaocegege/subscriptions"],
      "organizations_url": ["https://api.github.com/users/gaocegege/orgs"],
      "repos_url": ["https://api.github.com/users/gaocegege/repos"],
      "events_url": ["https://api.github.com/users/gaocegege/events{/privacy}"],
      "received_events_url": ["https://api.github.com/users/gaocegege/received_events"],
      "type": ["User"],
      "site_admin": [false]
    },
    "html_url": ["https://github.com/gaocegege/ghprb-plugin"],
    "description": ["github pull requests builder plugin for Jenkins"],
    "fork": [true],
    "url": ["https://api.github.com/repos/gaocegege/ghprb-plugin"],
    "forks_url": ["https://api.github.com/repos/gaocegege/ghprb-plugin/forks"],
    "keys_url": ["https://api.github.com/repos/gaocegege/ghprb-plugin/keys{/key_id}"],
    "collaborators_url": ["https://api.github.com/repos/gaocegege/ghprb-plugin/collaborators{/collaborator}"],
    "teams_url": ["https://api.github.com/repos/gaocegege/ghprb-plugin/teams"],
    "hooks_url": ["https://api.github.com/repos/gaocegege/ghprb-plugin/hooks"],
    "issue_events_url": ["https://api.github.com/repos/gaocegege/ghprb-plugin/issues/events{/number}"],
    "events_url": ["https://api.github.com/repos/gaocegege/ghprb-plugin/events"],
    "assignees_url": ["https://api.github.com/repos/gaocegege/ghprb-plugin/assignees{/user}"],
    "branches_url": ["https://api.github.com/repos/gaocegege/ghprb-plugin/branches{/branch}"],
    "tags_url": ["https://api.github.com/repos/gaocegege/ghprb-plugin/tags"],
    "blobs_url": ["https://api.github.com/repos/gaocegege/ghprb-plugin/git/blobs{/sha}"],
    "git_tags_url": ["https://api.github.com/repos/gaocegege/ghprb-plugin/git/tags{/sha}"],
    "git_refs_url": ["https://api.github.com/repos/gaocegege/ghprb-plugin/git/refs{/sha}"],
    "trees_url": ["https://api.github.com/repos/gaocegege/ghprb-plugin/git/trees{/sha}"],
    "statuses_url": ["https://api.github.com/repos/gaocegege/ghprb-plugin/statuses/{sha}"],
    "languages_url": ["https://api.github.com/repos/gaocegege/ghprb-plugin/languages"],
    "stargazers_url": ["https://api.github.com/repos/gaocegege/ghprb-plugin/stargazers"],
    "contributors_url": ["https://api.github.com/repos/gaocegege/ghprb-plugin/contributors"],
    "subscribers_url": ["https://api.github.com/repos/gaocegege/ghprb-plugin/subscribers"],
    "subscription_url": ["https://api.github.com/repos/gaocegege/ghprb-plugin/subscription"],
    "commits_url": ["https://api.github.com/repos/gaocegege/ghprb-plugin/commits{/sha}"],
    "git_commits_url": ["https://api.github.com/repos/gaocegege/ghprb-plugin/git/commits{/sha}"],
    "comments_url": ["https://api.github.com/repos/gaocegege/ghprb-plugin/comments{/number}"],
    "issue_comment_url": ["https://api.github.com/repos/gaocegege/ghprb-plugin/issues/comments{/number}"],
    "contents_url": ["https://api.github.com/repos/gaocegege/ghprb-plugin/contents/{+path}"],
    "compare_url": ["https://api.github.com/repos/gaocegege/ghprb-plugin/compare/{base}...{head}"],
    "merges_url": ["https://api.github.com/repos/gaocegege/ghprb-plugin/merges"],
    "archive_url": ["https://api.github.com/repos/gaocegege/ghprb-plugin/{archive_format}{/ref}"],
    "downloads_url": ["https://api.github.com/repos/gaocegege/ghprb-plugin/downloads"],
    "issues_url": ["https://api.github.com/repos/gaocegege/ghprb-plugin/issues{/number}"],
    "pulls_url": ["https://api.github.com/repos/gaocegege/ghprb-plugin/pulls{/number}"],
    "milestones_url": ["https://api.github.com/repos/gaocegege/ghprb-plugin/milestones{/number}"],
    "notifications_url": ["https://api.github.com/repos/gaocegege/ghprb-plugin/notifications{?since,all,participating}"],
    "labels_url": ["https://api.github.com/repos/gaocegege/ghprb-plugin/labels{/name}"],
    "releases_url": ["https://api.github.com/repos/gaocegege/ghprb-plugin/releases{/id}"],
    "deployments_url": ["https://api.github.com/repos/gaocegege/ghprb-plugin/deployments"],
    "created_at": ["2017-01-10T05:30:03Z"],
    "updated_at": ["2017-01-10T05:30:06Z"],
    "pushed_at": ["2017-01-04T04:13:42Z"],
    "git_url": ["git://github.com/gaocegege/ghprb-plugin.git"],
    "ssh_url": ["git@github.com:gaocegege/ghprb-plugin.git"],
    "clone_url": ["https://github.com/gaocegege/ghprb-plugin.git"],
    "svn_url": ["https://github.com/gaocegege/ghprb-plugin"],
    "homepage": ["https://wiki.jenkins-ci.org/display/JENKINS/GitHub+pull+request+builder+plugin"],
    "size": [1571],
    "stargazers_count": [0],
    "watchers_count": [0],
    "language": ["Java"],
    "has_issues": [false],
    "has_projects": [true],
    "has_downloads": [true],
    "has_wiki": [true],
    "has_pages": [false],
    "forks_count": [0],
    "mirror_url": {},
    "archived": [false],
    "open_issues_count": [0],
    "license": {
      "key": ["mit"],
      "name": ["MIT License"],
      "spdx_id": ["MIT"],
      "url": ["https://api.github.com/licenses/mit"],
      "node_id": ["MDc6TGljZW5zZTEz"]
    },
    "forks": [0],
    "open_issues": [0],
    "watchers": [0],
    "default_branch": ["master"],
    "permissions": {
      "admin": [false],
      "push": [false],
      "pull": [true]
    }
  }
]
