[
  {
    "id": [69446428],
    "node_id": ["MDEwOlJlcG9zaXRvcnk2OTQ0NjQyOA=="],
    "name": ["CSP-2016-NaCl-note"],
    "full_name": ["gaocegege/CSP-2016-NaCl-note"],
    "private": [false],
    "owner": {
      "login": ["gaocegege"],
      "id": [5100735],
      "node_id": ["MDQ6VXNlcjUxMDA3MzU="],
      "avatar_url": ["https://avatars3.githubusercontent.com/u/5100735?v=4"],
      "gravatar_id": [""],
      "url": ["https://api.github.com/users/gaocegege"],
      "html_url": ["https://github.com/gaocegege"],
      "followers_url": ["https://api.github.com/users/gaocegege/followers"],
      "following_url": ["https://api.github.com/users/gaocegege/following{/other_user}"],
      "gists_url": ["https://api.github.com/users/gaocegege/gists{/gist_id}"],
      "starred_url": ["https://api.github.com/users/gaocegege/starred{/owner}{/repo}"],
      "subscriptions_url": ["https://api.github.com/users/gaocegege/subscriptions"],
      "organizations_url": ["https://api.github.com/users/gaocegege/orgs"],
      "repos_url": ["https://api.github.com/users/gaocegege/repos"],
      "events_url": ["https://api.github.com/users/gaocegege/events{/privacy}"],
      "received_events_url": ["https://api.github.com/users/gaocegege/received_events"],
      "type": ["User"],
      "site_admin": [false]
    },
    "html_url": ["https://github.com/gaocegege/CSP-2016-NaCl-note"],
    "description": ["Note for Native Client: A Sandbox for Portable, Untrusted x86 Native Code"],
    "fork": [false],
    "url": ["https://api.github.com/repos/gaocegege/CSP-2016-NaCl-note"],
    "forks_url": ["https://api.github.com/repos/gaocegege/CSP-2016-NaCl-note/forks"],
    "keys_url": ["https://api.github.com/repos/gaocegege/CSP-2016-NaCl-note/keys{/key_id}"],
    "collaborators_url": ["https://api.github.com/repos/gaocegege/CSP-2016-NaCl-note/collaborators{/collaborator}"],
    "teams_url": ["https://api.github.com/repos/gaocegege/CSP-2016-NaCl-note/teams"],
    "hooks_url": ["https://api.github.com/repos/gaocegege/CSP-2016-NaCl-note/hooks"],
    "issue_events_url": ["https://api.github.com/repos/gaocegege/CSP-2016-NaCl-note/issues/events{/number}"],
    "events_url": ["https://api.github.com/repos/gaocegege/CSP-2016-NaCl-note/events"],
    "assignees_url": ["https://api.github.com/repos/gaocegege/CSP-2016-NaCl-note/assignees{/user}"],
    "branches_url": ["https://api.github.com/repos/gaocegege/CSP-2016-NaCl-note/branches{/branch}"],
    "tags_url": ["https://api.github.com/repos/gaocegege/CSP-2016-NaCl-note/tags"],
    "blobs_url": ["https://api.github.com/repos/gaocegege/CSP-2016-NaCl-note/git/blobs{/sha}"],
    "git_tags_url": ["https://api.github.com/repos/gaocegege/CSP-2016-NaCl-note/git/tags{/sha}"],
    "git_refs_url": ["https://api.github.com/repos/gaocegege/CSP-2016-NaCl-note/git/refs{/sha}"],
    "trees_url": ["https://api.github.com/repos/gaocegege/CSP-2016-NaCl-note/git/trees{/sha}"],
    "statuses_url": ["https://api.github.com/repos/gaocegege/CSP-2016-NaCl-note/statuses/{sha}"],
    "languages_url": ["https://api.github.com/repos/gaocegege/CSP-2016-NaCl-note/languages"],
    "stargazers_url": ["https://api.github.com/repos/gaocegege/CSP-2016-NaCl-note/stargazers"],
    "contributors_url": ["https://api.github.com/repos/gaocegege/CSP-2016-NaCl-note/contributors"],
    "subscribers_url": ["https://api.github.com/repos/gaocegege/CSP-2016-NaCl-note/subscribers"],
    "subscription_url": ["https://api.github.com/repos/gaocegege/CSP-2016-NaCl-note/subscription"],
    "commits_url": ["https://api.github.com/repos/gaocegege/CSP-2016-NaCl-note/commits{/sha}"],
    "git_commits_url": ["https://api.github.com/repos/gaocegege/CSP-2016-NaCl-note/git/commits{/sha}"],
    "comments_url": ["https://api.github.com/repos/gaocegege/CSP-2016-NaCl-note/comments{/number}"],
    "issue_comment_url": ["https://api.github.com/repos/gaocegege/CSP-2016-NaCl-note/issues/comments{/number}"],
    "contents_url": ["https://api.github.com/repos/gaocegege/CSP-2016-NaCl-note/contents/{+path}"],
    "compare_url": ["https://api.github.com/repos/gaocegege/CSP-2016-NaCl-note/compare/{base}...{head}"],
    "merges_url": ["https://api.github.com/repos/gaocegege/CSP-2016-NaCl-note/merges"],
    "archive_url": ["https://api.github.com/repos/gaocegege/CSP-2016-NaCl-note/{archive_format}{/ref}"],
    "downloads_url": ["https://api.github.com/repos/gaocegege/CSP-2016-NaCl-note/downloads"],
    "issues_url": ["https://api.github.com/repos/gaocegege/CSP-2016-NaCl-note/issues{/number}"],
    "pulls_url": ["https://api.github.com/repos/gaocegege/CSP-2016-NaCl-note/pulls{/number}"],
    "milestones_url": ["https://api.github.com/repos/gaocegege/CSP-2016-NaCl-note/milestones{/number}"],
    "notifications_url": ["https://api.github.com/repos/gaocegege/CSP-2016-NaCl-note/notifications{?since,all,participating}"],
    "labels_url": ["https://api.github.com/repos/gaocegege/CSP-2016-NaCl-note/labels{/name}"],
    "releases_url": ["https://api.github.com/repos/gaocegege/CSP-2016-NaCl-note/releases{/id}"],
    "deployments_url": ["https://api.github.com/repos/gaocegege/CSP-2016-NaCl-note/deployments"],
    "created_at": ["2016-09-28T09:11:49Z"],
    "updated_at": ["2018-11-04T02:57:26Z"],
    "pushed_at": ["2016-10-18T08:56:27Z"],
    "git_url": ["git://github.com/gaocegege/CSP-2016-NaCl-note.git"],
    "ssh_url": ["git@github.com:gaocegege/CSP-2016-NaCl-note.git"],
    "clone_url": ["https://github.com/gaocegege/CSP-2016-NaCl-note.git"],
    "svn_url": ["https://github.com/gaocegege/CSP-2016-NaCl-note"],
    "homepage": [""],
    "size": [22878],
    "stargazers_count": [2],
    "watchers_count": [2],
    "language": {},
    "has_issues": [true],
    "has_projects": [true],
    "has_downloads": [true],
    "has_wiki": [true],
    "has_pages": [false],
    "forks_count": [0],
    "mirror_url": {},
    "archived": [false],
    "open_issues_count": [0],
    "license": {},
    "forks": [0],
    "open_issues": [0],
    "watchers": [2],
    "default_branch": ["master"],
    "permissions": {
      "admin": [false],
      "push": [false],
      "pull": [true]
    }
  }
]
