[
  {
    "id": [80579056],
    "node_id": ["MDEwOlJlcG9zaXRvcnk4MDU3OTA1Ng=="],
    "name": ["coala-bears"],
    "full_name": ["gaocegege/coala-bears"],
    "private": [false],
    "owner": {
      "login": ["gaocegege"],
      "id": [5100735],
      "node_id": ["MDQ6VXNlcjUxMDA3MzU="],
      "avatar_url": ["https://avatars3.githubusercontent.com/u/5100735?v=4"],
      "gravatar_id": [""],
      "url": ["https://api.github.com/users/gaocegege"],
      "html_url": ["https://github.com/gaocegege"],
      "followers_url": ["https://api.github.com/users/gaocegege/followers"],
      "following_url": ["https://api.github.com/users/gaocegege/following{/other_user}"],
      "gists_url": ["https://api.github.com/users/gaocegege/gists{/gist_id}"],
      "starred_url": ["https://api.github.com/users/gaocegege/starred{/owner}{/repo}"],
      "subscriptions_url": ["https://api.github.com/users/gaocegege/subscriptions"],
      "organizations_url": ["https://api.github.com/users/gaocegege/orgs"],
      "repos_url": ["https://api.github.com/users/gaocegege/repos"],
      "events_url": ["https://api.github.com/users/gaocegege/events{/privacy}"],
      "received_events_url": ["https://api.github.com/users/gaocegege/received_events"],
      "type": ["User"],
      "site_admin": [false]
    },
    "html_url": ["https://github.com/gaocegege/coala-bears"],
    "description": ["Bears for coala"],
    "fork": [true],
    "url": ["https://api.github.com/repos/gaocegege/coala-bears"],
    "forks_url": ["https://api.github.com/repos/gaocegege/coala-bears/forks"],
    "keys_url": ["https://api.github.com/repos/gaocegege/coala-bears/keys{/key_id}"],
    "collaborators_url": ["https://api.github.com/repos/gaocegege/coala-bears/collaborators{/collaborator}"],
    "teams_url": ["https://api.github.com/repos/gaocegege/coala-bears/teams"],
    "hooks_url": ["https://api.github.com/repos/gaocegege/coala-bears/hooks"],
    "issue_events_url": ["https://api.github.com/repos/gaocegege/coala-bears/issues/events{/number}"],
    "events_url": ["https://api.github.com/repos/gaocegege/coala-bears/events"],
    "assignees_url": ["https://api.github.com/repos/gaocegege/coala-bears/assignees{/user}"],
    "branches_url": ["https://api.github.com/repos/gaocegege/coala-bears/branches{/branch}"],
    "tags_url": ["https://api.github.com/repos/gaocegege/coala-bears/tags"],
    "blobs_url": ["https://api.github.com/repos/gaocegege/coala-bears/git/blobs{/sha}"],
    "git_tags_url": ["https://api.github.com/repos/gaocegege/coala-bears/git/tags{/sha}"],
    "git_refs_url": ["https://api.github.com/repos/gaocegege/coala-bears/git/refs{/sha}"],
    "trees_url": ["https://api.github.com/repos/gaocegege/coala-bears/git/trees{/sha}"],
    "statuses_url": ["https://api.github.com/repos/gaocegege/coala-bears/statuses/{sha}"],
    "languages_url": ["https://api.github.com/repos/gaocegege/coala-bears/languages"],
    "stargazers_url": ["https://api.github.com/repos/gaocegege/coala-bears/stargazers"],
    "contributors_url": ["https://api.github.com/repos/gaocegege/coala-bears/contributors"],
    "subscribers_url": ["https://api.github.com/repos/gaocegege/coala-bears/subscribers"],
    "subscription_url": ["https://api.github.com/repos/gaocegege/coala-bears/subscription"],
    "commits_url": ["https://api.github.com/repos/gaocegege/coala-bears/commits{/sha}"],
    "git_commits_url": ["https://api.github.com/repos/gaocegege/coala-bears/git/commits{/sha}"],
    "comments_url": ["https://api.github.com/repos/gaocegege/coala-bears/comments{/number}"],
    "issue_comment_url": ["https://api.github.com/repos/gaocegege/coala-bears/issues/comments{/number}"],
    "contents_url": ["https://api.github.com/repos/gaocegege/coala-bears/contents/{+path}"],
    "compare_url": ["https://api.github.com/repos/gaocegege/coala-bears/compare/{base}...{head}"],
    "merges_url": ["https://api.github.com/repos/gaocegege/coala-bears/merges"],
    "archive_url": ["https://api.github.com/repos/gaocegege/coala-bears/{archive_format}{/ref}"],
    "downloads_url": ["https://api.github.com/repos/gaocegege/coala-bears/downloads"],
    "issues_url": ["https://api.github.com/repos/gaocegege/coala-bears/issues{/number}"],
    "pulls_url": ["https://api.github.com/repos/gaocegege/coala-bears/pulls{/number}"],
    "milestones_url": ["https://api.github.com/repos/gaocegege/coala-bears/milestones{/number}"],
    "notifications_url": ["https://api.github.com/repos/gaocegege/coala-bears/notifications{?since,all,participating}"],
    "labels_url": ["https://api.github.com/repos/gaocegege/coala-bears/labels{/name}"],
    "releases_url": ["https://api.github.com/repos/gaocegege/coala-bears/releases{/id}"],
    "deployments_url": ["https://api.github.com/repos/gaocegege/coala-bears/deployments"],
    "created_at": ["2017-02-01T01:18:20Z"],
    "updated_at": ["2017-02-01T01:18:22Z"],
    "pushed_at": ["2017-11-13T03:13:27Z"],
    "git_url": ["git://github.com/gaocegege/coala-bears.git"],
    "ssh_url": ["git@github.com:gaocegege/coala-bears.git"],
    "clone_url": ["https://github.com/gaocegege/coala-bears.git"],
    "svn_url": ["https://github.com/gaocegege/coala-bears"],
    "homepage": ["https://coala.io/"],
    "size": [1826],
    "stargazers_count": [0],
    "watchers_count": [0],
    "language": ["Python"],
    "has_issues": [false],
    "has_projects": [true],
    "has_downloads": [true],
    "has_wiki": [false],
    "has_pages": [false],
    "forks_count": [0],
    "mirror_url": {},
    "archived": [false],
    "open_issues_count": [0],
    "license": {
      "key": ["agpl-3.0"],
      "name": ["GNU Affero General Public License v3.0"],
      "spdx_id": ["AGPL-3.0"],
      "url": ["https://api.github.com/licenses/agpl-3.0"],
      "node_id": ["MDc6TGljZW5zZTE="]
    },
    "forks": [0],
    "open_issues": [0],
    "watchers": [0],
    "default_branch": ["master"],
    "permissions": {
      "admin": [false],
      "push": [false],
      "pull": [true]
    }
  }
]
