[
  {
    "id": [79975151],
    "node_id": ["MDEwOlJlcG9zaXRvcnk3OTk3NTE1MQ=="],
    "name": ["coala-vs-code"],
    "full_name": ["gaocegege/coala-vs-code"],
    "private": [false],
    "owner": {
      "login": ["gaocegege"],
      "id": [5100735],
      "node_id": ["MDQ6VXNlcjUxMDA3MzU="],
      "avatar_url": ["https://avatars3.githubusercontent.com/u/5100735?v=4"],
      "gravatar_id": [""],
      "url": ["https://api.github.com/users/gaocegege"],
      "html_url": ["https://github.com/gaocegege"],
      "followers_url": ["https://api.github.com/users/gaocegege/followers"],
      "following_url": ["https://api.github.com/users/gaocegege/following{/other_user}"],
      "gists_url": ["https://api.github.com/users/gaocegege/gists{/gist_id}"],
      "starred_url": ["https://api.github.com/users/gaocegege/starred{/owner}{/repo}"],
      "subscriptions_url": ["https://api.github.com/users/gaocegege/subscriptions"],
      "organizations_url": ["https://api.github.com/users/gaocegege/orgs"],
      "repos_url": ["https://api.github.com/users/gaocegege/repos"],
      "events_url": ["https://api.github.com/users/gaocegege/events{/privacy}"],
      "received_events_url": ["https://api.github.com/users/gaocegege/received_events"],
      "type": ["User"],
      "site_admin": [false]
    },
    "html_url": ["https://github.com/gaocegege/coala-vs-code"],
    "description": ["A visual studio code plugin working via Language Server"],
    "fork": [true],
    "url": ["https://api.github.com/repos/gaocegege/coala-vs-code"],
    "forks_url": ["https://api.github.com/repos/gaocegege/coala-vs-code/forks"],
    "keys_url": ["https://api.github.com/repos/gaocegege/coala-vs-code/keys{/key_id}"],
    "collaborators_url": ["https://api.github.com/repos/gaocegege/coala-vs-code/collaborators{/collaborator}"],
    "teams_url": ["https://api.github.com/repos/gaocegege/coala-vs-code/teams"],
    "hooks_url": ["https://api.github.com/repos/gaocegege/coala-vs-code/hooks"],
    "issue_events_url": ["https://api.github.com/repos/gaocegege/coala-vs-code/issues/events{/number}"],
    "events_url": ["https://api.github.com/repos/gaocegege/coala-vs-code/events"],
    "assignees_url": ["https://api.github.com/repos/gaocegege/coala-vs-code/assignees{/user}"],
    "branches_url": ["https://api.github.com/repos/gaocegege/coala-vs-code/branches{/branch}"],
    "tags_url": ["https://api.github.com/repos/gaocegege/coala-vs-code/tags"],
    "blobs_url": ["https://api.github.com/repos/gaocegege/coala-vs-code/git/blobs{/sha}"],
    "git_tags_url": ["https://api.github.com/repos/gaocegege/coala-vs-code/git/tags{/sha}"],
    "git_refs_url": ["https://api.github.com/repos/gaocegege/coala-vs-code/git/refs{/sha}"],
    "trees_url": ["https://api.github.com/repos/gaocegege/coala-vs-code/git/trees{/sha}"],
    "statuses_url": ["https://api.github.com/repos/gaocegege/coala-vs-code/statuses/{sha}"],
    "languages_url": ["https://api.github.com/repos/gaocegege/coala-vs-code/languages"],
    "stargazers_url": ["https://api.github.com/repos/gaocegege/coala-vs-code/stargazers"],
    "contributors_url": ["https://api.github.com/repos/gaocegege/coala-vs-code/contributors"],
    "subscribers_url": ["https://api.github.com/repos/gaocegege/coala-vs-code/subscribers"],
    "subscription_url": ["https://api.github.com/repos/gaocegege/coala-vs-code/subscription"],
    "commits_url": ["https://api.github.com/repos/gaocegege/coala-vs-code/commits{/sha}"],
    "git_commits_url": ["https://api.github.com/repos/gaocegege/coala-vs-code/git/commits{/sha}"],
    "comments_url": ["https://api.github.com/repos/gaocegege/coala-vs-code/comments{/number}"],
    "issue_comment_url": ["https://api.github.com/repos/gaocegege/coala-vs-code/issues/comments{/number}"],
    "contents_url": ["https://api.github.com/repos/gaocegege/coala-vs-code/contents/{+path}"],
    "compare_url": ["https://api.github.com/repos/gaocegege/coala-vs-code/compare/{base}...{head}"],
    "merges_url": ["https://api.github.com/repos/gaocegege/coala-vs-code/merges"],
    "archive_url": ["https://api.github.com/repos/gaocegege/coala-vs-code/{archive_format}{/ref}"],
    "downloads_url": ["https://api.github.com/repos/gaocegege/coala-vs-code/downloads"],
    "issues_url": ["https://api.github.com/repos/gaocegege/coala-vs-code/issues{/number}"],
    "pulls_url": ["https://api.github.com/repos/gaocegege/coala-vs-code/pulls{/number}"],
    "milestones_url": ["https://api.github.com/repos/gaocegege/coala-vs-code/milestones{/number}"],
    "notifications_url": ["https://api.github.com/repos/gaocegege/coala-vs-code/notifications{?since,all,participating}"],
    "labels_url": ["https://api.github.com/repos/gaocegege/coala-vs-code/labels{/name}"],
    "releases_url": ["https://api.github.com/repos/gaocegege/coala-vs-code/releases{/id}"],
    "deployments_url": ["https://api.github.com/repos/gaocegege/coala-vs-code/deployments"],
    "created_at": ["2017-01-25T02:12:48Z"],
    "updated_at": ["2017-02-15T06:48:25Z"],
    "pushed_at": ["2017-02-28T01:45:11Z"],
    "git_url": ["git://github.com/gaocegege/coala-vs-code.git"],
    "ssh_url": ["git@github.com:gaocegege/coala-vs-code.git"],
    "clone_url": ["https://github.com/gaocegege/coala-vs-code.git"],
    "svn_url": ["https://github.com/gaocegege/coala-vs-code"],
    "homepage": {},
    "size": [508],
    "stargazers_count": [0],
    "watchers_count": [0],
    "language": ["Python"],
    "has_issues": [false],
    "has_projects": [true],
    "has_downloads": [true],
    "has_wiki": [false],
    "has_pages": [false],
    "forks_count": [0],
    "mirror_url": {},
    "archived": [false],
    "open_issues_count": [0],
    "license": {
      "key": ["gpl-3.0"],
      "name": ["GNU General Public License v3.0"],
      "spdx_id": ["GPL-3.0"],
      "url": ["https://api.github.com/licenses/gpl-3.0"],
      "node_id": ["MDc6TGljZW5zZTk="]
    },
    "forks": [0],
    "open_issues": [0],
    "watchers": [0],
    "default_branch": ["master"],
    "permissions": {
      "admin": [false],
      "push": [false],
      "pull": [true]
    }
  }
]
