[
  {
    "id": [60238410],
    "node_id": ["MDEwOlJlcG9zaXRvcnk2MDIzODQxMA=="],
    "name": ["dockercraft"],
    "full_name": ["gaocegege/dockercraft"],
    "private": [false],
    "owner": {
      "login": ["gaocegege"],
      "id": [5100735],
      "node_id": ["MDQ6VXNlcjUxMDA3MzU="],
      "avatar_url": ["https://avatars3.githubusercontent.com/u/5100735?v=4"],
      "gravatar_id": [""],
      "url": ["https://api.github.com/users/gaocegege"],
      "html_url": ["https://github.com/gaocegege"],
      "followers_url": ["https://api.github.com/users/gaocegege/followers"],
      "following_url": ["https://api.github.com/users/gaocegege/following{/other_user}"],
      "gists_url": ["https://api.github.com/users/gaocegege/gists{/gist_id}"],
      "starred_url": ["https://api.github.com/users/gaocegege/starred{/owner}{/repo}"],
      "subscriptions_url": ["https://api.github.com/users/gaocegege/subscriptions"],
      "organizations_url": ["https://api.github.com/users/gaocegege/orgs"],
      "repos_url": ["https://api.github.com/users/gaocegege/repos"],
      "events_url": ["https://api.github.com/users/gaocegege/events{/privacy}"],
      "received_events_url": ["https://api.github.com/users/gaocegege/received_events"],
      "type": ["User"],
      "site_admin": [false]
    },
    "html_url": ["https://github.com/gaocegege/dockercraft"],
    "description": ["Docker + Minecraft = Dockercraft"],
    "fork": [true],
    "url": ["https://api.github.com/repos/gaocegege/dockercraft"],
    "forks_url": ["https://api.github.com/repos/gaocegege/dockercraft/forks"],
    "keys_url": ["https://api.github.com/repos/gaocegege/dockercraft/keys{/key_id}"],
    "collaborators_url": ["https://api.github.com/repos/gaocegege/dockercraft/collaborators{/collaborator}"],
    "teams_url": ["https://api.github.com/repos/gaocegege/dockercraft/teams"],
    "hooks_url": ["https://api.github.com/repos/gaocegege/dockercraft/hooks"],
    "issue_events_url": ["https://api.github.com/repos/gaocegege/dockercraft/issues/events{/number}"],
    "events_url": ["https://api.github.com/repos/gaocegege/dockercraft/events"],
    "assignees_url": ["https://api.github.com/repos/gaocegege/dockercraft/assignees{/user}"],
    "branches_url": ["https://api.github.com/repos/gaocegege/dockercraft/branches{/branch}"],
    "tags_url": ["https://api.github.com/repos/gaocegege/dockercraft/tags"],
    "blobs_url": ["https://api.github.com/repos/gaocegege/dockercraft/git/blobs{/sha}"],
    "git_tags_url": ["https://api.github.com/repos/gaocegege/dockercraft/git/tags{/sha}"],
    "git_refs_url": ["https://api.github.com/repos/gaocegege/dockercraft/git/refs{/sha}"],
    "trees_url": ["https://api.github.com/repos/gaocegege/dockercraft/git/trees{/sha}"],
    "statuses_url": ["https://api.github.com/repos/gaocegege/dockercraft/statuses/{sha}"],
    "languages_url": ["https://api.github.com/repos/gaocegege/dockercraft/languages"],
    "stargazers_url": ["https://api.github.com/repos/gaocegege/dockercraft/stargazers"],
    "contributors_url": ["https://api.github.com/repos/gaocegege/dockercraft/contributors"],
    "subscribers_url": ["https://api.github.com/repos/gaocegege/dockercraft/subscribers"],
    "subscription_url": ["https://api.github.com/repos/gaocegege/dockercraft/subscription"],
    "commits_url": ["https://api.github.com/repos/gaocegege/dockercraft/commits{/sha}"],
    "git_commits_url": ["https://api.github.com/repos/gaocegege/dockercraft/git/commits{/sha}"],
    "comments_url": ["https://api.github.com/repos/gaocegege/dockercraft/comments{/number}"],
    "issue_comment_url": ["https://api.github.com/repos/gaocegege/dockercraft/issues/comments{/number}"],
    "contents_url": ["https://api.github.com/repos/gaocegege/dockercraft/contents/{+path}"],
    "compare_url": ["https://api.github.com/repos/gaocegege/dockercraft/compare/{base}...{head}"],
    "merges_url": ["https://api.github.com/repos/gaocegege/dockercraft/merges"],
    "archive_url": ["https://api.github.com/repos/gaocegege/dockercraft/{archive_format}{/ref}"],
    "downloads_url": ["https://api.github.com/repos/gaocegege/dockercraft/downloads"],
    "issues_url": ["https://api.github.com/repos/gaocegege/dockercraft/issues{/number}"],
    "pulls_url": ["https://api.github.com/repos/gaocegege/dockercraft/pulls{/number}"],
    "milestones_url": ["https://api.github.com/repos/gaocegege/dockercraft/milestones{/number}"],
    "notifications_url": ["https://api.github.com/repos/gaocegege/dockercraft/notifications{?since,all,participating}"],
    "labels_url": ["https://api.github.com/repos/gaocegege/dockercraft/labels{/name}"],
    "releases_url": ["https://api.github.com/repos/gaocegege/dockercraft/releases{/id}"],
    "deployments_url": ["https://api.github.com/repos/gaocegege/dockercraft/deployments"],
    "created_at": ["2016-06-02T06:30:52Z"],
    "updated_at": ["2016-06-02T06:30:55Z"],
    "pushed_at": ["2016-07-27T09:54:45Z"],
    "git_url": ["git://github.com/gaocegege/dockercraft.git"],
    "ssh_url": ["git@github.com:gaocegege/dockercraft.git"],
    "clone_url": ["https://github.com/gaocegege/dockercraft.git"],
    "svn_url": ["https://github.com/gaocegege/dockercraft"],
    "homepage": {},
    "size": [23583],
    "stargazers_count": [0],
    "watchers_count": [0],
    "language": ["Lua"],
    "has_issues": [false],
    "has_projects": [true],
    "has_downloads": [true],
    "has_wiki": [true],
    "has_pages": [false],
    "forks_count": [0],
    "mirror_url": {},
    "archived": [false],
    "open_issues_count": [0],
    "license": {
      "key": ["apache-2.0"],
      "name": ["Apache License 2.0"],
      "spdx_id": ["Apache-2.0"],
      "url": ["https://api.github.com/licenses/apache-2.0"],
      "node_id": ["MDc6TGljZW5zZTI="]
    },
    "forks": [0],
    "open_issues": [0],
    "watchers": [0],
    "default_branch": ["master"],
    "permissions": {
      "admin": [false],
      "push": [false],
      "pull": [true]
    }
  }
]
