[
  {
    "id": [71315820],
    "node_id": ["MDEwOlJlcG9zaXRvcnk3MTMxNTgyMA=="],
    "name": ["runc"],
    "full_name": ["gaocegege/runc"],
    "private": [false],
    "owner": {
      "login": ["gaocegege"],
      "id": [5100735],
      "node_id": ["MDQ6VXNlcjUxMDA3MzU="],
      "avatar_url": ["https://avatars3.githubusercontent.com/u/5100735?v=4"],
      "gravatar_id": [""],
      "url": ["https://api.github.com/users/gaocegege"],
      "html_url": ["https://github.com/gaocegege"],
      "followers_url": ["https://api.github.com/users/gaocegege/followers"],
      "following_url": ["https://api.github.com/users/gaocegege/following{/other_user}"],
      "gists_url": ["https://api.github.com/users/gaocegege/gists{/gist_id}"],
      "starred_url": ["https://api.github.com/users/gaocegege/starred{/owner}{/repo}"],
      "subscriptions_url": ["https://api.github.com/users/gaocegege/subscriptions"],
      "organizations_url": ["https://api.github.com/users/gaocegege/orgs"],
      "repos_url": ["https://api.github.com/users/gaocegege/repos"],
      "events_url": ["https://api.github.com/users/gaocegege/events{/privacy}"],
      "received_events_url": ["https://api.github.com/users/gaocegege/received_events"],
      "type": ["User"],
      "site_admin": [false]
    },
    "html_url": ["https://github.com/gaocegege/runc"],
    "description": ["runc container cli tools"],
    "fork": [true],
    "url": ["https://api.github.com/repos/gaocegege/runc"],
    "forks_url": ["https://api.github.com/repos/gaocegege/runc/forks"],
    "keys_url": ["https://api.github.com/repos/gaocegege/runc/keys{/key_id}"],
    "collaborators_url": ["https://api.github.com/repos/gaocegege/runc/collaborators{/collaborator}"],
    "teams_url": ["https://api.github.com/repos/gaocegege/runc/teams"],
    "hooks_url": ["https://api.github.com/repos/gaocegege/runc/hooks"],
    "issue_events_url": ["https://api.github.com/repos/gaocegege/runc/issues/events{/number}"],
    "events_url": ["https://api.github.com/repos/gaocegege/runc/events"],
    "assignees_url": ["https://api.github.com/repos/gaocegege/runc/assignees{/user}"],
    "branches_url": ["https://api.github.com/repos/gaocegege/runc/branches{/branch}"],
    "tags_url": ["https://api.github.com/repos/gaocegege/runc/tags"],
    "blobs_url": ["https://api.github.com/repos/gaocegege/runc/git/blobs{/sha}"],
    "git_tags_url": ["https://api.github.com/repos/gaocegege/runc/git/tags{/sha}"],
    "git_refs_url": ["https://api.github.com/repos/gaocegege/runc/git/refs{/sha}"],
    "trees_url": ["https://api.github.com/repos/gaocegege/runc/git/trees{/sha}"],
    "statuses_url": ["https://api.github.com/repos/gaocegege/runc/statuses/{sha}"],
    "languages_url": ["https://api.github.com/repos/gaocegege/runc/languages"],
    "stargazers_url": ["https://api.github.com/repos/gaocegege/runc/stargazers"],
    "contributors_url": ["https://api.github.com/repos/gaocegege/runc/contributors"],
    "subscribers_url": ["https://api.github.com/repos/gaocegege/runc/subscribers"],
    "subscription_url": ["https://api.github.com/repos/gaocegege/runc/subscription"],
    "commits_url": ["https://api.github.com/repos/gaocegege/runc/commits{/sha}"],
    "git_commits_url": ["https://api.github.com/repos/gaocegege/runc/git/commits{/sha}"],
    "comments_url": ["https://api.github.com/repos/gaocegege/runc/comments{/number}"],
    "issue_comment_url": ["https://api.github.com/repos/gaocegege/runc/issues/comments{/number}"],
    "contents_url": ["https://api.github.com/repos/gaocegege/runc/contents/{+path}"],
    "compare_url": ["https://api.github.com/repos/gaocegege/runc/compare/{base}...{head}"],
    "merges_url": ["https://api.github.com/repos/gaocegege/runc/merges"],
    "archive_url": ["https://api.github.com/repos/gaocegege/runc/{archive_format}{/ref}"],
    "downloads_url": ["https://api.github.com/repos/gaocegege/runc/downloads"],
    "issues_url": ["https://api.github.com/repos/gaocegege/runc/issues{/number}"],
    "pulls_url": ["https://api.github.com/repos/gaocegege/runc/pulls{/number}"],
    "milestones_url": ["https://api.github.com/repos/gaocegege/runc/milestones{/number}"],
    "notifications_url": ["https://api.github.com/repos/gaocegege/runc/notifications{?since,all,participating}"],
    "labels_url": ["https://api.github.com/repos/gaocegege/runc/labels{/name}"],
    "releases_url": ["https://api.github.com/repos/gaocegege/runc/releases{/id}"],
    "deployments_url": ["https://api.github.com/repos/gaocegege/runc/deployments"],
    "created_at": ["2016-10-19T03:36:01Z"],
    "updated_at": ["2016-10-19T03:36:03Z"],
    "pushed_at": ["2016-10-22T03:31:27Z"],
    "git_url": ["git://github.com/gaocegege/runc.git"],
    "ssh_url": ["git@github.com:gaocegege/runc.git"],
    "clone_url": ["https://github.com/gaocegege/runc.git"],
    "svn_url": ["https://github.com/gaocegege/runc"],
    "homepage": ["https://www.opencontainers.org/"],
    "size": [3725],
    "stargazers_count": [0],
    "watchers_count": [0],
    "language": ["Go"],
    "has_issues": [false],
    "has_projects": [true],
    "has_downloads": [true],
    "has_wiki": [true],
    "has_pages": [false],
    "forks_count": [0],
    "mirror_url": {},
    "archived": [false],
    "open_issues_count": [0],
    "license": {
      "key": ["apache-2.0"],
      "name": ["Apache License 2.0"],
      "spdx_id": ["Apache-2.0"],
      "url": ["https://api.github.com/licenses/apache-2.0"],
      "node_id": ["MDc6TGljZW5zZTI="]
    },
    "forks": [0],
    "open_issues": [0],
    "watchers": [0],
    "default_branch": ["master"],
    "permissions": {
      "admin": [false],
      "push": [false],
      "pull": [true]
    }
  }
]
