[
  {
    "id": [70786457],
    "node_id": ["MDEwOlJlcG9zaXRvcnk3MDc4NjQ1Nw=="],
    "name": ["daocloud-docs"],
    "full_name": ["gaocegege/daocloud-docs"],
    "private": [false],
    "owner": {
      "login": ["gaocegege"],
      "id": [5100735],
      "node_id": ["MDQ6VXNlcjUxMDA3MzU="],
      "avatar_url": ["https://avatars3.githubusercontent.com/u/5100735?v=4"],
      "gravatar_id": [""],
      "url": ["https://api.github.com/users/gaocegege"],
      "html_url": ["https://github.com/gaocegege"],
      "followers_url": ["https://api.github.com/users/gaocegege/followers"],
      "following_url": ["https://api.github.com/users/gaocegege/following{/other_user}"],
      "gists_url": ["https://api.github.com/users/gaocegege/gists{/gist_id}"],
      "starred_url": ["https://api.github.com/users/gaocegege/starred{/owner}{/repo}"],
      "subscriptions_url": ["https://api.github.com/users/gaocegege/subscriptions"],
      "organizations_url": ["https://api.github.com/users/gaocegege/orgs"],
      "repos_url": ["https://api.github.com/users/gaocegege/repos"],
      "events_url": ["https://api.github.com/users/gaocegege/events{/privacy}"],
      "received_events_url": ["https://api.github.com/users/gaocegege/received_events"],
      "type": ["User"],
      "site_admin": [false]
    },
    "html_url": ["https://github.com/gaocegege/daocloud-docs"],
    "description": ["DaoCloud Docs by grav"],
    "fork": [true],
    "url": ["https://api.github.com/repos/gaocegege/daocloud-docs"],
    "forks_url": ["https://api.github.com/repos/gaocegege/daocloud-docs/forks"],
    "keys_url": ["https://api.github.com/repos/gaocegege/daocloud-docs/keys{/key_id}"],
    "collaborators_url": ["https://api.github.com/repos/gaocegege/daocloud-docs/collaborators{/collaborator}"],
    "teams_url": ["https://api.github.com/repos/gaocegege/daocloud-docs/teams"],
    "hooks_url": ["https://api.github.com/repos/gaocegege/daocloud-docs/hooks"],
    "issue_events_url": ["https://api.github.com/repos/gaocegege/daocloud-docs/issues/events{/number}"],
    "events_url": ["https://api.github.com/repos/gaocegege/daocloud-docs/events"],
    "assignees_url": ["https://api.github.com/repos/gaocegege/daocloud-docs/assignees{/user}"],
    "branches_url": ["https://api.github.com/repos/gaocegege/daocloud-docs/branches{/branch}"],
    "tags_url": ["https://api.github.com/repos/gaocegege/daocloud-docs/tags"],
    "blobs_url": ["https://api.github.com/repos/gaocegege/daocloud-docs/git/blobs{/sha}"],
    "git_tags_url": ["https://api.github.com/repos/gaocegege/daocloud-docs/git/tags{/sha}"],
    "git_refs_url": ["https://api.github.com/repos/gaocegege/daocloud-docs/git/refs{/sha}"],
    "trees_url": ["https://api.github.com/repos/gaocegege/daocloud-docs/git/trees{/sha}"],
    "statuses_url": ["https://api.github.com/repos/gaocegege/daocloud-docs/statuses/{sha}"],
    "languages_url": ["https://api.github.com/repos/gaocegege/daocloud-docs/languages"],
    "stargazers_url": ["https://api.github.com/repos/gaocegege/daocloud-docs/stargazers"],
    "contributors_url": ["https://api.github.com/repos/gaocegege/daocloud-docs/contributors"],
    "subscribers_url": ["https://api.github.com/repos/gaocegege/daocloud-docs/subscribers"],
    "subscription_url": ["https://api.github.com/repos/gaocegege/daocloud-docs/subscription"],
    "commits_url": ["https://api.github.com/repos/gaocegege/daocloud-docs/commits{/sha}"],
    "git_commits_url": ["https://api.github.com/repos/gaocegege/daocloud-docs/git/commits{/sha}"],
    "comments_url": ["https://api.github.com/repos/gaocegege/daocloud-docs/comments{/number}"],
    "issue_comment_url": ["https://api.github.com/repos/gaocegege/daocloud-docs/issues/comments{/number}"],
    "contents_url": ["https://api.github.com/repos/gaocegege/daocloud-docs/contents/{+path}"],
    "compare_url": ["https://api.github.com/repos/gaocegege/daocloud-docs/compare/{base}...{head}"],
    "merges_url": ["https://api.github.com/repos/gaocegege/daocloud-docs/merges"],
    "archive_url": ["https://api.github.com/repos/gaocegege/daocloud-docs/{archive_format}{/ref}"],
    "downloads_url": ["https://api.github.com/repos/gaocegege/daocloud-docs/downloads"],
    "issues_url": ["https://api.github.com/repos/gaocegege/daocloud-docs/issues{/number}"],
    "pulls_url": ["https://api.github.com/repos/gaocegege/daocloud-docs/pulls{/number}"],
    "milestones_url": ["https://api.github.com/repos/gaocegege/daocloud-docs/milestones{/number}"],
    "notifications_url": ["https://api.github.com/repos/gaocegege/daocloud-docs/notifications{?since,all,participating}"],
    "labels_url": ["https://api.github.com/repos/gaocegege/daocloud-docs/labels{/name}"],
    "releases_url": ["https://api.github.com/repos/gaocegege/daocloud-docs/releases{/id}"],
    "deployments_url": ["https://api.github.com/repos/gaocegege/daocloud-docs/deployments"],
    "created_at": ["2016-10-13T08:40:42Z"],
    "updated_at": ["2016-10-13T08:40:46Z"],
    "pushed_at": ["2016-10-13T10:11:22Z"],
    "git_url": ["git://github.com/gaocegege/daocloud-docs.git"],
    "ssh_url": ["git@github.com:gaocegege/daocloud-docs.git"],
    "clone_url": ["https://github.com/gaocegege/daocloud-docs.git"],
    "svn_url": ["https://github.com/gaocegege/daocloud-docs"],
    "homepage": ["http://docs.daocloud.io/"],
    "size": [83721],
    "stargazers_count": [0],
    "watchers_count": [0],
    "language": ["CSS"],
    "has_issues": [false],
    "has_projects": [true],
    "has_downloads": [true],
    "has_wiki": [true],
    "has_pages": [false],
    "forks_count": [0],
    "mirror_url": {},
    "archived": [false],
    "open_issues_count": [0],
    "license": {
      "key": ["mit"],
      "name": ["MIT License"],
      "spdx_id": ["MIT"],
      "url": ["https://api.github.com/licenses/mit"],
      "node_id": ["MDc6TGljZW5zZTEz"]
    },
    "forks": [0],
    "open_issues": [0],
    "watchers": [0],
    "default_branch": ["master"],
    "permissions": {
      "admin": [false],
      "push": [false],
      "pull": [true]
    }
  }
]
