[
  {
    "id": [65435544],
    "node_id": ["MDEwOlJlcG9zaXRvcnk2NTQzNTU0NA=="],
    "name": ["xrw"],
    "full_name": ["gaocegege/xrw"],
    "private": [false],
    "owner": {
      "login": ["gaocegege"],
      "id": [5100735],
      "node_id": ["MDQ6VXNlcjUxMDA3MzU="],
      "avatar_url": ["https://avatars3.githubusercontent.com/u/5100735?v=4"],
      "gravatar_id": [""],
      "url": ["https://api.github.com/users/gaocegege"],
      "html_url": ["https://github.com/gaocegege"],
      "followers_url": ["https://api.github.com/users/gaocegege/followers"],
      "following_url": ["https://api.github.com/users/gaocegege/following{/other_user}"],
      "gists_url": ["https://api.github.com/users/gaocegege/gists{/gist_id}"],
      "starred_url": ["https://api.github.com/users/gaocegege/starred{/owner}{/repo}"],
      "subscriptions_url": ["https://api.github.com/users/gaocegege/subscriptions"],
      "organizations_url": ["https://api.github.com/users/gaocegege/orgs"],
      "repos_url": ["https://api.github.com/users/gaocegege/repos"],
      "events_url": ["https://api.github.com/users/gaocegege/events{/privacy}"],
      "received_events_url": ["https://api.github.com/users/gaocegege/received_events"],
      "type": ["User"],
      "site_admin": [false]
    },
    "html_url": ["https://github.com/gaocegege/xrw"],
    "description": ["For my girlfriend."],
    "fork": [false],
    "url": ["https://api.github.com/repos/gaocegege/xrw"],
    "forks_url": ["https://api.github.com/repos/gaocegege/xrw/forks"],
    "keys_url": ["https://api.github.com/repos/gaocegege/xrw/keys{/key_id}"],
    "collaborators_url": ["https://api.github.com/repos/gaocegege/xrw/collaborators{/collaborator}"],
    "teams_url": ["https://api.github.com/repos/gaocegege/xrw/teams"],
    "hooks_url": ["https://api.github.com/repos/gaocegege/xrw/hooks"],
    "issue_events_url": ["https://api.github.com/repos/gaocegege/xrw/issues/events{/number}"],
    "events_url": ["https://api.github.com/repos/gaocegege/xrw/events"],
    "assignees_url": ["https://api.github.com/repos/gaocegege/xrw/assignees{/user}"],
    "branches_url": ["https://api.github.com/repos/gaocegege/xrw/branches{/branch}"],
    "tags_url": ["https://api.github.com/repos/gaocegege/xrw/tags"],
    "blobs_url": ["https://api.github.com/repos/gaocegege/xrw/git/blobs{/sha}"],
    "git_tags_url": ["https://api.github.com/repos/gaocegege/xrw/git/tags{/sha}"],
    "git_refs_url": ["https://api.github.com/repos/gaocegege/xrw/git/refs{/sha}"],
    "trees_url": ["https://api.github.com/repos/gaocegege/xrw/git/trees{/sha}"],
    "statuses_url": ["https://api.github.com/repos/gaocegege/xrw/statuses/{sha}"],
    "languages_url": ["https://api.github.com/repos/gaocegege/xrw/languages"],
    "stargazers_url": ["https://api.github.com/repos/gaocegege/xrw/stargazers"],
    "contributors_url": ["https://api.github.com/repos/gaocegege/xrw/contributors"],
    "subscribers_url": ["https://api.github.com/repos/gaocegege/xrw/subscribers"],
    "subscription_url": ["https://api.github.com/repos/gaocegege/xrw/subscription"],
    "commits_url": ["https://api.github.com/repos/gaocegege/xrw/commits{/sha}"],
    "git_commits_url": ["https://api.github.com/repos/gaocegege/xrw/git/commits{/sha}"],
    "comments_url": ["https://api.github.com/repos/gaocegege/xrw/comments{/number}"],
    "issue_comment_url": ["https://api.github.com/repos/gaocegege/xrw/issues/comments{/number}"],
    "contents_url": ["https://api.github.com/repos/gaocegege/xrw/contents/{+path}"],
    "compare_url": ["https://api.github.com/repos/gaocegege/xrw/compare/{base}...{head}"],
    "merges_url": ["https://api.github.com/repos/gaocegege/xrw/merges"],
    "archive_url": ["https://api.github.com/repos/gaocegege/xrw/{archive_format}{/ref}"],
    "downloads_url": ["https://api.github.com/repos/gaocegege/xrw/downloads"],
    "issues_url": ["https://api.github.com/repos/gaocegege/xrw/issues{/number}"],
    "pulls_url": ["https://api.github.com/repos/gaocegege/xrw/pulls{/number}"],
    "milestones_url": ["https://api.github.com/repos/gaocegege/xrw/milestones{/number}"],
    "notifications_url": ["https://api.github.com/repos/gaocegege/xrw/notifications{?since,all,participating}"],
    "labels_url": ["https://api.github.com/repos/gaocegege/xrw/labels{/name}"],
    "releases_url": ["https://api.github.com/repos/gaocegege/xrw/releases{/id}"],
    "deployments_url": ["https://api.github.com/repos/gaocegege/xrw/deployments"],
    "created_at": ["2016-08-11T03:30:00Z"],
    "updated_at": ["2017-02-20T05:45:00Z"],
    "pushed_at": ["2016-08-30T11:57:06Z"],
    "git_url": ["git://github.com/gaocegege/xrw.git"],
    "ssh_url": ["git@github.com:gaocegege/xrw.git"],
    "clone_url": ["https://github.com/gaocegege/xrw.git"],
    "svn_url": ["https://github.com/gaocegege/xrw"],
    "homepage": [""],
    "size": [53],
    "stargazers_count": [3],
    "watchers_count": [3],
    "language": ["JavaScript"],
    "has_issues": [true],
    "has_projects": [true],
    "has_downloads": [true],
    "has_wiki": [true],
    "has_pages": [true],
    "forks_count": [0],
    "mirror_url": {},
    "archived": [false],
    "open_issues_count": [2],
    "license": {},
    "forks": [0],
    "open_issues": [2],
    "watchers": [3],
    "default_branch": ["gh-pages"],
    "permissions": {
      "admin": [false],
      "push": [false],
      "pull": [true]
    }
  }
]
