[
  {
    "id": [92113470],
    "node_id": ["MDEwOlJlcG9zaXRvcnk5MjExMzQ3MA=="],
    "name": ["6.828"],
    "full_name": ["gaocegege/6.828"],
    "private": [false],
    "owner": {
      "login": ["gaocegege"],
      "id": [5100735],
      "node_id": ["MDQ6VXNlcjUxMDA3MzU="],
      "avatar_url": ["https://avatars3.githubusercontent.com/u/5100735?v=4"],
      "gravatar_id": [""],
      "url": ["https://api.github.com/users/gaocegege"],
      "html_url": ["https://github.com/gaocegege"],
      "followers_url": ["https://api.github.com/users/gaocegege/followers"],
      "following_url": ["https://api.github.com/users/gaocegege/following{/other_user}"],
      "gists_url": ["https://api.github.com/users/gaocegege/gists{/gist_id}"],
      "starred_url": ["https://api.github.com/users/gaocegege/starred{/owner}{/repo}"],
      "subscriptions_url": ["https://api.github.com/users/gaocegege/subscriptions"],
      "organizations_url": ["https://api.github.com/users/gaocegege/orgs"],
      "repos_url": ["https://api.github.com/users/gaocegege/repos"],
      "events_url": ["https://api.github.com/users/gaocegege/events{/privacy}"],
      "received_events_url": ["https://api.github.com/users/gaocegege/received_events"],
      "type": ["User"],
      "site_admin": [false]
    },
    "html_url": ["https://github.com/gaocegege/6.828"],
    "description": ["Solution to homework and assignments from MIT's 6.828 (Operating Systems Engineering)."],
    "fork": [true],
    "url": ["https://api.github.com/repos/gaocegege/6.828"],
    "forks_url": ["https://api.github.com/repos/gaocegege/6.828/forks"],
    "keys_url": ["https://api.github.com/repos/gaocegege/6.828/keys{/key_id}"],
    "collaborators_url": ["https://api.github.com/repos/gaocegege/6.828/collaborators{/collaborator}"],
    "teams_url": ["https://api.github.com/repos/gaocegege/6.828/teams"],
    "hooks_url": ["https://api.github.com/repos/gaocegege/6.828/hooks"],
    "issue_events_url": ["https://api.github.com/repos/gaocegege/6.828/issues/events{/number}"],
    "events_url": ["https://api.github.com/repos/gaocegege/6.828/events"],
    "assignees_url": ["https://api.github.com/repos/gaocegege/6.828/assignees{/user}"],
    "branches_url": ["https://api.github.com/repos/gaocegege/6.828/branches{/branch}"],
    "tags_url": ["https://api.github.com/repos/gaocegege/6.828/tags"],
    "blobs_url": ["https://api.github.com/repos/gaocegege/6.828/git/blobs{/sha}"],
    "git_tags_url": ["https://api.github.com/repos/gaocegege/6.828/git/tags{/sha}"],
    "git_refs_url": ["https://api.github.com/repos/gaocegege/6.828/git/refs{/sha}"],
    "trees_url": ["https://api.github.com/repos/gaocegege/6.828/git/trees{/sha}"],
    "statuses_url": ["https://api.github.com/repos/gaocegege/6.828/statuses/{sha}"],
    "languages_url": ["https://api.github.com/repos/gaocegege/6.828/languages"],
    "stargazers_url": ["https://api.github.com/repos/gaocegege/6.828/stargazers"],
    "contributors_url": ["https://api.github.com/repos/gaocegege/6.828/contributors"],
    "subscribers_url": ["https://api.github.com/repos/gaocegege/6.828/subscribers"],
    "subscription_url": ["https://api.github.com/repos/gaocegege/6.828/subscription"],
    "commits_url": ["https://api.github.com/repos/gaocegege/6.828/commits{/sha}"],
    "git_commits_url": ["https://api.github.com/repos/gaocegege/6.828/git/commits{/sha}"],
    "comments_url": ["https://api.github.com/repos/gaocegege/6.828/comments{/number}"],
    "issue_comment_url": ["https://api.github.com/repos/gaocegege/6.828/issues/comments{/number}"],
    "contents_url": ["https://api.github.com/repos/gaocegege/6.828/contents/{+path}"],
    "compare_url": ["https://api.github.com/repos/gaocegege/6.828/compare/{base}...{head}"],
    "merges_url": ["https://api.github.com/repos/gaocegege/6.828/merges"],
    "archive_url": ["https://api.github.com/repos/gaocegege/6.828/{archive_format}{/ref}"],
    "downloads_url": ["https://api.github.com/repos/gaocegege/6.828/downloads"],
    "issues_url": ["https://api.github.com/repos/gaocegege/6.828/issues{/number}"],
    "pulls_url": ["https://api.github.com/repos/gaocegege/6.828/pulls{/number}"],
    "milestones_url": ["https://api.github.com/repos/gaocegege/6.828/milestones{/number}"],
    "notifications_url": ["https://api.github.com/repos/gaocegege/6.828/notifications{?since,all,participating}"],
    "labels_url": ["https://api.github.com/repos/gaocegege/6.828/labels{/name}"],
    "releases_url": ["https://api.github.com/repos/gaocegege/6.828/releases{/id}"],
    "deployments_url": ["https://api.github.com/repos/gaocegege/6.828/deployments"],
    "created_at": ["2017-05-23T01:02:23Z"],
    "updated_at": ["2017-05-23T03:03:55Z"],
    "pushed_at": ["2016-03-22T01:07:45Z"],
    "git_url": ["git://github.com/gaocegege/6.828.git"],
    "ssh_url": ["git@github.com:gaocegege/6.828.git"],
    "clone_url": ["https://github.com/gaocegege/6.828.git"],
    "svn_url": ["https://github.com/gaocegege/6.828"],
    "homepage": [""],
    "size": [1898],
    "stargazers_count": [1],
    "watchers_count": [1],
    "language": ["C"],
    "has_issues": [false],
    "has_projects": [true],
    "has_downloads": [true],
    "has_wiki": [true],
    "has_pages": [false],
    "forks_count": [0],
    "mirror_url": {},
    "archived": [false],
    "open_issues_count": [0],
    "license": {},
    "forks": [0],
    "open_issues": [0],
    "watchers": [1],
    "default_branch": ["master"],
    "permissions": {
      "admin": [false],
      "push": [false],
      "pull": [true]
    }
  }
]
