[
  {
    "id": [78489065],
    "node_id": ["MDEwOlJlcG9zaXRvcnk3ODQ4OTA2NQ=="],
    "name": ["jenkins"],
    "full_name": ["gaocegege/jenkins"],
    "private": [false],
    "owner": {
      "login": ["gaocegege"],
      "id": [5100735],
      "node_id": ["MDQ6VXNlcjUxMDA3MzU="],
      "avatar_url": ["https://avatars3.githubusercontent.com/u/5100735?v=4"],
      "gravatar_id": [""],
      "url": ["https://api.github.com/users/gaocegege"],
      "html_url": ["https://github.com/gaocegege"],
      "followers_url": ["https://api.github.com/users/gaocegege/followers"],
      "following_url": ["https://api.github.com/users/gaocegege/following{/other_user}"],
      "gists_url": ["https://api.github.com/users/gaocegege/gists{/gist_id}"],
      "starred_url": ["https://api.github.com/users/gaocegege/starred{/owner}{/repo}"],
      "subscriptions_url": ["https://api.github.com/users/gaocegege/subscriptions"],
      "organizations_url": ["https://api.github.com/users/gaocegege/orgs"],
      "repos_url": ["https://api.github.com/users/gaocegege/repos"],
      "events_url": ["https://api.github.com/users/gaocegege/events{/privacy}"],
      "received_events_url": ["https://api.github.com/users/gaocegege/received_events"],
      "type": ["User"],
      "site_admin": [false]
    },
    "html_url": ["https://github.com/gaocegege/jenkins"],
    "description": ["Jenkins automation server"],
    "fork": [true],
    "url": ["https://api.github.com/repos/gaocegege/jenkins"],
    "forks_url": ["https://api.github.com/repos/gaocegege/jenkins/forks"],
    "keys_url": ["https://api.github.com/repos/gaocegege/jenkins/keys{/key_id}"],
    "collaborators_url": ["https://api.github.com/repos/gaocegege/jenkins/collaborators{/collaborator}"],
    "teams_url": ["https://api.github.com/repos/gaocegege/jenkins/teams"],
    "hooks_url": ["https://api.github.com/repos/gaocegege/jenkins/hooks"],
    "issue_events_url": ["https://api.github.com/repos/gaocegege/jenkins/issues/events{/number}"],
    "events_url": ["https://api.github.com/repos/gaocegege/jenkins/events"],
    "assignees_url": ["https://api.github.com/repos/gaocegege/jenkins/assignees{/user}"],
    "branches_url": ["https://api.github.com/repos/gaocegege/jenkins/branches{/branch}"],
    "tags_url": ["https://api.github.com/repos/gaocegege/jenkins/tags"],
    "blobs_url": ["https://api.github.com/repos/gaocegege/jenkins/git/blobs{/sha}"],
    "git_tags_url": ["https://api.github.com/repos/gaocegege/jenkins/git/tags{/sha}"],
    "git_refs_url": ["https://api.github.com/repos/gaocegege/jenkins/git/refs{/sha}"],
    "trees_url": ["https://api.github.com/repos/gaocegege/jenkins/git/trees{/sha}"],
    "statuses_url": ["https://api.github.com/repos/gaocegege/jenkins/statuses/{sha}"],
    "languages_url": ["https://api.github.com/repos/gaocegege/jenkins/languages"],
    "stargazers_url": ["https://api.github.com/repos/gaocegege/jenkins/stargazers"],
    "contributors_url": ["https://api.github.com/repos/gaocegege/jenkins/contributors"],
    "subscribers_url": ["https://api.github.com/repos/gaocegege/jenkins/subscribers"],
    "subscription_url": ["https://api.github.com/repos/gaocegege/jenkins/subscription"],
    "commits_url": ["https://api.github.com/repos/gaocegege/jenkins/commits{/sha}"],
    "git_commits_url": ["https://api.github.com/repos/gaocegege/jenkins/git/commits{/sha}"],
    "comments_url": ["https://api.github.com/repos/gaocegege/jenkins/comments{/number}"],
    "issue_comment_url": ["https://api.github.com/repos/gaocegege/jenkins/issues/comments{/number}"],
    "contents_url": ["https://api.github.com/repos/gaocegege/jenkins/contents/{+path}"],
    "compare_url": ["https://api.github.com/repos/gaocegege/jenkins/compare/{base}...{head}"],
    "merges_url": ["https://api.github.com/repos/gaocegege/jenkins/merges"],
    "archive_url": ["https://api.github.com/repos/gaocegege/jenkins/{archive_format}{/ref}"],
    "downloads_url": ["https://api.github.com/repos/gaocegege/jenkins/downloads"],
    "issues_url": ["https://api.github.com/repos/gaocegege/jenkins/issues{/number}"],
    "pulls_url": ["https://api.github.com/repos/gaocegege/jenkins/pulls{/number}"],
    "milestones_url": ["https://api.github.com/repos/gaocegege/jenkins/milestones{/number}"],
    "notifications_url": ["https://api.github.com/repos/gaocegege/jenkins/notifications{?since,all,participating}"],
    "labels_url": ["https://api.github.com/repos/gaocegege/jenkins/labels{/name}"],
    "releases_url": ["https://api.github.com/repos/gaocegege/jenkins/releases{/id}"],
    "deployments_url": ["https://api.github.com/repos/gaocegege/jenkins/deployments"],
    "created_at": ["2017-01-10T02:19:07Z"],
    "updated_at": ["2018-06-01T03:24:40Z"],
    "pushed_at": ["2017-01-09T19:53:41Z"],
    "git_url": ["git://github.com/gaocegege/jenkins.git"],
    "ssh_url": ["git@github.com:gaocegege/jenkins.git"],
    "clone_url": ["https://github.com/gaocegege/jenkins.git"],
    "svn_url": ["https://github.com/gaocegege/jenkins"],
    "homepage": ["https://jenkins.io/"],
    "size": [98526],
    "stargazers_count": [0],
    "watchers_count": [0],
    "language": ["Java"],
    "has_issues": [false],
    "has_projects": [true],
    "has_downloads": [false],
    "has_wiki": [false],
    "has_pages": [false],
    "forks_count": [0],
    "mirror_url": {},
    "archived": [false],
    "open_issues_count": [0],
    "license": {
      "key": ["mit"],
      "name": ["MIT License"],
      "spdx_id": ["MIT"],
      "url": ["https://api.github.com/licenses/mit"],
      "node_id": ["MDc6TGljZW5zZTEz"]
    },
    "forks": [0],
    "open_issues": [0],
    "watchers": [0],
    "default_branch": ["master"],
    "permissions": {
      "admin": [false],
      "push": [false],
      "pull": [true]
    }
  }
]
