[
  {
    "id": [88014677],
    "node_id": ["MDEwOlJlcG9zaXRvcnk4ODAxNDY3Nw=="],
    "name": ["infrastructure-in-golang"],
    "full_name": ["gaocegege/infrastructure-in-golang"],
    "private": [false],
    "owner": {
      "login": ["gaocegege"],
      "id": [5100735],
      "node_id": ["MDQ6VXNlcjUxMDA3MzU="],
      "avatar_url": ["https://avatars3.githubusercontent.com/u/5100735?v=4"],
      "gravatar_id": [""],
      "url": ["https://api.github.com/users/gaocegege"],
      "html_url": ["https://github.com/gaocegege"],
      "followers_url": ["https://api.github.com/users/gaocegege/followers"],
      "following_url": ["https://api.github.com/users/gaocegege/following{/other_user}"],
      "gists_url": ["https://api.github.com/users/gaocegege/gists{/gist_id}"],
      "starred_url": ["https://api.github.com/users/gaocegege/starred{/owner}{/repo}"],
      "subscriptions_url": ["https://api.github.com/users/gaocegege/subscriptions"],
      "organizations_url": ["https://api.github.com/users/gaocegege/orgs"],
      "repos_url": ["https://api.github.com/users/gaocegege/repos"],
      "events_url": ["https://api.github.com/users/gaocegege/events{/privacy}"],
      "received_events_url": ["https://api.github.com/users/gaocegege/received_events"],
      "type": ["User"],
      "site_admin": [false]
    },
    "html_url": ["https://github.com/gaocegege/infrastructure-in-golang"],
    "description": ["<U+0001F4C4> <U+0001F1EC><U+0001F1E7> Build infrastructures in golang."],
    "fork": [false],
    "url": ["https://api.github.com/repos/gaocegege/infrastructure-in-golang"],
    "forks_url": ["https://api.github.com/repos/gaocegege/infrastructure-in-golang/forks"],
    "keys_url": ["https://api.github.com/repos/gaocegege/infrastructure-in-golang/keys{/key_id}"],
    "collaborators_url": ["https://api.github.com/repos/gaocegege/infrastructure-in-golang/collaborators{/collaborator}"],
    "teams_url": ["https://api.github.com/repos/gaocegege/infrastructure-in-golang/teams"],
    "hooks_url": ["https://api.github.com/repos/gaocegege/infrastructure-in-golang/hooks"],
    "issue_events_url": ["https://api.github.com/repos/gaocegege/infrastructure-in-golang/issues/events{/number}"],
    "events_url": ["https://api.github.com/repos/gaocegege/infrastructure-in-golang/events"],
    "assignees_url": ["https://api.github.com/repos/gaocegege/infrastructure-in-golang/assignees{/user}"],
    "branches_url": ["https://api.github.com/repos/gaocegege/infrastructure-in-golang/branches{/branch}"],
    "tags_url": ["https://api.github.com/repos/gaocegege/infrastructure-in-golang/tags"],
    "blobs_url": ["https://api.github.com/repos/gaocegege/infrastructure-in-golang/git/blobs{/sha}"],
    "git_tags_url": ["https://api.github.com/repos/gaocegege/infrastructure-in-golang/git/tags{/sha}"],
    "git_refs_url": ["https://api.github.com/repos/gaocegege/infrastructure-in-golang/git/refs{/sha}"],
    "trees_url": ["https://api.github.com/repos/gaocegege/infrastructure-in-golang/git/trees{/sha}"],
    "statuses_url": ["https://api.github.com/repos/gaocegege/infrastructure-in-golang/statuses/{sha}"],
    "languages_url": ["https://api.github.com/repos/gaocegege/infrastructure-in-golang/languages"],
    "stargazers_url": ["https://api.github.com/repos/gaocegege/infrastructure-in-golang/stargazers"],
    "contributors_url": ["https://api.github.com/repos/gaocegege/infrastructure-in-golang/contributors"],
    "subscribers_url": ["https://api.github.com/repos/gaocegege/infrastructure-in-golang/subscribers"],
    "subscription_url": ["https://api.github.com/repos/gaocegege/infrastructure-in-golang/subscription"],
    "commits_url": ["https://api.github.com/repos/gaocegege/infrastructure-in-golang/commits{/sha}"],
    "git_commits_url": ["https://api.github.com/repos/gaocegege/infrastructure-in-golang/git/commits{/sha}"],
    "comments_url": ["https://api.github.com/repos/gaocegege/infrastructure-in-golang/comments{/number}"],
    "issue_comment_url": ["https://api.github.com/repos/gaocegege/infrastructure-in-golang/issues/comments{/number}"],
    "contents_url": ["https://api.github.com/repos/gaocegege/infrastructure-in-golang/contents/{+path}"],
    "compare_url": ["https://api.github.com/repos/gaocegege/infrastructure-in-golang/compare/{base}...{head}"],
    "merges_url": ["https://api.github.com/repos/gaocegege/infrastructure-in-golang/merges"],
    "archive_url": ["https://api.github.com/repos/gaocegege/infrastructure-in-golang/{archive_format}{/ref}"],
    "downloads_url": ["https://api.github.com/repos/gaocegege/infrastructure-in-golang/downloads"],
    "issues_url": ["https://api.github.com/repos/gaocegege/infrastructure-in-golang/issues{/number}"],
    "pulls_url": ["https://api.github.com/repos/gaocegege/infrastructure-in-golang/pulls{/number}"],
    "milestones_url": ["https://api.github.com/repos/gaocegege/infrastructure-in-golang/milestones{/number}"],
    "notifications_url": ["https://api.github.com/repos/gaocegege/infrastructure-in-golang/notifications{?since,all,participating}"],
    "labels_url": ["https://api.github.com/repos/gaocegege/infrastructure-in-golang/labels{/name}"],
    "releases_url": ["https://api.github.com/repos/gaocegege/infrastructure-in-golang/releases{/id}"],
    "deployments_url": ["https://api.github.com/repos/gaocegege/infrastructure-in-golang/deployments"],
    "created_at": ["2017-04-12T05:51:53Z"],
    "updated_at": ["2018-11-09T14:02:33Z"],
    "pushed_at": ["2017-04-17T07:13:31Z"],
    "git_url": ["git://github.com/gaocegege/infrastructure-in-golang.git"],
    "ssh_url": ["git@github.com:gaocegege/infrastructure-in-golang.git"],
    "clone_url": ["https://github.com/gaocegege/infrastructure-in-golang.git"],
    "svn_url": ["https://github.com/gaocegege/infrastructure-in-golang"],
    "homepage": [""],
    "size": [326],
    "stargazers_count": [5],
    "watchers_count": [5],
    "language": ["Shell"],
    "has_issues": [true],
    "has_projects": [true],
    "has_downloads": [true],
    "has_wiki": [true],
    "has_pages": [false],
    "forks_count": [3],
    "mirror_url": {},
    "archived": [false],
    "open_issues_count": [2],
    "license": {
      "key": ["agpl-3.0"],
      "name": ["GNU Affero General Public License v3.0"],
      "spdx_id": ["AGPL-3.0"],
      "url": ["https://api.github.com/licenses/agpl-3.0"],
      "node_id": ["MDc6TGljZW5zZTE="]
    },
    "forks": [3],
    "open_issues": [2],
    "watchers": [5],
    "default_branch": ["master"],
    "permissions": {
      "admin": [false],
      "push": [false],
      "pull": [true]
    }
  }
]
