[
  {
    "id": [49398454],
    "node_id": ["MDEwOlJlcG9zaXRvcnk0OTM5ODQ1NA=="],
    "name": ["flowchart.js"],
    "full_name": ["gaocegege/flowchart.js"],
    "private": [false],
    "owner": {
      "login": ["gaocegege"],
      "id": [5100735],
      "node_id": ["MDQ6VXNlcjUxMDA3MzU="],
      "avatar_url": ["https://avatars3.githubusercontent.com/u/5100735?v=4"],
      "gravatar_id": [""],
      "url": ["https://api.github.com/users/gaocegege"],
      "html_url": ["https://github.com/gaocegege"],
      "followers_url": ["https://api.github.com/users/gaocegege/followers"],
      "following_url": ["https://api.github.com/users/gaocegege/following{/other_user}"],
      "gists_url": ["https://api.github.com/users/gaocegege/gists{/gist_id}"],
      "starred_url": ["https://api.github.com/users/gaocegege/starred{/owner}{/repo}"],
      "subscriptions_url": ["https://api.github.com/users/gaocegege/subscriptions"],
      "organizations_url": ["https://api.github.com/users/gaocegege/orgs"],
      "repos_url": ["https://api.github.com/users/gaocegege/repos"],
      "events_url": ["https://api.github.com/users/gaocegege/events{/privacy}"],
      "received_events_url": ["https://api.github.com/users/gaocegege/received_events"],
      "type": ["User"],
      "site_admin": [false]
    },
    "html_url": ["https://github.com/gaocegege/flowchart.js"],
    "description": ["Draws simple SVG flow chart diagrams from textual representation of the diagram"],
    "fork": [true],
    "url": ["https://api.github.com/repos/gaocegege/flowchart.js"],
    "forks_url": ["https://api.github.com/repos/gaocegege/flowchart.js/forks"],
    "keys_url": ["https://api.github.com/repos/gaocegege/flowchart.js/keys{/key_id}"],
    "collaborators_url": ["https://api.github.com/repos/gaocegege/flowchart.js/collaborators{/collaborator}"],
    "teams_url": ["https://api.github.com/repos/gaocegege/flowchart.js/teams"],
    "hooks_url": ["https://api.github.com/repos/gaocegege/flowchart.js/hooks"],
    "issue_events_url": ["https://api.github.com/repos/gaocegege/flowchart.js/issues/events{/number}"],
    "events_url": ["https://api.github.com/repos/gaocegege/flowchart.js/events"],
    "assignees_url": ["https://api.github.com/repos/gaocegege/flowchart.js/assignees{/user}"],
    "branches_url": ["https://api.github.com/repos/gaocegege/flowchart.js/branches{/branch}"],
    "tags_url": ["https://api.github.com/repos/gaocegege/flowchart.js/tags"],
    "blobs_url": ["https://api.github.com/repos/gaocegege/flowchart.js/git/blobs{/sha}"],
    "git_tags_url": ["https://api.github.com/repos/gaocegege/flowchart.js/git/tags{/sha}"],
    "git_refs_url": ["https://api.github.com/repos/gaocegege/flowchart.js/git/refs{/sha}"],
    "trees_url": ["https://api.github.com/repos/gaocegege/flowchart.js/git/trees{/sha}"],
    "statuses_url": ["https://api.github.com/repos/gaocegege/flowchart.js/statuses/{sha}"],
    "languages_url": ["https://api.github.com/repos/gaocegege/flowchart.js/languages"],
    "stargazers_url": ["https://api.github.com/repos/gaocegege/flowchart.js/stargazers"],
    "contributors_url": ["https://api.github.com/repos/gaocegege/flowchart.js/contributors"],
    "subscribers_url": ["https://api.github.com/repos/gaocegege/flowchart.js/subscribers"],
    "subscription_url": ["https://api.github.com/repos/gaocegege/flowchart.js/subscription"],
    "commits_url": ["https://api.github.com/repos/gaocegege/flowchart.js/commits{/sha}"],
    "git_commits_url": ["https://api.github.com/repos/gaocegege/flowchart.js/git/commits{/sha}"],
    "comments_url": ["https://api.github.com/repos/gaocegege/flowchart.js/comments{/number}"],
    "issue_comment_url": ["https://api.github.com/repos/gaocegege/flowchart.js/issues/comments{/number}"],
    "contents_url": ["https://api.github.com/repos/gaocegege/flowchart.js/contents/{+path}"],
    "compare_url": ["https://api.github.com/repos/gaocegege/flowchart.js/compare/{base}...{head}"],
    "merges_url": ["https://api.github.com/repos/gaocegege/flowchart.js/merges"],
    "archive_url": ["https://api.github.com/repos/gaocegege/flowchart.js/{archive_format}{/ref}"],
    "downloads_url": ["https://api.github.com/repos/gaocegege/flowchart.js/downloads"],
    "issues_url": ["https://api.github.com/repos/gaocegege/flowchart.js/issues{/number}"],
    "pulls_url": ["https://api.github.com/repos/gaocegege/flowchart.js/pulls{/number}"],
    "milestones_url": ["https://api.github.com/repos/gaocegege/flowchart.js/milestones{/number}"],
    "notifications_url": ["https://api.github.com/repos/gaocegege/flowchart.js/notifications{?since,all,participating}"],
    "labels_url": ["https://api.github.com/repos/gaocegege/flowchart.js/labels{/name}"],
    "releases_url": ["https://api.github.com/repos/gaocegege/flowchart.js/releases{/id}"],
    "deployments_url": ["https://api.github.com/repos/gaocegege/flowchart.js/deployments"],
    "created_at": ["2016-01-11T03:00:01Z"],
    "updated_at": ["2016-01-15T19:24:50Z"],
    "pushed_at": ["2016-01-11T03:00:32Z"],
    "git_url": ["git://github.com/gaocegege/flowchart.js.git"],
    "ssh_url": ["git@github.com:gaocegege/flowchart.js.git"],
    "clone_url": ["https://github.com/gaocegege/flowchart.js.git"],
    "svn_url": ["https://github.com/gaocegege/flowchart.js"],
    "homepage": ["http://flowchart.js.org/"],
    "size": [1520],
    "stargazers_count": [1],
    "watchers_count": [1],
    "language": ["JavaScript"],
    "has_issues": [false],
    "has_projects": [true],
    "has_downloads": [true],
    "has_wiki": [true],
    "has_pages": [false],
    "forks_count": [0],
    "mirror_url": {},
    "archived": [false],
    "open_issues_count": [0],
    "license": {
      "key": ["mit"],
      "name": ["MIT License"],
      "spdx_id": ["MIT"],
      "url": ["https://api.github.com/licenses/mit"],
      "node_id": ["MDc6TGljZW5zZTEz"]
    },
    "forks": [0],
    "open_issues": [0],
    "watchers": [1],
    "default_branch": ["master"],
    "permissions": {
      "admin": [false],
      "push": [false],
      "pull": [true]
    }
  }
]
