[
  {
    "id": [68171187],
    "node_id": ["MDEwOlJlcG9zaXRvcnk2ODE3MTE4Nw=="],
    "name": ["simple-k8s-scheduler-extender"],
    "full_name": ["gaocegege/simple-k8s-scheduler-extender"],
    "private": [false],
    "owner": {
      "login": ["gaocegege"],
      "id": [5100735],
      "node_id": ["MDQ6VXNlcjUxMDA3MzU="],
      "avatar_url": ["https://avatars3.githubusercontent.com/u/5100735?v=4"],
      "gravatar_id": [""],
      "url": ["https://api.github.com/users/gaocegege"],
      "html_url": ["https://github.com/gaocegege"],
      "followers_url": ["https://api.github.com/users/gaocegege/followers"],
      "following_url": ["https://api.github.com/users/gaocegege/following{/other_user}"],
      "gists_url": ["https://api.github.com/users/gaocegege/gists{/gist_id}"],
      "starred_url": ["https://api.github.com/users/gaocegege/starred{/owner}{/repo}"],
      "subscriptions_url": ["https://api.github.com/users/gaocegege/subscriptions"],
      "organizations_url": ["https://api.github.com/users/gaocegege/orgs"],
      "repos_url": ["https://api.github.com/users/gaocegege/repos"],
      "events_url": ["https://api.github.com/users/gaocegege/events{/privacy}"],
      "received_events_url": ["https://api.github.com/users/gaocegege/received_events"],
      "type": ["User"],
      "site_admin": [false]
    },
    "html_url": ["https://github.com/gaocegege/simple-k8s-scheduler-extender"],
    "description": ["k8s scheduler extender demo"],
    "fork": [false],
    "url": ["https://api.github.com/repos/gaocegege/simple-k8s-scheduler-extender"],
    "forks_url": ["https://api.github.com/repos/gaocegege/simple-k8s-scheduler-extender/forks"],
    "keys_url": ["https://api.github.com/repos/gaocegege/simple-k8s-scheduler-extender/keys{/key_id}"],
    "collaborators_url": ["https://api.github.com/repos/gaocegege/simple-k8s-scheduler-extender/collaborators{/collaborator}"],
    "teams_url": ["https://api.github.com/repos/gaocegege/simple-k8s-scheduler-extender/teams"],
    "hooks_url": ["https://api.github.com/repos/gaocegege/simple-k8s-scheduler-extender/hooks"],
    "issue_events_url": ["https://api.github.com/repos/gaocegege/simple-k8s-scheduler-extender/issues/events{/number}"],
    "events_url": ["https://api.github.com/repos/gaocegege/simple-k8s-scheduler-extender/events"],
    "assignees_url": ["https://api.github.com/repos/gaocegege/simple-k8s-scheduler-extender/assignees{/user}"],
    "branches_url": ["https://api.github.com/repos/gaocegege/simple-k8s-scheduler-extender/branches{/branch}"],
    "tags_url": ["https://api.github.com/repos/gaocegege/simple-k8s-scheduler-extender/tags"],
    "blobs_url": ["https://api.github.com/repos/gaocegege/simple-k8s-scheduler-extender/git/blobs{/sha}"],
    "git_tags_url": ["https://api.github.com/repos/gaocegege/simple-k8s-scheduler-extender/git/tags{/sha}"],
    "git_refs_url": ["https://api.github.com/repos/gaocegege/simple-k8s-scheduler-extender/git/refs{/sha}"],
    "trees_url": ["https://api.github.com/repos/gaocegege/simple-k8s-scheduler-extender/git/trees{/sha}"],
    "statuses_url": ["https://api.github.com/repos/gaocegege/simple-k8s-scheduler-extender/statuses/{sha}"],
    "languages_url": ["https://api.github.com/repos/gaocegege/simple-k8s-scheduler-extender/languages"],
    "stargazers_url": ["https://api.github.com/repos/gaocegege/simple-k8s-scheduler-extender/stargazers"],
    "contributors_url": ["https://api.github.com/repos/gaocegege/simple-k8s-scheduler-extender/contributors"],
    "subscribers_url": ["https://api.github.com/repos/gaocegege/simple-k8s-scheduler-extender/subscribers"],
    "subscription_url": ["https://api.github.com/repos/gaocegege/simple-k8s-scheduler-extender/subscription"],
    "commits_url": ["https://api.github.com/repos/gaocegege/simple-k8s-scheduler-extender/commits{/sha}"],
    "git_commits_url": ["https://api.github.com/repos/gaocegege/simple-k8s-scheduler-extender/git/commits{/sha}"],
    "comments_url": ["https://api.github.com/repos/gaocegege/simple-k8s-scheduler-extender/comments{/number}"],
    "issue_comment_url": ["https://api.github.com/repos/gaocegege/simple-k8s-scheduler-extender/issues/comments{/number}"],
    "contents_url": ["https://api.github.com/repos/gaocegege/simple-k8s-scheduler-extender/contents/{+path}"],
    "compare_url": ["https://api.github.com/repos/gaocegege/simple-k8s-scheduler-extender/compare/{base}...{head}"],
    "merges_url": ["https://api.github.com/repos/gaocegege/simple-k8s-scheduler-extender/merges"],
    "archive_url": ["https://api.github.com/repos/gaocegege/simple-k8s-scheduler-extender/{archive_format}{/ref}"],
    "downloads_url": ["https://api.github.com/repos/gaocegege/simple-k8s-scheduler-extender/downloads"],
    "issues_url": ["https://api.github.com/repos/gaocegege/simple-k8s-scheduler-extender/issues{/number}"],
    "pulls_url": ["https://api.github.com/repos/gaocegege/simple-k8s-scheduler-extender/pulls{/number}"],
    "milestones_url": ["https://api.github.com/repos/gaocegege/simple-k8s-scheduler-extender/milestones{/number}"],
    "notifications_url": ["https://api.github.com/repos/gaocegege/simple-k8s-scheduler-extender/notifications{?since,all,participating}"],
    "labels_url": ["https://api.github.com/repos/gaocegege/simple-k8s-scheduler-extender/labels{/name}"],
    "releases_url": ["https://api.github.com/repos/gaocegege/simple-k8s-scheduler-extender/releases{/id}"],
    "deployments_url": ["https://api.github.com/repos/gaocegege/simple-k8s-scheduler-extender/deployments"],
    "created_at": ["2016-09-14T03:45:28Z"],
    "updated_at": ["2017-06-20T13:03:34Z"],
    "pushed_at": ["2017-03-16T08:40:46Z"],
    "git_url": ["git://github.com/gaocegege/simple-k8s-scheduler-extender.git"],
    "ssh_url": ["git@github.com:gaocegege/simple-k8s-scheduler-extender.git"],
    "clone_url": ["https://github.com/gaocegege/simple-k8s-scheduler-extender.git"],
    "svn_url": ["https://github.com/gaocegege/simple-k8s-scheduler-extender"],
    "homepage": {},
    "size": [1894],
    "stargazers_count": [2],
    "watchers_count": [2],
    "language": ["Go"],
    "has_issues": [true],
    "has_projects": [true],
    "has_downloads": [true],
    "has_wiki": [true],
    "has_pages": [false],
    "forks_count": [2],
    "mirror_url": {},
    "archived": [false],
    "open_issues_count": [1],
    "license": {
      "key": ["mit"],
      "name": ["MIT License"],
      "spdx_id": ["MIT"],
      "url": ["https://api.github.com/licenses/mit"],
      "node_id": ["MDc6TGljZW5zZTEz"]
    },
    "forks": [2],
    "open_issues": [1],
    "watchers": [2],
    "default_branch": ["master"],
    "permissions": {
      "admin": [false],
      "push": [false],
      "pull": [true]
    }
  }
]
