[
  {
    "id": [111262354],
    "node_id": ["MDEwOlJlcG9zaXRvcnkxMTEyNjIzNTQ="],
    "name": ["pouch"],
    "full_name": ["gaocegege/pouch"],
    "private": [false],
    "owner": {
      "login": ["gaocegege"],
      "id": [5100735],
      "node_id": ["MDQ6VXNlcjUxMDA3MzU="],
      "avatar_url": ["https://avatars3.githubusercontent.com/u/5100735?v=4"],
      "gravatar_id": [""],
      "url": ["https://api.github.com/users/gaocegege"],
      "html_url": ["https://github.com/gaocegege"],
      "followers_url": ["https://api.github.com/users/gaocegege/followers"],
      "following_url": ["https://api.github.com/users/gaocegege/following{/other_user}"],
      "gists_url": ["https://api.github.com/users/gaocegege/gists{/gist_id}"],
      "starred_url": ["https://api.github.com/users/gaocegege/starred{/owner}{/repo}"],
      "subscriptions_url": ["https://api.github.com/users/gaocegege/subscriptions"],
      "organizations_url": ["https://api.github.com/users/gaocegege/orgs"],
      "repos_url": ["https://api.github.com/users/gaocegege/repos"],
      "events_url": ["https://api.github.com/users/gaocegege/events{/privacy}"],
      "received_events_url": ["https://api.github.com/users/gaocegege/received_events"],
      "type": ["User"],
      "site_admin": [false]
    },
    "html_url": ["https://github.com/gaocegege/pouch"],
    "description": ["Pouch is an open-source project created by Alibaba Group to promote the container technology movement."],
    "fork": [true],
    "url": ["https://api.github.com/repos/gaocegege/pouch"],
    "forks_url": ["https://api.github.com/repos/gaocegege/pouch/forks"],
    "keys_url": ["https://api.github.com/repos/gaocegege/pouch/keys{/key_id}"],
    "collaborators_url": ["https://api.github.com/repos/gaocegege/pouch/collaborators{/collaborator}"],
    "teams_url": ["https://api.github.com/repos/gaocegege/pouch/teams"],
    "hooks_url": ["https://api.github.com/repos/gaocegege/pouch/hooks"],
    "issue_events_url": ["https://api.github.com/repos/gaocegege/pouch/issues/events{/number}"],
    "events_url": ["https://api.github.com/repos/gaocegege/pouch/events"],
    "assignees_url": ["https://api.github.com/repos/gaocegege/pouch/assignees{/user}"],
    "branches_url": ["https://api.github.com/repos/gaocegege/pouch/branches{/branch}"],
    "tags_url": ["https://api.github.com/repos/gaocegege/pouch/tags"],
    "blobs_url": ["https://api.github.com/repos/gaocegege/pouch/git/blobs{/sha}"],
    "git_tags_url": ["https://api.github.com/repos/gaocegege/pouch/git/tags{/sha}"],
    "git_refs_url": ["https://api.github.com/repos/gaocegege/pouch/git/refs{/sha}"],
    "trees_url": ["https://api.github.com/repos/gaocegege/pouch/git/trees{/sha}"],
    "statuses_url": ["https://api.github.com/repos/gaocegege/pouch/statuses/{sha}"],
    "languages_url": ["https://api.github.com/repos/gaocegege/pouch/languages"],
    "stargazers_url": ["https://api.github.com/repos/gaocegege/pouch/stargazers"],
    "contributors_url": ["https://api.github.com/repos/gaocegege/pouch/contributors"],
    "subscribers_url": ["https://api.github.com/repos/gaocegege/pouch/subscribers"],
    "subscription_url": ["https://api.github.com/repos/gaocegege/pouch/subscription"],
    "commits_url": ["https://api.github.com/repos/gaocegege/pouch/commits{/sha}"],
    "git_commits_url": ["https://api.github.com/repos/gaocegege/pouch/git/commits{/sha}"],
    "comments_url": ["https://api.github.com/repos/gaocegege/pouch/comments{/number}"],
    "issue_comment_url": ["https://api.github.com/repos/gaocegege/pouch/issues/comments{/number}"],
    "contents_url": ["https://api.github.com/repos/gaocegege/pouch/contents/{+path}"],
    "compare_url": ["https://api.github.com/repos/gaocegege/pouch/compare/{base}...{head}"],
    "merges_url": ["https://api.github.com/repos/gaocegege/pouch/merges"],
    "archive_url": ["https://api.github.com/repos/gaocegege/pouch/{archive_format}{/ref}"],
    "downloads_url": ["https://api.github.com/repos/gaocegege/pouch/downloads"],
    "issues_url": ["https://api.github.com/repos/gaocegege/pouch/issues{/number}"],
    "pulls_url": ["https://api.github.com/repos/gaocegege/pouch/pulls{/number}"],
    "milestones_url": ["https://api.github.com/repos/gaocegege/pouch/milestones{/number}"],
    "notifications_url": ["https://api.github.com/repos/gaocegege/pouch/notifications{?since,all,participating}"],
    "labels_url": ["https://api.github.com/repos/gaocegege/pouch/labels{/name}"],
    "releases_url": ["https://api.github.com/repos/gaocegege/pouch/releases{/id}"],
    "deployments_url": ["https://api.github.com/repos/gaocegege/pouch/deployments"],
    "created_at": ["2017-11-19T03:52:02Z"],
    "updated_at": ["2017-11-19T03:52:03Z"],
    "pushed_at": ["2018-03-01T05:52:59Z"],
    "git_url": ["git://github.com/gaocegege/pouch.git"],
    "ssh_url": ["git@github.com:gaocegege/pouch.git"],
    "clone_url": ["https://github.com/gaocegege/pouch.git"],
    "svn_url": ["https://github.com/gaocegege/pouch"],
    "homepage": [""],
    "size": [7300],
    "stargazers_count": [0],
    "watchers_count": [0],
    "language": ["Go"],
    "has_issues": [false],
    "has_projects": [true],
    "has_downloads": [true],
    "has_wiki": [true],
    "has_pages": [false],
    "forks_count": [0],
    "mirror_url": {},
    "archived": [false],
    "open_issues_count": [0],
    "license": {
      "key": ["apache-2.0"],
      "name": ["Apache License 2.0"],
      "spdx_id": ["Apache-2.0"],
      "url": ["https://api.github.com/licenses/apache-2.0"],
      "node_id": ["MDc6TGljZW5zZTI="]
    },
    "forks": [0],
    "open_issues": [0],
    "watchers": [0],
    "default_branch": ["master"],
    "permissions": {
      "admin": [false],
      "push": [false],
      "pull": [true]
    }
  }
]
