[
  {
    "id": [48911411],
    "node_id": ["MDEwOlJlcG9zaXRvcnk0ODkxMTQxMQ=="],
    "name": ["the-big-brother-is-watching-you"],
    "full_name": ["gaocegege/the-big-brother-is-watching-you"],
    "private": [false],
    "owner": {
      "login": ["gaocegege"],
      "id": [5100735],
      "node_id": ["MDQ6VXNlcjUxMDA3MzU="],
      "avatar_url": ["https://avatars3.githubusercontent.com/u/5100735?v=4"],
      "gravatar_id": [""],
      "url": ["https://api.github.com/users/gaocegege"],
      "html_url": ["https://github.com/gaocegege"],
      "followers_url": ["https://api.github.com/users/gaocegege/followers"],
      "following_url": ["https://api.github.com/users/gaocegege/following{/other_user}"],
      "gists_url": ["https://api.github.com/users/gaocegege/gists{/gist_id}"],
      "starred_url": ["https://api.github.com/users/gaocegege/starred{/owner}{/repo}"],
      "subscriptions_url": ["https://api.github.com/users/gaocegege/subscriptions"],
      "organizations_url": ["https://api.github.com/users/gaocegege/orgs"],
      "repos_url": ["https://api.github.com/users/gaocegege/repos"],
      "events_url": ["https://api.github.com/users/gaocegege/events{/privacy}"],
      "received_events_url": ["https://api.github.com/users/gaocegege/received_events"],
      "type": ["User"],
      "site_admin": [false]
    },
    "html_url": ["https://github.com/gaocegege/the-big-brother-is-watching-you"],
    "description": ["<U+65B0><U+5751>,<U+5728><U+586B>,<U+8BF7><U+671F><U+5F85>"],
    "fork": [false],
    "url": ["https://api.github.com/repos/gaocegege/the-big-brother-is-watching-you"],
    "forks_url": ["https://api.github.com/repos/gaocegege/the-big-brother-is-watching-you/forks"],
    "keys_url": ["https://api.github.com/repos/gaocegege/the-big-brother-is-watching-you/keys{/key_id}"],
    "collaborators_url": ["https://api.github.com/repos/gaocegege/the-big-brother-is-watching-you/collaborators{/collaborator}"],
    "teams_url": ["https://api.github.com/repos/gaocegege/the-big-brother-is-watching-you/teams"],
    "hooks_url": ["https://api.github.com/repos/gaocegege/the-big-brother-is-watching-you/hooks"],
    "issue_events_url": ["https://api.github.com/repos/gaocegege/the-big-brother-is-watching-you/issues/events{/number}"],
    "events_url": ["https://api.github.com/repos/gaocegege/the-big-brother-is-watching-you/events"],
    "assignees_url": ["https://api.github.com/repos/gaocegege/the-big-brother-is-watching-you/assignees{/user}"],
    "branches_url": ["https://api.github.com/repos/gaocegege/the-big-brother-is-watching-you/branches{/branch}"],
    "tags_url": ["https://api.github.com/repos/gaocegege/the-big-brother-is-watching-you/tags"],
    "blobs_url": ["https://api.github.com/repos/gaocegege/the-big-brother-is-watching-you/git/blobs{/sha}"],
    "git_tags_url": ["https://api.github.com/repos/gaocegege/the-big-brother-is-watching-you/git/tags{/sha}"],
    "git_refs_url": ["https://api.github.com/repos/gaocegege/the-big-brother-is-watching-you/git/refs{/sha}"],
    "trees_url": ["https://api.github.com/repos/gaocegege/the-big-brother-is-watching-you/git/trees{/sha}"],
    "statuses_url": ["https://api.github.com/repos/gaocegege/the-big-brother-is-watching-you/statuses/{sha}"],
    "languages_url": ["https://api.github.com/repos/gaocegege/the-big-brother-is-watching-you/languages"],
    "stargazers_url": ["https://api.github.com/repos/gaocegege/the-big-brother-is-watching-you/stargazers"],
    "contributors_url": ["https://api.github.com/repos/gaocegege/the-big-brother-is-watching-you/contributors"],
    "subscribers_url": ["https://api.github.com/repos/gaocegege/the-big-brother-is-watching-you/subscribers"],
    "subscription_url": ["https://api.github.com/repos/gaocegege/the-big-brother-is-watching-you/subscription"],
    "commits_url": ["https://api.github.com/repos/gaocegege/the-big-brother-is-watching-you/commits{/sha}"],
    "git_commits_url": ["https://api.github.com/repos/gaocegege/the-big-brother-is-watching-you/git/commits{/sha}"],
    "comments_url": ["https://api.github.com/repos/gaocegege/the-big-brother-is-watching-you/comments{/number}"],
    "issue_comment_url": ["https://api.github.com/repos/gaocegege/the-big-brother-is-watching-you/issues/comments{/number}"],
    "contents_url": ["https://api.github.com/repos/gaocegege/the-big-brother-is-watching-you/contents/{+path}"],
    "compare_url": ["https://api.github.com/repos/gaocegege/the-big-brother-is-watching-you/compare/{base}...{head}"],
    "merges_url": ["https://api.github.com/repos/gaocegege/the-big-brother-is-watching-you/merges"],
    "archive_url": ["https://api.github.com/repos/gaocegege/the-big-brother-is-watching-you/{archive_format}{/ref}"],
    "downloads_url": ["https://api.github.com/repos/gaocegege/the-big-brother-is-watching-you/downloads"],
    "issues_url": ["https://api.github.com/repos/gaocegege/the-big-brother-is-watching-you/issues{/number}"],
    "pulls_url": ["https://api.github.com/repos/gaocegege/the-big-brother-is-watching-you/pulls{/number}"],
    "milestones_url": ["https://api.github.com/repos/gaocegege/the-big-brother-is-watching-you/milestones{/number}"],
    "notifications_url": ["https://api.github.com/repos/gaocegege/the-big-brother-is-watching-you/notifications{?since,all,participating}"],
    "labels_url": ["https://api.github.com/repos/gaocegege/the-big-brother-is-watching-you/labels{/name}"],
    "releases_url": ["https://api.github.com/repos/gaocegege/the-big-brother-is-watching-you/releases{/id}"],
    "deployments_url": ["https://api.github.com/repos/gaocegege/the-big-brother-is-watching-you/deployments"],
    "created_at": ["2016-01-02T13:58:20Z"],
    "updated_at": ["2017-02-20T05:47:18Z"],
    "pushed_at": ["2016-06-01T11:35:59Z"],
    "git_url": ["git://github.com/gaocegege/the-big-brother-is-watching-you.git"],
    "ssh_url": ["git@github.com:gaocegege/the-big-brother-is-watching-you.git"],
    "clone_url": ["https://github.com/gaocegege/the-big-brother-is-watching-you.git"],
    "svn_url": ["https://github.com/gaocegege/the-big-brother-is-watching-you"],
    "homepage": [""],
    "size": [240],
    "stargazers_count": [1],
    "watchers_count": [1],
    "language": ["Go"],
    "has_issues": [true],
    "has_projects": [true],
    "has_downloads": [true],
    "has_wiki": [true],
    "has_pages": [false],
    "forks_count": [1],
    "mirror_url": {},
    "archived": [false],
    "open_issues_count": [0],
    "license": {
      "key": ["bsd-2-clause"],
      "name": ["BSD 2-Clause \"Simplified\" License"],
      "spdx_id": ["BSD-2-Clause"],
      "url": ["https://api.github.com/licenses/bsd-2-clause"],
      "node_id": ["MDc6TGljZW5zZTQ="]
    },
    "forks": [1],
    "open_issues": [0],
    "watchers": [1],
    "default_branch": ["master"],
    "permissions": {
      "admin": [false],
      "push": [false],
      "pull": [true]
    }
  }
]
