[
  {
    "id": [111359677],
    "node_id": ["MDEwOlJlcG9zaXRvcnkxMTEzNTk2Nzc="],
    "name": ["talks"],
    "full_name": ["gaocegege/talks"],
    "private": [false],
    "owner": {
      "login": ["gaocegege"],
      "id": [5100735],
      "node_id": ["MDQ6VXNlcjUxMDA3MzU="],
      "avatar_url": ["https://avatars3.githubusercontent.com/u/5100735?v=4"],
      "gravatar_id": [""],
      "url": ["https://api.github.com/users/gaocegege"],
      "html_url": ["https://github.com/gaocegege"],
      "followers_url": ["https://api.github.com/users/gaocegege/followers"],
      "following_url": ["https://api.github.com/users/gaocegege/following{/other_user}"],
      "gists_url": ["https://api.github.com/users/gaocegege/gists{/gist_id}"],
      "starred_url": ["https://api.github.com/users/gaocegege/starred{/owner}{/repo}"],
      "subscriptions_url": ["https://api.github.com/users/gaocegege/subscriptions"],
      "organizations_url": ["https://api.github.com/users/gaocegege/orgs"],
      "repos_url": ["https://api.github.com/users/gaocegege/repos"],
      "events_url": ["https://api.github.com/users/gaocegege/events{/privacy}"],
      "received_events_url": ["https://api.github.com/users/gaocegege/received_events"],
      "type": ["User"],
      "site_admin": [false]
    },
    "html_url": ["https://github.com/gaocegege/talks"],
    "description": ["Talks in Meetups, Meetings and Conferences"],
    "fork": [false],
    "url": ["https://api.github.com/repos/gaocegege/talks"],
    "forks_url": ["https://api.github.com/repos/gaocegege/talks/forks"],
    "keys_url": ["https://api.github.com/repos/gaocegege/talks/keys{/key_id}"],
    "collaborators_url": ["https://api.github.com/repos/gaocegege/talks/collaborators{/collaborator}"],
    "teams_url": ["https://api.github.com/repos/gaocegege/talks/teams"],
    "hooks_url": ["https://api.github.com/repos/gaocegege/talks/hooks"],
    "issue_events_url": ["https://api.github.com/repos/gaocegege/talks/issues/events{/number}"],
    "events_url": ["https://api.github.com/repos/gaocegege/talks/events"],
    "assignees_url": ["https://api.github.com/repos/gaocegege/talks/assignees{/user}"],
    "branches_url": ["https://api.github.com/repos/gaocegege/talks/branches{/branch}"],
    "tags_url": ["https://api.github.com/repos/gaocegege/talks/tags"],
    "blobs_url": ["https://api.github.com/repos/gaocegege/talks/git/blobs{/sha}"],
    "git_tags_url": ["https://api.github.com/repos/gaocegege/talks/git/tags{/sha}"],
    "git_refs_url": ["https://api.github.com/repos/gaocegege/talks/git/refs{/sha}"],
    "trees_url": ["https://api.github.com/repos/gaocegege/talks/git/trees{/sha}"],
    "statuses_url": ["https://api.github.com/repos/gaocegege/talks/statuses/{sha}"],
    "languages_url": ["https://api.github.com/repos/gaocegege/talks/languages"],
    "stargazers_url": ["https://api.github.com/repos/gaocegege/talks/stargazers"],
    "contributors_url": ["https://api.github.com/repos/gaocegege/talks/contributors"],
    "subscribers_url": ["https://api.github.com/repos/gaocegege/talks/subscribers"],
    "subscription_url": ["https://api.github.com/repos/gaocegege/talks/subscription"],
    "commits_url": ["https://api.github.com/repos/gaocegege/talks/commits{/sha}"],
    "git_commits_url": ["https://api.github.com/repos/gaocegege/talks/git/commits{/sha}"],
    "comments_url": ["https://api.github.com/repos/gaocegege/talks/comments{/number}"],
    "issue_comment_url": ["https://api.github.com/repos/gaocegege/talks/issues/comments{/number}"],
    "contents_url": ["https://api.github.com/repos/gaocegege/talks/contents/{+path}"],
    "compare_url": ["https://api.github.com/repos/gaocegege/talks/compare/{base}...{head}"],
    "merges_url": ["https://api.github.com/repos/gaocegege/talks/merges"],
    "archive_url": ["https://api.github.com/repos/gaocegege/talks/{archive_format}{/ref}"],
    "downloads_url": ["https://api.github.com/repos/gaocegege/talks/downloads"],
    "issues_url": ["https://api.github.com/repos/gaocegege/talks/issues{/number}"],
    "pulls_url": ["https://api.github.com/repos/gaocegege/talks/pulls{/number}"],
    "milestones_url": ["https://api.github.com/repos/gaocegege/talks/milestones{/number}"],
    "notifications_url": ["https://api.github.com/repos/gaocegege/talks/notifications{?since,all,participating}"],
    "labels_url": ["https://api.github.com/repos/gaocegege/talks/labels{/name}"],
    "releases_url": ["https://api.github.com/repos/gaocegege/talks/releases{/id}"],
    "deployments_url": ["https://api.github.com/repos/gaocegege/talks/deployments"],
    "created_at": ["2017-11-20T03:59:12Z"],
    "updated_at": ["2017-11-20T04:11:28Z"],
    "pushed_at": ["2017-11-22T06:36:16Z"],
    "git_url": ["git://github.com/gaocegege/talks.git"],
    "ssh_url": ["git@github.com:gaocegege/talks.git"],
    "clone_url": ["https://github.com/gaocegege/talks.git"],
    "svn_url": ["https://github.com/gaocegege/talks"],
    "homepage": [""],
    "size": [2],
    "stargazers_count": [0],
    "watchers_count": [0],
    "language": {},
    "has_issues": [true],
    "has_projects": [true],
    "has_downloads": [true],
    "has_wiki": [true],
    "has_pages": [false],
    "forks_count": [0],
    "mirror_url": {},
    "archived": [false],
    "open_issues_count": [0],
    "license": {},
    "forks": [0],
    "open_issues": [0],
    "watchers": [0],
    "default_branch": ["master"],
    "permissions": {
      "admin": [false],
      "push": [false],
      "pull": [true]
    }
  }
]
