[
  {
    "id": [147897658],
    "node_id": ["MDEwOlJlcG9zaXRvcnkxNDc4OTc2NTg="],
    "name": ["ciao"],
    "full_name": ["gaocegege/ciao"],
    "private": [false],
    "owner": {
      "login": ["gaocegege"],
      "id": [5100735],
      "node_id": ["MDQ6VXNlcjUxMDA3MzU="],
      "avatar_url": ["https://avatars3.githubusercontent.com/u/5100735?v=4"],
      "gravatar_id": [""],
      "url": ["https://api.github.com/users/gaocegege"],
      "html_url": ["https://github.com/gaocegege"],
      "followers_url": ["https://api.github.com/users/gaocegege/followers"],
      "following_url": ["https://api.github.com/users/gaocegege/following{/other_user}"],
      "gists_url": ["https://api.github.com/users/gaocegege/gists{/gist_id}"],
      "starred_url": ["https://api.github.com/users/gaocegege/starred{/owner}{/repo}"],
      "subscriptions_url": ["https://api.github.com/users/gaocegege/subscriptions"],
      "organizations_url": ["https://api.github.com/users/gaocegege/orgs"],
      "repos_url": ["https://api.github.com/users/gaocegege/repos"],
      "events_url": ["https://api.github.com/users/gaocegege/events{/privacy}"],
      "received_events_url": ["https://api.github.com/users/gaocegege/received_events"],
      "type": ["User"],
      "site_admin": [false]
    },
    "html_url": ["https://github.com/gaocegege/ciao"],
    "description": {},
    "fork": [true],
    "url": ["https://api.github.com/repos/gaocegege/ciao"],
    "forks_url": ["https://api.github.com/repos/gaocegege/ciao/forks"],
    "keys_url": ["https://api.github.com/repos/gaocegege/ciao/keys{/key_id}"],
    "collaborators_url": ["https://api.github.com/repos/gaocegege/ciao/collaborators{/collaborator}"],
    "teams_url": ["https://api.github.com/repos/gaocegege/ciao/teams"],
    "hooks_url": ["https://api.github.com/repos/gaocegege/ciao/hooks"],
    "issue_events_url": ["https://api.github.com/repos/gaocegege/ciao/issues/events{/number}"],
    "events_url": ["https://api.github.com/repos/gaocegege/ciao/events"],
    "assignees_url": ["https://api.github.com/repos/gaocegege/ciao/assignees{/user}"],
    "branches_url": ["https://api.github.com/repos/gaocegege/ciao/branches{/branch}"],
    "tags_url": ["https://api.github.com/repos/gaocegege/ciao/tags"],
    "blobs_url": ["https://api.github.com/repos/gaocegege/ciao/git/blobs{/sha}"],
    "git_tags_url": ["https://api.github.com/repos/gaocegege/ciao/git/tags{/sha}"],
    "git_refs_url": ["https://api.github.com/repos/gaocegege/ciao/git/refs{/sha}"],
    "trees_url": ["https://api.github.com/repos/gaocegege/ciao/git/trees{/sha}"],
    "statuses_url": ["https://api.github.com/repos/gaocegege/ciao/statuses/{sha}"],
    "languages_url": ["https://api.github.com/repos/gaocegege/ciao/languages"],
    "stargazers_url": ["https://api.github.com/repos/gaocegege/ciao/stargazers"],
    "contributors_url": ["https://api.github.com/repos/gaocegege/ciao/contributors"],
    "subscribers_url": ["https://api.github.com/repos/gaocegege/ciao/subscribers"],
    "subscription_url": ["https://api.github.com/repos/gaocegege/ciao/subscription"],
    "commits_url": ["https://api.github.com/repos/gaocegege/ciao/commits{/sha}"],
    "git_commits_url": ["https://api.github.com/repos/gaocegege/ciao/git/commits{/sha}"],
    "comments_url": ["https://api.github.com/repos/gaocegege/ciao/comments{/number}"],
    "issue_comment_url": ["https://api.github.com/repos/gaocegege/ciao/issues/comments{/number}"],
    "contents_url": ["https://api.github.com/repos/gaocegege/ciao/contents/{+path}"],
    "compare_url": ["https://api.github.com/repos/gaocegege/ciao/compare/{base}...{head}"],
    "merges_url": ["https://api.github.com/repos/gaocegege/ciao/merges"],
    "archive_url": ["https://api.github.com/repos/gaocegege/ciao/{archive_format}{/ref}"],
    "downloads_url": ["https://api.github.com/repos/gaocegege/ciao/downloads"],
    "issues_url": ["https://api.github.com/repos/gaocegege/ciao/issues{/number}"],
    "pulls_url": ["https://api.github.com/repos/gaocegege/ciao/pulls{/number}"],
    "milestones_url": ["https://api.github.com/repos/gaocegege/ciao/milestones{/number}"],
    "notifications_url": ["https://api.github.com/repos/gaocegege/ciao/notifications{?since,all,participating}"],
    "labels_url": ["https://api.github.com/repos/gaocegege/ciao/labels{/name}"],
    "releases_url": ["https://api.github.com/repos/gaocegege/ciao/releases{/id}"],
    "deployments_url": ["https://api.github.com/repos/gaocegege/ciao/deployments"],
    "created_at": ["2018-09-08T03:29:24Z"],
    "updated_at": ["2018-09-08T03:29:26Z"],
    "pushed_at": ["2018-11-03T02:46:10Z"],
    "git_url": ["git://github.com/gaocegege/ciao.git"],
    "ssh_url": ["git@github.com:gaocegege/ciao.git"],
    "clone_url": ["https://github.com/gaocegege/ciao.git"],
    "svn_url": ["https://github.com/gaocegege/ciao"],
    "homepage": {},
    "size": [11531],
    "stargazers_count": [0],
    "watchers_count": [0],
    "language": {},
    "has_issues": [false],
    "has_projects": [true],
    "has_downloads": [true],
    "has_wiki": [true],
    "has_pages": [false],
    "forks_count": [0],
    "mirror_url": {},
    "archived": [false],
    "open_issues_count": [0],
    "license": {},
    "forks": [0],
    "open_issues": [0],
    "watchers": [0],
    "default_branch": ["master"],
    "permissions": {
      "admin": [false],
      "push": [false],
      "pull": [true]
    }
  }
]
