[
  {
    "id": [64924465],
    "node_id": ["MDEwOlJlcG9zaXRvcnk2NDkyNDQ2NQ=="],
    "name": ["stippling"],
    "full_name": ["gaocegege/stippling"],
    "private": [false],
    "owner": {
      "login": ["gaocegege"],
      "id": [5100735],
      "node_id": ["MDQ6VXNlcjUxMDA3MzU="],
      "avatar_url": ["https://avatars3.githubusercontent.com/u/5100735?v=4"],
      "gravatar_id": [""],
      "url": ["https://api.github.com/users/gaocegege"],
      "html_url": ["https://github.com/gaocegege"],
      "followers_url": ["https://api.github.com/users/gaocegege/followers"],
      "following_url": ["https://api.github.com/users/gaocegege/following{/other_user}"],
      "gists_url": ["https://api.github.com/users/gaocegege/gists{/gist_id}"],
      "starred_url": ["https://api.github.com/users/gaocegege/starred{/owner}{/repo}"],
      "subscriptions_url": ["https://api.github.com/users/gaocegege/subscriptions"],
      "organizations_url": ["https://api.github.com/users/gaocegege/orgs"],
      "repos_url": ["https://api.github.com/users/gaocegege/repos"],
      "events_url": ["https://api.github.com/users/gaocegege/events{/privacy}"],
      "received_events_url": ["https://api.github.com/users/gaocegege/received_events"],
      "type": ["User"],
      "site_admin": [false]
    },
    "html_url": ["https://github.com/gaocegege/stippling"],
    "description": ["animated image generation with stippling, a la Robert Hodgin."],
    "fork": [true],
    "url": ["https://api.github.com/repos/gaocegege/stippling"],
    "forks_url": ["https://api.github.com/repos/gaocegege/stippling/forks"],
    "keys_url": ["https://api.github.com/repos/gaocegege/stippling/keys{/key_id}"],
    "collaborators_url": ["https://api.github.com/repos/gaocegege/stippling/collaborators{/collaborator}"],
    "teams_url": ["https://api.github.com/repos/gaocegege/stippling/teams"],
    "hooks_url": ["https://api.github.com/repos/gaocegege/stippling/hooks"],
    "issue_events_url": ["https://api.github.com/repos/gaocegege/stippling/issues/events{/number}"],
    "events_url": ["https://api.github.com/repos/gaocegege/stippling/events"],
    "assignees_url": ["https://api.github.com/repos/gaocegege/stippling/assignees{/user}"],
    "branches_url": ["https://api.github.com/repos/gaocegege/stippling/branches{/branch}"],
    "tags_url": ["https://api.github.com/repos/gaocegege/stippling/tags"],
    "blobs_url": ["https://api.github.com/repos/gaocegege/stippling/git/blobs{/sha}"],
    "git_tags_url": ["https://api.github.com/repos/gaocegege/stippling/git/tags{/sha}"],
    "git_refs_url": ["https://api.github.com/repos/gaocegege/stippling/git/refs{/sha}"],
    "trees_url": ["https://api.github.com/repos/gaocegege/stippling/git/trees{/sha}"],
    "statuses_url": ["https://api.github.com/repos/gaocegege/stippling/statuses/{sha}"],
    "languages_url": ["https://api.github.com/repos/gaocegege/stippling/languages"],
    "stargazers_url": ["https://api.github.com/repos/gaocegege/stippling/stargazers"],
    "contributors_url": ["https://api.github.com/repos/gaocegege/stippling/contributors"],
    "subscribers_url": ["https://api.github.com/repos/gaocegege/stippling/subscribers"],
    "subscription_url": ["https://api.github.com/repos/gaocegege/stippling/subscription"],
    "commits_url": ["https://api.github.com/repos/gaocegege/stippling/commits{/sha}"],
    "git_commits_url": ["https://api.github.com/repos/gaocegege/stippling/git/commits{/sha}"],
    "comments_url": ["https://api.github.com/repos/gaocegege/stippling/comments{/number}"],
    "issue_comment_url": ["https://api.github.com/repos/gaocegege/stippling/issues/comments{/number}"],
    "contents_url": ["https://api.github.com/repos/gaocegege/stippling/contents/{+path}"],
    "compare_url": ["https://api.github.com/repos/gaocegege/stippling/compare/{base}...{head}"],
    "merges_url": ["https://api.github.com/repos/gaocegege/stippling/merges"],
    "archive_url": ["https://api.github.com/repos/gaocegege/stippling/{archive_format}{/ref}"],
    "downloads_url": ["https://api.github.com/repos/gaocegege/stippling/downloads"],
    "issues_url": ["https://api.github.com/repos/gaocegege/stippling/issues{/number}"],
    "pulls_url": ["https://api.github.com/repos/gaocegege/stippling/pulls{/number}"],
    "milestones_url": ["https://api.github.com/repos/gaocegege/stippling/milestones{/number}"],
    "notifications_url": ["https://api.github.com/repos/gaocegege/stippling/notifications{?since,all,participating}"],
    "labels_url": ["https://api.github.com/repos/gaocegege/stippling/labels{/name}"],
    "releases_url": ["https://api.github.com/repos/gaocegege/stippling/releases{/id}"],
    "deployments_url": ["https://api.github.com/repos/gaocegege/stippling/deployments"],
    "created_at": ["2016-08-04T10:06:59Z"],
    "updated_at": ["2016-08-04T10:07:00Z"],
    "pushed_at": ["2016-08-05T07:32:37Z"],
    "git_url": ["git://github.com/gaocegege/stippling.git"],
    "ssh_url": ["git@github.com:gaocegege/stippling.git"],
    "clone_url": ["https://github.com/gaocegege/stippling.git"],
    "svn_url": ["https://github.com/gaocegege/stippling"],
    "homepage": ["http://jordanorelli.tumblr.com/post/62062328549/self-portrait"],
    "size": [921],
    "stargazers_count": [0],
    "watchers_count": [0],
    "language": ["Processing"],
    "has_issues": [false],
    "has_projects": [true],
    "has_downloads": [true],
    "has_wiki": [true],
    "has_pages": [false],
    "forks_count": [0],
    "mirror_url": {},
    "archived": [false],
    "open_issues_count": [0],
    "license": {},
    "forks": [0],
    "open_issues": [0],
    "watchers": [0],
    "default_branch": ["master"],
    "permissions": {
      "admin": [false],
      "push": [false],
      "pull": [true]
    }
  }
]
