[
  {
    "id": [123563050],
    "node_id": ["MDEwOlJlcG9zaXRvcnkxMjM1NjMwNTA="],
    "name": ["shanghai_house_knowledge"],
    "full_name": ["gaocegege/shanghai_house_knowledge"],
    "private": [false],
    "owner": {
      "login": ["gaocegege"],
      "id": [5100735],
      "node_id": ["MDQ6VXNlcjUxMDA3MzU="],
      "avatar_url": ["https://avatars3.githubusercontent.com/u/5100735?v=4"],
      "gravatar_id": [""],
      "url": ["https://api.github.com/users/gaocegege"],
      "html_url": ["https://github.com/gaocegege"],
      "followers_url": ["https://api.github.com/users/gaocegege/followers"],
      "following_url": ["https://api.github.com/users/gaocegege/following{/other_user}"],
      "gists_url": ["https://api.github.com/users/gaocegege/gists{/gist_id}"],
      "starred_url": ["https://api.github.com/users/gaocegege/starred{/owner}{/repo}"],
      "subscriptions_url": ["https://api.github.com/users/gaocegege/subscriptions"],
      "organizations_url": ["https://api.github.com/users/gaocegege/orgs"],
      "repos_url": ["https://api.github.com/users/gaocegege/repos"],
      "events_url": ["https://api.github.com/users/gaocegege/events{/privacy}"],
      "received_events_url": ["https://api.github.com/users/gaocegege/received_events"],
      "type": ["User"],
      "site_admin": [false]
    },
    "html_url": ["https://github.com/gaocegege/shanghai_house_knowledge"],
    "description": {},
    "fork": [false],
    "url": ["https://api.github.com/repos/gaocegege/shanghai_house_knowledge"],
    "forks_url": ["https://api.github.com/repos/gaocegege/shanghai_house_knowledge/forks"],
    "keys_url": ["https://api.github.com/repos/gaocegege/shanghai_house_knowledge/keys{/key_id}"],
    "collaborators_url": ["https://api.github.com/repos/gaocegege/shanghai_house_knowledge/collaborators{/collaborator}"],
    "teams_url": ["https://api.github.com/repos/gaocegege/shanghai_house_knowledge/teams"],
    "hooks_url": ["https://api.github.com/repos/gaocegege/shanghai_house_knowledge/hooks"],
    "issue_events_url": ["https://api.github.com/repos/gaocegege/shanghai_house_knowledge/issues/events{/number}"],
    "events_url": ["https://api.github.com/repos/gaocegege/shanghai_house_knowledge/events"],
    "assignees_url": ["https://api.github.com/repos/gaocegege/shanghai_house_knowledge/assignees{/user}"],
    "branches_url": ["https://api.github.com/repos/gaocegege/shanghai_house_knowledge/branches{/branch}"],
    "tags_url": ["https://api.github.com/repos/gaocegege/shanghai_house_knowledge/tags"],
    "blobs_url": ["https://api.github.com/repos/gaocegege/shanghai_house_knowledge/git/blobs{/sha}"],
    "git_tags_url": ["https://api.github.com/repos/gaocegege/shanghai_house_knowledge/git/tags{/sha}"],
    "git_refs_url": ["https://api.github.com/repos/gaocegege/shanghai_house_knowledge/git/refs{/sha}"],
    "trees_url": ["https://api.github.com/repos/gaocegege/shanghai_house_knowledge/git/trees{/sha}"],
    "statuses_url": ["https://api.github.com/repos/gaocegege/shanghai_house_knowledge/statuses/{sha}"],
    "languages_url": ["https://api.github.com/repos/gaocegege/shanghai_house_knowledge/languages"],
    "stargazers_url": ["https://api.github.com/repos/gaocegege/shanghai_house_knowledge/stargazers"],
    "contributors_url": ["https://api.github.com/repos/gaocegege/shanghai_house_knowledge/contributors"],
    "subscribers_url": ["https://api.github.com/repos/gaocegege/shanghai_house_knowledge/subscribers"],
    "subscription_url": ["https://api.github.com/repos/gaocegege/shanghai_house_knowledge/subscription"],
    "commits_url": ["https://api.github.com/repos/gaocegege/shanghai_house_knowledge/commits{/sha}"],
    "git_commits_url": ["https://api.github.com/repos/gaocegege/shanghai_house_knowledge/git/commits{/sha}"],
    "comments_url": ["https://api.github.com/repos/gaocegege/shanghai_house_knowledge/comments{/number}"],
    "issue_comment_url": ["https://api.github.com/repos/gaocegege/shanghai_house_knowledge/issues/comments{/number}"],
    "contents_url": ["https://api.github.com/repos/gaocegege/shanghai_house_knowledge/contents/{+path}"],
    "compare_url": ["https://api.github.com/repos/gaocegege/shanghai_house_knowledge/compare/{base}...{head}"],
    "merges_url": ["https://api.github.com/repos/gaocegege/shanghai_house_knowledge/merges"],
    "archive_url": ["https://api.github.com/repos/gaocegege/shanghai_house_knowledge/{archive_format}{/ref}"],
    "downloads_url": ["https://api.github.com/repos/gaocegege/shanghai_house_knowledge/downloads"],
    "issues_url": ["https://api.github.com/repos/gaocegege/shanghai_house_knowledge/issues{/number}"],
    "pulls_url": ["https://api.github.com/repos/gaocegege/shanghai_house_knowledge/pulls{/number}"],
    "milestones_url": ["https://api.github.com/repos/gaocegege/shanghai_house_knowledge/milestones{/number}"],
    "notifications_url": ["https://api.github.com/repos/gaocegege/shanghai_house_knowledge/notifications{?since,all,participating}"],
    "labels_url": ["https://api.github.com/repos/gaocegege/shanghai_house_knowledge/labels{/name}"],
    "releases_url": ["https://api.github.com/repos/gaocegege/shanghai_house_knowledge/releases{/id}"],
    "deployments_url": ["https://api.github.com/repos/gaocegege/shanghai_house_knowledge/deployments"],
    "created_at": ["2018-03-02T10:01:28Z"],
    "updated_at": ["2018-03-30T06:17:26Z"],
    "pushed_at": ["2018-03-02T10:01:29Z"],
    "git_url": ["git://github.com/gaocegege/shanghai_house_knowledge.git"],
    "ssh_url": ["git@github.com:gaocegege/shanghai_house_knowledge.git"],
    "clone_url": ["https://github.com/gaocegege/shanghai_house_knowledge.git"],
    "svn_url": ["https://github.com/gaocegege/shanghai_house_knowledge"],
    "homepage": {},
    "size": [0],
    "stargazers_count": [2],
    "watchers_count": [2],
    "language": {},
    "has_issues": [true],
    "has_projects": [true],
    "has_downloads": [true],
    "has_wiki": [true],
    "has_pages": [false],
    "forks_count": [0],
    "mirror_url": {},
    "archived": [false],
    "open_issues_count": [1],
    "license": {},
    "forks": [0],
    "open_issues": [1],
    "watchers": [2],
    "default_branch": ["master"],
    "permissions": {
      "admin": [false],
      "push": [false],
      "pull": [true]
    }
  }
]
