[
  {
    "id": [26070168],
    "node_id": ["MDEwOlJlcG9zaXRvcnkyNjA3MDE2OA=="],
    "name": ["CompilerLab"],
    "full_name": ["gaocegege/CompilerLab"],
    "private": [false],
    "owner": {
      "login": ["gaocegege"],
      "id": [5100735],
      "node_id": ["MDQ6VXNlcjUxMDA3MzU="],
      "avatar_url": ["https://avatars3.githubusercontent.com/u/5100735?v=4"],
      "gravatar_id": [""],
      "url": ["https://api.github.com/users/gaocegege"],
      "html_url": ["https://github.com/gaocegege"],
      "followers_url": ["https://api.github.com/users/gaocegege/followers"],
      "following_url": ["https://api.github.com/users/gaocegege/following{/other_user}"],
      "gists_url": ["https://api.github.com/users/gaocegege/gists{/gist_id}"],
      "starred_url": ["https://api.github.com/users/gaocegege/starred{/owner}{/repo}"],
      "subscriptions_url": ["https://api.github.com/users/gaocegege/subscriptions"],
      "organizations_url": ["https://api.github.com/users/gaocegege/orgs"],
      "repos_url": ["https://api.github.com/users/gaocegege/repos"],
      "events_url": ["https://api.github.com/users/gaocegege/events{/privacy}"],
      "received_events_url": ["https://api.github.com/users/gaocegege/received_events"],
      "type": ["User"],
      "site_admin": [false]
    },
    "html_url": ["https://github.com/gaocegege/CompilerLab"],
    "description": ["A tricky compiler generator"],
    "fork": [false],
    "url": ["https://api.github.com/repos/gaocegege/CompilerLab"],
    "forks_url": ["https://api.github.com/repos/gaocegege/CompilerLab/forks"],
    "keys_url": ["https://api.github.com/repos/gaocegege/CompilerLab/keys{/key_id}"],
    "collaborators_url": ["https://api.github.com/repos/gaocegege/CompilerLab/collaborators{/collaborator}"],
    "teams_url": ["https://api.github.com/repos/gaocegege/CompilerLab/teams"],
    "hooks_url": ["https://api.github.com/repos/gaocegege/CompilerLab/hooks"],
    "issue_events_url": ["https://api.github.com/repos/gaocegege/CompilerLab/issues/events{/number}"],
    "events_url": ["https://api.github.com/repos/gaocegege/CompilerLab/events"],
    "assignees_url": ["https://api.github.com/repos/gaocegege/CompilerLab/assignees{/user}"],
    "branches_url": ["https://api.github.com/repos/gaocegege/CompilerLab/branches{/branch}"],
    "tags_url": ["https://api.github.com/repos/gaocegege/CompilerLab/tags"],
    "blobs_url": ["https://api.github.com/repos/gaocegege/CompilerLab/git/blobs{/sha}"],
    "git_tags_url": ["https://api.github.com/repos/gaocegege/CompilerLab/git/tags{/sha}"],
    "git_refs_url": ["https://api.github.com/repos/gaocegege/CompilerLab/git/refs{/sha}"],
    "trees_url": ["https://api.github.com/repos/gaocegege/CompilerLab/git/trees{/sha}"],
    "statuses_url": ["https://api.github.com/repos/gaocegege/CompilerLab/statuses/{sha}"],
    "languages_url": ["https://api.github.com/repos/gaocegege/CompilerLab/languages"],
    "stargazers_url": ["https://api.github.com/repos/gaocegege/CompilerLab/stargazers"],
    "contributors_url": ["https://api.github.com/repos/gaocegege/CompilerLab/contributors"],
    "subscribers_url": ["https://api.github.com/repos/gaocegege/CompilerLab/subscribers"],
    "subscription_url": ["https://api.github.com/repos/gaocegege/CompilerLab/subscription"],
    "commits_url": ["https://api.github.com/repos/gaocegege/CompilerLab/commits{/sha}"],
    "git_commits_url": ["https://api.github.com/repos/gaocegege/CompilerLab/git/commits{/sha}"],
    "comments_url": ["https://api.github.com/repos/gaocegege/CompilerLab/comments{/number}"],
    "issue_comment_url": ["https://api.github.com/repos/gaocegege/CompilerLab/issues/comments{/number}"],
    "contents_url": ["https://api.github.com/repos/gaocegege/CompilerLab/contents/{+path}"],
    "compare_url": ["https://api.github.com/repos/gaocegege/CompilerLab/compare/{base}...{head}"],
    "merges_url": ["https://api.github.com/repos/gaocegege/CompilerLab/merges"],
    "archive_url": ["https://api.github.com/repos/gaocegege/CompilerLab/{archive_format}{/ref}"],
    "downloads_url": ["https://api.github.com/repos/gaocegege/CompilerLab/downloads"],
    "issues_url": ["https://api.github.com/repos/gaocegege/CompilerLab/issues{/number}"],
    "pulls_url": ["https://api.github.com/repos/gaocegege/CompilerLab/pulls{/number}"],
    "milestones_url": ["https://api.github.com/repos/gaocegege/CompilerLab/milestones{/number}"],
    "notifications_url": ["https://api.github.com/repos/gaocegege/CompilerLab/notifications{?since,all,participating}"],
    "labels_url": ["https://api.github.com/repos/gaocegege/CompilerLab/labels{/name}"],
    "releases_url": ["https://api.github.com/repos/gaocegege/CompilerLab/releases{/id}"],
    "deployments_url": ["https://api.github.com/repos/gaocegege/CompilerLab/deployments"],
    "created_at": ["2014-11-02T03:10:10Z"],
    "updated_at": ["2019-03-18T14:21:48Z"],
    "pushed_at": ["2015-11-11T03:10:14Z"],
    "git_url": ["git://github.com/gaocegege/CompilerLab.git"],
    "ssh_url": ["git@github.com:gaocegege/CompilerLab.git"],
    "clone_url": ["https://github.com/gaocegege/CompilerLab.git"],
    "svn_url": ["https://github.com/gaocegege/CompilerLab"],
    "homepage": ["http://gaocegege.com/CompilerLab/"],
    "size": [5296],
    "stargazers_count": [11],
    "watchers_count": [11],
    "language": ["C++"],
    "has_issues": [true],
    "has_projects": [true],
    "has_downloads": [true],
    "has_wiki": [true],
    "has_pages": [true],
    "forks_count": [3],
    "mirror_url": {},
    "archived": [false],
    "open_issues_count": [0],
    "license": {},
    "forks": [3],
    "open_issues": [0],
    "watchers": [11],
    "default_branch": ["master"],
    "permissions": {
      "admin": [false],
      "push": [false],
      "pull": [true]
    }
  }
]
