[
  {
    "id": [162237491],
    "node_id": ["MDEwOlJlcG9zaXRvcnkxNjIyMzc0OTE="],
    "name": ["gommon"],
    "full_name": ["gaocegege/gommon"],
    "private": [false],
    "owner": {
      "login": ["gaocegege"],
      "id": [5100735],
      "node_id": ["MDQ6VXNlcjUxMDA3MzU="],
      "avatar_url": ["https://avatars3.githubusercontent.com/u/5100735?v=4"],
      "gravatar_id": [""],
      "url": ["https://api.github.com/users/gaocegege"],
      "html_url": ["https://github.com/gaocegege"],
      "followers_url": ["https://api.github.com/users/gaocegege/followers"],
      "following_url": ["https://api.github.com/users/gaocegege/following{/other_user}"],
      "gists_url": ["https://api.github.com/users/gaocegege/gists{/gist_id}"],
      "starred_url": ["https://api.github.com/users/gaocegege/starred{/owner}{/repo}"],
      "subscriptions_url": ["https://api.github.com/users/gaocegege/subscriptions"],
      "organizations_url": ["https://api.github.com/users/gaocegege/orgs"],
      "repos_url": ["https://api.github.com/users/gaocegege/repos"],
      "events_url": ["https://api.github.com/users/gaocegege/events{/privacy}"],
      "received_events_url": ["https://api.github.com/users/gaocegege/received_events"],
      "type": ["User"],
      "site_admin": [false]
    },
    "html_url": ["https://github.com/gaocegege/gommon"],
    "description": ["A collection of common util libraries for Go"],
    "fork": [true],
    "url": ["https://api.github.com/repos/gaocegege/gommon"],
    "forks_url": ["https://api.github.com/repos/gaocegege/gommon/forks"],
    "keys_url": ["https://api.github.com/repos/gaocegege/gommon/keys{/key_id}"],
    "collaborators_url": ["https://api.github.com/repos/gaocegege/gommon/collaborators{/collaborator}"],
    "teams_url": ["https://api.github.com/repos/gaocegege/gommon/teams"],
    "hooks_url": ["https://api.github.com/repos/gaocegege/gommon/hooks"],
    "issue_events_url": ["https://api.github.com/repos/gaocegege/gommon/issues/events{/number}"],
    "events_url": ["https://api.github.com/repos/gaocegege/gommon/events"],
    "assignees_url": ["https://api.github.com/repos/gaocegege/gommon/assignees{/user}"],
    "branches_url": ["https://api.github.com/repos/gaocegege/gommon/branches{/branch}"],
    "tags_url": ["https://api.github.com/repos/gaocegege/gommon/tags"],
    "blobs_url": ["https://api.github.com/repos/gaocegege/gommon/git/blobs{/sha}"],
    "git_tags_url": ["https://api.github.com/repos/gaocegege/gommon/git/tags{/sha}"],
    "git_refs_url": ["https://api.github.com/repos/gaocegege/gommon/git/refs{/sha}"],
    "trees_url": ["https://api.github.com/repos/gaocegege/gommon/git/trees{/sha}"],
    "statuses_url": ["https://api.github.com/repos/gaocegege/gommon/statuses/{sha}"],
    "languages_url": ["https://api.github.com/repos/gaocegege/gommon/languages"],
    "stargazers_url": ["https://api.github.com/repos/gaocegege/gommon/stargazers"],
    "contributors_url": ["https://api.github.com/repos/gaocegege/gommon/contributors"],
    "subscribers_url": ["https://api.github.com/repos/gaocegege/gommon/subscribers"],
    "subscription_url": ["https://api.github.com/repos/gaocegege/gommon/subscription"],
    "commits_url": ["https://api.github.com/repos/gaocegege/gommon/commits{/sha}"],
    "git_commits_url": ["https://api.github.com/repos/gaocegege/gommon/git/commits{/sha}"],
    "comments_url": ["https://api.github.com/repos/gaocegege/gommon/comments{/number}"],
    "issue_comment_url": ["https://api.github.com/repos/gaocegege/gommon/issues/comments{/number}"],
    "contents_url": ["https://api.github.com/repos/gaocegege/gommon/contents/{+path}"],
    "compare_url": ["https://api.github.com/repos/gaocegege/gommon/compare/{base}...{head}"],
    "merges_url": ["https://api.github.com/repos/gaocegege/gommon/merges"],
    "archive_url": ["https://api.github.com/repos/gaocegege/gommon/{archive_format}{/ref}"],
    "downloads_url": ["https://api.github.com/repos/gaocegege/gommon/downloads"],
    "issues_url": ["https://api.github.com/repos/gaocegege/gommon/issues{/number}"],
    "pulls_url": ["https://api.github.com/repos/gaocegege/gommon/pulls{/number}"],
    "milestones_url": ["https://api.github.com/repos/gaocegege/gommon/milestones{/number}"],
    "notifications_url": ["https://api.github.com/repos/gaocegege/gommon/notifications{?since,all,participating}"],
    "labels_url": ["https://api.github.com/repos/gaocegege/gommon/labels{/name}"],
    "releases_url": ["https://api.github.com/repos/gaocegege/gommon/releases{/id}"],
    "deployments_url": ["https://api.github.com/repos/gaocegege/gommon/deployments"],
    "created_at": ["2018-12-18T05:56:45Z"],
    "updated_at": ["2018-12-18T05:56:48Z"],
    "pushed_at": ["2018-12-17T09:20:12Z"],
    "git_url": ["git://github.com/gaocegege/gommon.git"],
    "ssh_url": ["git@github.com:gaocegege/gommon.git"],
    "clone_url": ["https://github.com/gaocegege/gommon.git"],
    "svn_url": ["https://github.com/gaocegege/gommon"],
    "homepage": [""],
    "size": [741],
    "stargazers_count": [0],
    "watchers_count": [0],
    "language": ["Go"],
    "has_issues": [false],
    "has_projects": [true],
    "has_downloads": [true],
    "has_wiki": [false],
    "has_pages": [false],
    "forks_count": [0],
    "mirror_url": {},
    "archived": [false],
    "open_issues_count": [0],
    "license": {
      "key": ["mit"],
      "name": ["MIT License"],
      "spdx_id": ["MIT"],
      "url": ["https://api.github.com/licenses/mit"],
      "node_id": ["MDc6TGljZW5zZTEz"]
    },
    "forks": [0],
    "open_issues": [0],
    "watchers": [0],
    "default_branch": ["master"],
    "permissions": {
      "admin": [false],
      "push": [false],
      "pull": [true]
    }
  }
]
