[
  {
    "id": [64632822],
    "node_id": ["MDEwOlJlcG9zaXRvcnk2NDYzMjgyMg=="],
    "name": ["Dapper-translation"],
    "full_name": ["gaocegege/Dapper-translation"],
    "private": [false],
    "owner": {
      "login": ["gaocegege"],
      "id": [5100735],
      "node_id": ["MDQ6VXNlcjUxMDA3MzU="],
      "avatar_url": ["https://avatars3.githubusercontent.com/u/5100735?v=4"],
      "gravatar_id": [""],
      "url": ["https://api.github.com/users/gaocegege"],
      "html_url": ["https://github.com/gaocegege"],
      "followers_url": ["https://api.github.com/users/gaocegege/followers"],
      "following_url": ["https://api.github.com/users/gaocegege/following{/other_user}"],
      "gists_url": ["https://api.github.com/users/gaocegege/gists{/gist_id}"],
      "starred_url": ["https://api.github.com/users/gaocegege/starred{/owner}{/repo}"],
      "subscriptions_url": ["https://api.github.com/users/gaocegege/subscriptions"],
      "organizations_url": ["https://api.github.com/users/gaocegege/orgs"],
      "repos_url": ["https://api.github.com/users/gaocegege/repos"],
      "events_url": ["https://api.github.com/users/gaocegege/events{/privacy}"],
      "received_events_url": ["https://api.github.com/users/gaocegege/received_events"],
      "type": ["User"],
      "site_admin": [false]
    },
    "html_url": ["https://github.com/gaocegege/Dapper-translation"],
    "description": ["translate the paper of \"Dapper, a Large-Scale Distributed Systems Tracing Infrastructure\""],
    "fork": [true],
    "url": ["https://api.github.com/repos/gaocegege/Dapper-translation"],
    "forks_url": ["https://api.github.com/repos/gaocegege/Dapper-translation/forks"],
    "keys_url": ["https://api.github.com/repos/gaocegege/Dapper-translation/keys{/key_id}"],
    "collaborators_url": ["https://api.github.com/repos/gaocegege/Dapper-translation/collaborators{/collaborator}"],
    "teams_url": ["https://api.github.com/repos/gaocegege/Dapper-translation/teams"],
    "hooks_url": ["https://api.github.com/repos/gaocegege/Dapper-translation/hooks"],
    "issue_events_url": ["https://api.github.com/repos/gaocegege/Dapper-translation/issues/events{/number}"],
    "events_url": ["https://api.github.com/repos/gaocegege/Dapper-translation/events"],
    "assignees_url": ["https://api.github.com/repos/gaocegege/Dapper-translation/assignees{/user}"],
    "branches_url": ["https://api.github.com/repos/gaocegege/Dapper-translation/branches{/branch}"],
    "tags_url": ["https://api.github.com/repos/gaocegege/Dapper-translation/tags"],
    "blobs_url": ["https://api.github.com/repos/gaocegege/Dapper-translation/git/blobs{/sha}"],
    "git_tags_url": ["https://api.github.com/repos/gaocegege/Dapper-translation/git/tags{/sha}"],
    "git_refs_url": ["https://api.github.com/repos/gaocegege/Dapper-translation/git/refs{/sha}"],
    "trees_url": ["https://api.github.com/repos/gaocegege/Dapper-translation/git/trees{/sha}"],
    "statuses_url": ["https://api.github.com/repos/gaocegege/Dapper-translation/statuses/{sha}"],
    "languages_url": ["https://api.github.com/repos/gaocegege/Dapper-translation/languages"],
    "stargazers_url": ["https://api.github.com/repos/gaocegege/Dapper-translation/stargazers"],
    "contributors_url": ["https://api.github.com/repos/gaocegege/Dapper-translation/contributors"],
    "subscribers_url": ["https://api.github.com/repos/gaocegege/Dapper-translation/subscribers"],
    "subscription_url": ["https://api.github.com/repos/gaocegege/Dapper-translation/subscription"],
    "commits_url": ["https://api.github.com/repos/gaocegege/Dapper-translation/commits{/sha}"],
    "git_commits_url": ["https://api.github.com/repos/gaocegege/Dapper-translation/git/commits{/sha}"],
    "comments_url": ["https://api.github.com/repos/gaocegege/Dapper-translation/comments{/number}"],
    "issue_comment_url": ["https://api.github.com/repos/gaocegege/Dapper-translation/issues/comments{/number}"],
    "contents_url": ["https://api.github.com/repos/gaocegege/Dapper-translation/contents/{+path}"],
    "compare_url": ["https://api.github.com/repos/gaocegege/Dapper-translation/compare/{base}...{head}"],
    "merges_url": ["https://api.github.com/repos/gaocegege/Dapper-translation/merges"],
    "archive_url": ["https://api.github.com/repos/gaocegege/Dapper-translation/{archive_format}{/ref}"],
    "downloads_url": ["https://api.github.com/repos/gaocegege/Dapper-translation/downloads"],
    "issues_url": ["https://api.github.com/repos/gaocegege/Dapper-translation/issues{/number}"],
    "pulls_url": ["https://api.github.com/repos/gaocegege/Dapper-translation/pulls{/number}"],
    "milestones_url": ["https://api.github.com/repos/gaocegege/Dapper-translation/milestones{/number}"],
    "notifications_url": ["https://api.github.com/repos/gaocegege/Dapper-translation/notifications{?since,all,participating}"],
    "labels_url": ["https://api.github.com/repos/gaocegege/Dapper-translation/labels{/name}"],
    "releases_url": ["https://api.github.com/repos/gaocegege/Dapper-translation/releases{/id}"],
    "deployments_url": ["https://api.github.com/repos/gaocegege/Dapper-translation/deployments"],
    "created_at": ["2016-08-01T03:26:56Z"],
    "updated_at": ["2016-08-01T02:07:30Z"],
    "pushed_at": ["2017-05-01T11:42:39Z"],
    "git_url": ["git://github.com/gaocegege/Dapper-translation.git"],
    "ssh_url": ["git@github.com:gaocegege/Dapper-translation.git"],
    "clone_url": ["https://github.com/gaocegege/Dapper-translation.git"],
    "svn_url": ["https://github.com/gaocegege/Dapper-translation"],
    "homepage": ["http://bigbully.github.com/Dapper-translation"],
    "size": [4892],
    "stargazers_count": [0],
    "watchers_count": [0],
    "language": {},
    "has_issues": [false],
    "has_projects": [true],
    "has_downloads": [true],
    "has_wiki": [true],
    "has_pages": [false],
    "forks_count": [0],
    "mirror_url": {},
    "archived": [false],
    "open_issues_count": [0],
    "license": {},
    "forks": [0],
    "open_issues": [0],
    "watchers": [0],
    "default_branch": ["master"],
    "permissions": {
      "admin": [false],
      "push": [false],
      "pull": [true]
    }
  }
]
