[
  {
    "id": [58343921],
    "node_id": ["MDEwOlJlcG9zaXRvcnk1ODM0MzkyMQ=="],
    "name": ["api-blueprint-docker"],
    "full_name": ["gaocegege/api-blueprint-docker"],
    "private": [false],
    "owner": {
      "login": ["gaocegege"],
      "id": [5100735],
      "node_id": ["MDQ6VXNlcjUxMDA3MzU="],
      "avatar_url": ["https://avatars3.githubusercontent.com/u/5100735?v=4"],
      "gravatar_id": [""],
      "url": ["https://api.github.com/users/gaocegege"],
      "html_url": ["https://github.com/gaocegege"],
      "followers_url": ["https://api.github.com/users/gaocegege/followers"],
      "following_url": ["https://api.github.com/users/gaocegege/following{/other_user}"],
      "gists_url": ["https://api.github.com/users/gaocegege/gists{/gist_id}"],
      "starred_url": ["https://api.github.com/users/gaocegege/starred{/owner}{/repo}"],
      "subscriptions_url": ["https://api.github.com/users/gaocegege/subscriptions"],
      "organizations_url": ["https://api.github.com/users/gaocegege/orgs"],
      "repos_url": ["https://api.github.com/users/gaocegege/repos"],
      "events_url": ["https://api.github.com/users/gaocegege/events{/privacy}"],
      "received_events_url": ["https://api.github.com/users/gaocegege/received_events"],
      "type": ["User"],
      "site_admin": [false]
    },
    "html_url": ["https://github.com/gaocegege/api-blueprint-docker"],
    "description": {},
    "fork": [true],
    "url": ["https://api.github.com/repos/gaocegege/api-blueprint-docker"],
    "forks_url": ["https://api.github.com/repos/gaocegege/api-blueprint-docker/forks"],
    "keys_url": ["https://api.github.com/repos/gaocegege/api-blueprint-docker/keys{/key_id}"],
    "collaborators_url": ["https://api.github.com/repos/gaocegege/api-blueprint-docker/collaborators{/collaborator}"],
    "teams_url": ["https://api.github.com/repos/gaocegege/api-blueprint-docker/teams"],
    "hooks_url": ["https://api.github.com/repos/gaocegege/api-blueprint-docker/hooks"],
    "issue_events_url": ["https://api.github.com/repos/gaocegege/api-blueprint-docker/issues/events{/number}"],
    "events_url": ["https://api.github.com/repos/gaocegege/api-blueprint-docker/events"],
    "assignees_url": ["https://api.github.com/repos/gaocegege/api-blueprint-docker/assignees{/user}"],
    "branches_url": ["https://api.github.com/repos/gaocegege/api-blueprint-docker/branches{/branch}"],
    "tags_url": ["https://api.github.com/repos/gaocegege/api-blueprint-docker/tags"],
    "blobs_url": ["https://api.github.com/repos/gaocegege/api-blueprint-docker/git/blobs{/sha}"],
    "git_tags_url": ["https://api.github.com/repos/gaocegege/api-blueprint-docker/git/tags{/sha}"],
    "git_refs_url": ["https://api.github.com/repos/gaocegege/api-blueprint-docker/git/refs{/sha}"],
    "trees_url": ["https://api.github.com/repos/gaocegege/api-blueprint-docker/git/trees{/sha}"],
    "statuses_url": ["https://api.github.com/repos/gaocegege/api-blueprint-docker/statuses/{sha}"],
    "languages_url": ["https://api.github.com/repos/gaocegege/api-blueprint-docker/languages"],
    "stargazers_url": ["https://api.github.com/repos/gaocegege/api-blueprint-docker/stargazers"],
    "contributors_url": ["https://api.github.com/repos/gaocegege/api-blueprint-docker/contributors"],
    "subscribers_url": ["https://api.github.com/repos/gaocegege/api-blueprint-docker/subscribers"],
    "subscription_url": ["https://api.github.com/repos/gaocegege/api-blueprint-docker/subscription"],
    "commits_url": ["https://api.github.com/repos/gaocegege/api-blueprint-docker/commits{/sha}"],
    "git_commits_url": ["https://api.github.com/repos/gaocegege/api-blueprint-docker/git/commits{/sha}"],
    "comments_url": ["https://api.github.com/repos/gaocegege/api-blueprint-docker/comments{/number}"],
    "issue_comment_url": ["https://api.github.com/repos/gaocegege/api-blueprint-docker/issues/comments{/number}"],
    "contents_url": ["https://api.github.com/repos/gaocegege/api-blueprint-docker/contents/{+path}"],
    "compare_url": ["https://api.github.com/repos/gaocegege/api-blueprint-docker/compare/{base}...{head}"],
    "merges_url": ["https://api.github.com/repos/gaocegege/api-blueprint-docker/merges"],
    "archive_url": ["https://api.github.com/repos/gaocegege/api-blueprint-docker/{archive_format}{/ref}"],
    "downloads_url": ["https://api.github.com/repos/gaocegege/api-blueprint-docker/downloads"],
    "issues_url": ["https://api.github.com/repos/gaocegege/api-blueprint-docker/issues{/number}"],
    "pulls_url": ["https://api.github.com/repos/gaocegege/api-blueprint-docker/pulls{/number}"],
    "milestones_url": ["https://api.github.com/repos/gaocegege/api-blueprint-docker/milestones{/number}"],
    "notifications_url": ["https://api.github.com/repos/gaocegege/api-blueprint-docker/notifications{?since,all,participating}"],
    "labels_url": ["https://api.github.com/repos/gaocegege/api-blueprint-docker/labels{/name}"],
    "releases_url": ["https://api.github.com/repos/gaocegege/api-blueprint-docker/releases{/id}"],
    "deployments_url": ["https://api.github.com/repos/gaocegege/api-blueprint-docker/deployments"],
    "created_at": ["2016-05-09T02:47:39Z"],
    "updated_at": ["2016-05-09T02:47:40Z"],
    "pushed_at": ["2016-05-09T02:46:56Z"],
    "git_url": ["git://github.com/gaocegege/api-blueprint-docker.git"],
    "ssh_url": ["git@github.com:gaocegege/api-blueprint-docker.git"],
    "clone_url": ["https://github.com/gaocegege/api-blueprint-docker.git"],
    "svn_url": ["https://github.com/gaocegege/api-blueprint-docker"],
    "homepage": {},
    "size": [107],
    "stargazers_count": [0],
    "watchers_count": [0],
    "language": ["JavaScript"],
    "has_issues": [false],
    "has_projects": [true],
    "has_downloads": [true],
    "has_wiki": [true],
    "has_pages": [false],
    "forks_count": [0],
    "mirror_url": {},
    "archived": [false],
    "open_issues_count": [0],
    "license": {},
    "forks": [0],
    "open_issues": [0],
    "watchers": [0],
    "default_branch": ["master"],
    "permissions": {
      "admin": [false],
      "push": [false],
      "pull": [true]
    }
  }
]
