[
  {
    "id": [119465212],
    "node_id": ["MDEwOlJlcG9zaXRvcnkxMTk0NjUyMTI="],
    "name": ["kubeflow"],
    "full_name": ["gaocegege/kubeflow"],
    "private": [false],
    "owner": {
      "login": ["gaocegege"],
      "id": [5100735],
      "node_id": ["MDQ6VXNlcjUxMDA3MzU="],
      "avatar_url": ["https://avatars3.githubusercontent.com/u/5100735?v=4"],
      "gravatar_id": [""],
      "url": ["https://api.github.com/users/gaocegege"],
      "html_url": ["https://github.com/gaocegege"],
      "followers_url": ["https://api.github.com/users/gaocegege/followers"],
      "following_url": ["https://api.github.com/users/gaocegege/following{/other_user}"],
      "gists_url": ["https://api.github.com/users/gaocegege/gists{/gist_id}"],
      "starred_url": ["https://api.github.com/users/gaocegege/starred{/owner}{/repo}"],
      "subscriptions_url": ["https://api.github.com/users/gaocegege/subscriptions"],
      "organizations_url": ["https://api.github.com/users/gaocegege/orgs"],
      "repos_url": ["https://api.github.com/users/gaocegege/repos"],
      "events_url": ["https://api.github.com/users/gaocegege/events{/privacy}"],
      "received_events_url": ["https://api.github.com/users/gaocegege/received_events"],
      "type": ["User"],
      "site_admin": [false]
    },
    "html_url": ["https://github.com/gaocegege/kubeflow"],
    "description": ["Machine Learning Toolkit for Kubernetes"],
    "fork": [true],
    "url": ["https://api.github.com/repos/gaocegege/kubeflow"],
    "forks_url": ["https://api.github.com/repos/gaocegege/kubeflow/forks"],
    "keys_url": ["https://api.github.com/repos/gaocegege/kubeflow/keys{/key_id}"],
    "collaborators_url": ["https://api.github.com/repos/gaocegege/kubeflow/collaborators{/collaborator}"],
    "teams_url": ["https://api.github.com/repos/gaocegege/kubeflow/teams"],
    "hooks_url": ["https://api.github.com/repos/gaocegege/kubeflow/hooks"],
    "issue_events_url": ["https://api.github.com/repos/gaocegege/kubeflow/issues/events{/number}"],
    "events_url": ["https://api.github.com/repos/gaocegege/kubeflow/events"],
    "assignees_url": ["https://api.github.com/repos/gaocegege/kubeflow/assignees{/user}"],
    "branches_url": ["https://api.github.com/repos/gaocegege/kubeflow/branches{/branch}"],
    "tags_url": ["https://api.github.com/repos/gaocegege/kubeflow/tags"],
    "blobs_url": ["https://api.github.com/repos/gaocegege/kubeflow/git/blobs{/sha}"],
    "git_tags_url": ["https://api.github.com/repos/gaocegege/kubeflow/git/tags{/sha}"],
    "git_refs_url": ["https://api.github.com/repos/gaocegege/kubeflow/git/refs{/sha}"],
    "trees_url": ["https://api.github.com/repos/gaocegege/kubeflow/git/trees{/sha}"],
    "statuses_url": ["https://api.github.com/repos/gaocegege/kubeflow/statuses/{sha}"],
    "languages_url": ["https://api.github.com/repos/gaocegege/kubeflow/languages"],
    "stargazers_url": ["https://api.github.com/repos/gaocegege/kubeflow/stargazers"],
    "contributors_url": ["https://api.github.com/repos/gaocegege/kubeflow/contributors"],
    "subscribers_url": ["https://api.github.com/repos/gaocegege/kubeflow/subscribers"],
    "subscription_url": ["https://api.github.com/repos/gaocegege/kubeflow/subscription"],
    "commits_url": ["https://api.github.com/repos/gaocegege/kubeflow/commits{/sha}"],
    "git_commits_url": ["https://api.github.com/repos/gaocegege/kubeflow/git/commits{/sha}"],
    "comments_url": ["https://api.github.com/repos/gaocegege/kubeflow/comments{/number}"],
    "issue_comment_url": ["https://api.github.com/repos/gaocegege/kubeflow/issues/comments{/number}"],
    "contents_url": ["https://api.github.com/repos/gaocegege/kubeflow/contents/{+path}"],
    "compare_url": ["https://api.github.com/repos/gaocegege/kubeflow/compare/{base}...{head}"],
    "merges_url": ["https://api.github.com/repos/gaocegege/kubeflow/merges"],
    "archive_url": ["https://api.github.com/repos/gaocegege/kubeflow/{archive_format}{/ref}"],
    "downloads_url": ["https://api.github.com/repos/gaocegege/kubeflow/downloads"],
    "issues_url": ["https://api.github.com/repos/gaocegege/kubeflow/issues{/number}"],
    "pulls_url": ["https://api.github.com/repos/gaocegege/kubeflow/pulls{/number}"],
    "milestones_url": ["https://api.github.com/repos/gaocegege/kubeflow/milestones{/number}"],
    "notifications_url": ["https://api.github.com/repos/gaocegege/kubeflow/notifications{?since,all,participating}"],
    "labels_url": ["https://api.github.com/repos/gaocegege/kubeflow/labels{/name}"],
    "releases_url": ["https://api.github.com/repos/gaocegege/kubeflow/releases{/id}"],
    "deployments_url": ["https://api.github.com/repos/gaocegege/kubeflow/deployments"],
    "created_at": ["2018-01-30T01:31:58Z"],
    "updated_at": ["2018-01-30T01:31:59Z"],
    "pushed_at": ["2018-06-04T06:28:55Z"],
    "git_url": ["git://github.com/gaocegege/kubeflow.git"],
    "ssh_url": ["git@github.com:gaocegege/kubeflow.git"],
    "clone_url": ["https://github.com/gaocegege/kubeflow.git"],
    "svn_url": ["https://github.com/gaocegege/kubeflow"],
    "homepage": [""],
    "size": [121068],
    "stargazers_count": [0],
    "watchers_count": [0],
    "language": ["Python"],
    "has_issues": [false],
    "has_projects": [true],
    "has_downloads": [false],
    "has_wiki": [true],
    "has_pages": [false],
    "forks_count": [0],
    "mirror_url": {},
    "archived": [false],
    "open_issues_count": [0],
    "license": {
      "key": ["apache-2.0"],
      "name": ["Apache License 2.0"],
      "spdx_id": ["Apache-2.0"],
      "url": ["https://api.github.com/licenses/apache-2.0"],
      "node_id": ["MDc6TGljZW5zZTI="]
    },
    "forks": [0],
    "open_issues": [0],
    "watchers": [0],
    "default_branch": ["master"],
    "permissions": {
      "admin": [false],
      "push": [false],
      "pull": [true]
    }
  }
]
