[
  {
    "id": [162237456],
    "node_id": ["MDEwOlJlcG9zaXRvcnkxNjIyMzc0NTY="],
    "name": ["go.ice"],
    "full_name": ["gaocegege/go.ice"],
    "private": [false],
    "owner": {
      "login": ["gaocegege"],
      "id": [5100735],
      "node_id": ["MDQ6VXNlcjUxMDA3MzU="],
      "avatar_url": ["https://avatars3.githubusercontent.com/u/5100735?v=4"],
      "gravatar_id": [""],
      "url": ["https://api.github.com/users/gaocegege"],
      "html_url": ["https://github.com/gaocegege"],
      "followers_url": ["https://api.github.com/users/gaocegege/followers"],
      "following_url": ["https://api.github.com/users/gaocegege/following{/other_user}"],
      "gists_url": ["https://api.github.com/users/gaocegege/gists{/gist_id}"],
      "starred_url": ["https://api.github.com/users/gaocegege/starred{/owner}{/repo}"],
      "subscriptions_url": ["https://api.github.com/users/gaocegege/subscriptions"],
      "organizations_url": ["https://api.github.com/users/gaocegege/orgs"],
      "repos_url": ["https://api.github.com/users/gaocegege/repos"],
      "events_url": ["https://api.github.com/users/gaocegege/events{/privacy}"],
      "received_events_url": ["https://api.github.com/users/gaocegege/received_events"],
      "type": ["User"],
      "site_admin": [false]
    },
    "html_url": ["https://github.com/gaocegege/go.ice"],
    "description": ["A server application toolkit with profiling in mind"],
    "fork": [true],
    "url": ["https://api.github.com/repos/gaocegege/go.ice"],
    "forks_url": ["https://api.github.com/repos/gaocegege/go.ice/forks"],
    "keys_url": ["https://api.github.com/repos/gaocegege/go.ice/keys{/key_id}"],
    "collaborators_url": ["https://api.github.com/repos/gaocegege/go.ice/collaborators{/collaborator}"],
    "teams_url": ["https://api.github.com/repos/gaocegege/go.ice/teams"],
    "hooks_url": ["https://api.github.com/repos/gaocegege/go.ice/hooks"],
    "issue_events_url": ["https://api.github.com/repos/gaocegege/go.ice/issues/events{/number}"],
    "events_url": ["https://api.github.com/repos/gaocegege/go.ice/events"],
    "assignees_url": ["https://api.github.com/repos/gaocegege/go.ice/assignees{/user}"],
    "branches_url": ["https://api.github.com/repos/gaocegege/go.ice/branches{/branch}"],
    "tags_url": ["https://api.github.com/repos/gaocegege/go.ice/tags"],
    "blobs_url": ["https://api.github.com/repos/gaocegege/go.ice/git/blobs{/sha}"],
    "git_tags_url": ["https://api.github.com/repos/gaocegege/go.ice/git/tags{/sha}"],
    "git_refs_url": ["https://api.github.com/repos/gaocegege/go.ice/git/refs{/sha}"],
    "trees_url": ["https://api.github.com/repos/gaocegege/go.ice/git/trees{/sha}"],
    "statuses_url": ["https://api.github.com/repos/gaocegege/go.ice/statuses/{sha}"],
    "languages_url": ["https://api.github.com/repos/gaocegege/go.ice/languages"],
    "stargazers_url": ["https://api.github.com/repos/gaocegege/go.ice/stargazers"],
    "contributors_url": ["https://api.github.com/repos/gaocegege/go.ice/contributors"],
    "subscribers_url": ["https://api.github.com/repos/gaocegege/go.ice/subscribers"],
    "subscription_url": ["https://api.github.com/repos/gaocegege/go.ice/subscription"],
    "commits_url": ["https://api.github.com/repos/gaocegege/go.ice/commits{/sha}"],
    "git_commits_url": ["https://api.github.com/repos/gaocegege/go.ice/git/commits{/sha}"],
    "comments_url": ["https://api.github.com/repos/gaocegege/go.ice/comments{/number}"],
    "issue_comment_url": ["https://api.github.com/repos/gaocegege/go.ice/issues/comments{/number}"],
    "contents_url": ["https://api.github.com/repos/gaocegege/go.ice/contents/{+path}"],
    "compare_url": ["https://api.github.com/repos/gaocegege/go.ice/compare/{base}...{head}"],
    "merges_url": ["https://api.github.com/repos/gaocegege/go.ice/merges"],
    "archive_url": ["https://api.github.com/repos/gaocegege/go.ice/{archive_format}{/ref}"],
    "downloads_url": ["https://api.github.com/repos/gaocegege/go.ice/downloads"],
    "issues_url": ["https://api.github.com/repos/gaocegege/go.ice/issues{/number}"],
    "pulls_url": ["https://api.github.com/repos/gaocegege/go.ice/pulls{/number}"],
    "milestones_url": ["https://api.github.com/repos/gaocegege/go.ice/milestones{/number}"],
    "notifications_url": ["https://api.github.com/repos/gaocegege/go.ice/notifications{?since,all,participating}"],
    "labels_url": ["https://api.github.com/repos/gaocegege/go.ice/labels{/name}"],
    "releases_url": ["https://api.github.com/repos/gaocegege/go.ice/releases{/id}"],
    "deployments_url": ["https://api.github.com/repos/gaocegege/go.ice/deployments"],
    "created_at": ["2018-12-18T05:56:30Z"],
    "updated_at": ["2018-12-18T05:56:32Z"],
    "pushed_at": ["2018-12-16T04:46:19Z"],
    "git_url": ["git://github.com/gaocegege/go.ice.git"],
    "ssh_url": ["git@github.com:gaocegege/go.ice.git"],
    "clone_url": ["https://github.com/gaocegege/go.ice.git"],
    "svn_url": ["https://github.com/gaocegege/go.ice"],
    "homepage": [""],
    "size": [304],
    "stargazers_count": [0],
    "watchers_count": [0],
    "language": ["Go"],
    "has_issues": [false],
    "has_projects": [true],
    "has_downloads": [true],
    "has_wiki": [true],
    "has_pages": [false],
    "forks_count": [0],
    "mirror_url": {},
    "archived": [false],
    "open_issues_count": [0],
    "license": {
      "key": ["mit"],
      "name": ["MIT License"],
      "spdx_id": ["MIT"],
      "url": ["https://api.github.com/licenses/mit"],
      "node_id": ["MDc6TGljZW5zZTEz"]
    },
    "forks": [0],
    "open_issues": [0],
    "watchers": [0],
    "default_branch": ["master"],
    "permissions": {
      "admin": [false],
      "push": [false],
      "pull": [true]
    }
  }
]
