[
  {
    "id": [163404793],
    "node_id": ["MDEwOlJlcG9zaXRvcnkxNjM0MDQ3OTM="],
    "name": ["influxdb"],
    "full_name": ["gaocegege/influxdb"],
    "private": [false],
    "owner": {
      "login": ["gaocegege"],
      "id": [5100735],
      "node_id": ["MDQ6VXNlcjUxMDA3MzU="],
      "avatar_url": ["https://avatars3.githubusercontent.com/u/5100735?v=4"],
      "gravatar_id": [""],
      "url": ["https://api.github.com/users/gaocegege"],
      "html_url": ["https://github.com/gaocegege"],
      "followers_url": ["https://api.github.com/users/gaocegege/followers"],
      "following_url": ["https://api.github.com/users/gaocegege/following{/other_user}"],
      "gists_url": ["https://api.github.com/users/gaocegege/gists{/gist_id}"],
      "starred_url": ["https://api.github.com/users/gaocegege/starred{/owner}{/repo}"],
      "subscriptions_url": ["https://api.github.com/users/gaocegege/subscriptions"],
      "organizations_url": ["https://api.github.com/users/gaocegege/orgs"],
      "repos_url": ["https://api.github.com/users/gaocegege/repos"],
      "events_url": ["https://api.github.com/users/gaocegege/events{/privacy}"],
      "received_events_url": ["https://api.github.com/users/gaocegege/received_events"],
      "type": ["User"],
      "site_admin": [false]
    },
    "html_url": ["https://github.com/gaocegege/influxdb"],
    "description": ["Scalable datastore for metrics, events, and real-time analytics"],
    "fork": [true],
    "url": ["https://api.github.com/repos/gaocegege/influxdb"],
    "forks_url": ["https://api.github.com/repos/gaocegege/influxdb/forks"],
    "keys_url": ["https://api.github.com/repos/gaocegege/influxdb/keys{/key_id}"],
    "collaborators_url": ["https://api.github.com/repos/gaocegege/influxdb/collaborators{/collaborator}"],
    "teams_url": ["https://api.github.com/repos/gaocegege/influxdb/teams"],
    "hooks_url": ["https://api.github.com/repos/gaocegege/influxdb/hooks"],
    "issue_events_url": ["https://api.github.com/repos/gaocegege/influxdb/issues/events{/number}"],
    "events_url": ["https://api.github.com/repos/gaocegege/influxdb/events"],
    "assignees_url": ["https://api.github.com/repos/gaocegege/influxdb/assignees{/user}"],
    "branches_url": ["https://api.github.com/repos/gaocegege/influxdb/branches{/branch}"],
    "tags_url": ["https://api.github.com/repos/gaocegege/influxdb/tags"],
    "blobs_url": ["https://api.github.com/repos/gaocegege/influxdb/git/blobs{/sha}"],
    "git_tags_url": ["https://api.github.com/repos/gaocegege/influxdb/git/tags{/sha}"],
    "git_refs_url": ["https://api.github.com/repos/gaocegege/influxdb/git/refs{/sha}"],
    "trees_url": ["https://api.github.com/repos/gaocegege/influxdb/git/trees{/sha}"],
    "statuses_url": ["https://api.github.com/repos/gaocegege/influxdb/statuses/{sha}"],
    "languages_url": ["https://api.github.com/repos/gaocegege/influxdb/languages"],
    "stargazers_url": ["https://api.github.com/repos/gaocegege/influxdb/stargazers"],
    "contributors_url": ["https://api.github.com/repos/gaocegege/influxdb/contributors"],
    "subscribers_url": ["https://api.github.com/repos/gaocegege/influxdb/subscribers"],
    "subscription_url": ["https://api.github.com/repos/gaocegege/influxdb/subscription"],
    "commits_url": ["https://api.github.com/repos/gaocegege/influxdb/commits{/sha}"],
    "git_commits_url": ["https://api.github.com/repos/gaocegege/influxdb/git/commits{/sha}"],
    "comments_url": ["https://api.github.com/repos/gaocegege/influxdb/comments{/number}"],
    "issue_comment_url": ["https://api.github.com/repos/gaocegege/influxdb/issues/comments{/number}"],
    "contents_url": ["https://api.github.com/repos/gaocegege/influxdb/contents/{+path}"],
    "compare_url": ["https://api.github.com/repos/gaocegege/influxdb/compare/{base}...{head}"],
    "merges_url": ["https://api.github.com/repos/gaocegege/influxdb/merges"],
    "archive_url": ["https://api.github.com/repos/gaocegege/influxdb/{archive_format}{/ref}"],
    "downloads_url": ["https://api.github.com/repos/gaocegege/influxdb/downloads"],
    "issues_url": ["https://api.github.com/repos/gaocegege/influxdb/issues{/number}"],
    "pulls_url": ["https://api.github.com/repos/gaocegege/influxdb/pulls{/number}"],
    "milestones_url": ["https://api.github.com/repos/gaocegege/influxdb/milestones{/number}"],
    "notifications_url": ["https://api.github.com/repos/gaocegege/influxdb/notifications{?since,all,participating}"],
    "labels_url": ["https://api.github.com/repos/gaocegege/influxdb/labels{/name}"],
    "releases_url": ["https://api.github.com/repos/gaocegege/influxdb/releases{/id}"],
    "deployments_url": ["https://api.github.com/repos/gaocegege/influxdb/deployments"],
    "created_at": ["2018-12-28T11:51:28Z"],
    "updated_at": ["2018-12-28T11:51:35Z"],
    "pushed_at": ["2018-12-28T11:52:26Z"],
    "git_url": ["git://github.com/gaocegege/influxdb.git"],
    "ssh_url": ["git@github.com:gaocegege/influxdb.git"],
    "clone_url": ["https://github.com/gaocegege/influxdb.git"],
    "svn_url": ["https://github.com/gaocegege/influxdb"],
    "homepage": ["https://influxdata.com"],
    "size": [68141],
    "stargazers_count": [0],
    "watchers_count": [0],
    "language": ["Go"],
    "has_issues": [false],
    "has_projects": [true],
    "has_downloads": [true],
    "has_wiki": [true],
    "has_pages": [false],
    "forks_count": [0],
    "mirror_url": {},
    "archived": [false],
    "open_issues_count": [0],
    "license": {
      "key": ["mit"],
      "name": ["MIT License"],
      "spdx_id": ["MIT"],
      "url": ["https://api.github.com/licenses/mit"],
      "node_id": ["MDc6TGljZW5zZTEz"]
    },
    "forks": [0],
    "open_issues": [0],
    "watchers": [0],
    "default_branch": ["master"],
    "permissions": {
      "admin": [false],
      "push": [false],
      "pull": [true]
    }
  }
]
