[
  {
    "id": [49711991],
    "node_id": ["MDEwOlJlcG9zaXRvcnk0OTcxMTk5MQ=="],
    "name": ["cow"],
    "full_name": ["gaocegege/cow"],
    "private": [false],
    "owner": {
      "login": ["gaocegege"],
      "id": [5100735],
      "node_id": ["MDQ6VXNlcjUxMDA3MzU="],
      "avatar_url": ["https://avatars3.githubusercontent.com/u/5100735?v=4"],
      "gravatar_id": [""],
      "url": ["https://api.github.com/users/gaocegege"],
      "html_url": ["https://github.com/gaocegege"],
      "followers_url": ["https://api.github.com/users/gaocegege/followers"],
      "following_url": ["https://api.github.com/users/gaocegege/following{/other_user}"],
      "gists_url": ["https://api.github.com/users/gaocegege/gists{/gist_id}"],
      "starred_url": ["https://api.github.com/users/gaocegege/starred{/owner}{/repo}"],
      "subscriptions_url": ["https://api.github.com/users/gaocegege/subscriptions"],
      "organizations_url": ["https://api.github.com/users/gaocegege/orgs"],
      "repos_url": ["https://api.github.com/users/gaocegege/repos"],
      "events_url": ["https://api.github.com/users/gaocegege/events{/privacy}"],
      "received_events_url": ["https://api.github.com/users/gaocegege/received_events"],
      "type": ["User"],
      "site_admin": [false]
    },
    "html_url": ["https://github.com/gaocegege/cow"],
    "description": ["HTTP proxy written in Go. COW can automatically identify blocked sites and use parent proxies to access."],
    "fork": [true],
    "url": ["https://api.github.com/repos/gaocegege/cow"],
    "forks_url": ["https://api.github.com/repos/gaocegege/cow/forks"],
    "keys_url": ["https://api.github.com/repos/gaocegege/cow/keys{/key_id}"],
    "collaborators_url": ["https://api.github.com/repos/gaocegege/cow/collaborators{/collaborator}"],
    "teams_url": ["https://api.github.com/repos/gaocegege/cow/teams"],
    "hooks_url": ["https://api.github.com/repos/gaocegege/cow/hooks"],
    "issue_events_url": ["https://api.github.com/repos/gaocegege/cow/issues/events{/number}"],
    "events_url": ["https://api.github.com/repos/gaocegege/cow/events"],
    "assignees_url": ["https://api.github.com/repos/gaocegege/cow/assignees{/user}"],
    "branches_url": ["https://api.github.com/repos/gaocegege/cow/branches{/branch}"],
    "tags_url": ["https://api.github.com/repos/gaocegege/cow/tags"],
    "blobs_url": ["https://api.github.com/repos/gaocegege/cow/git/blobs{/sha}"],
    "git_tags_url": ["https://api.github.com/repos/gaocegege/cow/git/tags{/sha}"],
    "git_refs_url": ["https://api.github.com/repos/gaocegege/cow/git/refs{/sha}"],
    "trees_url": ["https://api.github.com/repos/gaocegege/cow/git/trees{/sha}"],
    "statuses_url": ["https://api.github.com/repos/gaocegege/cow/statuses/{sha}"],
    "languages_url": ["https://api.github.com/repos/gaocegege/cow/languages"],
    "stargazers_url": ["https://api.github.com/repos/gaocegege/cow/stargazers"],
    "contributors_url": ["https://api.github.com/repos/gaocegege/cow/contributors"],
    "subscribers_url": ["https://api.github.com/repos/gaocegege/cow/subscribers"],
    "subscription_url": ["https://api.github.com/repos/gaocegege/cow/subscription"],
    "commits_url": ["https://api.github.com/repos/gaocegege/cow/commits{/sha}"],
    "git_commits_url": ["https://api.github.com/repos/gaocegege/cow/git/commits{/sha}"],
    "comments_url": ["https://api.github.com/repos/gaocegege/cow/comments{/number}"],
    "issue_comment_url": ["https://api.github.com/repos/gaocegege/cow/issues/comments{/number}"],
    "contents_url": ["https://api.github.com/repos/gaocegege/cow/contents/{+path}"],
    "compare_url": ["https://api.github.com/repos/gaocegege/cow/compare/{base}...{head}"],
    "merges_url": ["https://api.github.com/repos/gaocegege/cow/merges"],
    "archive_url": ["https://api.github.com/repos/gaocegege/cow/{archive_format}{/ref}"],
    "downloads_url": ["https://api.github.com/repos/gaocegege/cow/downloads"],
    "issues_url": ["https://api.github.com/repos/gaocegege/cow/issues{/number}"],
    "pulls_url": ["https://api.github.com/repos/gaocegege/cow/pulls{/number}"],
    "milestones_url": ["https://api.github.com/repos/gaocegege/cow/milestones{/number}"],
    "notifications_url": ["https://api.github.com/repos/gaocegege/cow/notifications{?since,all,participating}"],
    "labels_url": ["https://api.github.com/repos/gaocegege/cow/labels{/name}"],
    "releases_url": ["https://api.github.com/repos/gaocegege/cow/releases{/id}"],
    "deployments_url": ["https://api.github.com/repos/gaocegege/cow/deployments"],
    "created_at": ["2016-01-15T10:18:12Z"],
    "updated_at": ["2016-01-15T10:18:13Z"],
    "pushed_at": ["2016-01-10T21:55:20Z"],
    "git_url": ["git://github.com/gaocegege/cow.git"],
    "ssh_url": ["git@github.com:gaocegege/cow.git"],
    "clone_url": ["https://github.com/gaocegege/cow.git"],
    "svn_url": ["https://github.com/gaocegege/cow"],
    "homepage": [""],
    "size": [3615],
    "stargazers_count": [0],
    "watchers_count": [0],
    "language": ["Go"],
    "has_issues": [false],
    "has_projects": [true],
    "has_downloads": [true],
    "has_wiki": [true],
    "has_pages": [false],
    "forks_count": [1],
    "mirror_url": {},
    "archived": [false],
    "open_issues_count": [0],
    "license": {
      "key": ["bsd-2-clause"],
      "name": ["BSD 2-Clause \"Simplified\" License"],
      "spdx_id": ["BSD-2-Clause"],
      "url": ["https://api.github.com/licenses/bsd-2-clause"],
      "node_id": ["MDc6TGljZW5zZTQ="]
    },
    "forks": [1],
    "open_issues": [0],
    "watchers": [0],
    "default_branch": ["master"],
    "permissions": {
      "admin": [false],
      "push": [false],
      "pull": [true]
    }
  }
]
