[
  {
    "id": [73455035],
    "node_id": ["MDEwOlJlcG9zaXRvcnk3MzQ1NTAzNQ=="],
    "name": ["awesome-go-China"],
    "full_name": ["gaocegege/awesome-go-China"],
    "private": [false],
    "owner": {
      "login": ["gaocegege"],
      "id": [5100735],
      "node_id": ["MDQ6VXNlcjUxMDA3MzU="],
      "avatar_url": ["https://avatars3.githubusercontent.com/u/5100735?v=4"],
      "gravatar_id": [""],
      "url": ["https://api.github.com/users/gaocegege"],
      "html_url": ["https://github.com/gaocegege"],
      "followers_url": ["https://api.github.com/users/gaocegege/followers"],
      "following_url": ["https://api.github.com/users/gaocegege/following{/other_user}"],
      "gists_url": ["https://api.github.com/users/gaocegege/gists{/gist_id}"],
      "starred_url": ["https://api.github.com/users/gaocegege/starred{/owner}{/repo}"],
      "subscriptions_url": ["https://api.github.com/users/gaocegege/subscriptions"],
      "organizations_url": ["https://api.github.com/users/gaocegege/orgs"],
      "repos_url": ["https://api.github.com/users/gaocegege/repos"],
      "events_url": ["https://api.github.com/users/gaocegege/events{/privacy}"],
      "received_events_url": ["https://api.github.com/users/gaocegege/received_events"],
      "type": ["User"],
      "site_admin": [false]
    },
    "html_url": ["https://github.com/gaocegege/awesome-go-China"],
    "description": ["A curated list of awesome Go frameworks, libraries and software written by Ethnic Chinese."],
    "fork": [true],
    "url": ["https://api.github.com/repos/gaocegege/awesome-go-China"],
    "forks_url": ["https://api.github.com/repos/gaocegege/awesome-go-China/forks"],
    "keys_url": ["https://api.github.com/repos/gaocegege/awesome-go-China/keys{/key_id}"],
    "collaborators_url": ["https://api.github.com/repos/gaocegege/awesome-go-China/collaborators{/collaborator}"],
    "teams_url": ["https://api.github.com/repos/gaocegege/awesome-go-China/teams"],
    "hooks_url": ["https://api.github.com/repos/gaocegege/awesome-go-China/hooks"],
    "issue_events_url": ["https://api.github.com/repos/gaocegege/awesome-go-China/issues/events{/number}"],
    "events_url": ["https://api.github.com/repos/gaocegege/awesome-go-China/events"],
    "assignees_url": ["https://api.github.com/repos/gaocegege/awesome-go-China/assignees{/user}"],
    "branches_url": ["https://api.github.com/repos/gaocegege/awesome-go-China/branches{/branch}"],
    "tags_url": ["https://api.github.com/repos/gaocegege/awesome-go-China/tags"],
    "blobs_url": ["https://api.github.com/repos/gaocegege/awesome-go-China/git/blobs{/sha}"],
    "git_tags_url": ["https://api.github.com/repos/gaocegege/awesome-go-China/git/tags{/sha}"],
    "git_refs_url": ["https://api.github.com/repos/gaocegege/awesome-go-China/git/refs{/sha}"],
    "trees_url": ["https://api.github.com/repos/gaocegege/awesome-go-China/git/trees{/sha}"],
    "statuses_url": ["https://api.github.com/repos/gaocegege/awesome-go-China/statuses/{sha}"],
    "languages_url": ["https://api.github.com/repos/gaocegege/awesome-go-China/languages"],
    "stargazers_url": ["https://api.github.com/repos/gaocegege/awesome-go-China/stargazers"],
    "contributors_url": ["https://api.github.com/repos/gaocegege/awesome-go-China/contributors"],
    "subscribers_url": ["https://api.github.com/repos/gaocegege/awesome-go-China/subscribers"],
    "subscription_url": ["https://api.github.com/repos/gaocegege/awesome-go-China/subscription"],
    "commits_url": ["https://api.github.com/repos/gaocegege/awesome-go-China/commits{/sha}"],
    "git_commits_url": ["https://api.github.com/repos/gaocegege/awesome-go-China/git/commits{/sha}"],
    "comments_url": ["https://api.github.com/repos/gaocegege/awesome-go-China/comments{/number}"],
    "issue_comment_url": ["https://api.github.com/repos/gaocegege/awesome-go-China/issues/comments{/number}"],
    "contents_url": ["https://api.github.com/repos/gaocegege/awesome-go-China/contents/{+path}"],
    "compare_url": ["https://api.github.com/repos/gaocegege/awesome-go-China/compare/{base}...{head}"],
    "merges_url": ["https://api.github.com/repos/gaocegege/awesome-go-China/merges"],
    "archive_url": ["https://api.github.com/repos/gaocegege/awesome-go-China/{archive_format}{/ref}"],
    "downloads_url": ["https://api.github.com/repos/gaocegege/awesome-go-China/downloads"],
    "issues_url": ["https://api.github.com/repos/gaocegege/awesome-go-China/issues{/number}"],
    "pulls_url": ["https://api.github.com/repos/gaocegege/awesome-go-China/pulls{/number}"],
    "milestones_url": ["https://api.github.com/repos/gaocegege/awesome-go-China/milestones{/number}"],
    "notifications_url": ["https://api.github.com/repos/gaocegege/awesome-go-China/notifications{?since,all,participating}"],
    "labels_url": ["https://api.github.com/repos/gaocegege/awesome-go-China/labels{/name}"],
    "releases_url": ["https://api.github.com/repos/gaocegege/awesome-go-China/releases{/id}"],
    "deployments_url": ["https://api.github.com/repos/gaocegege/awesome-go-China/deployments"],
    "created_at": ["2016-11-11T07:17:18Z"],
    "updated_at": ["2016-11-08T07:27:50Z"],
    "pushed_at": ["2016-11-11T07:28:36Z"],
    "git_url": ["git://github.com/gaocegege/awesome-go-China.git"],
    "ssh_url": ["git@github.com:gaocegege/awesome-go-China.git"],
    "clone_url": ["https://github.com/gaocegege/awesome-go-China.git"],
    "svn_url": ["https://github.com/gaocegege/awesome-go-China"],
    "homepage": {},
    "size": [49],
    "stargazers_count": [0],
    "watchers_count": [0],
    "language": {},
    "has_issues": [false],
    "has_projects": [true],
    "has_downloads": [true],
    "has_wiki": [true],
    "has_pages": [false],
    "forks_count": [0],
    "mirror_url": {},
    "archived": [false],
    "open_issues_count": [0],
    "license": {
      "key": ["cc0-1.0"],
      "name": ["Creative Commons Zero v1.0 Universal"],
      "spdx_id": ["CC0-1.0"],
      "url": ["https://api.github.com/licenses/cc0-1.0"],
      "node_id": ["MDc6TGljZW5zZTY="]
    },
    "forks": [0],
    "open_issues": [0],
    "watchers": [0],
    "default_branch": ["master"],
    "permissions": {
      "admin": [false],
      "push": [false],
      "pull": [true]
    }
  }
]
