[
  {
    "id": [35202708],
    "node_id": ["MDEwOlJlcG9zaXRvcnkzNTIwMjcwOA=="],
    "name": ["yet-another-insane"],
    "full_name": ["gaocegege/yet-another-insane"],
    "private": [false],
    "owner": {
      "login": ["gaocegege"],
      "id": [5100735],
      "node_id": ["MDQ6VXNlcjUxMDA3MzU="],
      "avatar_url": ["https://avatars3.githubusercontent.com/u/5100735?v=4"],
      "gravatar_id": [""],
      "url": ["https://api.github.com/users/gaocegege"],
      "html_url": ["https://github.com/gaocegege"],
      "followers_url": ["https://api.github.com/users/gaocegege/followers"],
      "following_url": ["https://api.github.com/users/gaocegege/following{/other_user}"],
      "gists_url": ["https://api.github.com/users/gaocegege/gists{/gist_id}"],
      "starred_url": ["https://api.github.com/users/gaocegege/starred{/owner}{/repo}"],
      "subscriptions_url": ["https://api.github.com/users/gaocegege/subscriptions"],
      "organizations_url": ["https://api.github.com/users/gaocegege/orgs"],
      "repos_url": ["https://api.github.com/users/gaocegege/repos"],
      "events_url": ["https://api.github.com/users/gaocegege/events{/privacy}"],
      "received_events_url": ["https://api.github.com/users/gaocegege/received_events"],
      "type": ["User"],
      "site_admin": [false]
    },
    "html_url": ["https://github.com/gaocegege/yet-another-insane"],
    "description": ["A [interprocedual control flow graph](icfg) generator for scala based on insane"],
    "fork": [false],
    "url": ["https://api.github.com/repos/gaocegege/yet-another-insane"],
    "forks_url": ["https://api.github.com/repos/gaocegege/yet-another-insane/forks"],
    "keys_url": ["https://api.github.com/repos/gaocegege/yet-another-insane/keys{/key_id}"],
    "collaborators_url": ["https://api.github.com/repos/gaocegege/yet-another-insane/collaborators{/collaborator}"],
    "teams_url": ["https://api.github.com/repos/gaocegege/yet-another-insane/teams"],
    "hooks_url": ["https://api.github.com/repos/gaocegege/yet-another-insane/hooks"],
    "issue_events_url": ["https://api.github.com/repos/gaocegege/yet-another-insane/issues/events{/number}"],
    "events_url": ["https://api.github.com/repos/gaocegege/yet-another-insane/events"],
    "assignees_url": ["https://api.github.com/repos/gaocegege/yet-another-insane/assignees{/user}"],
    "branches_url": ["https://api.github.com/repos/gaocegege/yet-another-insane/branches{/branch}"],
    "tags_url": ["https://api.github.com/repos/gaocegege/yet-another-insane/tags"],
    "blobs_url": ["https://api.github.com/repos/gaocegege/yet-another-insane/git/blobs{/sha}"],
    "git_tags_url": ["https://api.github.com/repos/gaocegege/yet-another-insane/git/tags{/sha}"],
    "git_refs_url": ["https://api.github.com/repos/gaocegege/yet-another-insane/git/refs{/sha}"],
    "trees_url": ["https://api.github.com/repos/gaocegege/yet-another-insane/git/trees{/sha}"],
    "statuses_url": ["https://api.github.com/repos/gaocegege/yet-another-insane/statuses/{sha}"],
    "languages_url": ["https://api.github.com/repos/gaocegege/yet-another-insane/languages"],
    "stargazers_url": ["https://api.github.com/repos/gaocegege/yet-another-insane/stargazers"],
    "contributors_url": ["https://api.github.com/repos/gaocegege/yet-another-insane/contributors"],
    "subscribers_url": ["https://api.github.com/repos/gaocegege/yet-another-insane/subscribers"],
    "subscription_url": ["https://api.github.com/repos/gaocegege/yet-another-insane/subscription"],
    "commits_url": ["https://api.github.com/repos/gaocegege/yet-another-insane/commits{/sha}"],
    "git_commits_url": ["https://api.github.com/repos/gaocegege/yet-another-insane/git/commits{/sha}"],
    "comments_url": ["https://api.github.com/repos/gaocegege/yet-another-insane/comments{/number}"],
    "issue_comment_url": ["https://api.github.com/repos/gaocegege/yet-another-insane/issues/comments{/number}"],
    "contents_url": ["https://api.github.com/repos/gaocegege/yet-another-insane/contents/{+path}"],
    "compare_url": ["https://api.github.com/repos/gaocegege/yet-another-insane/compare/{base}...{head}"],
    "merges_url": ["https://api.github.com/repos/gaocegege/yet-another-insane/merges"],
    "archive_url": ["https://api.github.com/repos/gaocegege/yet-another-insane/{archive_format}{/ref}"],
    "downloads_url": ["https://api.github.com/repos/gaocegege/yet-another-insane/downloads"],
    "issues_url": ["https://api.github.com/repos/gaocegege/yet-another-insane/issues{/number}"],
    "pulls_url": ["https://api.github.com/repos/gaocegege/yet-another-insane/pulls{/number}"],
    "milestones_url": ["https://api.github.com/repos/gaocegege/yet-another-insane/milestones{/number}"],
    "notifications_url": ["https://api.github.com/repos/gaocegege/yet-another-insane/notifications{?since,all,participating}"],
    "labels_url": ["https://api.github.com/repos/gaocegege/yet-another-insane/labels{/name}"],
    "releases_url": ["https://api.github.com/repos/gaocegege/yet-another-insane/releases{/id}"],
    "deployments_url": ["https://api.github.com/repos/gaocegege/yet-another-insane/deployments"],
    "created_at": ["2015-05-07T06:27:17Z"],
    "updated_at": ["2017-02-20T05:49:56Z"],
    "pushed_at": ["2015-05-22T14:33:50Z"],
    "git_url": ["git://github.com/gaocegege/yet-another-insane.git"],
    "ssh_url": ["git@github.com:gaocegege/yet-another-insane.git"],
    "clone_url": ["https://github.com/gaocegege/yet-another-insane.git"],
    "svn_url": ["https://github.com/gaocegege/yet-another-insane"],
    "homepage": [""],
    "size": [17370],
    "stargazers_count": [5],
    "watchers_count": [5],
    "language": ["Scala"],
    "has_issues": [true],
    "has_projects": [true],
    "has_downloads": [true],
    "has_wiki": [true],
    "has_pages": [false],
    "forks_count": [0],
    "mirror_url": {},
    "archived": [false],
    "open_issues_count": [0],
    "license": {},
    "forks": [0],
    "open_issues": [0],
    "watchers": [5],
    "default_branch": ["gaoce-5.7"],
    "permissions": {
      "admin": [false],
      "push": [false],
      "pull": [true]
    }
  }
]
