[
  {
    "id": [136564498],
    "node_id": ["MDEwOlJlcG9zaXRvcnkxMzY1NjQ0OTg="],
    "name": ["marketing-materials"],
    "full_name": ["gaocegege/marketing-materials"],
    "private": [false],
    "owner": {
      "login": ["gaocegege"],
      "id": [5100735],
      "node_id": ["MDQ6VXNlcjUxMDA3MzU="],
      "avatar_url": ["https://avatars3.githubusercontent.com/u/5100735?v=4"],
      "gravatar_id": [""],
      "url": ["https://api.github.com/users/gaocegege"],
      "html_url": ["https://github.com/gaocegege"],
      "followers_url": ["https://api.github.com/users/gaocegege/followers"],
      "following_url": ["https://api.github.com/users/gaocegege/following{/other_user}"],
      "gists_url": ["https://api.github.com/users/gaocegege/gists{/gist_id}"],
      "starred_url": ["https://api.github.com/users/gaocegege/starred{/owner}{/repo}"],
      "subscriptions_url": ["https://api.github.com/users/gaocegege/subscriptions"],
      "organizations_url": ["https://api.github.com/users/gaocegege/orgs"],
      "repos_url": ["https://api.github.com/users/gaocegege/repos"],
      "events_url": ["https://api.github.com/users/gaocegege/events{/privacy}"],
      "received_events_url": ["https://api.github.com/users/gaocegege/received_events"],
      "type": ["User"],
      "site_admin": [false]
    },
    "html_url": ["https://github.com/gaocegege/marketing-materials"],
    "description": {},
    "fork": [true],
    "url": ["https://api.github.com/repos/gaocegege/marketing-materials"],
    "forks_url": ["https://api.github.com/repos/gaocegege/marketing-materials/forks"],
    "keys_url": ["https://api.github.com/repos/gaocegege/marketing-materials/keys{/key_id}"],
    "collaborators_url": ["https://api.github.com/repos/gaocegege/marketing-materials/collaborators{/collaborator}"],
    "teams_url": ["https://api.github.com/repos/gaocegege/marketing-materials/teams"],
    "hooks_url": ["https://api.github.com/repos/gaocegege/marketing-materials/hooks"],
    "issue_events_url": ["https://api.github.com/repos/gaocegege/marketing-materials/issues/events{/number}"],
    "events_url": ["https://api.github.com/repos/gaocegege/marketing-materials/events"],
    "assignees_url": ["https://api.github.com/repos/gaocegege/marketing-materials/assignees{/user}"],
    "branches_url": ["https://api.github.com/repos/gaocegege/marketing-materials/branches{/branch}"],
    "tags_url": ["https://api.github.com/repos/gaocegege/marketing-materials/tags"],
    "blobs_url": ["https://api.github.com/repos/gaocegege/marketing-materials/git/blobs{/sha}"],
    "git_tags_url": ["https://api.github.com/repos/gaocegege/marketing-materials/git/tags{/sha}"],
    "git_refs_url": ["https://api.github.com/repos/gaocegege/marketing-materials/git/refs{/sha}"],
    "trees_url": ["https://api.github.com/repos/gaocegege/marketing-materials/git/trees{/sha}"],
    "statuses_url": ["https://api.github.com/repos/gaocegege/marketing-materials/statuses/{sha}"],
    "languages_url": ["https://api.github.com/repos/gaocegege/marketing-materials/languages"],
    "stargazers_url": ["https://api.github.com/repos/gaocegege/marketing-materials/stargazers"],
    "contributors_url": ["https://api.github.com/repos/gaocegege/marketing-materials/contributors"],
    "subscribers_url": ["https://api.github.com/repos/gaocegege/marketing-materials/subscribers"],
    "subscription_url": ["https://api.github.com/repos/gaocegege/marketing-materials/subscription"],
    "commits_url": ["https://api.github.com/repos/gaocegege/marketing-materials/commits{/sha}"],
    "git_commits_url": ["https://api.github.com/repos/gaocegege/marketing-materials/git/commits{/sha}"],
    "comments_url": ["https://api.github.com/repos/gaocegege/marketing-materials/comments{/number}"],
    "issue_comment_url": ["https://api.github.com/repos/gaocegege/marketing-materials/issues/comments{/number}"],
    "contents_url": ["https://api.github.com/repos/gaocegege/marketing-materials/contents/{+path}"],
    "compare_url": ["https://api.github.com/repos/gaocegege/marketing-materials/compare/{base}...{head}"],
    "merges_url": ["https://api.github.com/repos/gaocegege/marketing-materials/merges"],
    "archive_url": ["https://api.github.com/repos/gaocegege/marketing-materials/{archive_format}{/ref}"],
    "downloads_url": ["https://api.github.com/repos/gaocegege/marketing-materials/downloads"],
    "issues_url": ["https://api.github.com/repos/gaocegege/marketing-materials/issues{/number}"],
    "pulls_url": ["https://api.github.com/repos/gaocegege/marketing-materials/pulls{/number}"],
    "milestones_url": ["https://api.github.com/repos/gaocegege/marketing-materials/milestones{/number}"],
    "notifications_url": ["https://api.github.com/repos/gaocegege/marketing-materials/notifications{?since,all,participating}"],
    "labels_url": ["https://api.github.com/repos/gaocegege/marketing-materials/labels{/name}"],
    "releases_url": ["https://api.github.com/repos/gaocegege/marketing-materials/releases{/id}"],
    "deployments_url": ["https://api.github.com/repos/gaocegege/marketing-materials/deployments"],
    "created_at": ["2018-06-08T04:02:11Z"],
    "updated_at": ["2018-06-08T04:02:13Z"],
    "pushed_at": ["2018-06-08T04:04:57Z"],
    "git_url": ["git://github.com/gaocegege/marketing-materials.git"],
    "ssh_url": ["git@github.com:gaocegege/marketing-materials.git"],
    "clone_url": ["https://github.com/gaocegege/marketing-materials.git"],
    "svn_url": ["https://github.com/gaocegege/marketing-materials"],
    "homepage": {},
    "size": [11868],
    "stargazers_count": [0],
    "watchers_count": [0],
    "language": {},
    "has_issues": [false],
    "has_projects": [true],
    "has_downloads": [true],
    "has_wiki": [true],
    "has_pages": [false],
    "forks_count": [0],
    "mirror_url": {},
    "archived": [false],
    "open_issues_count": [0],
    "license": {},
    "forks": [0],
    "open_issues": [0],
    "watchers": [0],
    "default_branch": ["master"],
    "permissions": {
      "admin": [false],
      "push": [false],
      "pull": [true]
    }
  }
]
