[
  {
    "id": [23491878],
    "node_id": ["MDEwOlJlcG9zaXRvcnkyMzQ5MTg3OA=="],
    "name": ["SE106-Homeworks"],
    "full_name": ["gaocegege/SE106-Homeworks"],
    "private": [false],
    "owner": {
      "login": ["gaocegege"],
      "id": [5100735],
      "node_id": ["MDQ6VXNlcjUxMDA3MzU="],
      "avatar_url": ["https://avatars3.githubusercontent.com/u/5100735?v=4"],
      "gravatar_id": [""],
      "url": ["https://api.github.com/users/gaocegege"],
      "html_url": ["https://github.com/gaocegege"],
      "followers_url": ["https://api.github.com/users/gaocegege/followers"],
      "following_url": ["https://api.github.com/users/gaocegege/following{/other_user}"],
      "gists_url": ["https://api.github.com/users/gaocegege/gists{/gist_id}"],
      "starred_url": ["https://api.github.com/users/gaocegege/starred{/owner}{/repo}"],
      "subscriptions_url": ["https://api.github.com/users/gaocegege/subscriptions"],
      "organizations_url": ["https://api.github.com/users/gaocegege/orgs"],
      "repos_url": ["https://api.github.com/users/gaocegege/repos"],
      "events_url": ["https://api.github.com/users/gaocegege/events{/privacy}"],
      "received_events_url": ["https://api.github.com/users/gaocegege/received_events"],
      "type": ["User"],
      "site_admin": [false]
    },
    "html_url": ["https://github.com/gaocegege/SE106-Homeworks"],
    "description": ["Homeworks and Labs in [Data Structures](SE106), SJTU"],
    "fork": [false],
    "url": ["https://api.github.com/repos/gaocegege/SE106-Homeworks"],
    "forks_url": ["https://api.github.com/repos/gaocegege/SE106-Homeworks/forks"],
    "keys_url": ["https://api.github.com/repos/gaocegege/SE106-Homeworks/keys{/key_id}"],
    "collaborators_url": ["https://api.github.com/repos/gaocegege/SE106-Homeworks/collaborators{/collaborator}"],
    "teams_url": ["https://api.github.com/repos/gaocegege/SE106-Homeworks/teams"],
    "hooks_url": ["https://api.github.com/repos/gaocegege/SE106-Homeworks/hooks"],
    "issue_events_url": ["https://api.github.com/repos/gaocegege/SE106-Homeworks/issues/events{/number}"],
    "events_url": ["https://api.github.com/repos/gaocegege/SE106-Homeworks/events"],
    "assignees_url": ["https://api.github.com/repos/gaocegege/SE106-Homeworks/assignees{/user}"],
    "branches_url": ["https://api.github.com/repos/gaocegege/SE106-Homeworks/branches{/branch}"],
    "tags_url": ["https://api.github.com/repos/gaocegege/SE106-Homeworks/tags"],
    "blobs_url": ["https://api.github.com/repos/gaocegege/SE106-Homeworks/git/blobs{/sha}"],
    "git_tags_url": ["https://api.github.com/repos/gaocegege/SE106-Homeworks/git/tags{/sha}"],
    "git_refs_url": ["https://api.github.com/repos/gaocegege/SE106-Homeworks/git/refs{/sha}"],
    "trees_url": ["https://api.github.com/repos/gaocegege/SE106-Homeworks/git/trees{/sha}"],
    "statuses_url": ["https://api.github.com/repos/gaocegege/SE106-Homeworks/statuses/{sha}"],
    "languages_url": ["https://api.github.com/repos/gaocegege/SE106-Homeworks/languages"],
    "stargazers_url": ["https://api.github.com/repos/gaocegege/SE106-Homeworks/stargazers"],
    "contributors_url": ["https://api.github.com/repos/gaocegege/SE106-Homeworks/contributors"],
    "subscribers_url": ["https://api.github.com/repos/gaocegege/SE106-Homeworks/subscribers"],
    "subscription_url": ["https://api.github.com/repos/gaocegege/SE106-Homeworks/subscription"],
    "commits_url": ["https://api.github.com/repos/gaocegege/SE106-Homeworks/commits{/sha}"],
    "git_commits_url": ["https://api.github.com/repos/gaocegege/SE106-Homeworks/git/commits{/sha}"],
    "comments_url": ["https://api.github.com/repos/gaocegege/SE106-Homeworks/comments{/number}"],
    "issue_comment_url": ["https://api.github.com/repos/gaocegege/SE106-Homeworks/issues/comments{/number}"],
    "contents_url": ["https://api.github.com/repos/gaocegege/SE106-Homeworks/contents/{+path}"],
    "compare_url": ["https://api.github.com/repos/gaocegege/SE106-Homeworks/compare/{base}...{head}"],
    "merges_url": ["https://api.github.com/repos/gaocegege/SE106-Homeworks/merges"],
    "archive_url": ["https://api.github.com/repos/gaocegege/SE106-Homeworks/{archive_format}{/ref}"],
    "downloads_url": ["https://api.github.com/repos/gaocegege/SE106-Homeworks/downloads"],
    "issues_url": ["https://api.github.com/repos/gaocegege/SE106-Homeworks/issues{/number}"],
    "pulls_url": ["https://api.github.com/repos/gaocegege/SE106-Homeworks/pulls{/number}"],
    "milestones_url": ["https://api.github.com/repos/gaocegege/SE106-Homeworks/milestones{/number}"],
    "notifications_url": ["https://api.github.com/repos/gaocegege/SE106-Homeworks/notifications{?since,all,participating}"],
    "labels_url": ["https://api.github.com/repos/gaocegege/SE106-Homeworks/labels{/name}"],
    "releases_url": ["https://api.github.com/repos/gaocegege/SE106-Homeworks/releases{/id}"],
    "deployments_url": ["https://api.github.com/repos/gaocegege/SE106-Homeworks/deployments"],
    "created_at": ["2014-08-30T13:04:31Z"],
    "updated_at": ["2017-07-10T03:22:45Z"],
    "pushed_at": ["2015-03-29T04:07:30Z"],
    "git_url": ["git://github.com/gaocegege/SE106-Homeworks.git"],
    "ssh_url": ["git@github.com:gaocegege/SE106-Homeworks.git"],
    "clone_url": ["https://github.com/gaocegege/SE106-Homeworks.git"],
    "svn_url": ["https://github.com/gaocegege/SE106-Homeworks"],
    "homepage": [""],
    "size": [4768],
    "stargazers_count": [2],
    "watchers_count": [2],
    "language": ["C++"],
    "has_issues": [true],
    "has_projects": [true],
    "has_downloads": [true],
    "has_wiki": [true],
    "has_pages": [false],
    "forks_count": [1],
    "mirror_url": {},
    "archived": [false],
    "open_issues_count": [0],
    "license": {},
    "forks": [1],
    "open_issues": [0],
    "watchers": [2],
    "default_branch": ["master"],
    "permissions": {
      "admin": [false],
      "push": [false],
      "pull": [true]
    }
  }
]
