[
  {
    "id": [145813881],
    "node_id": ["MDEwOlJlcG9zaXRvcnkxNDU4MTM4ODE="],
    "name": ["resume"],
    "full_name": ["gaocegege/resume"],
    "private": [false],
    "owner": {
      "login": ["gaocegege"],
      "id": [5100735],
      "node_id": ["MDQ6VXNlcjUxMDA3MzU="],
      "avatar_url": ["https://avatars3.githubusercontent.com/u/5100735?v=4"],
      "gravatar_id": [""],
      "url": ["https://api.github.com/users/gaocegege"],
      "html_url": ["https://github.com/gaocegege"],
      "followers_url": ["https://api.github.com/users/gaocegege/followers"],
      "following_url": ["https://api.github.com/users/gaocegege/following{/other_user}"],
      "gists_url": ["https://api.github.com/users/gaocegege/gists{/gist_id}"],
      "starred_url": ["https://api.github.com/users/gaocegege/starred{/owner}{/repo}"],
      "subscriptions_url": ["https://api.github.com/users/gaocegege/subscriptions"],
      "organizations_url": ["https://api.github.com/users/gaocegege/orgs"],
      "repos_url": ["https://api.github.com/users/gaocegege/repos"],
      "events_url": ["https://api.github.com/users/gaocegege/events{/privacy}"],
      "received_events_url": ["https://api.github.com/users/gaocegege/received_events"],
      "type": ["User"],
      "site_admin": [false]
    },
    "html_url": ["https://github.com/gaocegege/resume"],
    "description": {},
    "fork": [false],
    "url": ["https://api.github.com/repos/gaocegege/resume"],
    "forks_url": ["https://api.github.com/repos/gaocegege/resume/forks"],
    "keys_url": ["https://api.github.com/repos/gaocegege/resume/keys{/key_id}"],
    "collaborators_url": ["https://api.github.com/repos/gaocegege/resume/collaborators{/collaborator}"],
    "teams_url": ["https://api.github.com/repos/gaocegege/resume/teams"],
    "hooks_url": ["https://api.github.com/repos/gaocegege/resume/hooks"],
    "issue_events_url": ["https://api.github.com/repos/gaocegege/resume/issues/events{/number}"],
    "events_url": ["https://api.github.com/repos/gaocegege/resume/events"],
    "assignees_url": ["https://api.github.com/repos/gaocegege/resume/assignees{/user}"],
    "branches_url": ["https://api.github.com/repos/gaocegege/resume/branches{/branch}"],
    "tags_url": ["https://api.github.com/repos/gaocegege/resume/tags"],
    "blobs_url": ["https://api.github.com/repos/gaocegege/resume/git/blobs{/sha}"],
    "git_tags_url": ["https://api.github.com/repos/gaocegege/resume/git/tags{/sha}"],
    "git_refs_url": ["https://api.github.com/repos/gaocegege/resume/git/refs{/sha}"],
    "trees_url": ["https://api.github.com/repos/gaocegege/resume/git/trees{/sha}"],
    "statuses_url": ["https://api.github.com/repos/gaocegege/resume/statuses/{sha}"],
    "languages_url": ["https://api.github.com/repos/gaocegege/resume/languages"],
    "stargazers_url": ["https://api.github.com/repos/gaocegege/resume/stargazers"],
    "contributors_url": ["https://api.github.com/repos/gaocegege/resume/contributors"],
    "subscribers_url": ["https://api.github.com/repos/gaocegege/resume/subscribers"],
    "subscription_url": ["https://api.github.com/repos/gaocegege/resume/subscription"],
    "commits_url": ["https://api.github.com/repos/gaocegege/resume/commits{/sha}"],
    "git_commits_url": ["https://api.github.com/repos/gaocegege/resume/git/commits{/sha}"],
    "comments_url": ["https://api.github.com/repos/gaocegege/resume/comments{/number}"],
    "issue_comment_url": ["https://api.github.com/repos/gaocegege/resume/issues/comments{/number}"],
    "contents_url": ["https://api.github.com/repos/gaocegege/resume/contents/{+path}"],
    "compare_url": ["https://api.github.com/repos/gaocegege/resume/compare/{base}...{head}"],
    "merges_url": ["https://api.github.com/repos/gaocegege/resume/merges"],
    "archive_url": ["https://api.github.com/repos/gaocegege/resume/{archive_format}{/ref}"],
    "downloads_url": ["https://api.github.com/repos/gaocegege/resume/downloads"],
    "issues_url": ["https://api.github.com/repos/gaocegege/resume/issues{/number}"],
    "pulls_url": ["https://api.github.com/repos/gaocegege/resume/pulls{/number}"],
    "milestones_url": ["https://api.github.com/repos/gaocegege/resume/milestones{/number}"],
    "notifications_url": ["https://api.github.com/repos/gaocegege/resume/notifications{?since,all,participating}"],
    "labels_url": ["https://api.github.com/repos/gaocegege/resume/labels{/name}"],
    "releases_url": ["https://api.github.com/repos/gaocegege/resume/releases{/id}"],
    "deployments_url": ["https://api.github.com/repos/gaocegege/resume/deployments"],
    "created_at": ["2018-08-23T06:57:38Z"],
    "updated_at": ["2019-03-28T14:20:10Z"],
    "pushed_at": ["2018-10-08T08:05:31Z"],
    "git_url": ["git://github.com/gaocegege/resume.git"],
    "ssh_url": ["git@github.com:gaocegege/resume.git"],
    "clone_url": ["https://github.com/gaocegege/resume.git"],
    "svn_url": ["https://github.com/gaocegege/resume"],
    "homepage": ["http://gaocegege.com/resume/cn/"],
    "size": [224352],
    "stargazers_count": [3],
    "watchers_count": [3],
    "language": ["TeX"],
    "has_issues": [true],
    "has_projects": [true],
    "has_downloads": [true],
    "has_wiki": [true],
    "has_pages": [true],
    "forks_count": [1],
    "mirror_url": {},
    "archived": [false],
    "open_issues_count": [0],
    "license": {},
    "forks": [1],
    "open_issues": [0],
    "watchers": [3],
    "default_branch": ["master"],
    "permissions": {
      "admin": [false],
      "push": [false],
      "pull": [true]
    }
  }
]
