[
  {
    "id": [30567247],
    "node_id": ["MDEwOlJlcG9zaXRvcnkzMDU2NzI0Nw=="],
    "name": ["Data-God"],
    "full_name": ["gaocegege/Data-God"],
    "private": [false],
    "owner": {
      "login": ["gaocegege"],
      "id": [5100735],
      "node_id": ["MDQ6VXNlcjUxMDA3MzU="],
      "avatar_url": ["https://avatars3.githubusercontent.com/u/5100735?v=4"],
      "gravatar_id": [""],
      "url": ["https://api.github.com/users/gaocegege"],
      "html_url": ["https://github.com/gaocegege"],
      "followers_url": ["https://api.github.com/users/gaocegege/followers"],
      "following_url": ["https://api.github.com/users/gaocegege/following{/other_user}"],
      "gists_url": ["https://api.github.com/users/gaocegege/gists{/gist_id}"],
      "starred_url": ["https://api.github.com/users/gaocegege/starred{/owner}{/repo}"],
      "subscriptions_url": ["https://api.github.com/users/gaocegege/subscriptions"],
      "organizations_url": ["https://api.github.com/users/gaocegege/orgs"],
      "repos_url": ["https://api.github.com/users/gaocegege/repos"],
      "events_url": ["https://api.github.com/users/gaocegege/events{/privacy}"],
      "received_events_url": ["https://api.github.com/users/gaocegege/received_events"],
      "type": ["User"],
      "site_admin": [false]
    },
    "html_url": ["https://github.com/gaocegege/Data-God"],
    "description": ["A Python Library focused on faking data."],
    "fork": [false],
    "url": ["https://api.github.com/repos/gaocegege/Data-God"],
    "forks_url": ["https://api.github.com/repos/gaocegege/Data-God/forks"],
    "keys_url": ["https://api.github.com/repos/gaocegege/Data-God/keys{/key_id}"],
    "collaborators_url": ["https://api.github.com/repos/gaocegege/Data-God/collaborators{/collaborator}"],
    "teams_url": ["https://api.github.com/repos/gaocegege/Data-God/teams"],
    "hooks_url": ["https://api.github.com/repos/gaocegege/Data-God/hooks"],
    "issue_events_url": ["https://api.github.com/repos/gaocegege/Data-God/issues/events{/number}"],
    "events_url": ["https://api.github.com/repos/gaocegege/Data-God/events"],
    "assignees_url": ["https://api.github.com/repos/gaocegege/Data-God/assignees{/user}"],
    "branches_url": ["https://api.github.com/repos/gaocegege/Data-God/branches{/branch}"],
    "tags_url": ["https://api.github.com/repos/gaocegege/Data-God/tags"],
    "blobs_url": ["https://api.github.com/repos/gaocegege/Data-God/git/blobs{/sha}"],
    "git_tags_url": ["https://api.github.com/repos/gaocegege/Data-God/git/tags{/sha}"],
    "git_refs_url": ["https://api.github.com/repos/gaocegege/Data-God/git/refs{/sha}"],
    "trees_url": ["https://api.github.com/repos/gaocegege/Data-God/git/trees{/sha}"],
    "statuses_url": ["https://api.github.com/repos/gaocegege/Data-God/statuses/{sha}"],
    "languages_url": ["https://api.github.com/repos/gaocegege/Data-God/languages"],
    "stargazers_url": ["https://api.github.com/repos/gaocegege/Data-God/stargazers"],
    "contributors_url": ["https://api.github.com/repos/gaocegege/Data-God/contributors"],
    "subscribers_url": ["https://api.github.com/repos/gaocegege/Data-God/subscribers"],
    "subscription_url": ["https://api.github.com/repos/gaocegege/Data-God/subscription"],
    "commits_url": ["https://api.github.com/repos/gaocegege/Data-God/commits{/sha}"],
    "git_commits_url": ["https://api.github.com/repos/gaocegege/Data-God/git/commits{/sha}"],
    "comments_url": ["https://api.github.com/repos/gaocegege/Data-God/comments{/number}"],
    "issue_comment_url": ["https://api.github.com/repos/gaocegege/Data-God/issues/comments{/number}"],
    "contents_url": ["https://api.github.com/repos/gaocegege/Data-God/contents/{+path}"],
    "compare_url": ["https://api.github.com/repos/gaocegege/Data-God/compare/{base}...{head}"],
    "merges_url": ["https://api.github.com/repos/gaocegege/Data-God/merges"],
    "archive_url": ["https://api.github.com/repos/gaocegege/Data-God/{archive_format}{/ref}"],
    "downloads_url": ["https://api.github.com/repos/gaocegege/Data-God/downloads"],
    "issues_url": ["https://api.github.com/repos/gaocegege/Data-God/issues{/number}"],
    "pulls_url": ["https://api.github.com/repos/gaocegege/Data-God/pulls{/number}"],
    "milestones_url": ["https://api.github.com/repos/gaocegege/Data-God/milestones{/number}"],
    "notifications_url": ["https://api.github.com/repos/gaocegege/Data-God/notifications{?since,all,participating}"],
    "labels_url": ["https://api.github.com/repos/gaocegege/Data-God/labels{/name}"],
    "releases_url": ["https://api.github.com/repos/gaocegege/Data-God/releases{/id}"],
    "deployments_url": ["https://api.github.com/repos/gaocegege/Data-God/deployments"],
    "created_at": ["2015-02-10T00:49:53Z"],
    "updated_at": ["2017-02-20T05:49:50Z"],
    "pushed_at": ["2015-05-27T01:01:44Z"],
    "git_url": ["git://github.com/gaocegege/Data-God.git"],
    "ssh_url": ["git@github.com:gaocegege/Data-God.git"],
    "clone_url": ["https://github.com/gaocegege/Data-God.git"],
    "svn_url": ["https://github.com/gaocegege/Data-God"],
    "homepage": [""],
    "size": [194],
    "stargazers_count": [5],
    "watchers_count": [5],
    "language": ["Python"],
    "has_issues": [true],
    "has_projects": [true],
    "has_downloads": [true],
    "has_wiki": [true],
    "has_pages": [false],
    "forks_count": [1],
    "mirror_url": {},
    "archived": [false],
    "open_issues_count": [0],
    "license": {
      "key": ["mit"],
      "name": ["MIT License"],
      "spdx_id": ["MIT"],
      "url": ["https://api.github.com/licenses/mit"],
      "node_id": ["MDc6TGljZW5zZTEz"]
    },
    "forks": [1],
    "open_issues": [0],
    "watchers": [5],
    "default_branch": ["master"],
    "permissions": {
      "admin": [false],
      "push": [false],
      "pull": [true]
    }
  }
]
