[
  {
    "id": [110941043],
    "node_id": ["MDEwOlJlcG9zaXRvcnkxMTA5NDEwNDM="],
    "name": ["CSrankings"],
    "full_name": ["gaocegege/CSrankings"],
    "private": [false],
    "owner": {
      "login": ["gaocegege"],
      "id": [5100735],
      "node_id": ["MDQ6VXNlcjUxMDA3MzU="],
      "avatar_url": ["https://avatars3.githubusercontent.com/u/5100735?v=4"],
      "gravatar_id": [""],
      "url": ["https://api.github.com/users/gaocegege"],
      "html_url": ["https://github.com/gaocegege"],
      "followers_url": ["https://api.github.com/users/gaocegege/followers"],
      "following_url": ["https://api.github.com/users/gaocegege/following{/other_user}"],
      "gists_url": ["https://api.github.com/users/gaocegege/gists{/gist_id}"],
      "starred_url": ["https://api.github.com/users/gaocegege/starred{/owner}{/repo}"],
      "subscriptions_url": ["https://api.github.com/users/gaocegege/subscriptions"],
      "organizations_url": ["https://api.github.com/users/gaocegege/orgs"],
      "repos_url": ["https://api.github.com/users/gaocegege/repos"],
      "events_url": ["https://api.github.com/users/gaocegege/events{/privacy}"],
      "received_events_url": ["https://api.github.com/users/gaocegege/received_events"],
      "type": ["User"],
      "site_admin": [false]
    },
    "html_url": ["https://github.com/gaocegege/CSrankings"],
    "description": ["A web app for ranking computer science departments according to their research output in selective venues."],
    "fork": [true],
    "url": ["https://api.github.com/repos/gaocegege/CSrankings"],
    "forks_url": ["https://api.github.com/repos/gaocegege/CSrankings/forks"],
    "keys_url": ["https://api.github.com/repos/gaocegege/CSrankings/keys{/key_id}"],
    "collaborators_url": ["https://api.github.com/repos/gaocegege/CSrankings/collaborators{/collaborator}"],
    "teams_url": ["https://api.github.com/repos/gaocegege/CSrankings/teams"],
    "hooks_url": ["https://api.github.com/repos/gaocegege/CSrankings/hooks"],
    "issue_events_url": ["https://api.github.com/repos/gaocegege/CSrankings/issues/events{/number}"],
    "events_url": ["https://api.github.com/repos/gaocegege/CSrankings/events"],
    "assignees_url": ["https://api.github.com/repos/gaocegege/CSrankings/assignees{/user}"],
    "branches_url": ["https://api.github.com/repos/gaocegege/CSrankings/branches{/branch}"],
    "tags_url": ["https://api.github.com/repos/gaocegege/CSrankings/tags"],
    "blobs_url": ["https://api.github.com/repos/gaocegege/CSrankings/git/blobs{/sha}"],
    "git_tags_url": ["https://api.github.com/repos/gaocegege/CSrankings/git/tags{/sha}"],
    "git_refs_url": ["https://api.github.com/repos/gaocegege/CSrankings/git/refs{/sha}"],
    "trees_url": ["https://api.github.com/repos/gaocegege/CSrankings/git/trees{/sha}"],
    "statuses_url": ["https://api.github.com/repos/gaocegege/CSrankings/statuses/{sha}"],
    "languages_url": ["https://api.github.com/repos/gaocegege/CSrankings/languages"],
    "stargazers_url": ["https://api.github.com/repos/gaocegege/CSrankings/stargazers"],
    "contributors_url": ["https://api.github.com/repos/gaocegege/CSrankings/contributors"],
    "subscribers_url": ["https://api.github.com/repos/gaocegege/CSrankings/subscribers"],
    "subscription_url": ["https://api.github.com/repos/gaocegege/CSrankings/subscription"],
    "commits_url": ["https://api.github.com/repos/gaocegege/CSrankings/commits{/sha}"],
    "git_commits_url": ["https://api.github.com/repos/gaocegege/CSrankings/git/commits{/sha}"],
    "comments_url": ["https://api.github.com/repos/gaocegege/CSrankings/comments{/number}"],
    "issue_comment_url": ["https://api.github.com/repos/gaocegege/CSrankings/issues/comments{/number}"],
    "contents_url": ["https://api.github.com/repos/gaocegege/CSrankings/contents/{+path}"],
    "compare_url": ["https://api.github.com/repos/gaocegege/CSrankings/compare/{base}...{head}"],
    "merges_url": ["https://api.github.com/repos/gaocegege/CSrankings/merges"],
    "archive_url": ["https://api.github.com/repos/gaocegege/CSrankings/{archive_format}{/ref}"],
    "downloads_url": ["https://api.github.com/repos/gaocegege/CSrankings/downloads"],
    "issues_url": ["https://api.github.com/repos/gaocegege/CSrankings/issues{/number}"],
    "pulls_url": ["https://api.github.com/repos/gaocegege/CSrankings/pulls{/number}"],
    "milestones_url": ["https://api.github.com/repos/gaocegege/CSrankings/milestones{/number}"],
    "notifications_url": ["https://api.github.com/repos/gaocegege/CSrankings/notifications{?since,all,participating}"],
    "labels_url": ["https://api.github.com/repos/gaocegege/CSrankings/labels{/name}"],
    "releases_url": ["https://api.github.com/repos/gaocegege/CSrankings/releases{/id}"],
    "deployments_url": ["https://api.github.com/repos/gaocegege/CSrankings/deployments"],
    "created_at": ["2017-11-16T07:57:31Z"],
    "updated_at": ["2017-11-16T07:57:33Z"],
    "pushed_at": ["2017-11-17T02:15:00Z"],
    "git_url": ["git://github.com/gaocegege/CSrankings.git"],
    "ssh_url": ["git@github.com:gaocegege/CSrankings.git"],
    "clone_url": ["https://github.com/gaocegege/CSrankings.git"],
    "svn_url": ["https://github.com/gaocegege/CSrankings"],
    "homepage": ["http://csrankings.org"],
    "size": [176178],
    "stargazers_count": [0],
    "watchers_count": [0],
    "language": ["Python"],
    "has_issues": [false],
    "has_projects": [true],
    "has_downloads": [true],
    "has_wiki": [true],
    "has_pages": [false],
    "forks_count": [0],
    "mirror_url": {},
    "archived": [false],
    "open_issues_count": [0],
    "license": {
      "key": ["other"],
      "name": ["Other"],
      "spdx_id": ["NOASSERTION"],
      "url": {},
      "node_id": ["MDc6TGljZW5zZTA="]
    },
    "forks": [0],
    "open_issues": [0],
    "watchers": [0],
    "default_branch": ["gh-pages"],
    "permissions": {
      "admin": [false],
      "push": [false],
      "pull": [true]
    }
  }
]
