[
  {
    "id": [108953374],
    "node_id": ["MDEwOlJlcG9zaXRvcnkxMDg5NTMzNzQ="],
    "name": ["cv"],
    "full_name": ["gaocegege/cv"],
    "private": [false],
    "owner": {
      "login": ["gaocegege"],
      "id": [5100735],
      "node_id": ["MDQ6VXNlcjUxMDA3MzU="],
      "avatar_url": ["https://avatars3.githubusercontent.com/u/5100735?v=4"],
      "gravatar_id": [""],
      "url": ["https://api.github.com/users/gaocegege"],
      "html_url": ["https://github.com/gaocegege"],
      "followers_url": ["https://api.github.com/users/gaocegege/followers"],
      "following_url": ["https://api.github.com/users/gaocegege/following{/other_user}"],
      "gists_url": ["https://api.github.com/users/gaocegege/gists{/gist_id}"],
      "starred_url": ["https://api.github.com/users/gaocegege/starred{/owner}{/repo}"],
      "subscriptions_url": ["https://api.github.com/users/gaocegege/subscriptions"],
      "organizations_url": ["https://api.github.com/users/gaocegege/orgs"],
      "repos_url": ["https://api.github.com/users/gaocegege/repos"],
      "events_url": ["https://api.github.com/users/gaocegege/events{/privacy}"],
      "received_events_url": ["https://api.github.com/users/gaocegege/received_events"],
      "type": ["User"],
      "site_admin": [false]
    },
    "html_url": ["https://github.com/gaocegege/cv"],
    "description": ["CV in Markdown & PDF Powered by https://github.com/bamos/cv"],
    "fork": [false],
    "url": ["https://api.github.com/repos/gaocegege/cv"],
    "forks_url": ["https://api.github.com/repos/gaocegege/cv/forks"],
    "keys_url": ["https://api.github.com/repos/gaocegege/cv/keys{/key_id}"],
    "collaborators_url": ["https://api.github.com/repos/gaocegege/cv/collaborators{/collaborator}"],
    "teams_url": ["https://api.github.com/repos/gaocegege/cv/teams"],
    "hooks_url": ["https://api.github.com/repos/gaocegege/cv/hooks"],
    "issue_events_url": ["https://api.github.com/repos/gaocegege/cv/issues/events{/number}"],
    "events_url": ["https://api.github.com/repos/gaocegege/cv/events"],
    "assignees_url": ["https://api.github.com/repos/gaocegege/cv/assignees{/user}"],
    "branches_url": ["https://api.github.com/repos/gaocegege/cv/branches{/branch}"],
    "tags_url": ["https://api.github.com/repos/gaocegege/cv/tags"],
    "blobs_url": ["https://api.github.com/repos/gaocegege/cv/git/blobs{/sha}"],
    "git_tags_url": ["https://api.github.com/repos/gaocegege/cv/git/tags{/sha}"],
    "git_refs_url": ["https://api.github.com/repos/gaocegege/cv/git/refs{/sha}"],
    "trees_url": ["https://api.github.com/repos/gaocegege/cv/git/trees{/sha}"],
    "statuses_url": ["https://api.github.com/repos/gaocegege/cv/statuses/{sha}"],
    "languages_url": ["https://api.github.com/repos/gaocegege/cv/languages"],
    "stargazers_url": ["https://api.github.com/repos/gaocegege/cv/stargazers"],
    "contributors_url": ["https://api.github.com/repos/gaocegege/cv/contributors"],
    "subscribers_url": ["https://api.github.com/repos/gaocegege/cv/subscribers"],
    "subscription_url": ["https://api.github.com/repos/gaocegege/cv/subscription"],
    "commits_url": ["https://api.github.com/repos/gaocegege/cv/commits{/sha}"],
    "git_commits_url": ["https://api.github.com/repos/gaocegege/cv/git/commits{/sha}"],
    "comments_url": ["https://api.github.com/repos/gaocegege/cv/comments{/number}"],
    "issue_comment_url": ["https://api.github.com/repos/gaocegege/cv/issues/comments{/number}"],
    "contents_url": ["https://api.github.com/repos/gaocegege/cv/contents/{+path}"],
    "compare_url": ["https://api.github.com/repos/gaocegege/cv/compare/{base}...{head}"],
    "merges_url": ["https://api.github.com/repos/gaocegege/cv/merges"],
    "archive_url": ["https://api.github.com/repos/gaocegege/cv/{archive_format}{/ref}"],
    "downloads_url": ["https://api.github.com/repos/gaocegege/cv/downloads"],
    "issues_url": ["https://api.github.com/repos/gaocegege/cv/issues{/number}"],
    "pulls_url": ["https://api.github.com/repos/gaocegege/cv/pulls{/number}"],
    "milestones_url": ["https://api.github.com/repos/gaocegege/cv/milestones{/number}"],
    "notifications_url": ["https://api.github.com/repos/gaocegege/cv/notifications{?since,all,participating}"],
    "labels_url": ["https://api.github.com/repos/gaocegege/cv/labels{/name}"],
    "releases_url": ["https://api.github.com/repos/gaocegege/cv/releases{/id}"],
    "deployments_url": ["https://api.github.com/repos/gaocegege/cv/deployments"],
    "created_at": ["2017-10-31T06:14:21Z"],
    "updated_at": ["2018-07-28T08:40:07Z"],
    "pushed_at": ["2018-04-10T11:10:12Z"],
    "git_url": ["git://github.com/gaocegege/cv.git"],
    "ssh_url": ["git@github.com:gaocegege/cv.git"],
    "clone_url": ["https://github.com/gaocegege/cv.git"],
    "svn_url": ["https://github.com/gaocegege/cv"],
    "homepage": ["http://gaocegege.com/cv"],
    "size": [256],
    "stargazers_count": [3],
    "watchers_count": [3],
    "language": ["TeX"],
    "has_issues": [true],
    "has_projects": [true],
    "has_downloads": [true],
    "has_wiki": [true],
    "has_pages": [true],
    "forks_count": [0],
    "mirror_url": {},
    "archived": [false],
    "open_issues_count": [0],
    "license": {
      "key": ["mit"],
      "name": ["MIT License"],
      "spdx_id": ["MIT"],
      "url": ["https://api.github.com/licenses/mit"],
      "node_id": ["MDc6TGljZW5zZTEz"]
    },
    "forks": [0],
    "open_issues": [0],
    "watchers": [3],
    "default_branch": ["master"],
    "permissions": {
      "admin": [false],
      "push": [false],
      "pull": [true]
    }
  }
]
