[
  {
    "id": [47879792],
    "node_id": ["MDEwOlJlcG9zaXRvcnk0Nzg3OTc5Mg=="],
    "name": ["DataBang"],
    "full_name": ["gaocegege/DataBang"],
    "private": [false],
    "owner": {
      "login": ["gaocegege"],
      "id": [5100735],
      "node_id": ["MDQ6VXNlcjUxMDA3MzU="],
      "avatar_url": ["https://avatars3.githubusercontent.com/u/5100735?v=4"],
      "gravatar_id": [""],
      "url": ["https://api.github.com/users/gaocegege"],
      "html_url": ["https://github.com/gaocegege"],
      "followers_url": ["https://api.github.com/users/gaocegege/followers"],
      "following_url": ["https://api.github.com/users/gaocegege/following{/other_user}"],
      "gists_url": ["https://api.github.com/users/gaocegege/gists{/gist_id}"],
      "starred_url": ["https://api.github.com/users/gaocegege/starred{/owner}{/repo}"],
      "subscriptions_url": ["https://api.github.com/users/gaocegege/subscriptions"],
      "organizations_url": ["https://api.github.com/users/gaocegege/orgs"],
      "repos_url": ["https://api.github.com/users/gaocegege/repos"],
      "events_url": ["https://api.github.com/users/gaocegege/events{/privacy}"],
      "received_events_url": ["https://api.github.com/users/gaocegege/received_events"],
      "type": ["User"],
      "site_admin": [false]
    },
    "html_url": ["https://github.com/gaocegege/DataBang"],
    "description": {},
    "fork": [true],
    "url": ["https://api.github.com/repos/gaocegege/DataBang"],
    "forks_url": ["https://api.github.com/repos/gaocegege/DataBang/forks"],
    "keys_url": ["https://api.github.com/repos/gaocegege/DataBang/keys{/key_id}"],
    "collaborators_url": ["https://api.github.com/repos/gaocegege/DataBang/collaborators{/collaborator}"],
    "teams_url": ["https://api.github.com/repos/gaocegege/DataBang/teams"],
    "hooks_url": ["https://api.github.com/repos/gaocegege/DataBang/hooks"],
    "issue_events_url": ["https://api.github.com/repos/gaocegege/DataBang/issues/events{/number}"],
    "events_url": ["https://api.github.com/repos/gaocegege/DataBang/events"],
    "assignees_url": ["https://api.github.com/repos/gaocegege/DataBang/assignees{/user}"],
    "branches_url": ["https://api.github.com/repos/gaocegege/DataBang/branches{/branch}"],
    "tags_url": ["https://api.github.com/repos/gaocegege/DataBang/tags"],
    "blobs_url": ["https://api.github.com/repos/gaocegege/DataBang/git/blobs{/sha}"],
    "git_tags_url": ["https://api.github.com/repos/gaocegege/DataBang/git/tags{/sha}"],
    "git_refs_url": ["https://api.github.com/repos/gaocegege/DataBang/git/refs{/sha}"],
    "trees_url": ["https://api.github.com/repos/gaocegege/DataBang/git/trees{/sha}"],
    "statuses_url": ["https://api.github.com/repos/gaocegege/DataBang/statuses/{sha}"],
    "languages_url": ["https://api.github.com/repos/gaocegege/DataBang/languages"],
    "stargazers_url": ["https://api.github.com/repos/gaocegege/DataBang/stargazers"],
    "contributors_url": ["https://api.github.com/repos/gaocegege/DataBang/contributors"],
    "subscribers_url": ["https://api.github.com/repos/gaocegege/DataBang/subscribers"],
    "subscription_url": ["https://api.github.com/repos/gaocegege/DataBang/subscription"],
    "commits_url": ["https://api.github.com/repos/gaocegege/DataBang/commits{/sha}"],
    "git_commits_url": ["https://api.github.com/repos/gaocegege/DataBang/git/commits{/sha}"],
    "comments_url": ["https://api.github.com/repos/gaocegege/DataBang/comments{/number}"],
    "issue_comment_url": ["https://api.github.com/repos/gaocegege/DataBang/issues/comments{/number}"],
    "contents_url": ["https://api.github.com/repos/gaocegege/DataBang/contents/{+path}"],
    "compare_url": ["https://api.github.com/repos/gaocegege/DataBang/compare/{base}...{head}"],
    "merges_url": ["https://api.github.com/repos/gaocegege/DataBang/merges"],
    "archive_url": ["https://api.github.com/repos/gaocegege/DataBang/{archive_format}{/ref}"],
    "downloads_url": ["https://api.github.com/repos/gaocegege/DataBang/downloads"],
    "issues_url": ["https://api.github.com/repos/gaocegege/DataBang/issues{/number}"],
    "pulls_url": ["https://api.github.com/repos/gaocegege/DataBang/pulls{/number}"],
    "milestones_url": ["https://api.github.com/repos/gaocegege/DataBang/milestones{/number}"],
    "notifications_url": ["https://api.github.com/repos/gaocegege/DataBang/notifications{?since,all,participating}"],
    "labels_url": ["https://api.github.com/repos/gaocegege/DataBang/labels{/name}"],
    "releases_url": ["https://api.github.com/repos/gaocegege/DataBang/releases{/id}"],
    "deployments_url": ["https://api.github.com/repos/gaocegege/DataBang/deployments"],
    "created_at": ["2015-12-12T13:45:25Z"],
    "updated_at": ["2015-12-12T13:45:26Z"],
    "pushed_at": ["2015-12-12T12:43:37Z"],
    "git_url": ["git://github.com/gaocegege/DataBang.git"],
    "ssh_url": ["git@github.com:gaocegege/DataBang.git"],
    "clone_url": ["https://github.com/gaocegege/DataBang.git"],
    "svn_url": ["https://github.com/gaocegege/DataBang"],
    "homepage": {},
    "size": [327],
    "stargazers_count": [0],
    "watchers_count": [0],
    "language": ["HTML"],
    "has_issues": [false],
    "has_projects": [true],
    "has_downloads": [true],
    "has_wiki": [true],
    "has_pages": [false],
    "forks_count": [0],
    "mirror_url": {},
    "archived": [false],
    "open_issues_count": [0],
    "license": {},
    "forks": [0],
    "open_issues": [0],
    "watchers": [0],
    "default_branch": ["master"],
    "permissions": {
      "admin": [false],
      "push": [false],
      "pull": [true]
    }
  }
]
