[
  {
    "id": [28077175],
    "node_id": ["MDEwOlJlcG9zaXRvcnkyODA3NzE3NQ=="],
    "name": ["LLVM-Simple-Wrapper"],
    "full_name": ["gaocegege/LLVM-Simple-Wrapper"],
    "private": [false],
    "owner": {
      "login": ["gaocegege"],
      "id": [5100735],
      "node_id": ["MDQ6VXNlcjUxMDA3MzU="],
      "avatar_url": ["https://avatars3.githubusercontent.com/u/5100735?v=4"],
      "gravatar_id": [""],
      "url": ["https://api.github.com/users/gaocegege"],
      "html_url": ["https://github.com/gaocegege"],
      "followers_url": ["https://api.github.com/users/gaocegege/followers"],
      "following_url": ["https://api.github.com/users/gaocegege/following{/other_user}"],
      "gists_url": ["https://api.github.com/users/gaocegege/gists{/gist_id}"],
      "starred_url": ["https://api.github.com/users/gaocegege/starred{/owner}{/repo}"],
      "subscriptions_url": ["https://api.github.com/users/gaocegege/subscriptions"],
      "organizations_url": ["https://api.github.com/users/gaocegege/orgs"],
      "repos_url": ["https://api.github.com/users/gaocegege/repos"],
      "events_url": ["https://api.github.com/users/gaocegege/events{/privacy}"],
      "received_events_url": ["https://api.github.com/users/gaocegege/received_events"],
      "type": ["User"],
      "site_admin": [false]
    },
    "html_url": ["https://github.com/gaocegege/LLVM-Simple-Wrapper"],
    "description": ["Simple LLVM wrapper used in our compiler"],
    "fork": [false],
    "url": ["https://api.github.com/repos/gaocegege/LLVM-Simple-Wrapper"],
    "forks_url": ["https://api.github.com/repos/gaocegege/LLVM-Simple-Wrapper/forks"],
    "keys_url": ["https://api.github.com/repos/gaocegege/LLVM-Simple-Wrapper/keys{/key_id}"],
    "collaborators_url": ["https://api.github.com/repos/gaocegege/LLVM-Simple-Wrapper/collaborators{/collaborator}"],
    "teams_url": ["https://api.github.com/repos/gaocegege/LLVM-Simple-Wrapper/teams"],
    "hooks_url": ["https://api.github.com/repos/gaocegege/LLVM-Simple-Wrapper/hooks"],
    "issue_events_url": ["https://api.github.com/repos/gaocegege/LLVM-Simple-Wrapper/issues/events{/number}"],
    "events_url": ["https://api.github.com/repos/gaocegege/LLVM-Simple-Wrapper/events"],
    "assignees_url": ["https://api.github.com/repos/gaocegege/LLVM-Simple-Wrapper/assignees{/user}"],
    "branches_url": ["https://api.github.com/repos/gaocegege/LLVM-Simple-Wrapper/branches{/branch}"],
    "tags_url": ["https://api.github.com/repos/gaocegege/LLVM-Simple-Wrapper/tags"],
    "blobs_url": ["https://api.github.com/repos/gaocegege/LLVM-Simple-Wrapper/git/blobs{/sha}"],
    "git_tags_url": ["https://api.github.com/repos/gaocegege/LLVM-Simple-Wrapper/git/tags{/sha}"],
    "git_refs_url": ["https://api.github.com/repos/gaocegege/LLVM-Simple-Wrapper/git/refs{/sha}"],
    "trees_url": ["https://api.github.com/repos/gaocegege/LLVM-Simple-Wrapper/git/trees{/sha}"],
    "statuses_url": ["https://api.github.com/repos/gaocegege/LLVM-Simple-Wrapper/statuses/{sha}"],
    "languages_url": ["https://api.github.com/repos/gaocegege/LLVM-Simple-Wrapper/languages"],
    "stargazers_url": ["https://api.github.com/repos/gaocegege/LLVM-Simple-Wrapper/stargazers"],
    "contributors_url": ["https://api.github.com/repos/gaocegege/LLVM-Simple-Wrapper/contributors"],
    "subscribers_url": ["https://api.github.com/repos/gaocegege/LLVM-Simple-Wrapper/subscribers"],
    "subscription_url": ["https://api.github.com/repos/gaocegege/LLVM-Simple-Wrapper/subscription"],
    "commits_url": ["https://api.github.com/repos/gaocegege/LLVM-Simple-Wrapper/commits{/sha}"],
    "git_commits_url": ["https://api.github.com/repos/gaocegege/LLVM-Simple-Wrapper/git/commits{/sha}"],
    "comments_url": ["https://api.github.com/repos/gaocegege/LLVM-Simple-Wrapper/comments{/number}"],
    "issue_comment_url": ["https://api.github.com/repos/gaocegege/LLVM-Simple-Wrapper/issues/comments{/number}"],
    "contents_url": ["https://api.github.com/repos/gaocegege/LLVM-Simple-Wrapper/contents/{+path}"],
    "compare_url": ["https://api.github.com/repos/gaocegege/LLVM-Simple-Wrapper/compare/{base}...{head}"],
    "merges_url": ["https://api.github.com/repos/gaocegege/LLVM-Simple-Wrapper/merges"],
    "archive_url": ["https://api.github.com/repos/gaocegege/LLVM-Simple-Wrapper/{archive_format}{/ref}"],
    "downloads_url": ["https://api.github.com/repos/gaocegege/LLVM-Simple-Wrapper/downloads"],
    "issues_url": ["https://api.github.com/repos/gaocegege/LLVM-Simple-Wrapper/issues{/number}"],
    "pulls_url": ["https://api.github.com/repos/gaocegege/LLVM-Simple-Wrapper/pulls{/number}"],
    "milestones_url": ["https://api.github.com/repos/gaocegege/LLVM-Simple-Wrapper/milestones{/number}"],
    "notifications_url": ["https://api.github.com/repos/gaocegege/LLVM-Simple-Wrapper/notifications{?since,all,participating}"],
    "labels_url": ["https://api.github.com/repos/gaocegege/LLVM-Simple-Wrapper/labels{/name}"],
    "releases_url": ["https://api.github.com/repos/gaocegege/LLVM-Simple-Wrapper/releases{/id}"],
    "deployments_url": ["https://api.github.com/repos/gaocegege/LLVM-Simple-Wrapper/deployments"],
    "created_at": ["2014-12-16T08:15:34Z"],
    "updated_at": ["2015-03-31T00:28:36Z"],
    "pushed_at": ["2015-03-31T00:28:36Z"],
    "git_url": ["git://github.com/gaocegege/LLVM-Simple-Wrapper.git"],
    "ssh_url": ["git@github.com:gaocegege/LLVM-Simple-Wrapper.git"],
    "clone_url": ["https://github.com/gaocegege/LLVM-Simple-Wrapper.git"],
    "svn_url": ["https://github.com/gaocegege/LLVM-Simple-Wrapper"],
    "homepage": {},
    "size": [360],
    "stargazers_count": [0],
    "watchers_count": [0],
    "language": ["C++"],
    "has_issues": [true],
    "has_projects": [true],
    "has_downloads": [true],
    "has_wiki": [true],
    "has_pages": [false],
    "forks_count": [0],
    "mirror_url": {},
    "archived": [false],
    "open_issues_count": [0],
    "license": {},
    "forks": [0],
    "open_issues": [0],
    "watchers": [0],
    "default_branch": ["master"],
    "permissions": {
      "admin": [false],
      "push": [false],
      "pull": [true]
    }
  }
]
