[
  {
    "id": [64285813],
    "node_id": ["MDEwOlJlcG9zaXRvcnk2NDI4NTgxMw=="],
    "name": ["hypercli"],
    "full_name": ["gaocegege/hypercli"],
    "private": [false],
    "owner": {
      "login": ["gaocegege"],
      "id": [5100735],
      "node_id": ["MDQ6VXNlcjUxMDA3MzU="],
      "avatar_url": ["https://avatars3.githubusercontent.com/u/5100735?v=4"],
      "gravatar_id": [""],
      "url": ["https://api.github.com/users/gaocegege"],
      "html_url": ["https://github.com/gaocegege"],
      "followers_url": ["https://api.github.com/users/gaocegege/followers"],
      "following_url": ["https://api.github.com/users/gaocegege/following{/other_user}"],
      "gists_url": ["https://api.github.com/users/gaocegege/gists{/gist_id}"],
      "starred_url": ["https://api.github.com/users/gaocegege/starred{/owner}{/repo}"],
      "subscriptions_url": ["https://api.github.com/users/gaocegege/subscriptions"],
      "organizations_url": ["https://api.github.com/users/gaocegege/orgs"],
      "repos_url": ["https://api.github.com/users/gaocegege/repos"],
      "events_url": ["https://api.github.com/users/gaocegege/events{/privacy}"],
      "received_events_url": ["https://api.github.com/users/gaocegege/received_events"],
      "type": ["User"],
      "site_admin": [false]
    },
    "html_url": ["https://github.com/gaocegege/hypercli"],
    "description": ["Hyper_ client for Mac OSx/Linux"],
    "fork": [true],
    "url": ["https://api.github.com/repos/gaocegege/hypercli"],
    "forks_url": ["https://api.github.com/repos/gaocegege/hypercli/forks"],
    "keys_url": ["https://api.github.com/repos/gaocegege/hypercli/keys{/key_id}"],
    "collaborators_url": ["https://api.github.com/repos/gaocegege/hypercli/collaborators{/collaborator}"],
    "teams_url": ["https://api.github.com/repos/gaocegege/hypercli/teams"],
    "hooks_url": ["https://api.github.com/repos/gaocegege/hypercli/hooks"],
    "issue_events_url": ["https://api.github.com/repos/gaocegege/hypercli/issues/events{/number}"],
    "events_url": ["https://api.github.com/repos/gaocegege/hypercli/events"],
    "assignees_url": ["https://api.github.com/repos/gaocegege/hypercli/assignees{/user}"],
    "branches_url": ["https://api.github.com/repos/gaocegege/hypercli/branches{/branch}"],
    "tags_url": ["https://api.github.com/repos/gaocegege/hypercli/tags"],
    "blobs_url": ["https://api.github.com/repos/gaocegege/hypercli/git/blobs{/sha}"],
    "git_tags_url": ["https://api.github.com/repos/gaocegege/hypercli/git/tags{/sha}"],
    "git_refs_url": ["https://api.github.com/repos/gaocegege/hypercli/git/refs{/sha}"],
    "trees_url": ["https://api.github.com/repos/gaocegege/hypercli/git/trees{/sha}"],
    "statuses_url": ["https://api.github.com/repos/gaocegege/hypercli/statuses/{sha}"],
    "languages_url": ["https://api.github.com/repos/gaocegege/hypercli/languages"],
    "stargazers_url": ["https://api.github.com/repos/gaocegege/hypercli/stargazers"],
    "contributors_url": ["https://api.github.com/repos/gaocegege/hypercli/contributors"],
    "subscribers_url": ["https://api.github.com/repos/gaocegege/hypercli/subscribers"],
    "subscription_url": ["https://api.github.com/repos/gaocegege/hypercli/subscription"],
    "commits_url": ["https://api.github.com/repos/gaocegege/hypercli/commits{/sha}"],
    "git_commits_url": ["https://api.github.com/repos/gaocegege/hypercli/git/commits{/sha}"],
    "comments_url": ["https://api.github.com/repos/gaocegege/hypercli/comments{/number}"],
    "issue_comment_url": ["https://api.github.com/repos/gaocegege/hypercli/issues/comments{/number}"],
    "contents_url": ["https://api.github.com/repos/gaocegege/hypercli/contents/{+path}"],
    "compare_url": ["https://api.github.com/repos/gaocegege/hypercli/compare/{base}...{head}"],
    "merges_url": ["https://api.github.com/repos/gaocegege/hypercli/merges"],
    "archive_url": ["https://api.github.com/repos/gaocegege/hypercli/{archive_format}{/ref}"],
    "downloads_url": ["https://api.github.com/repos/gaocegege/hypercli/downloads"],
    "issues_url": ["https://api.github.com/repos/gaocegege/hypercli/issues{/number}"],
    "pulls_url": ["https://api.github.com/repos/gaocegege/hypercli/pulls{/number}"],
    "milestones_url": ["https://api.github.com/repos/gaocegege/hypercli/milestones{/number}"],
    "notifications_url": ["https://api.github.com/repos/gaocegege/hypercli/notifications{?since,all,participating}"],
    "labels_url": ["https://api.github.com/repos/gaocegege/hypercli/labels{/name}"],
    "releases_url": ["https://api.github.com/repos/gaocegege/hypercli/releases{/id}"],
    "deployments_url": ["https://api.github.com/repos/gaocegege/hypercli/deployments"],
    "created_at": ["2016-07-27T07:08:30Z"],
    "updated_at": ["2016-07-27T07:08:34Z"],
    "pushed_at": ["2016-07-25T04:13:41Z"],
    "git_url": ["git://github.com/gaocegege/hypercli.git"],
    "ssh_url": ["git@github.com:gaocegege/hypercli.git"],
    "clone_url": ["https://github.com/gaocegege/hypercli.git"],
    "svn_url": ["https://github.com/gaocegege/hypercli"],
    "homepage": {},
    "size": [83334],
    "stargazers_count": [0],
    "watchers_count": [0],
    "language": ["Go"],
    "has_issues": [false],
    "has_projects": [true],
    "has_downloads": [true],
    "has_wiki": [true],
    "has_pages": [false],
    "forks_count": [0],
    "mirror_url": {},
    "archived": [false],
    "open_issues_count": [0],
    "license": {
      "key": ["apache-2.0"],
      "name": ["Apache License 2.0"],
      "spdx_id": ["Apache-2.0"],
      "url": ["https://api.github.com/licenses/apache-2.0"],
      "node_id": ["MDc6TGljZW5zZTI="]
    },
    "forks": [0],
    "open_issues": [0],
    "watchers": [0],
    "default_branch": ["master"],
    "permissions": {
      "admin": [false],
      "push": [false],
      "pull": [true]
    }
  }
]
