[
  {
    "id": [52507147],
    "node_id": ["MDEwOlJlcG9zaXRvcnk1MjUwNzE0Nw=="],
    "name": ["electronic-wechat"],
    "full_name": ["gaocegege/electronic-wechat"],
    "private": [false],
    "owner": {
      "login": ["gaocegege"],
      "id": [5100735],
      "node_id": ["MDQ6VXNlcjUxMDA3MzU="],
      "avatar_url": ["https://avatars3.githubusercontent.com/u/5100735?v=4"],
      "gravatar_id": [""],
      "url": ["https://api.github.com/users/gaocegege"],
      "html_url": ["https://github.com/gaocegege"],
      "followers_url": ["https://api.github.com/users/gaocegege/followers"],
      "following_url": ["https://api.github.com/users/gaocegege/following{/other_user}"],
      "gists_url": ["https://api.github.com/users/gaocegege/gists{/gist_id}"],
      "starred_url": ["https://api.github.com/users/gaocegege/starred{/owner}{/repo}"],
      "subscriptions_url": ["https://api.github.com/users/gaocegege/subscriptions"],
      "organizations_url": ["https://api.github.com/users/gaocegege/orgs"],
      "repos_url": ["https://api.github.com/users/gaocegege/repos"],
      "events_url": ["https://api.github.com/users/gaocegege/events{/privacy}"],
      "received_events_url": ["https://api.github.com/users/gaocegege/received_events"],
      "type": ["User"],
      "site_admin": [false]
    },
    "html_url": ["https://github.com/gaocegege/electronic-wechat"],
    "description": [":shipit: A better WeChat client on Mac OS X and Linux."],
    "fork": [true],
    "url": ["https://api.github.com/repos/gaocegege/electronic-wechat"],
    "forks_url": ["https://api.github.com/repos/gaocegege/electronic-wechat/forks"],
    "keys_url": ["https://api.github.com/repos/gaocegege/electronic-wechat/keys{/key_id}"],
    "collaborators_url": ["https://api.github.com/repos/gaocegege/electronic-wechat/collaborators{/collaborator}"],
    "teams_url": ["https://api.github.com/repos/gaocegege/electronic-wechat/teams"],
    "hooks_url": ["https://api.github.com/repos/gaocegege/electronic-wechat/hooks"],
    "issue_events_url": ["https://api.github.com/repos/gaocegege/electronic-wechat/issues/events{/number}"],
    "events_url": ["https://api.github.com/repos/gaocegege/electronic-wechat/events"],
    "assignees_url": ["https://api.github.com/repos/gaocegege/electronic-wechat/assignees{/user}"],
    "branches_url": ["https://api.github.com/repos/gaocegege/electronic-wechat/branches{/branch}"],
    "tags_url": ["https://api.github.com/repos/gaocegege/electronic-wechat/tags"],
    "blobs_url": ["https://api.github.com/repos/gaocegege/electronic-wechat/git/blobs{/sha}"],
    "git_tags_url": ["https://api.github.com/repos/gaocegege/electronic-wechat/git/tags{/sha}"],
    "git_refs_url": ["https://api.github.com/repos/gaocegege/electronic-wechat/git/refs{/sha}"],
    "trees_url": ["https://api.github.com/repos/gaocegege/electronic-wechat/git/trees{/sha}"],
    "statuses_url": ["https://api.github.com/repos/gaocegege/electronic-wechat/statuses/{sha}"],
    "languages_url": ["https://api.github.com/repos/gaocegege/electronic-wechat/languages"],
    "stargazers_url": ["https://api.github.com/repos/gaocegege/electronic-wechat/stargazers"],
    "contributors_url": ["https://api.github.com/repos/gaocegege/electronic-wechat/contributors"],
    "subscribers_url": ["https://api.github.com/repos/gaocegege/electronic-wechat/subscribers"],
    "subscription_url": ["https://api.github.com/repos/gaocegege/electronic-wechat/subscription"],
    "commits_url": ["https://api.github.com/repos/gaocegege/electronic-wechat/commits{/sha}"],
    "git_commits_url": ["https://api.github.com/repos/gaocegege/electronic-wechat/git/commits{/sha}"],
    "comments_url": ["https://api.github.com/repos/gaocegege/electronic-wechat/comments{/number}"],
    "issue_comment_url": ["https://api.github.com/repos/gaocegege/electronic-wechat/issues/comments{/number}"],
    "contents_url": ["https://api.github.com/repos/gaocegege/electronic-wechat/contents/{+path}"],
    "compare_url": ["https://api.github.com/repos/gaocegege/electronic-wechat/compare/{base}...{head}"],
    "merges_url": ["https://api.github.com/repos/gaocegege/electronic-wechat/merges"],
    "archive_url": ["https://api.github.com/repos/gaocegege/electronic-wechat/{archive_format}{/ref}"],
    "downloads_url": ["https://api.github.com/repos/gaocegege/electronic-wechat/downloads"],
    "issues_url": ["https://api.github.com/repos/gaocegege/electronic-wechat/issues{/number}"],
    "pulls_url": ["https://api.github.com/repos/gaocegege/electronic-wechat/pulls{/number}"],
    "milestones_url": ["https://api.github.com/repos/gaocegege/electronic-wechat/milestones{/number}"],
    "notifications_url": ["https://api.github.com/repos/gaocegege/electronic-wechat/notifications{?since,all,participating}"],
    "labels_url": ["https://api.github.com/repos/gaocegege/electronic-wechat/labels{/name}"],
    "releases_url": ["https://api.github.com/repos/gaocegege/electronic-wechat/releases{/id}"],
    "deployments_url": ["https://api.github.com/repos/gaocegege/electronic-wechat/deployments"],
    "created_at": ["2016-02-25T07:57:19Z"],
    "updated_at": ["2016-02-25T07:57:21Z"],
    "pushed_at": ["2016-02-29T06:48:44Z"],
    "git_url": ["git://github.com/gaocegege/electronic-wechat.git"],
    "ssh_url": ["git@github.com:gaocegege/electronic-wechat.git"],
    "clone_url": ["https://github.com/gaocegege/electronic-wechat.git"],
    "svn_url": ["https://github.com/gaocegege/electronic-wechat"],
    "homepage": [""],
    "size": [700],
    "stargazers_count": [0],
    "watchers_count": [0],
    "language": ["JavaScript"],
    "has_issues": [false],
    "has_projects": [true],
    "has_downloads": [true],
    "has_wiki": [true],
    "has_pages": [false],
    "forks_count": [0],
    "mirror_url": {},
    "archived": [false],
    "open_issues_count": [0],
    "license": {
      "key": ["mit"],
      "name": ["MIT License"],
      "spdx_id": ["MIT"],
      "url": ["https://api.github.com/licenses/mit"],
      "node_id": ["MDc6TGljZW5zZTEz"]
    },
    "forks": [0],
    "open_issues": [0],
    "watchers": [0],
    "default_branch": ["master"],
    "permissions": {
      "admin": [false],
      "push": [false],
      "pull": [true]
    }
  }
]
