[
  {
    "id": [66694580],
    "node_id": ["MDEwOlJlcG9zaXRvcnk2NjY5NDU4MA=="],
    "name": ["setup-ipsec-vpn"],
    "full_name": ["gaocegege/setup-ipsec-vpn"],
    "private": [false],
    "owner": {
      "login": ["gaocegege"],
      "id": [5100735],
      "node_id": ["MDQ6VXNlcjUxMDA3MzU="],
      "avatar_url": ["https://avatars3.githubusercontent.com/u/5100735?v=4"],
      "gravatar_id": [""],
      "url": ["https://api.github.com/users/gaocegege"],
      "html_url": ["https://github.com/gaocegege"],
      "followers_url": ["https://api.github.com/users/gaocegege/followers"],
      "following_url": ["https://api.github.com/users/gaocegege/following{/other_user}"],
      "gists_url": ["https://api.github.com/users/gaocegege/gists{/gist_id}"],
      "starred_url": ["https://api.github.com/users/gaocegege/starred{/owner}{/repo}"],
      "subscriptions_url": ["https://api.github.com/users/gaocegege/subscriptions"],
      "organizations_url": ["https://api.github.com/users/gaocegege/orgs"],
      "repos_url": ["https://api.github.com/users/gaocegege/repos"],
      "events_url": ["https://api.github.com/users/gaocegege/events{/privacy}"],
      "received_events_url": ["https://api.github.com/users/gaocegege/received_events"],
      "type": ["User"],
      "site_admin": [false]
    },
    "html_url": ["https://github.com/gaocegege/setup-ipsec-vpn"],
    "description": ["Scripts to build your own IPsec VPN server, with IPsec/L2TP and Cisco IPsec on Ubuntu, Debian and CentOS"],
    "fork": [true],
    "url": ["https://api.github.com/repos/gaocegege/setup-ipsec-vpn"],
    "forks_url": ["https://api.github.com/repos/gaocegege/setup-ipsec-vpn/forks"],
    "keys_url": ["https://api.github.com/repos/gaocegege/setup-ipsec-vpn/keys{/key_id}"],
    "collaborators_url": ["https://api.github.com/repos/gaocegege/setup-ipsec-vpn/collaborators{/collaborator}"],
    "teams_url": ["https://api.github.com/repos/gaocegege/setup-ipsec-vpn/teams"],
    "hooks_url": ["https://api.github.com/repos/gaocegege/setup-ipsec-vpn/hooks"],
    "issue_events_url": ["https://api.github.com/repos/gaocegege/setup-ipsec-vpn/issues/events{/number}"],
    "events_url": ["https://api.github.com/repos/gaocegege/setup-ipsec-vpn/events"],
    "assignees_url": ["https://api.github.com/repos/gaocegege/setup-ipsec-vpn/assignees{/user}"],
    "branches_url": ["https://api.github.com/repos/gaocegege/setup-ipsec-vpn/branches{/branch}"],
    "tags_url": ["https://api.github.com/repos/gaocegege/setup-ipsec-vpn/tags"],
    "blobs_url": ["https://api.github.com/repos/gaocegege/setup-ipsec-vpn/git/blobs{/sha}"],
    "git_tags_url": ["https://api.github.com/repos/gaocegege/setup-ipsec-vpn/git/tags{/sha}"],
    "git_refs_url": ["https://api.github.com/repos/gaocegege/setup-ipsec-vpn/git/refs{/sha}"],
    "trees_url": ["https://api.github.com/repos/gaocegege/setup-ipsec-vpn/git/trees{/sha}"],
    "statuses_url": ["https://api.github.com/repos/gaocegege/setup-ipsec-vpn/statuses/{sha}"],
    "languages_url": ["https://api.github.com/repos/gaocegege/setup-ipsec-vpn/languages"],
    "stargazers_url": ["https://api.github.com/repos/gaocegege/setup-ipsec-vpn/stargazers"],
    "contributors_url": ["https://api.github.com/repos/gaocegege/setup-ipsec-vpn/contributors"],
    "subscribers_url": ["https://api.github.com/repos/gaocegege/setup-ipsec-vpn/subscribers"],
    "subscription_url": ["https://api.github.com/repos/gaocegege/setup-ipsec-vpn/subscription"],
    "commits_url": ["https://api.github.com/repos/gaocegege/setup-ipsec-vpn/commits{/sha}"],
    "git_commits_url": ["https://api.github.com/repos/gaocegege/setup-ipsec-vpn/git/commits{/sha}"],
    "comments_url": ["https://api.github.com/repos/gaocegege/setup-ipsec-vpn/comments{/number}"],
    "issue_comment_url": ["https://api.github.com/repos/gaocegege/setup-ipsec-vpn/issues/comments{/number}"],
    "contents_url": ["https://api.github.com/repos/gaocegege/setup-ipsec-vpn/contents/{+path}"],
    "compare_url": ["https://api.github.com/repos/gaocegege/setup-ipsec-vpn/compare/{base}...{head}"],
    "merges_url": ["https://api.github.com/repos/gaocegege/setup-ipsec-vpn/merges"],
    "archive_url": ["https://api.github.com/repos/gaocegege/setup-ipsec-vpn/{archive_format}{/ref}"],
    "downloads_url": ["https://api.github.com/repos/gaocegege/setup-ipsec-vpn/downloads"],
    "issues_url": ["https://api.github.com/repos/gaocegege/setup-ipsec-vpn/issues{/number}"],
    "pulls_url": ["https://api.github.com/repos/gaocegege/setup-ipsec-vpn/pulls{/number}"],
    "milestones_url": ["https://api.github.com/repos/gaocegege/setup-ipsec-vpn/milestones{/number}"],
    "notifications_url": ["https://api.github.com/repos/gaocegege/setup-ipsec-vpn/notifications{?since,all,participating}"],
    "labels_url": ["https://api.github.com/repos/gaocegege/setup-ipsec-vpn/labels{/name}"],
    "releases_url": ["https://api.github.com/repos/gaocegege/setup-ipsec-vpn/releases{/id}"],
    "deployments_url": ["https://api.github.com/repos/gaocegege/setup-ipsec-vpn/deployments"],
    "created_at": ["2016-08-27T03:50:15Z"],
    "updated_at": ["2016-08-27T03:50:16Z"],
    "pushed_at": ["2016-08-27T03:52:07Z"],
    "git_url": ["git://github.com/gaocegege/setup-ipsec-vpn.git"],
    "ssh_url": ["git@github.com:gaocegege/setup-ipsec-vpn.git"],
    "clone_url": ["https://github.com/gaocegege/setup-ipsec-vpn.git"],
    "svn_url": ["https://github.com/gaocegege/setup-ipsec-vpn"],
    "homepage": [""],
    "size": [503],
    "stargazers_count": [0],
    "watchers_count": [0],
    "language": ["Shell"],
    "has_issues": [false],
    "has_projects": [true],
    "has_downloads": [true],
    "has_wiki": [false],
    "has_pages": [false],
    "forks_count": [0],
    "mirror_url": {},
    "archived": [false],
    "open_issues_count": [0],
    "license": {
      "key": ["other"],
      "name": ["Other"],
      "spdx_id": ["NOASSERTION"],
      "url": {},
      "node_id": ["MDc6TGljZW5zZTA="]
    },
    "forks": [0],
    "open_issues": [0],
    "watchers": [0],
    "default_branch": ["master"],
    "permissions": {
      "admin": [false],
      "push": [false],
      "pull": [true]
    }
  }
]
