[
  {
    "id": [117057159],
    "node_id": ["MDEwOlJlcG9zaXRvcnkxMTcwNTcxNTk="],
    "name": ["kube-arbitrator"],
    "full_name": ["gaocegege/kube-arbitrator"],
    "private": [false],
    "owner": {
      "login": ["gaocegege"],
      "id": [5100735],
      "node_id": ["MDQ6VXNlcjUxMDA3MzU="],
      "avatar_url": ["https://avatars3.githubusercontent.com/u/5100735?v=4"],
      "gravatar_id": [""],
      "url": ["https://api.github.com/users/gaocegege"],
      "html_url": ["https://github.com/gaocegege"],
      "followers_url": ["https://api.github.com/users/gaocegege/followers"],
      "following_url": ["https://api.github.com/users/gaocegege/following{/other_user}"],
      "gists_url": ["https://api.github.com/users/gaocegege/gists{/gist_id}"],
      "starred_url": ["https://api.github.com/users/gaocegege/starred{/owner}{/repo}"],
      "subscriptions_url": ["https://api.github.com/users/gaocegege/subscriptions"],
      "organizations_url": ["https://api.github.com/users/gaocegege/orgs"],
      "repos_url": ["https://api.github.com/users/gaocegege/repos"],
      "events_url": ["https://api.github.com/users/gaocegege/events{/privacy}"],
      "received_events_url": ["https://api.github.com/users/gaocegege/received_events"],
      "type": ["User"],
      "site_admin": [false]
    },
    "html_url": ["https://github.com/gaocegege/kube-arbitrator"],
    "description": ["Policy based resource sharing for Kubernetes cluster"],
    "fork": [true],
    "url": ["https://api.github.com/repos/gaocegege/kube-arbitrator"],
    "forks_url": ["https://api.github.com/repos/gaocegege/kube-arbitrator/forks"],
    "keys_url": ["https://api.github.com/repos/gaocegege/kube-arbitrator/keys{/key_id}"],
    "collaborators_url": ["https://api.github.com/repos/gaocegege/kube-arbitrator/collaborators{/collaborator}"],
    "teams_url": ["https://api.github.com/repos/gaocegege/kube-arbitrator/teams"],
    "hooks_url": ["https://api.github.com/repos/gaocegege/kube-arbitrator/hooks"],
    "issue_events_url": ["https://api.github.com/repos/gaocegege/kube-arbitrator/issues/events{/number}"],
    "events_url": ["https://api.github.com/repos/gaocegege/kube-arbitrator/events"],
    "assignees_url": ["https://api.github.com/repos/gaocegege/kube-arbitrator/assignees{/user}"],
    "branches_url": ["https://api.github.com/repos/gaocegege/kube-arbitrator/branches{/branch}"],
    "tags_url": ["https://api.github.com/repos/gaocegege/kube-arbitrator/tags"],
    "blobs_url": ["https://api.github.com/repos/gaocegege/kube-arbitrator/git/blobs{/sha}"],
    "git_tags_url": ["https://api.github.com/repos/gaocegege/kube-arbitrator/git/tags{/sha}"],
    "git_refs_url": ["https://api.github.com/repos/gaocegege/kube-arbitrator/git/refs{/sha}"],
    "trees_url": ["https://api.github.com/repos/gaocegege/kube-arbitrator/git/trees{/sha}"],
    "statuses_url": ["https://api.github.com/repos/gaocegege/kube-arbitrator/statuses/{sha}"],
    "languages_url": ["https://api.github.com/repos/gaocegege/kube-arbitrator/languages"],
    "stargazers_url": ["https://api.github.com/repos/gaocegege/kube-arbitrator/stargazers"],
    "contributors_url": ["https://api.github.com/repos/gaocegege/kube-arbitrator/contributors"],
    "subscribers_url": ["https://api.github.com/repos/gaocegege/kube-arbitrator/subscribers"],
    "subscription_url": ["https://api.github.com/repos/gaocegege/kube-arbitrator/subscription"],
    "commits_url": ["https://api.github.com/repos/gaocegege/kube-arbitrator/commits{/sha}"],
    "git_commits_url": ["https://api.github.com/repos/gaocegege/kube-arbitrator/git/commits{/sha}"],
    "comments_url": ["https://api.github.com/repos/gaocegege/kube-arbitrator/comments{/number}"],
    "issue_comment_url": ["https://api.github.com/repos/gaocegege/kube-arbitrator/issues/comments{/number}"],
    "contents_url": ["https://api.github.com/repos/gaocegege/kube-arbitrator/contents/{+path}"],
    "compare_url": ["https://api.github.com/repos/gaocegege/kube-arbitrator/compare/{base}...{head}"],
    "merges_url": ["https://api.github.com/repos/gaocegege/kube-arbitrator/merges"],
    "archive_url": ["https://api.github.com/repos/gaocegege/kube-arbitrator/{archive_format}{/ref}"],
    "downloads_url": ["https://api.github.com/repos/gaocegege/kube-arbitrator/downloads"],
    "issues_url": ["https://api.github.com/repos/gaocegege/kube-arbitrator/issues{/number}"],
    "pulls_url": ["https://api.github.com/repos/gaocegege/kube-arbitrator/pulls{/number}"],
    "milestones_url": ["https://api.github.com/repos/gaocegege/kube-arbitrator/milestones{/number}"],
    "notifications_url": ["https://api.github.com/repos/gaocegege/kube-arbitrator/notifications{?since,all,participating}"],
    "labels_url": ["https://api.github.com/repos/gaocegege/kube-arbitrator/labels{/name}"],
    "releases_url": ["https://api.github.com/repos/gaocegege/kube-arbitrator/releases{/id}"],
    "deployments_url": ["https://api.github.com/repos/gaocegege/kube-arbitrator/deployments"],
    "created_at": ["2018-01-11T06:01:26Z"],
    "updated_at": ["2018-10-02T22:25:18Z"],
    "pushed_at": ["2018-02-26T02:36:30Z"],
    "git_url": ["git://github.com/gaocegege/kube-arbitrator.git"],
    "ssh_url": ["git@github.com:gaocegege/kube-arbitrator.git"],
    "clone_url": ["https://github.com/gaocegege/kube-arbitrator.git"],
    "svn_url": ["https://github.com/gaocegege/kube-arbitrator"],
    "homepage": {},
    "size": [13942],
    "stargazers_count": [0],
    "watchers_count": [0],
    "language": ["Go"],
    "has_issues": [false],
    "has_projects": [true],
    "has_downloads": [true],
    "has_wiki": [true],
    "has_pages": [false],
    "forks_count": [0],
    "mirror_url": {},
    "archived": [false],
    "open_issues_count": [0],
    "license": {
      "key": ["apache-2.0"],
      "name": ["Apache License 2.0"],
      "spdx_id": ["Apache-2.0"],
      "url": ["https://api.github.com/licenses/apache-2.0"],
      "node_id": ["MDc6TGljZW5zZTI="]
    },
    "forks": [0],
    "open_issues": [0],
    "watchers": [0],
    "default_branch": ["master"],
    "permissions": {
      "admin": [false],
      "push": [false],
      "pull": [true]
    }
  }
]
