[
  {
    "id": [153557038],
    "node_id": ["MDEwOlJlcG9zaXRvcnkxNTM1NTcwMzg="],
    "name": ["gift-certificates"],
    "full_name": ["gaocegege/gift-certificates"],
    "private": [false],
    "owner": {
      "login": ["gaocegege"],
      "id": [5100735],
      "node_id": ["MDQ6VXNlcjUxMDA3MzU="],
      "avatar_url": ["https://avatars3.githubusercontent.com/u/5100735?v=4"],
      "gravatar_id": [""],
      "url": ["https://api.github.com/users/gaocegege"],
      "html_url": ["https://github.com/gaocegege"],
      "followers_url": ["https://api.github.com/users/gaocegege/followers"],
      "following_url": ["https://api.github.com/users/gaocegege/following{/other_user}"],
      "gists_url": ["https://api.github.com/users/gaocegege/gists{/gist_id}"],
      "starred_url": ["https://api.github.com/users/gaocegege/starred{/owner}{/repo}"],
      "subscriptions_url": ["https://api.github.com/users/gaocegege/subscriptions"],
      "organizations_url": ["https://api.github.com/users/gaocegege/orgs"],
      "repos_url": ["https://api.github.com/users/gaocegege/repos"],
      "events_url": ["https://api.github.com/users/gaocegege/events{/privacy}"],
      "received_events_url": ["https://api.github.com/users/gaocegege/received_events"],
      "type": ["User"],
      "site_admin": [false]
    },
    "html_url": ["https://github.com/gaocegege/gift-certificates"],
    "description": {},
    "fork": [false],
    "url": ["https://api.github.com/repos/gaocegege/gift-certificates"],
    "forks_url": ["https://api.github.com/repos/gaocegege/gift-certificates/forks"],
    "keys_url": ["https://api.github.com/repos/gaocegege/gift-certificates/keys{/key_id}"],
    "collaborators_url": ["https://api.github.com/repos/gaocegege/gift-certificates/collaborators{/collaborator}"],
    "teams_url": ["https://api.github.com/repos/gaocegege/gift-certificates/teams"],
    "hooks_url": ["https://api.github.com/repos/gaocegege/gift-certificates/hooks"],
    "issue_events_url": ["https://api.github.com/repos/gaocegege/gift-certificates/issues/events{/number}"],
    "events_url": ["https://api.github.com/repos/gaocegege/gift-certificates/events"],
    "assignees_url": ["https://api.github.com/repos/gaocegege/gift-certificates/assignees{/user}"],
    "branches_url": ["https://api.github.com/repos/gaocegege/gift-certificates/branches{/branch}"],
    "tags_url": ["https://api.github.com/repos/gaocegege/gift-certificates/tags"],
    "blobs_url": ["https://api.github.com/repos/gaocegege/gift-certificates/git/blobs{/sha}"],
    "git_tags_url": ["https://api.github.com/repos/gaocegege/gift-certificates/git/tags{/sha}"],
    "git_refs_url": ["https://api.github.com/repos/gaocegege/gift-certificates/git/refs{/sha}"],
    "trees_url": ["https://api.github.com/repos/gaocegege/gift-certificates/git/trees{/sha}"],
    "statuses_url": ["https://api.github.com/repos/gaocegege/gift-certificates/statuses/{sha}"],
    "languages_url": ["https://api.github.com/repos/gaocegege/gift-certificates/languages"],
    "stargazers_url": ["https://api.github.com/repos/gaocegege/gift-certificates/stargazers"],
    "contributors_url": ["https://api.github.com/repos/gaocegege/gift-certificates/contributors"],
    "subscribers_url": ["https://api.github.com/repos/gaocegege/gift-certificates/subscribers"],
    "subscription_url": ["https://api.github.com/repos/gaocegege/gift-certificates/subscription"],
    "commits_url": ["https://api.github.com/repos/gaocegege/gift-certificates/commits{/sha}"],
    "git_commits_url": ["https://api.github.com/repos/gaocegege/gift-certificates/git/commits{/sha}"],
    "comments_url": ["https://api.github.com/repos/gaocegege/gift-certificates/comments{/number}"],
    "issue_comment_url": ["https://api.github.com/repos/gaocegege/gift-certificates/issues/comments{/number}"],
    "contents_url": ["https://api.github.com/repos/gaocegege/gift-certificates/contents/{+path}"],
    "compare_url": ["https://api.github.com/repos/gaocegege/gift-certificates/compare/{base}...{head}"],
    "merges_url": ["https://api.github.com/repos/gaocegege/gift-certificates/merges"],
    "archive_url": ["https://api.github.com/repos/gaocegege/gift-certificates/{archive_format}{/ref}"],
    "downloads_url": ["https://api.github.com/repos/gaocegege/gift-certificates/downloads"],
    "issues_url": ["https://api.github.com/repos/gaocegege/gift-certificates/issues{/number}"],
    "pulls_url": ["https://api.github.com/repos/gaocegege/gift-certificates/pulls{/number}"],
    "milestones_url": ["https://api.github.com/repos/gaocegege/gift-certificates/milestones{/number}"],
    "notifications_url": ["https://api.github.com/repos/gaocegege/gift-certificates/notifications{?since,all,participating}"],
    "labels_url": ["https://api.github.com/repos/gaocegege/gift-certificates/labels{/name}"],
    "releases_url": ["https://api.github.com/repos/gaocegege/gift-certificates/releases{/id}"],
    "deployments_url": ["https://api.github.com/repos/gaocegege/gift-certificates/deployments"],
    "created_at": ["2018-10-18T03:16:48Z"],
    "updated_at": ["2018-10-18T03:16:50Z"],
    "pushed_at": ["2018-10-18T03:16:49Z"],
    "git_url": ["git://github.com/gaocegege/gift-certificates.git"],
    "ssh_url": ["git@github.com:gaocegege/gift-certificates.git"],
    "clone_url": ["https://github.com/gaocegege/gift-certificates.git"],
    "svn_url": ["https://github.com/gaocegege/gift-certificates"],
    "homepage": {},
    "size": [0],
    "stargazers_count": [0],
    "watchers_count": [0],
    "language": {},
    "has_issues": [true],
    "has_projects": [true],
    "has_downloads": [true],
    "has_wiki": [true],
    "has_pages": [false],
    "forks_count": [0],
    "mirror_url": {},
    "archived": [false],
    "open_issues_count": [0],
    "license": {},
    "forks": [0],
    "open_issues": [0],
    "watchers": [0],
    "default_branch": ["master"],
    "permissions": {
      "admin": [false],
      "push": [false],
      "pull": [true]
    }
  }
]
