[
  {
    "id": [59080984],
    "node_id": ["MDEwOlJlcG9zaXRvcnk1OTA4MDk4NA=="],
    "name": ["bachelor-paper-2016"],
    "full_name": ["gaocegege/bachelor-paper-2016"],
    "private": [false],
    "owner": {
      "login": ["gaocegege"],
      "id": [5100735],
      "node_id": ["MDQ6VXNlcjUxMDA3MzU="],
      "avatar_url": ["https://avatars3.githubusercontent.com/u/5100735?v=4"],
      "gravatar_id": [""],
      "url": ["https://api.github.com/users/gaocegege"],
      "html_url": ["https://github.com/gaocegege"],
      "followers_url": ["https://api.github.com/users/gaocegege/followers"],
      "following_url": ["https://api.github.com/users/gaocegege/following{/other_user}"],
      "gists_url": ["https://api.github.com/users/gaocegege/gists{/gist_id}"],
      "starred_url": ["https://api.github.com/users/gaocegege/starred{/owner}{/repo}"],
      "subscriptions_url": ["https://api.github.com/users/gaocegege/subscriptions"],
      "organizations_url": ["https://api.github.com/users/gaocegege/orgs"],
      "repos_url": ["https://api.github.com/users/gaocegege/repos"],
      "events_url": ["https://api.github.com/users/gaocegege/events{/privacy}"],
      "received_events_url": ["https://api.github.com/users/gaocegege/received_events"],
      "type": ["User"],
      "site_admin": [false]
    },
    "html_url": ["https://github.com/gaocegege/bachelor-paper-2016"],
    "description": [" my bachelor's thesis in SJTU about cyclone"],
    "fork": [false],
    "url": ["https://api.github.com/repos/gaocegege/bachelor-paper-2016"],
    "forks_url": ["https://api.github.com/repos/gaocegege/bachelor-paper-2016/forks"],
    "keys_url": ["https://api.github.com/repos/gaocegege/bachelor-paper-2016/keys{/key_id}"],
    "collaborators_url": ["https://api.github.com/repos/gaocegege/bachelor-paper-2016/collaborators{/collaborator}"],
    "teams_url": ["https://api.github.com/repos/gaocegege/bachelor-paper-2016/teams"],
    "hooks_url": ["https://api.github.com/repos/gaocegege/bachelor-paper-2016/hooks"],
    "issue_events_url": ["https://api.github.com/repos/gaocegege/bachelor-paper-2016/issues/events{/number}"],
    "events_url": ["https://api.github.com/repos/gaocegege/bachelor-paper-2016/events"],
    "assignees_url": ["https://api.github.com/repos/gaocegege/bachelor-paper-2016/assignees{/user}"],
    "branches_url": ["https://api.github.com/repos/gaocegege/bachelor-paper-2016/branches{/branch}"],
    "tags_url": ["https://api.github.com/repos/gaocegege/bachelor-paper-2016/tags"],
    "blobs_url": ["https://api.github.com/repos/gaocegege/bachelor-paper-2016/git/blobs{/sha}"],
    "git_tags_url": ["https://api.github.com/repos/gaocegege/bachelor-paper-2016/git/tags{/sha}"],
    "git_refs_url": ["https://api.github.com/repos/gaocegege/bachelor-paper-2016/git/refs{/sha}"],
    "trees_url": ["https://api.github.com/repos/gaocegege/bachelor-paper-2016/git/trees{/sha}"],
    "statuses_url": ["https://api.github.com/repos/gaocegege/bachelor-paper-2016/statuses/{sha}"],
    "languages_url": ["https://api.github.com/repos/gaocegege/bachelor-paper-2016/languages"],
    "stargazers_url": ["https://api.github.com/repos/gaocegege/bachelor-paper-2016/stargazers"],
    "contributors_url": ["https://api.github.com/repos/gaocegege/bachelor-paper-2016/contributors"],
    "subscribers_url": ["https://api.github.com/repos/gaocegege/bachelor-paper-2016/subscribers"],
    "subscription_url": ["https://api.github.com/repos/gaocegege/bachelor-paper-2016/subscription"],
    "commits_url": ["https://api.github.com/repos/gaocegege/bachelor-paper-2016/commits{/sha}"],
    "git_commits_url": ["https://api.github.com/repos/gaocegege/bachelor-paper-2016/git/commits{/sha}"],
    "comments_url": ["https://api.github.com/repos/gaocegege/bachelor-paper-2016/comments{/number}"],
    "issue_comment_url": ["https://api.github.com/repos/gaocegege/bachelor-paper-2016/issues/comments{/number}"],
    "contents_url": ["https://api.github.com/repos/gaocegege/bachelor-paper-2016/contents/{+path}"],
    "compare_url": ["https://api.github.com/repos/gaocegege/bachelor-paper-2016/compare/{base}...{head}"],
    "merges_url": ["https://api.github.com/repos/gaocegege/bachelor-paper-2016/merges"],
    "archive_url": ["https://api.github.com/repos/gaocegege/bachelor-paper-2016/{archive_format}{/ref}"],
    "downloads_url": ["https://api.github.com/repos/gaocegege/bachelor-paper-2016/downloads"],
    "issues_url": ["https://api.github.com/repos/gaocegege/bachelor-paper-2016/issues{/number}"],
    "pulls_url": ["https://api.github.com/repos/gaocegege/bachelor-paper-2016/pulls{/number}"],
    "milestones_url": ["https://api.github.com/repos/gaocegege/bachelor-paper-2016/milestones{/number}"],
    "notifications_url": ["https://api.github.com/repos/gaocegege/bachelor-paper-2016/notifications{?since,all,participating}"],
    "labels_url": ["https://api.github.com/repos/gaocegege/bachelor-paper-2016/labels{/name}"],
    "releases_url": ["https://api.github.com/repos/gaocegege/bachelor-paper-2016/releases{/id}"],
    "deployments_url": ["https://api.github.com/repos/gaocegege/bachelor-paper-2016/deployments"],
    "created_at": ["2016-05-18T04:07:29Z"],
    "updated_at": ["2018-11-27T06:34:41Z"],
    "pushed_at": ["2018-01-04T07:46:48Z"],
    "git_url": ["git://github.com/gaocegege/bachelor-paper-2016.git"],
    "ssh_url": ["git@github.com:gaocegege/bachelor-paper-2016.git"],
    "clone_url": ["https://github.com/gaocegege/bachelor-paper-2016.git"],
    "svn_url": ["https://github.com/gaocegege/bachelor-paper-2016"],
    "homepage": ["https://github.com/gaocegege/bachelor-paper-2016/blob/final/thesis.pdf"],
    "size": [3913],
    "stargazers_count": [7],
    "watchers_count": [7],
    "language": ["TeX"],
    "has_issues": [true],
    "has_projects": [true],
    "has_downloads": [true],
    "has_wiki": [true],
    "has_pages": [false],
    "forks_count": [0],
    "mirror_url": {},
    "archived": [false],
    "open_issues_count": [0],
    "license": {
      "key": ["apache-2.0"],
      "name": ["Apache License 2.0"],
      "spdx_id": ["Apache-2.0"],
      "url": ["https://api.github.com/licenses/apache-2.0"],
      "node_id": ["MDc6TGljZW5zZTI="]
    },
    "forks": [0],
    "open_issues": [0],
    "watchers": [7],
    "default_branch": ["final"],
    "permissions": {
      "admin": [false],
      "push": [false],
      "pull": [true]
    }
  }
]
