[
  {
    "id": [129474350],
    "node_id": ["MDEwOlJlcG9zaXRvcnkxMjk0NzQzNTA="],
    "name": ["community-1"],
    "full_name": ["gaocegege/community-1"],
    "private": [false],
    "owner": {
      "login": ["gaocegege"],
      "id": [5100735],
      "node_id": ["MDQ6VXNlcjUxMDA3MzU="],
      "avatar_url": ["https://avatars3.githubusercontent.com/u/5100735?v=4"],
      "gravatar_id": [""],
      "url": ["https://api.github.com/users/gaocegege"],
      "html_url": ["https://github.com/gaocegege"],
      "followers_url": ["https://api.github.com/users/gaocegege/followers"],
      "following_url": ["https://api.github.com/users/gaocegege/following{/other_user}"],
      "gists_url": ["https://api.github.com/users/gaocegege/gists{/gist_id}"],
      "starred_url": ["https://api.github.com/users/gaocegege/starred{/owner}{/repo}"],
      "subscriptions_url": ["https://api.github.com/users/gaocegege/subscriptions"],
      "organizations_url": ["https://api.github.com/users/gaocegege/orgs"],
      "repos_url": ["https://api.github.com/users/gaocegege/repos"],
      "events_url": ["https://api.github.com/users/gaocegege/events{/privacy}"],
      "received_events_url": ["https://api.github.com/users/gaocegege/received_events"],
      "type": ["User"],
      "site_admin": [false]
    },
    "html_url": ["https://github.com/gaocegege/community-1"],
    "description": ["Information about the Kubeflow community including proposals and governance information."],
    "fork": [true],
    "url": ["https://api.github.com/repos/gaocegege/community-1"],
    "forks_url": ["https://api.github.com/repos/gaocegege/community-1/forks"],
    "keys_url": ["https://api.github.com/repos/gaocegege/community-1/keys{/key_id}"],
    "collaborators_url": ["https://api.github.com/repos/gaocegege/community-1/collaborators{/collaborator}"],
    "teams_url": ["https://api.github.com/repos/gaocegege/community-1/teams"],
    "hooks_url": ["https://api.github.com/repos/gaocegege/community-1/hooks"],
    "issue_events_url": ["https://api.github.com/repos/gaocegege/community-1/issues/events{/number}"],
    "events_url": ["https://api.github.com/repos/gaocegege/community-1/events"],
    "assignees_url": ["https://api.github.com/repos/gaocegege/community-1/assignees{/user}"],
    "branches_url": ["https://api.github.com/repos/gaocegege/community-1/branches{/branch}"],
    "tags_url": ["https://api.github.com/repos/gaocegege/community-1/tags"],
    "blobs_url": ["https://api.github.com/repos/gaocegege/community-1/git/blobs{/sha}"],
    "git_tags_url": ["https://api.github.com/repos/gaocegege/community-1/git/tags{/sha}"],
    "git_refs_url": ["https://api.github.com/repos/gaocegege/community-1/git/refs{/sha}"],
    "trees_url": ["https://api.github.com/repos/gaocegege/community-1/git/trees{/sha}"],
    "statuses_url": ["https://api.github.com/repos/gaocegege/community-1/statuses/{sha}"],
    "languages_url": ["https://api.github.com/repos/gaocegege/community-1/languages"],
    "stargazers_url": ["https://api.github.com/repos/gaocegege/community-1/stargazers"],
    "contributors_url": ["https://api.github.com/repos/gaocegege/community-1/contributors"],
    "subscribers_url": ["https://api.github.com/repos/gaocegege/community-1/subscribers"],
    "subscription_url": ["https://api.github.com/repos/gaocegege/community-1/subscription"],
    "commits_url": ["https://api.github.com/repos/gaocegege/community-1/commits{/sha}"],
    "git_commits_url": ["https://api.github.com/repos/gaocegege/community-1/git/commits{/sha}"],
    "comments_url": ["https://api.github.com/repos/gaocegege/community-1/comments{/number}"],
    "issue_comment_url": ["https://api.github.com/repos/gaocegege/community-1/issues/comments{/number}"],
    "contents_url": ["https://api.github.com/repos/gaocegege/community-1/contents/{+path}"],
    "compare_url": ["https://api.github.com/repos/gaocegege/community-1/compare/{base}...{head}"],
    "merges_url": ["https://api.github.com/repos/gaocegege/community-1/merges"],
    "archive_url": ["https://api.github.com/repos/gaocegege/community-1/{archive_format}{/ref}"],
    "downloads_url": ["https://api.github.com/repos/gaocegege/community-1/downloads"],
    "issues_url": ["https://api.github.com/repos/gaocegege/community-1/issues{/number}"],
    "pulls_url": ["https://api.github.com/repos/gaocegege/community-1/pulls{/number}"],
    "milestones_url": ["https://api.github.com/repos/gaocegege/community-1/milestones{/number}"],
    "notifications_url": ["https://api.github.com/repos/gaocegege/community-1/notifications{?since,all,participating}"],
    "labels_url": ["https://api.github.com/repos/gaocegege/community-1/labels{/name}"],
    "releases_url": ["https://api.github.com/repos/gaocegege/community-1/releases{/id}"],
    "deployments_url": ["https://api.github.com/repos/gaocegege/community-1/deployments"],
    "created_at": ["2018-04-14T02:36:48Z"],
    "updated_at": ["2018-04-14T02:36:50Z"],
    "pushed_at": ["2018-06-28T03:56:38Z"],
    "git_url": ["git://github.com/gaocegege/community-1.git"],
    "ssh_url": ["git@github.com:gaocegege/community-1.git"],
    "clone_url": ["https://github.com/gaocegege/community-1.git"],
    "svn_url": ["https://github.com/gaocegege/community-1"],
    "homepage": {},
    "size": [550],
    "stargazers_count": [0],
    "watchers_count": [0],
    "language": {},
    "has_issues": [false],
    "has_projects": [true],
    "has_downloads": [true],
    "has_wiki": [true],
    "has_pages": [false],
    "forks_count": [0],
    "mirror_url": {},
    "archived": [false],
    "open_issues_count": [0],
    "license": {
      "key": ["apache-2.0"],
      "name": ["Apache License 2.0"],
      "spdx_id": ["Apache-2.0"],
      "url": ["https://api.github.com/licenses/apache-2.0"],
      "node_id": ["MDc6TGljZW5zZTI="]
    },
    "forks": [0],
    "open_issues": [0],
    "watchers": [0],
    "default_branch": ["master"],
    "permissions": {
      "admin": [false],
      "push": [false],
      "pull": [true]
    }
  }
]
