[
  {
    "id": [83432836],
    "node_id": ["MDEwOlJlcG9zaXRvcnk4MzQzMjgzNg=="],
    "name": ["coala-jenkins"],
    "full_name": ["gaocegege/coala-jenkins"],
    "private": [false],
    "owner": {
      "login": ["gaocegege"],
      "id": [5100735],
      "node_id": ["MDQ6VXNlcjUxMDA3MzU="],
      "avatar_url": ["https://avatars3.githubusercontent.com/u/5100735?v=4"],
      "gravatar_id": [""],
      "url": ["https://api.github.com/users/gaocegege"],
      "html_url": ["https://github.com/gaocegege"],
      "followers_url": ["https://api.github.com/users/gaocegege/followers"],
      "following_url": ["https://api.github.com/users/gaocegege/following{/other_user}"],
      "gists_url": ["https://api.github.com/users/gaocegege/gists{/gist_id}"],
      "starred_url": ["https://api.github.com/users/gaocegege/starred{/owner}{/repo}"],
      "subscriptions_url": ["https://api.github.com/users/gaocegege/subscriptions"],
      "organizations_url": ["https://api.github.com/users/gaocegege/orgs"],
      "repos_url": ["https://api.github.com/users/gaocegege/repos"],
      "events_url": ["https://api.github.com/users/gaocegege/events{/privacy}"],
      "received_events_url": ["https://api.github.com/users/gaocegege/received_events"],
      "type": ["User"],
      "site_admin": [false]
    },
    "html_url": ["https://github.com/gaocegege/coala-jenkins"],
    "description": ["Jenkins Plugin for coala"],
    "fork": [false],
    "url": ["https://api.github.com/repos/gaocegege/coala-jenkins"],
    "forks_url": ["https://api.github.com/repos/gaocegege/coala-jenkins/forks"],
    "keys_url": ["https://api.github.com/repos/gaocegege/coala-jenkins/keys{/key_id}"],
    "collaborators_url": ["https://api.github.com/repos/gaocegege/coala-jenkins/collaborators{/collaborator}"],
    "teams_url": ["https://api.github.com/repos/gaocegege/coala-jenkins/teams"],
    "hooks_url": ["https://api.github.com/repos/gaocegege/coala-jenkins/hooks"],
    "issue_events_url": ["https://api.github.com/repos/gaocegege/coala-jenkins/issues/events{/number}"],
    "events_url": ["https://api.github.com/repos/gaocegege/coala-jenkins/events"],
    "assignees_url": ["https://api.github.com/repos/gaocegege/coala-jenkins/assignees{/user}"],
    "branches_url": ["https://api.github.com/repos/gaocegege/coala-jenkins/branches{/branch}"],
    "tags_url": ["https://api.github.com/repos/gaocegege/coala-jenkins/tags"],
    "blobs_url": ["https://api.github.com/repos/gaocegege/coala-jenkins/git/blobs{/sha}"],
    "git_tags_url": ["https://api.github.com/repos/gaocegege/coala-jenkins/git/tags{/sha}"],
    "git_refs_url": ["https://api.github.com/repos/gaocegege/coala-jenkins/git/refs{/sha}"],
    "trees_url": ["https://api.github.com/repos/gaocegege/coala-jenkins/git/trees{/sha}"],
    "statuses_url": ["https://api.github.com/repos/gaocegege/coala-jenkins/statuses/{sha}"],
    "languages_url": ["https://api.github.com/repos/gaocegege/coala-jenkins/languages"],
    "stargazers_url": ["https://api.github.com/repos/gaocegege/coala-jenkins/stargazers"],
    "contributors_url": ["https://api.github.com/repos/gaocegege/coala-jenkins/contributors"],
    "subscribers_url": ["https://api.github.com/repos/gaocegege/coala-jenkins/subscribers"],
    "subscription_url": ["https://api.github.com/repos/gaocegege/coala-jenkins/subscription"],
    "commits_url": ["https://api.github.com/repos/gaocegege/coala-jenkins/commits{/sha}"],
    "git_commits_url": ["https://api.github.com/repos/gaocegege/coala-jenkins/git/commits{/sha}"],
    "comments_url": ["https://api.github.com/repos/gaocegege/coala-jenkins/comments{/number}"],
    "issue_comment_url": ["https://api.github.com/repos/gaocegege/coala-jenkins/issues/comments{/number}"],
    "contents_url": ["https://api.github.com/repos/gaocegege/coala-jenkins/contents/{+path}"],
    "compare_url": ["https://api.github.com/repos/gaocegege/coala-jenkins/compare/{base}...{head}"],
    "merges_url": ["https://api.github.com/repos/gaocegege/coala-jenkins/merges"],
    "archive_url": ["https://api.github.com/repos/gaocegege/coala-jenkins/{archive_format}{/ref}"],
    "downloads_url": ["https://api.github.com/repos/gaocegege/coala-jenkins/downloads"],
    "issues_url": ["https://api.github.com/repos/gaocegege/coala-jenkins/issues{/number}"],
    "pulls_url": ["https://api.github.com/repos/gaocegege/coala-jenkins/pulls{/number}"],
    "milestones_url": ["https://api.github.com/repos/gaocegege/coala-jenkins/milestones{/number}"],
    "notifications_url": ["https://api.github.com/repos/gaocegege/coala-jenkins/notifications{?since,all,participating}"],
    "labels_url": ["https://api.github.com/repos/gaocegege/coala-jenkins/labels{/name}"],
    "releases_url": ["https://api.github.com/repos/gaocegege/coala-jenkins/releases{/id}"],
    "deployments_url": ["https://api.github.com/repos/gaocegege/coala-jenkins/deployments"],
    "created_at": ["2017-02-28T13:00:34Z"],
    "updated_at": ["2017-02-28T13:07:51Z"],
    "pushed_at": ["2017-02-28T13:07:10Z"],
    "git_url": ["git://github.com/gaocegege/coala-jenkins.git"],
    "ssh_url": ["git@github.com:gaocegege/coala-jenkins.git"],
    "clone_url": ["https://github.com/gaocegege/coala-jenkins.git"],
    "svn_url": ["https://github.com/gaocegege/coala-jenkins"],
    "homepage": {},
    "size": [0],
    "stargazers_count": [0],
    "watchers_count": [0],
    "language": {},
    "has_issues": [true],
    "has_projects": [true],
    "has_downloads": [true],
    "has_wiki": [true],
    "has_pages": [false],
    "forks_count": [0],
    "mirror_url": {},
    "archived": [false],
    "open_issues_count": [1],
    "license": {},
    "forks": [0],
    "open_issues": [1],
    "watchers": [0],
    "default_branch": ["master"],
    "permissions": {
      "admin": [false],
      "push": [false],
      "pull": [true]
    }
  }
]
