[
  {
    "id": [36426281],
    "node_id": ["MDEwOlJlcG9zaXRvcnkzNjQyNjI4MQ=="],
    "name": ["programming-language"],
    "full_name": ["gaocegege/programming-language"],
    "private": [false],
    "owner": {
      "login": ["gaocegege"],
      "id": [5100735],
      "node_id": ["MDQ6VXNlcjUxMDA3MzU="],
      "avatar_url": ["https://avatars3.githubusercontent.com/u/5100735?v=4"],
      "gravatar_id": [""],
      "url": ["https://api.github.com/users/gaocegege"],
      "html_url": ["https://github.com/gaocegege"],
      "followers_url": ["https://api.github.com/users/gaocegege/followers"],
      "following_url": ["https://api.github.com/users/gaocegege/following{/other_user}"],
      "gists_url": ["https://api.github.com/users/gaocegege/gists{/gist_id}"],
      "starred_url": ["https://api.github.com/users/gaocegege/starred{/owner}{/repo}"],
      "subscriptions_url": ["https://api.github.com/users/gaocegege/subscriptions"],
      "organizations_url": ["https://api.github.com/users/gaocegege/orgs"],
      "repos_url": ["https://api.github.com/users/gaocegege/repos"],
      "events_url": ["https://api.github.com/users/gaocegege/events{/privacy}"],
      "received_events_url": ["https://api.github.com/users/gaocegege/received_events"],
      "type": ["User"],
      "site_admin": [false]
    },
    "html_url": ["https://github.com/gaocegege/programming-language"],
    "description": ["SE352 - <U+7A0B><U+5E8F><U+8BED><U+8A00><U+57FA><U+7840> <U+4E0A><U+6D77><U+4EA4><U+901A><U+5927><U+5B66><U+8F6F><U+4EF6><U+5B66><U+9662><U+8BFE><U+7A0B><U+4F5C><U+4E1A>"],
    "fork": [false],
    "url": ["https://api.github.com/repos/gaocegege/programming-language"],
    "forks_url": ["https://api.github.com/repos/gaocegege/programming-language/forks"],
    "keys_url": ["https://api.github.com/repos/gaocegege/programming-language/keys{/key_id}"],
    "collaborators_url": ["https://api.github.com/repos/gaocegege/programming-language/collaborators{/collaborator}"],
    "teams_url": ["https://api.github.com/repos/gaocegege/programming-language/teams"],
    "hooks_url": ["https://api.github.com/repos/gaocegege/programming-language/hooks"],
    "issue_events_url": ["https://api.github.com/repos/gaocegege/programming-language/issues/events{/number}"],
    "events_url": ["https://api.github.com/repos/gaocegege/programming-language/events"],
    "assignees_url": ["https://api.github.com/repos/gaocegege/programming-language/assignees{/user}"],
    "branches_url": ["https://api.github.com/repos/gaocegege/programming-language/branches{/branch}"],
    "tags_url": ["https://api.github.com/repos/gaocegege/programming-language/tags"],
    "blobs_url": ["https://api.github.com/repos/gaocegege/programming-language/git/blobs{/sha}"],
    "git_tags_url": ["https://api.github.com/repos/gaocegege/programming-language/git/tags{/sha}"],
    "git_refs_url": ["https://api.github.com/repos/gaocegege/programming-language/git/refs{/sha}"],
    "trees_url": ["https://api.github.com/repos/gaocegege/programming-language/git/trees{/sha}"],
    "statuses_url": ["https://api.github.com/repos/gaocegege/programming-language/statuses/{sha}"],
    "languages_url": ["https://api.github.com/repos/gaocegege/programming-language/languages"],
    "stargazers_url": ["https://api.github.com/repos/gaocegege/programming-language/stargazers"],
    "contributors_url": ["https://api.github.com/repos/gaocegege/programming-language/contributors"],
    "subscribers_url": ["https://api.github.com/repos/gaocegege/programming-language/subscribers"],
    "subscription_url": ["https://api.github.com/repos/gaocegege/programming-language/subscription"],
    "commits_url": ["https://api.github.com/repos/gaocegege/programming-language/commits{/sha}"],
    "git_commits_url": ["https://api.github.com/repos/gaocegege/programming-language/git/commits{/sha}"],
    "comments_url": ["https://api.github.com/repos/gaocegege/programming-language/comments{/number}"],
    "issue_comment_url": ["https://api.github.com/repos/gaocegege/programming-language/issues/comments{/number}"],
    "contents_url": ["https://api.github.com/repos/gaocegege/programming-language/contents/{+path}"],
    "compare_url": ["https://api.github.com/repos/gaocegege/programming-language/compare/{base}...{head}"],
    "merges_url": ["https://api.github.com/repos/gaocegege/programming-language/merges"],
    "archive_url": ["https://api.github.com/repos/gaocegege/programming-language/{archive_format}{/ref}"],
    "downloads_url": ["https://api.github.com/repos/gaocegege/programming-language/downloads"],
    "issues_url": ["https://api.github.com/repos/gaocegege/programming-language/issues{/number}"],
    "pulls_url": ["https://api.github.com/repos/gaocegege/programming-language/pulls{/number}"],
    "milestones_url": ["https://api.github.com/repos/gaocegege/programming-language/milestones{/number}"],
    "notifications_url": ["https://api.github.com/repos/gaocegege/programming-language/notifications{?since,all,participating}"],
    "labels_url": ["https://api.github.com/repos/gaocegege/programming-language/labels{/name}"],
    "releases_url": ["https://api.github.com/repos/gaocegege/programming-language/releases{/id}"],
    "deployments_url": ["https://api.github.com/repos/gaocegege/programming-language/deployments"],
    "created_at": ["2015-05-28T08:52:34Z"],
    "updated_at": ["2018-11-19T09:01:03Z"],
    "pushed_at": ["2015-06-16T14:51:23Z"],
    "git_url": ["git://github.com/gaocegege/programming-language.git"],
    "ssh_url": ["git@github.com:gaocegege/programming-language.git"],
    "clone_url": ["https://github.com/gaocegege/programming-language.git"],
    "svn_url": ["https://github.com/gaocegege/programming-language"],
    "homepage": [""],
    "size": [820],
    "stargazers_count": [0],
    "watchers_count": [0],
    "language": ["Ruby"],
    "has_issues": [true],
    "has_projects": [true],
    "has_downloads": [true],
    "has_wiki": [true],
    "has_pages": [false],
    "forks_count": [0],
    "mirror_url": {},
    "archived": [false],
    "open_issues_count": [0],
    "license": {},
    "forks": [0],
    "open_issues": [0],
    "watchers": [0],
    "default_branch": ["master"],
    "permissions": {
      "admin": [false],
      "push": [false],
      "pull": [true]
    }
  }
]
