[
  {
    "id": [115906992],
    "node_id": ["MDEwOlJlcG9zaXRvcnkxMTU5MDY5OTI="],
    "name": ["poule"],
    "full_name": ["gaocegege/poule"],
    "private": [false],
    "owner": {
      "login": ["gaocegege"],
      "id": [5100735],
      "node_id": ["MDQ6VXNlcjUxMDA3MzU="],
      "avatar_url": ["https://avatars3.githubusercontent.com/u/5100735?v=4"],
      "gravatar_id": [""],
      "url": ["https://api.github.com/users/gaocegege"],
      "html_url": ["https://github.com/gaocegege"],
      "followers_url": ["https://api.github.com/users/gaocegege/followers"],
      "following_url": ["https://api.github.com/users/gaocegege/following{/other_user}"],
      "gists_url": ["https://api.github.com/users/gaocegege/gists{/gist_id}"],
      "starred_url": ["https://api.github.com/users/gaocegege/starred{/owner}{/repo}"],
      "subscriptions_url": ["https://api.github.com/users/gaocegege/subscriptions"],
      "organizations_url": ["https://api.github.com/users/gaocegege/orgs"],
      "repos_url": ["https://api.github.com/users/gaocegege/repos"],
      "events_url": ["https://api.github.com/users/gaocegege/events{/privacy}"],
      "received_events_url": ["https://api.github.com/users/gaocegege/received_events"],
      "type": ["User"],
      "site_admin": [false]
    },
    "html_url": ["https://github.com/gaocegege/poule"],
    "description": [":chicken: A framework for GitHub automation"],
    "fork": [true],
    "url": ["https://api.github.com/repos/gaocegege/poule"],
    "forks_url": ["https://api.github.com/repos/gaocegege/poule/forks"],
    "keys_url": ["https://api.github.com/repos/gaocegege/poule/keys{/key_id}"],
    "collaborators_url": ["https://api.github.com/repos/gaocegege/poule/collaborators{/collaborator}"],
    "teams_url": ["https://api.github.com/repos/gaocegege/poule/teams"],
    "hooks_url": ["https://api.github.com/repos/gaocegege/poule/hooks"],
    "issue_events_url": ["https://api.github.com/repos/gaocegege/poule/issues/events{/number}"],
    "events_url": ["https://api.github.com/repos/gaocegege/poule/events"],
    "assignees_url": ["https://api.github.com/repos/gaocegege/poule/assignees{/user}"],
    "branches_url": ["https://api.github.com/repos/gaocegege/poule/branches{/branch}"],
    "tags_url": ["https://api.github.com/repos/gaocegege/poule/tags"],
    "blobs_url": ["https://api.github.com/repos/gaocegege/poule/git/blobs{/sha}"],
    "git_tags_url": ["https://api.github.com/repos/gaocegege/poule/git/tags{/sha}"],
    "git_refs_url": ["https://api.github.com/repos/gaocegege/poule/git/refs{/sha}"],
    "trees_url": ["https://api.github.com/repos/gaocegege/poule/git/trees{/sha}"],
    "statuses_url": ["https://api.github.com/repos/gaocegege/poule/statuses/{sha}"],
    "languages_url": ["https://api.github.com/repos/gaocegege/poule/languages"],
    "stargazers_url": ["https://api.github.com/repos/gaocegege/poule/stargazers"],
    "contributors_url": ["https://api.github.com/repos/gaocegege/poule/contributors"],
    "subscribers_url": ["https://api.github.com/repos/gaocegege/poule/subscribers"],
    "subscription_url": ["https://api.github.com/repos/gaocegege/poule/subscription"],
    "commits_url": ["https://api.github.com/repos/gaocegege/poule/commits{/sha}"],
    "git_commits_url": ["https://api.github.com/repos/gaocegege/poule/git/commits{/sha}"],
    "comments_url": ["https://api.github.com/repos/gaocegege/poule/comments{/number}"],
    "issue_comment_url": ["https://api.github.com/repos/gaocegege/poule/issues/comments{/number}"],
    "contents_url": ["https://api.github.com/repos/gaocegege/poule/contents/{+path}"],
    "compare_url": ["https://api.github.com/repos/gaocegege/poule/compare/{base}...{head}"],
    "merges_url": ["https://api.github.com/repos/gaocegege/poule/merges"],
    "archive_url": ["https://api.github.com/repos/gaocegege/poule/{archive_format}{/ref}"],
    "downloads_url": ["https://api.github.com/repos/gaocegege/poule/downloads"],
    "issues_url": ["https://api.github.com/repos/gaocegege/poule/issues{/number}"],
    "pulls_url": ["https://api.github.com/repos/gaocegege/poule/pulls{/number}"],
    "milestones_url": ["https://api.github.com/repos/gaocegege/poule/milestones{/number}"],
    "notifications_url": ["https://api.github.com/repos/gaocegege/poule/notifications{?since,all,participating}"],
    "labels_url": ["https://api.github.com/repos/gaocegege/poule/labels{/name}"],
    "releases_url": ["https://api.github.com/repos/gaocegege/poule/releases{/id}"],
    "deployments_url": ["https://api.github.com/repos/gaocegege/poule/deployments"],
    "created_at": ["2018-01-01T08:09:47Z"],
    "updated_at": ["2018-01-01T08:09:49Z"],
    "pushed_at": ["2017-08-15T20:58:01Z"],
    "git_url": ["git://github.com/gaocegege/poule.git"],
    "ssh_url": ["git@github.com:gaocegege/poule.git"],
    "clone_url": ["https://github.com/gaocegege/poule.git"],
    "svn_url": ["https://github.com/gaocegege/poule"],
    "homepage": [""],
    "size": [1133],
    "stargazers_count": [0],
    "watchers_count": [0],
    "language": ["Go"],
    "has_issues": [false],
    "has_projects": [true],
    "has_downloads": [true],
    "has_wiki": [true],
    "has_pages": [false],
    "forks_count": [0],
    "mirror_url": {},
    "archived": [false],
    "open_issues_count": [0],
    "license": {
      "key": ["apache-2.0"],
      "name": ["Apache License 2.0"],
      "spdx_id": ["Apache-2.0"],
      "url": ["https://api.github.com/licenses/apache-2.0"],
      "node_id": ["MDc6TGljZW5zZTI="]
    },
    "forks": [0],
    "open_issues": [0],
    "watchers": [0],
    "default_branch": ["master"],
    "permissions": {
      "admin": [false],
      "push": [false],
      "pull": [true]
    }
  }
]
