[
  {
    "id": [65550686],
    "node_id": ["MDEwOlJlcG9zaXRvcnk2NTU1MDY4Ng=="],
    "name": ["flower-power"],
    "full_name": ["gaocegege/flower-power"],
    "private": [false],
    "owner": {
      "login": ["gaocegege"],
      "id": [5100735],
      "node_id": ["MDQ6VXNlcjUxMDA3MzU="],
      "avatar_url": ["https://avatars3.githubusercontent.com/u/5100735?v=4"],
      "gravatar_id": [""],
      "url": ["https://api.github.com/users/gaocegege"],
      "html_url": ["https://github.com/gaocegege"],
      "followers_url": ["https://api.github.com/users/gaocegege/followers"],
      "following_url": ["https://api.github.com/users/gaocegege/following{/other_user}"],
      "gists_url": ["https://api.github.com/users/gaocegege/gists{/gist_id}"],
      "starred_url": ["https://api.github.com/users/gaocegege/starred{/owner}{/repo}"],
      "subscriptions_url": ["https://api.github.com/users/gaocegege/subscriptions"],
      "organizations_url": ["https://api.github.com/users/gaocegege/orgs"],
      "repos_url": ["https://api.github.com/users/gaocegege/repos"],
      "events_url": ["https://api.github.com/users/gaocegege/events{/privacy}"],
      "received_events_url": ["https://api.github.com/users/gaocegege/received_events"],
      "type": ["User"],
      "site_admin": [false]
    },
    "html_url": ["https://github.com/gaocegege/flower-power"],
    "description": ["COPY https://github.com/hackerzhou/Love to processing"],
    "fork": [false],
    "url": ["https://api.github.com/repos/gaocegege/flower-power"],
    "forks_url": ["https://api.github.com/repos/gaocegege/flower-power/forks"],
    "keys_url": ["https://api.github.com/repos/gaocegege/flower-power/keys{/key_id}"],
    "collaborators_url": ["https://api.github.com/repos/gaocegege/flower-power/collaborators{/collaborator}"],
    "teams_url": ["https://api.github.com/repos/gaocegege/flower-power/teams"],
    "hooks_url": ["https://api.github.com/repos/gaocegege/flower-power/hooks"],
    "issue_events_url": ["https://api.github.com/repos/gaocegege/flower-power/issues/events{/number}"],
    "events_url": ["https://api.github.com/repos/gaocegege/flower-power/events"],
    "assignees_url": ["https://api.github.com/repos/gaocegege/flower-power/assignees{/user}"],
    "branches_url": ["https://api.github.com/repos/gaocegege/flower-power/branches{/branch}"],
    "tags_url": ["https://api.github.com/repos/gaocegege/flower-power/tags"],
    "blobs_url": ["https://api.github.com/repos/gaocegege/flower-power/git/blobs{/sha}"],
    "git_tags_url": ["https://api.github.com/repos/gaocegege/flower-power/git/tags{/sha}"],
    "git_refs_url": ["https://api.github.com/repos/gaocegege/flower-power/git/refs{/sha}"],
    "trees_url": ["https://api.github.com/repos/gaocegege/flower-power/git/trees{/sha}"],
    "statuses_url": ["https://api.github.com/repos/gaocegege/flower-power/statuses/{sha}"],
    "languages_url": ["https://api.github.com/repos/gaocegege/flower-power/languages"],
    "stargazers_url": ["https://api.github.com/repos/gaocegege/flower-power/stargazers"],
    "contributors_url": ["https://api.github.com/repos/gaocegege/flower-power/contributors"],
    "subscribers_url": ["https://api.github.com/repos/gaocegege/flower-power/subscribers"],
    "subscription_url": ["https://api.github.com/repos/gaocegege/flower-power/subscription"],
    "commits_url": ["https://api.github.com/repos/gaocegege/flower-power/commits{/sha}"],
    "git_commits_url": ["https://api.github.com/repos/gaocegege/flower-power/git/commits{/sha}"],
    "comments_url": ["https://api.github.com/repos/gaocegege/flower-power/comments{/number}"],
    "issue_comment_url": ["https://api.github.com/repos/gaocegege/flower-power/issues/comments{/number}"],
    "contents_url": ["https://api.github.com/repos/gaocegege/flower-power/contents/{+path}"],
    "compare_url": ["https://api.github.com/repos/gaocegege/flower-power/compare/{base}...{head}"],
    "merges_url": ["https://api.github.com/repos/gaocegege/flower-power/merges"],
    "archive_url": ["https://api.github.com/repos/gaocegege/flower-power/{archive_format}{/ref}"],
    "downloads_url": ["https://api.github.com/repos/gaocegege/flower-power/downloads"],
    "issues_url": ["https://api.github.com/repos/gaocegege/flower-power/issues{/number}"],
    "pulls_url": ["https://api.github.com/repos/gaocegege/flower-power/pulls{/number}"],
    "milestones_url": ["https://api.github.com/repos/gaocegege/flower-power/milestones{/number}"],
    "notifications_url": ["https://api.github.com/repos/gaocegege/flower-power/notifications{?since,all,participating}"],
    "labels_url": ["https://api.github.com/repos/gaocegege/flower-power/labels{/name}"],
    "releases_url": ["https://api.github.com/repos/gaocegege/flower-power/releases{/id}"],
    "deployments_url": ["https://api.github.com/repos/gaocegege/flower-power/deployments"],
    "created_at": ["2016-08-12T12:12:19Z"],
    "updated_at": ["2018-09-07T15:47:09Z"],
    "pushed_at": ["2016-08-14T02:22:17Z"],
    "git_url": ["git://github.com/gaocegege/flower-power.git"],
    "ssh_url": ["git@github.com:gaocegege/flower-power.git"],
    "clone_url": ["https://github.com/gaocegege/flower-power.git"],
    "svn_url": ["https://github.com/gaocegege/flower-power"],
    "homepage": {},
    "size": [1111],
    "stargazers_count": [7],
    "watchers_count": [7],
    "language": ["Processing"],
    "has_issues": [true],
    "has_projects": [true],
    "has_downloads": [true],
    "has_wiki": [true],
    "has_pages": [true],
    "forks_count": [3],
    "mirror_url": {},
    "archived": [false],
    "open_issues_count": [1],
    "license": {},
    "forks": [3],
    "open_issues": [1],
    "watchers": [7],
    "default_branch": ["master"],
    "permissions": {
      "admin": [false],
      "push": [false],
      "pull": [true]
    }
  }
]
