[
  {
    "id": [162962154],
    "node_id": ["MDEwOlJlcG9zaXRvcnkxNjI5NjIxNTQ="],
    "name": ["sundial"],
    "full_name": ["gaocegege/sundial"],
    "private": [false],
    "owner": {
      "login": ["gaocegege"],
      "id": [5100735],
      "node_id": ["MDQ6VXNlcjUxMDA3MzU="],
      "avatar_url": ["https://avatars3.githubusercontent.com/u/5100735?v=4"],
      "gravatar_id": [""],
      "url": ["https://api.github.com/users/gaocegege"],
      "html_url": ["https://github.com/gaocegege"],
      "followers_url": ["https://api.github.com/users/gaocegege/followers"],
      "following_url": ["https://api.github.com/users/gaocegege/following{/other_user}"],
      "gists_url": ["https://api.github.com/users/gaocegege/gists{/gist_id}"],
      "starred_url": ["https://api.github.com/users/gaocegege/starred{/owner}{/repo}"],
      "subscriptions_url": ["https://api.github.com/users/gaocegege/subscriptions"],
      "organizations_url": ["https://api.github.com/users/gaocegege/orgs"],
      "repos_url": ["https://api.github.com/users/gaocegege/repos"],
      "events_url": ["https://api.github.com/users/gaocegege/events{/privacy}"],
      "received_events_url": ["https://api.github.com/users/gaocegege/received_events"],
      "type": ["User"],
      "site_admin": [false]
    },
    "html_url": ["https://github.com/gaocegege/sundial"],
    "description": ["[WIP] Open Source WakaTime Server"],
    "fork": [true],
    "url": ["https://api.github.com/repos/gaocegege/sundial"],
    "forks_url": ["https://api.github.com/repos/gaocegege/sundial/forks"],
    "keys_url": ["https://api.github.com/repos/gaocegege/sundial/keys{/key_id}"],
    "collaborators_url": ["https://api.github.com/repos/gaocegege/sundial/collaborators{/collaborator}"],
    "teams_url": ["https://api.github.com/repos/gaocegege/sundial/teams"],
    "hooks_url": ["https://api.github.com/repos/gaocegege/sundial/hooks"],
    "issue_events_url": ["https://api.github.com/repos/gaocegege/sundial/issues/events{/number}"],
    "events_url": ["https://api.github.com/repos/gaocegege/sundial/events"],
    "assignees_url": ["https://api.github.com/repos/gaocegege/sundial/assignees{/user}"],
    "branches_url": ["https://api.github.com/repos/gaocegege/sundial/branches{/branch}"],
    "tags_url": ["https://api.github.com/repos/gaocegege/sundial/tags"],
    "blobs_url": ["https://api.github.com/repos/gaocegege/sundial/git/blobs{/sha}"],
    "git_tags_url": ["https://api.github.com/repos/gaocegege/sundial/git/tags{/sha}"],
    "git_refs_url": ["https://api.github.com/repos/gaocegege/sundial/git/refs{/sha}"],
    "trees_url": ["https://api.github.com/repos/gaocegege/sundial/git/trees{/sha}"],
    "statuses_url": ["https://api.github.com/repos/gaocegege/sundial/statuses/{sha}"],
    "languages_url": ["https://api.github.com/repos/gaocegege/sundial/languages"],
    "stargazers_url": ["https://api.github.com/repos/gaocegege/sundial/stargazers"],
    "contributors_url": ["https://api.github.com/repos/gaocegege/sundial/contributors"],
    "subscribers_url": ["https://api.github.com/repos/gaocegege/sundial/subscribers"],
    "subscription_url": ["https://api.github.com/repos/gaocegege/sundial/subscription"],
    "commits_url": ["https://api.github.com/repos/gaocegege/sundial/commits{/sha}"],
    "git_commits_url": ["https://api.github.com/repos/gaocegege/sundial/git/commits{/sha}"],
    "comments_url": ["https://api.github.com/repos/gaocegege/sundial/comments{/number}"],
    "issue_comment_url": ["https://api.github.com/repos/gaocegege/sundial/issues/comments{/number}"],
    "contents_url": ["https://api.github.com/repos/gaocegege/sundial/contents/{+path}"],
    "compare_url": ["https://api.github.com/repos/gaocegege/sundial/compare/{base}...{head}"],
    "merges_url": ["https://api.github.com/repos/gaocegege/sundial/merges"],
    "archive_url": ["https://api.github.com/repos/gaocegege/sundial/{archive_format}{/ref}"],
    "downloads_url": ["https://api.github.com/repos/gaocegege/sundial/downloads"],
    "issues_url": ["https://api.github.com/repos/gaocegege/sundial/issues{/number}"],
    "pulls_url": ["https://api.github.com/repos/gaocegege/sundial/pulls{/number}"],
    "milestones_url": ["https://api.github.com/repos/gaocegege/sundial/milestones{/number}"],
    "notifications_url": ["https://api.github.com/repos/gaocegege/sundial/notifications{?since,all,participating}"],
    "labels_url": ["https://api.github.com/repos/gaocegege/sundial/labels{/name}"],
    "releases_url": ["https://api.github.com/repos/gaocegege/sundial/releases{/id}"],
    "deployments_url": ["https://api.github.com/repos/gaocegege/sundial/deployments"],
    "created_at": ["2018-12-24T07:16:14Z"],
    "updated_at": ["2018-12-24T07:16:17Z"],
    "pushed_at": ["2019-01-04T08:12:14Z"],
    "git_url": ["git://github.com/gaocegege/sundial.git"],
    "ssh_url": ["git@github.com:gaocegege/sundial.git"],
    "clone_url": ["https://github.com/gaocegege/sundial.git"],
    "svn_url": ["https://github.com/gaocegege/sundial"],
    "homepage": [""],
    "size": [48],
    "stargazers_count": [0],
    "watchers_count": [0],
    "language": ["Go"],
    "has_issues": [false],
    "has_projects": [true],
    "has_downloads": [true],
    "has_wiki": [true],
    "has_pages": [false],
    "forks_count": [0],
    "mirror_url": {},
    "archived": [false],
    "open_issues_count": [0],
    "license": {},
    "forks": [0],
    "open_issues": [0],
    "watchers": [0],
    "default_branch": ["master"],
    "permissions": {
      "admin": [false],
      "push": [false],
      "pull": [true]
    }
  }
]
