[
  {
    "id": [37529778],
    "node_id": ["MDEwOlJlcG9zaXRvcnkzNzUyOTc3OA=="],
    "name": ["image"],
    "full_name": ["gaocegege/image"],
    "private": [false],
    "owner": {
      "login": ["gaocegege"],
      "id": [5100735],
      "node_id": ["MDQ6VXNlcjUxMDA3MzU="],
      "avatar_url": ["https://avatars3.githubusercontent.com/u/5100735?v=4"],
      "gravatar_id": [""],
      "url": ["https://api.github.com/users/gaocegege"],
      "html_url": ["https://github.com/gaocegege"],
      "followers_url": ["https://api.github.com/users/gaocegege/followers"],
      "following_url": ["https://api.github.com/users/gaocegege/following{/other_user}"],
      "gists_url": ["https://api.github.com/users/gaocegege/gists{/gist_id}"],
      "starred_url": ["https://api.github.com/users/gaocegege/starred{/owner}{/repo}"],
      "subscriptions_url": ["https://api.github.com/users/gaocegege/subscriptions"],
      "organizations_url": ["https://api.github.com/users/gaocegege/orgs"],
      "repos_url": ["https://api.github.com/users/gaocegege/repos"],
      "events_url": ["https://api.github.com/users/gaocegege/events{/privacy}"],
      "received_events_url": ["https://api.github.com/users/gaocegege/received_events"],
      "type": ["User"],
      "site_admin": [false]
    },
    "html_url": ["https://github.com/gaocegege/image"],
    "description": ["image hosting"],
    "fork": [false],
    "url": ["https://api.github.com/repos/gaocegege/image"],
    "forks_url": ["https://api.github.com/repos/gaocegege/image/forks"],
    "keys_url": ["https://api.github.com/repos/gaocegege/image/keys{/key_id}"],
    "collaborators_url": ["https://api.github.com/repos/gaocegege/image/collaborators{/collaborator}"],
    "teams_url": ["https://api.github.com/repos/gaocegege/image/teams"],
    "hooks_url": ["https://api.github.com/repos/gaocegege/image/hooks"],
    "issue_events_url": ["https://api.github.com/repos/gaocegege/image/issues/events{/number}"],
    "events_url": ["https://api.github.com/repos/gaocegege/image/events"],
    "assignees_url": ["https://api.github.com/repos/gaocegege/image/assignees{/user}"],
    "branches_url": ["https://api.github.com/repos/gaocegege/image/branches{/branch}"],
    "tags_url": ["https://api.github.com/repos/gaocegege/image/tags"],
    "blobs_url": ["https://api.github.com/repos/gaocegege/image/git/blobs{/sha}"],
    "git_tags_url": ["https://api.github.com/repos/gaocegege/image/git/tags{/sha}"],
    "git_refs_url": ["https://api.github.com/repos/gaocegege/image/git/refs{/sha}"],
    "trees_url": ["https://api.github.com/repos/gaocegege/image/git/trees{/sha}"],
    "statuses_url": ["https://api.github.com/repos/gaocegege/image/statuses/{sha}"],
    "languages_url": ["https://api.github.com/repos/gaocegege/image/languages"],
    "stargazers_url": ["https://api.github.com/repos/gaocegege/image/stargazers"],
    "contributors_url": ["https://api.github.com/repos/gaocegege/image/contributors"],
    "subscribers_url": ["https://api.github.com/repos/gaocegege/image/subscribers"],
    "subscription_url": ["https://api.github.com/repos/gaocegege/image/subscription"],
    "commits_url": ["https://api.github.com/repos/gaocegege/image/commits{/sha}"],
    "git_commits_url": ["https://api.github.com/repos/gaocegege/image/git/commits{/sha}"],
    "comments_url": ["https://api.github.com/repos/gaocegege/image/comments{/number}"],
    "issue_comment_url": ["https://api.github.com/repos/gaocegege/image/issues/comments{/number}"],
    "contents_url": ["https://api.github.com/repos/gaocegege/image/contents/{+path}"],
    "compare_url": ["https://api.github.com/repos/gaocegege/image/compare/{base}...{head}"],
    "merges_url": ["https://api.github.com/repos/gaocegege/image/merges"],
    "archive_url": ["https://api.github.com/repos/gaocegege/image/{archive_format}{/ref}"],
    "downloads_url": ["https://api.github.com/repos/gaocegege/image/downloads"],
    "issues_url": ["https://api.github.com/repos/gaocegege/image/issues{/number}"],
    "pulls_url": ["https://api.github.com/repos/gaocegege/image/pulls{/number}"],
    "milestones_url": ["https://api.github.com/repos/gaocegege/image/milestones{/number}"],
    "notifications_url": ["https://api.github.com/repos/gaocegege/image/notifications{?since,all,participating}"],
    "labels_url": ["https://api.github.com/repos/gaocegege/image/labels{/name}"],
    "releases_url": ["https://api.github.com/repos/gaocegege/image/releases{/id}"],
    "deployments_url": ["https://api.github.com/repos/gaocegege/image/deployments"],
    "created_at": ["2015-06-16T12:51:52Z"],
    "updated_at": ["2015-06-16T12:51:52Z"],
    "pushed_at": ["2015-06-27T11:00:12Z"],
    "git_url": ["git://github.com/gaocegege/image.git"],
    "ssh_url": ["git@github.com:gaocegege/image.git"],
    "clone_url": ["https://github.com/gaocegege/image.git"],
    "svn_url": ["https://github.com/gaocegege/image"],
    "homepage": {},
    "size": [436],
    "stargazers_count": [0],
    "watchers_count": [0],
    "language": {},
    "has_issues": [true],
    "has_projects": [true],
    "has_downloads": [true],
    "has_wiki": [true],
    "has_pages": [true],
    "forks_count": [0],
    "mirror_url": {},
    "archived": [false],
    "open_issues_count": [0],
    "license": {},
    "forks": [0],
    "open_issues": [0],
    "watchers": [0],
    "default_branch": ["gh-pages"],
    "permissions": {
      "admin": [false],
      "push": [false],
      "pull": [true]
    }
  }
]
