[
  {
    "id": [64647565],
    "node_id": ["MDEwOlJlcG9zaXRvcnk2NDY0NzU2NQ=="],
    "name": ["webhook"],
    "full_name": ["gaocegege/webhook"],
    "private": [false],
    "owner": {
      "login": ["gaocegege"],
      "id": [5100735],
      "node_id": ["MDQ6VXNlcjUxMDA3MzU="],
      "avatar_url": ["https://avatars3.githubusercontent.com/u/5100735?v=4"],
      "gravatar_id": [""],
      "url": ["https://api.github.com/users/gaocegege"],
      "html_url": ["https://github.com/gaocegege"],
      "followers_url": ["https://api.github.com/users/gaocegege/followers"],
      "following_url": ["https://api.github.com/users/gaocegege/following{/other_user}"],
      "gists_url": ["https://api.github.com/users/gaocegege/gists{/gist_id}"],
      "starred_url": ["https://api.github.com/users/gaocegege/starred{/owner}{/repo}"],
      "subscriptions_url": ["https://api.github.com/users/gaocegege/subscriptions"],
      "organizations_url": ["https://api.github.com/users/gaocegege/orgs"],
      "repos_url": ["https://api.github.com/users/gaocegege/repos"],
      "events_url": ["https://api.github.com/users/gaocegege/events{/privacy}"],
      "received_events_url": ["https://api.github.com/users/gaocegege/received_events"],
      "type": ["User"],
      "site_admin": [false]
    },
    "html_url": ["https://github.com/gaocegege/webhook"],
    "description": ["Github.com webhook tools"],
    "fork": [true],
    "url": ["https://api.github.com/repos/gaocegege/webhook"],
    "forks_url": ["https://api.github.com/repos/gaocegege/webhook/forks"],
    "keys_url": ["https://api.github.com/repos/gaocegege/webhook/keys{/key_id}"],
    "collaborators_url": ["https://api.github.com/repos/gaocegege/webhook/collaborators{/collaborator}"],
    "teams_url": ["https://api.github.com/repos/gaocegege/webhook/teams"],
    "hooks_url": ["https://api.github.com/repos/gaocegege/webhook/hooks"],
    "issue_events_url": ["https://api.github.com/repos/gaocegege/webhook/issues/events{/number}"],
    "events_url": ["https://api.github.com/repos/gaocegege/webhook/events"],
    "assignees_url": ["https://api.github.com/repos/gaocegege/webhook/assignees{/user}"],
    "branches_url": ["https://api.github.com/repos/gaocegege/webhook/branches{/branch}"],
    "tags_url": ["https://api.github.com/repos/gaocegege/webhook/tags"],
    "blobs_url": ["https://api.github.com/repos/gaocegege/webhook/git/blobs{/sha}"],
    "git_tags_url": ["https://api.github.com/repos/gaocegege/webhook/git/tags{/sha}"],
    "git_refs_url": ["https://api.github.com/repos/gaocegege/webhook/git/refs{/sha}"],
    "trees_url": ["https://api.github.com/repos/gaocegege/webhook/git/trees{/sha}"],
    "statuses_url": ["https://api.github.com/repos/gaocegege/webhook/statuses/{sha}"],
    "languages_url": ["https://api.github.com/repos/gaocegege/webhook/languages"],
    "stargazers_url": ["https://api.github.com/repos/gaocegege/webhook/stargazers"],
    "contributors_url": ["https://api.github.com/repos/gaocegege/webhook/contributors"],
    "subscribers_url": ["https://api.github.com/repos/gaocegege/webhook/subscribers"],
    "subscription_url": ["https://api.github.com/repos/gaocegege/webhook/subscription"],
    "commits_url": ["https://api.github.com/repos/gaocegege/webhook/commits{/sha}"],
    "git_commits_url": ["https://api.github.com/repos/gaocegege/webhook/git/commits{/sha}"],
    "comments_url": ["https://api.github.com/repos/gaocegege/webhook/comments{/number}"],
    "issue_comment_url": ["https://api.github.com/repos/gaocegege/webhook/issues/comments{/number}"],
    "contents_url": ["https://api.github.com/repos/gaocegege/webhook/contents/{+path}"],
    "compare_url": ["https://api.github.com/repos/gaocegege/webhook/compare/{base}...{head}"],
    "merges_url": ["https://api.github.com/repos/gaocegege/webhook/merges"],
    "archive_url": ["https://api.github.com/repos/gaocegege/webhook/{archive_format}{/ref}"],
    "downloads_url": ["https://api.github.com/repos/gaocegege/webhook/downloads"],
    "issues_url": ["https://api.github.com/repos/gaocegege/webhook/issues{/number}"],
    "pulls_url": ["https://api.github.com/repos/gaocegege/webhook/pulls{/number}"],
    "milestones_url": ["https://api.github.com/repos/gaocegege/webhook/milestones{/number}"],
    "notifications_url": ["https://api.github.com/repos/gaocegege/webhook/notifications{?since,all,participating}"],
    "labels_url": ["https://api.github.com/repos/gaocegege/webhook/labels{/name}"],
    "releases_url": ["https://api.github.com/repos/gaocegege/webhook/releases{/id}"],
    "deployments_url": ["https://api.github.com/repos/gaocegege/webhook/deployments"],
    "created_at": ["2016-08-01T07:56:12Z"],
    "updated_at": ["2016-08-01T07:56:14Z"],
    "pushed_at": ["2016-07-30T09:04:00Z"],
    "git_url": ["git://github.com/gaocegege/webhook.git"],
    "ssh_url": ["git@github.com:gaocegege/webhook.git"],
    "clone_url": ["https://github.com/gaocegege/webhook.git"],
    "svn_url": ["https://github.com/gaocegege/webhook"],
    "homepage": {},
    "size": [153],
    "stargazers_count": [0],
    "watchers_count": [0],
    "language": ["Go"],
    "has_issues": [false],
    "has_projects": [true],
    "has_downloads": [true],
    "has_wiki": [true],
    "has_pages": [false],
    "forks_count": [0],
    "mirror_url": {},
    "archived": [false],
    "open_issues_count": [0],
    "license": {},
    "forks": [0],
    "open_issues": [0],
    "watchers": [0],
    "default_branch": ["master"],
    "permissions": {
      "admin": [false],
      "push": [false],
      "pull": [true]
    }
  }
]
