[
  {
    "id": [73453969],
    "node_id": ["MDEwOlJlcG9zaXRvcnk3MzQ1Mzk2OQ=="],
    "name": ["golang-open-source-projects"],
    "full_name": ["gaocegege/golang-open-source-projects"],
    "private": [false],
    "owner": {
      "login": ["gaocegege"],
      "id": [5100735],
      "node_id": ["MDQ6VXNlcjUxMDA3MzU="],
      "avatar_url": ["https://avatars3.githubusercontent.com/u/5100735?v=4"],
      "gravatar_id": [""],
      "url": ["https://api.github.com/users/gaocegege"],
      "html_url": ["https://github.com/gaocegege"],
      "followers_url": ["https://api.github.com/users/gaocegege/followers"],
      "following_url": ["https://api.github.com/users/gaocegege/following{/other_user}"],
      "gists_url": ["https://api.github.com/users/gaocegege/gists{/gist_id}"],
      "starred_url": ["https://api.github.com/users/gaocegege/starred{/owner}{/repo}"],
      "subscriptions_url": ["https://api.github.com/users/gaocegege/subscriptions"],
      "organizations_url": ["https://api.github.com/users/gaocegege/orgs"],
      "repos_url": ["https://api.github.com/users/gaocegege/repos"],
      "events_url": ["https://api.github.com/users/gaocegege/events{/privacy}"],
      "received_events_url": ["https://api.github.com/users/gaocegege/received_events"],
      "type": ["User"],
      "site_admin": [false]
    },
    "html_url": ["https://github.com/gaocegege/golang-open-source-projects"],
    "description": ["<U+4E3A><U+4E92><U+8054><U+7F51>IT<U+4EBA><U+6253><U+9020><U+7684><U+4E2D><U+6587><U+7248>awesome-go"],
    "fork": [true],
    "url": ["https://api.github.com/repos/gaocegege/golang-open-source-projects"],
    "forks_url": ["https://api.github.com/repos/gaocegege/golang-open-source-projects/forks"],
    "keys_url": ["https://api.github.com/repos/gaocegege/golang-open-source-projects/keys{/key_id}"],
    "collaborators_url": ["https://api.github.com/repos/gaocegege/golang-open-source-projects/collaborators{/collaborator}"],
    "teams_url": ["https://api.github.com/repos/gaocegege/golang-open-source-projects/teams"],
    "hooks_url": ["https://api.github.com/repos/gaocegege/golang-open-source-projects/hooks"],
    "issue_events_url": ["https://api.github.com/repos/gaocegege/golang-open-source-projects/issues/events{/number}"],
    "events_url": ["https://api.github.com/repos/gaocegege/golang-open-source-projects/events"],
    "assignees_url": ["https://api.github.com/repos/gaocegege/golang-open-source-projects/assignees{/user}"],
    "branches_url": ["https://api.github.com/repos/gaocegege/golang-open-source-projects/branches{/branch}"],
    "tags_url": ["https://api.github.com/repos/gaocegege/golang-open-source-projects/tags"],
    "blobs_url": ["https://api.github.com/repos/gaocegege/golang-open-source-projects/git/blobs{/sha}"],
    "git_tags_url": ["https://api.github.com/repos/gaocegege/golang-open-source-projects/git/tags{/sha}"],
    "git_refs_url": ["https://api.github.com/repos/gaocegege/golang-open-source-projects/git/refs{/sha}"],
    "trees_url": ["https://api.github.com/repos/gaocegege/golang-open-source-projects/git/trees{/sha}"],
    "statuses_url": ["https://api.github.com/repos/gaocegege/golang-open-source-projects/statuses/{sha}"],
    "languages_url": ["https://api.github.com/repos/gaocegege/golang-open-source-projects/languages"],
    "stargazers_url": ["https://api.github.com/repos/gaocegege/golang-open-source-projects/stargazers"],
    "contributors_url": ["https://api.github.com/repos/gaocegege/golang-open-source-projects/contributors"],
    "subscribers_url": ["https://api.github.com/repos/gaocegege/golang-open-source-projects/subscribers"],
    "subscription_url": ["https://api.github.com/repos/gaocegege/golang-open-source-projects/subscription"],
    "commits_url": ["https://api.github.com/repos/gaocegege/golang-open-source-projects/commits{/sha}"],
    "git_commits_url": ["https://api.github.com/repos/gaocegege/golang-open-source-projects/git/commits{/sha}"],
    "comments_url": ["https://api.github.com/repos/gaocegege/golang-open-source-projects/comments{/number}"],
    "issue_comment_url": ["https://api.github.com/repos/gaocegege/golang-open-source-projects/issues/comments{/number}"],
    "contents_url": ["https://api.github.com/repos/gaocegege/golang-open-source-projects/contents/{+path}"],
    "compare_url": ["https://api.github.com/repos/gaocegege/golang-open-source-projects/compare/{base}...{head}"],
    "merges_url": ["https://api.github.com/repos/gaocegege/golang-open-source-projects/merges"],
    "archive_url": ["https://api.github.com/repos/gaocegege/golang-open-source-projects/{archive_format}{/ref}"],
    "downloads_url": ["https://api.github.com/repos/gaocegege/golang-open-source-projects/downloads"],
    "issues_url": ["https://api.github.com/repos/gaocegege/golang-open-source-projects/issues{/number}"],
    "pulls_url": ["https://api.github.com/repos/gaocegege/golang-open-source-projects/pulls{/number}"],
    "milestones_url": ["https://api.github.com/repos/gaocegege/golang-open-source-projects/milestones{/number}"],
    "notifications_url": ["https://api.github.com/repos/gaocegege/golang-open-source-projects/notifications{?since,all,participating}"],
    "labels_url": ["https://api.github.com/repos/gaocegege/golang-open-source-projects/labels{/name}"],
    "releases_url": ["https://api.github.com/repos/gaocegege/golang-open-source-projects/releases{/id}"],
    "deployments_url": ["https://api.github.com/repos/gaocegege/golang-open-source-projects/deployments"],
    "created_at": ["2016-11-11T07:01:24Z"],
    "updated_at": ["2016-11-20T18:11:43Z"],
    "pushed_at": ["2016-11-11T07:10:29Z"],
    "git_url": ["git://github.com/gaocegege/golang-open-source-projects.git"],
    "ssh_url": ["git@github.com:gaocegege/golang-open-source-projects.git"],
    "clone_url": ["https://github.com/gaocegege/golang-open-source-projects.git"],
    "svn_url": ["https://github.com/gaocegege/golang-open-source-projects"],
    "homepage": [""],
    "size": [44],
    "stargazers_count": [1],
    "watchers_count": [1],
    "language": {},
    "has_issues": [false],
    "has_projects": [true],
    "has_downloads": [true],
    "has_wiki": [true],
    "has_pages": [false],
    "forks_count": [0],
    "mirror_url": {},
    "archived": [false],
    "open_issues_count": [0],
    "license": {},
    "forks": [0],
    "open_issues": [0],
    "watchers": [1],
    "default_branch": ["master"],
    "permissions": {
      "admin": [false],
      "push": [false],
      "pull": [true]
    }
  }
]
