[
  {
    "id": [72279742],
    "node_id": ["MDEwOlJlcG9zaXRvcnk3MjI3OTc0Mg=="],
    "name": ["tidb"],
    "full_name": ["gaocegege/tidb"],
    "private": [false],
    "owner": {
      "login": ["gaocegege"],
      "id": [5100735],
      "node_id": ["MDQ6VXNlcjUxMDA3MzU="],
      "avatar_url": ["https://avatars3.githubusercontent.com/u/5100735?v=4"],
      "gravatar_id": [""],
      "url": ["https://api.github.com/users/gaocegege"],
      "html_url": ["https://github.com/gaocegege"],
      "followers_url": ["https://api.github.com/users/gaocegege/followers"],
      "following_url": ["https://api.github.com/users/gaocegege/following{/other_user}"],
      "gists_url": ["https://api.github.com/users/gaocegege/gists{/gist_id}"],
      "starred_url": ["https://api.github.com/users/gaocegege/starred{/owner}{/repo}"],
      "subscriptions_url": ["https://api.github.com/users/gaocegege/subscriptions"],
      "organizations_url": ["https://api.github.com/users/gaocegege/orgs"],
      "repos_url": ["https://api.github.com/users/gaocegege/repos"],
      "events_url": ["https://api.github.com/users/gaocegege/events{/privacy}"],
      "received_events_url": ["https://api.github.com/users/gaocegege/received_events"],
      "type": ["User"],
      "site_admin": [false]
    },
    "html_url": ["https://github.com/gaocegege/tidb"],
    "description": ["TiDB is a distributed NewSQL database compatible with MySQL protocol "],
    "fork": [true],
    "url": ["https://api.github.com/repos/gaocegege/tidb"],
    "forks_url": ["https://api.github.com/repos/gaocegege/tidb/forks"],
    "keys_url": ["https://api.github.com/repos/gaocegege/tidb/keys{/key_id}"],
    "collaborators_url": ["https://api.github.com/repos/gaocegege/tidb/collaborators{/collaborator}"],
    "teams_url": ["https://api.github.com/repos/gaocegege/tidb/teams"],
    "hooks_url": ["https://api.github.com/repos/gaocegege/tidb/hooks"],
    "issue_events_url": ["https://api.github.com/repos/gaocegege/tidb/issues/events{/number}"],
    "events_url": ["https://api.github.com/repos/gaocegege/tidb/events"],
    "assignees_url": ["https://api.github.com/repos/gaocegege/tidb/assignees{/user}"],
    "branches_url": ["https://api.github.com/repos/gaocegege/tidb/branches{/branch}"],
    "tags_url": ["https://api.github.com/repos/gaocegege/tidb/tags"],
    "blobs_url": ["https://api.github.com/repos/gaocegege/tidb/git/blobs{/sha}"],
    "git_tags_url": ["https://api.github.com/repos/gaocegege/tidb/git/tags{/sha}"],
    "git_refs_url": ["https://api.github.com/repos/gaocegege/tidb/git/refs{/sha}"],
    "trees_url": ["https://api.github.com/repos/gaocegege/tidb/git/trees{/sha}"],
    "statuses_url": ["https://api.github.com/repos/gaocegege/tidb/statuses/{sha}"],
    "languages_url": ["https://api.github.com/repos/gaocegege/tidb/languages"],
    "stargazers_url": ["https://api.github.com/repos/gaocegege/tidb/stargazers"],
    "contributors_url": ["https://api.github.com/repos/gaocegege/tidb/contributors"],
    "subscribers_url": ["https://api.github.com/repos/gaocegege/tidb/subscribers"],
    "subscription_url": ["https://api.github.com/repos/gaocegege/tidb/subscription"],
    "commits_url": ["https://api.github.com/repos/gaocegege/tidb/commits{/sha}"],
    "git_commits_url": ["https://api.github.com/repos/gaocegege/tidb/git/commits{/sha}"],
    "comments_url": ["https://api.github.com/repos/gaocegege/tidb/comments{/number}"],
    "issue_comment_url": ["https://api.github.com/repos/gaocegege/tidb/issues/comments{/number}"],
    "contents_url": ["https://api.github.com/repos/gaocegege/tidb/contents/{+path}"],
    "compare_url": ["https://api.github.com/repos/gaocegege/tidb/compare/{base}...{head}"],
    "merges_url": ["https://api.github.com/repos/gaocegege/tidb/merges"],
    "archive_url": ["https://api.github.com/repos/gaocegege/tidb/{archive_format}{/ref}"],
    "downloads_url": ["https://api.github.com/repos/gaocegege/tidb/downloads"],
    "issues_url": ["https://api.github.com/repos/gaocegege/tidb/issues{/number}"],
    "pulls_url": ["https://api.github.com/repos/gaocegege/tidb/pulls{/number}"],
    "milestones_url": ["https://api.github.com/repos/gaocegege/tidb/milestones{/number}"],
    "notifications_url": ["https://api.github.com/repos/gaocegege/tidb/notifications{?since,all,participating}"],
    "labels_url": ["https://api.github.com/repos/gaocegege/tidb/labels{/name}"],
    "releases_url": ["https://api.github.com/repos/gaocegege/tidb/releases{/id}"],
    "deployments_url": ["https://api.github.com/repos/gaocegege/tidb/deployments"],
    "created_at": ["2016-10-29T11:00:39Z"],
    "updated_at": ["2016-10-29T11:00:42Z"],
    "pushed_at": ["2017-09-20T09:50:16Z"],
    "git_url": ["git://github.com/gaocegege/tidb.git"],
    "ssh_url": ["git@github.com:gaocegege/tidb.git"],
    "clone_url": ["https://github.com/gaocegege/tidb.git"],
    "svn_url": ["https://github.com/gaocegege/tidb"],
    "homepage": [""],
    "size": [32617],
    "stargazers_count": [0],
    "watchers_count": [0],
    "language": ["Go"],
    "has_issues": [false],
    "has_projects": [true],
    "has_downloads": [true],
    "has_wiki": [false],
    "has_pages": [false],
    "forks_count": [0],
    "mirror_url": {},
    "archived": [false],
    "open_issues_count": [0],
    "license": {
      "key": ["apache-2.0"],
      "name": ["Apache License 2.0"],
      "spdx_id": ["Apache-2.0"],
      "url": ["https://api.github.com/licenses/apache-2.0"],
      "node_id": ["MDc6TGljZW5zZTI="]
    },
    "forks": [0],
    "open_issues": [0],
    "watchers": [0],
    "default_branch": ["master"],
    "permissions": {
      "admin": [false],
      "push": [false],
      "pull": [true]
    }
  }
]
