[
  {
    "id": [26508252],
    "node_id": ["MDEwOlJlcG9zaXRvcnkyNjUwODI1Mg=="],
    "name": ["Jobdu-Problems"],
    "full_name": ["gaocegege/Jobdu-Problems"],
    "private": [false],
    "owner": {
      "login": ["gaocegege"],
      "id": [5100735],
      "node_id": ["MDQ6VXNlcjUxMDA3MzU="],
      "avatar_url": ["https://avatars3.githubusercontent.com/u/5100735?v=4"],
      "gravatar_id": [""],
      "url": ["https://api.github.com/users/gaocegege"],
      "html_url": ["https://github.com/gaocegege"],
      "followers_url": ["https://api.github.com/users/gaocegege/followers"],
      "following_url": ["https://api.github.com/users/gaocegege/following{/other_user}"],
      "gists_url": ["https://api.github.com/users/gaocegege/gists{/gist_id}"],
      "starred_url": ["https://api.github.com/users/gaocegege/starred{/owner}{/repo}"],
      "subscriptions_url": ["https://api.github.com/users/gaocegege/subscriptions"],
      "organizations_url": ["https://api.github.com/users/gaocegege/orgs"],
      "repos_url": ["https://api.github.com/users/gaocegege/repos"],
      "events_url": ["https://api.github.com/users/gaocegege/events{/privacy}"],
      "received_events_url": ["https://api.github.com/users/gaocegege/received_events"],
      "type": ["User"],
      "site_admin": [false]
    },
    "html_url": ["https://github.com/gaocegege/Jobdu-Problems"],
    "description": ["The homeworks in the algorithm class"],
    "fork": [false],
    "url": ["https://api.github.com/repos/gaocegege/Jobdu-Problems"],
    "forks_url": ["https://api.github.com/repos/gaocegege/Jobdu-Problems/forks"],
    "keys_url": ["https://api.github.com/repos/gaocegege/Jobdu-Problems/keys{/key_id}"],
    "collaborators_url": ["https://api.github.com/repos/gaocegege/Jobdu-Problems/collaborators{/collaborator}"],
    "teams_url": ["https://api.github.com/repos/gaocegege/Jobdu-Problems/teams"],
    "hooks_url": ["https://api.github.com/repos/gaocegege/Jobdu-Problems/hooks"],
    "issue_events_url": ["https://api.github.com/repos/gaocegege/Jobdu-Problems/issues/events{/number}"],
    "events_url": ["https://api.github.com/repos/gaocegege/Jobdu-Problems/events"],
    "assignees_url": ["https://api.github.com/repos/gaocegege/Jobdu-Problems/assignees{/user}"],
    "branches_url": ["https://api.github.com/repos/gaocegege/Jobdu-Problems/branches{/branch}"],
    "tags_url": ["https://api.github.com/repos/gaocegege/Jobdu-Problems/tags"],
    "blobs_url": ["https://api.github.com/repos/gaocegege/Jobdu-Problems/git/blobs{/sha}"],
    "git_tags_url": ["https://api.github.com/repos/gaocegege/Jobdu-Problems/git/tags{/sha}"],
    "git_refs_url": ["https://api.github.com/repos/gaocegege/Jobdu-Problems/git/refs{/sha}"],
    "trees_url": ["https://api.github.com/repos/gaocegege/Jobdu-Problems/git/trees{/sha}"],
    "statuses_url": ["https://api.github.com/repos/gaocegege/Jobdu-Problems/statuses/{sha}"],
    "languages_url": ["https://api.github.com/repos/gaocegege/Jobdu-Problems/languages"],
    "stargazers_url": ["https://api.github.com/repos/gaocegege/Jobdu-Problems/stargazers"],
    "contributors_url": ["https://api.github.com/repos/gaocegege/Jobdu-Problems/contributors"],
    "subscribers_url": ["https://api.github.com/repos/gaocegege/Jobdu-Problems/subscribers"],
    "subscription_url": ["https://api.github.com/repos/gaocegege/Jobdu-Problems/subscription"],
    "commits_url": ["https://api.github.com/repos/gaocegege/Jobdu-Problems/commits{/sha}"],
    "git_commits_url": ["https://api.github.com/repos/gaocegege/Jobdu-Problems/git/commits{/sha}"],
    "comments_url": ["https://api.github.com/repos/gaocegege/Jobdu-Problems/comments{/number}"],
    "issue_comment_url": ["https://api.github.com/repos/gaocegege/Jobdu-Problems/issues/comments{/number}"],
    "contents_url": ["https://api.github.com/repos/gaocegege/Jobdu-Problems/contents/{+path}"],
    "compare_url": ["https://api.github.com/repos/gaocegege/Jobdu-Problems/compare/{base}...{head}"],
    "merges_url": ["https://api.github.com/repos/gaocegege/Jobdu-Problems/merges"],
    "archive_url": ["https://api.github.com/repos/gaocegege/Jobdu-Problems/{archive_format}{/ref}"],
    "downloads_url": ["https://api.github.com/repos/gaocegege/Jobdu-Problems/downloads"],
    "issues_url": ["https://api.github.com/repos/gaocegege/Jobdu-Problems/issues{/number}"],
    "pulls_url": ["https://api.github.com/repos/gaocegege/Jobdu-Problems/pulls{/number}"],
    "milestones_url": ["https://api.github.com/repos/gaocegege/Jobdu-Problems/milestones{/number}"],
    "notifications_url": ["https://api.github.com/repos/gaocegege/Jobdu-Problems/notifications{?since,all,participating}"],
    "labels_url": ["https://api.github.com/repos/gaocegege/Jobdu-Problems/labels{/name}"],
    "releases_url": ["https://api.github.com/repos/gaocegege/Jobdu-Problems/releases{/id}"],
    "deployments_url": ["https://api.github.com/repos/gaocegege/Jobdu-Problems/deployments"],
    "created_at": ["2014-11-11T22:39:49Z"],
    "updated_at": ["2015-03-31T00:29:18Z"],
    "pushed_at": ["2015-03-31T00:29:18Z"],
    "git_url": ["git://github.com/gaocegege/Jobdu-Problems.git"],
    "ssh_url": ["git@github.com:gaocegege/Jobdu-Problems.git"],
    "clone_url": ["https://github.com/gaocegege/Jobdu-Problems.git"],
    "svn_url": ["https://github.com/gaocegege/Jobdu-Problems"],
    "homepage": {},
    "size": [152],
    "stargazers_count": [0],
    "watchers_count": [0],
    "language": ["C++"],
    "has_issues": [true],
    "has_projects": [true],
    "has_downloads": [true],
    "has_wiki": [true],
    "has_pages": [false],
    "forks_count": [0],
    "mirror_url": {},
    "archived": [false],
    "open_issues_count": [0],
    "license": {},
    "forks": [0],
    "open_issues": [0],
    "watchers": [0],
    "default_branch": ["master"],
    "permissions": {
      "admin": [false],
      "push": [false],
      "pull": [true]
    }
  }
]
