[
  {
    "id": [78390694],
    "node_id": ["MDEwOlJlcG9zaXRvcnk3ODM5MDY5NA=="],
    "name": ["classroom"],
    "full_name": ["gaocegege/classroom"],
    "private": [false],
    "owner": {
      "login": ["gaocegege"],
      "id": [5100735],
      "node_id": ["MDQ6VXNlcjUxMDA3MzU="],
      "avatar_url": ["https://avatars3.githubusercontent.com/u/5100735?v=4"],
      "gravatar_id": [""],
      "url": ["https://api.github.com/users/gaocegege"],
      "html_url": ["https://github.com/gaocegege"],
      "followers_url": ["https://api.github.com/users/gaocegege/followers"],
      "following_url": ["https://api.github.com/users/gaocegege/following{/other_user}"],
      "gists_url": ["https://api.github.com/users/gaocegege/gists{/gist_id}"],
      "starred_url": ["https://api.github.com/users/gaocegege/starred{/owner}{/repo}"],
      "subscriptions_url": ["https://api.github.com/users/gaocegege/subscriptions"],
      "organizations_url": ["https://api.github.com/users/gaocegege/orgs"],
      "repos_url": ["https://api.github.com/users/gaocegege/repos"],
      "events_url": ["https://api.github.com/users/gaocegege/events{/privacy}"],
      "received_events_url": ["https://api.github.com/users/gaocegege/received_events"],
      "type": ["User"],
      "site_admin": [false]
    },
    "html_url": ["https://github.com/gaocegege/classroom"],
    "description": ["GitHub Classroom automates repository creation and access control, making it easy for teachers to distribute starter code and collect assignments on GitHub."],
    "fork": [true],
    "url": ["https://api.github.com/repos/gaocegege/classroom"],
    "forks_url": ["https://api.github.com/repos/gaocegege/classroom/forks"],
    "keys_url": ["https://api.github.com/repos/gaocegege/classroom/keys{/key_id}"],
    "collaborators_url": ["https://api.github.com/repos/gaocegege/classroom/collaborators{/collaborator}"],
    "teams_url": ["https://api.github.com/repos/gaocegege/classroom/teams"],
    "hooks_url": ["https://api.github.com/repos/gaocegege/classroom/hooks"],
    "issue_events_url": ["https://api.github.com/repos/gaocegege/classroom/issues/events{/number}"],
    "events_url": ["https://api.github.com/repos/gaocegege/classroom/events"],
    "assignees_url": ["https://api.github.com/repos/gaocegege/classroom/assignees{/user}"],
    "branches_url": ["https://api.github.com/repos/gaocegege/classroom/branches{/branch}"],
    "tags_url": ["https://api.github.com/repos/gaocegege/classroom/tags"],
    "blobs_url": ["https://api.github.com/repos/gaocegege/classroom/git/blobs{/sha}"],
    "git_tags_url": ["https://api.github.com/repos/gaocegege/classroom/git/tags{/sha}"],
    "git_refs_url": ["https://api.github.com/repos/gaocegege/classroom/git/refs{/sha}"],
    "trees_url": ["https://api.github.com/repos/gaocegege/classroom/git/trees{/sha}"],
    "statuses_url": ["https://api.github.com/repos/gaocegege/classroom/statuses/{sha}"],
    "languages_url": ["https://api.github.com/repos/gaocegege/classroom/languages"],
    "stargazers_url": ["https://api.github.com/repos/gaocegege/classroom/stargazers"],
    "contributors_url": ["https://api.github.com/repos/gaocegege/classroom/contributors"],
    "subscribers_url": ["https://api.github.com/repos/gaocegege/classroom/subscribers"],
    "subscription_url": ["https://api.github.com/repos/gaocegege/classroom/subscription"],
    "commits_url": ["https://api.github.com/repos/gaocegege/classroom/commits{/sha}"],
    "git_commits_url": ["https://api.github.com/repos/gaocegege/classroom/git/commits{/sha}"],
    "comments_url": ["https://api.github.com/repos/gaocegege/classroom/comments{/number}"],
    "issue_comment_url": ["https://api.github.com/repos/gaocegege/classroom/issues/comments{/number}"],
    "contents_url": ["https://api.github.com/repos/gaocegege/classroom/contents/{+path}"],
    "compare_url": ["https://api.github.com/repos/gaocegege/classroom/compare/{base}...{head}"],
    "merges_url": ["https://api.github.com/repos/gaocegege/classroom/merges"],
    "archive_url": ["https://api.github.com/repos/gaocegege/classroom/{archive_format}{/ref}"],
    "downloads_url": ["https://api.github.com/repos/gaocegege/classroom/downloads"],
    "issues_url": ["https://api.github.com/repos/gaocegege/classroom/issues{/number}"],
    "pulls_url": ["https://api.github.com/repos/gaocegege/classroom/pulls{/number}"],
    "milestones_url": ["https://api.github.com/repos/gaocegege/classroom/milestones{/number}"],
    "notifications_url": ["https://api.github.com/repos/gaocegege/classroom/notifications{?since,all,participating}"],
    "labels_url": ["https://api.github.com/repos/gaocegege/classroom/labels{/name}"],
    "releases_url": ["https://api.github.com/repos/gaocegege/classroom/releases{/id}"],
    "deployments_url": ["https://api.github.com/repos/gaocegege/classroom/deployments"],
    "created_at": ["2017-01-09T03:33:15Z"],
    "updated_at": ["2018-10-12T20:36:40Z"],
    "pushed_at": ["2017-01-09T02:38:46Z"],
    "git_url": ["git://github.com/gaocegege/classroom.git"],
    "ssh_url": ["git@github.com:gaocegege/classroom.git"],
    "clone_url": ["https://github.com/gaocegege/classroom.git"],
    "svn_url": ["https://github.com/gaocegege/classroom"],
    "homepage": ["https://classroom.github.com"],
    "size": [9249],
    "stargazers_count": [0],
    "watchers_count": [0],
    "language": ["Ruby"],
    "has_issues": [false],
    "has_projects": [true],
    "has_downloads": [true],
    "has_wiki": [false],
    "has_pages": [false],
    "forks_count": [0],
    "mirror_url": {},
    "archived": [false],
    "open_issues_count": [0],
    "license": {
      "key": ["mit"],
      "name": ["MIT License"],
      "spdx_id": ["MIT"],
      "url": ["https://api.github.com/licenses/mit"],
      "node_id": ["MDc6TGljZW5zZTEz"]
    },
    "forks": [0],
    "open_issues": [0],
    "watchers": [0],
    "default_branch": ["master"],
    "permissions": {
      "admin": [false],
      "push": [false],
      "pull": [true]
    }
  }
]
