[
  {
    "id": [86043448],
    "node_id": ["MDEwOlJlcG9zaXRvcnk4NjA0MzQ0OA=="],
    "name": ["car-driving-notice"],
    "full_name": ["gaocegege/car-driving-notice"],
    "private": [false],
    "owner": {
      "login": ["gaocegege"],
      "id": [5100735],
      "node_id": ["MDQ6VXNlcjUxMDA3MzU="],
      "avatar_url": ["https://avatars3.githubusercontent.com/u/5100735?v=4"],
      "gravatar_id": [""],
      "url": ["https://api.github.com/users/gaocegege"],
      "html_url": ["https://github.com/gaocegege"],
      "followers_url": ["https://api.github.com/users/gaocegege/followers"],
      "following_url": ["https://api.github.com/users/gaocegege/following{/other_user}"],
      "gists_url": ["https://api.github.com/users/gaocegege/gists{/gist_id}"],
      "starred_url": ["https://api.github.com/users/gaocegege/starred{/owner}{/repo}"],
      "subscriptions_url": ["https://api.github.com/users/gaocegege/subscriptions"],
      "organizations_url": ["https://api.github.com/users/gaocegege/orgs"],
      "repos_url": ["https://api.github.com/users/gaocegege/repos"],
      "events_url": ["https://api.github.com/users/gaocegege/events{/privacy}"],
      "received_events_url": ["https://api.github.com/users/gaocegege/received_events"],
      "type": ["User"],
      "site_admin": [false]
    },
    "html_url": ["https://github.com/gaocegege/car-driving-notice"],
    "description": ["<U+9A7E><U+9A76><U+8003><U+8BD5> Notice"],
    "fork": [false],
    "url": ["https://api.github.com/repos/gaocegege/car-driving-notice"],
    "forks_url": ["https://api.github.com/repos/gaocegege/car-driving-notice/forks"],
    "keys_url": ["https://api.github.com/repos/gaocegege/car-driving-notice/keys{/key_id}"],
    "collaborators_url": ["https://api.github.com/repos/gaocegege/car-driving-notice/collaborators{/collaborator}"],
    "teams_url": ["https://api.github.com/repos/gaocegege/car-driving-notice/teams"],
    "hooks_url": ["https://api.github.com/repos/gaocegege/car-driving-notice/hooks"],
    "issue_events_url": ["https://api.github.com/repos/gaocegege/car-driving-notice/issues/events{/number}"],
    "events_url": ["https://api.github.com/repos/gaocegege/car-driving-notice/events"],
    "assignees_url": ["https://api.github.com/repos/gaocegege/car-driving-notice/assignees{/user}"],
    "branches_url": ["https://api.github.com/repos/gaocegege/car-driving-notice/branches{/branch}"],
    "tags_url": ["https://api.github.com/repos/gaocegege/car-driving-notice/tags"],
    "blobs_url": ["https://api.github.com/repos/gaocegege/car-driving-notice/git/blobs{/sha}"],
    "git_tags_url": ["https://api.github.com/repos/gaocegege/car-driving-notice/git/tags{/sha}"],
    "git_refs_url": ["https://api.github.com/repos/gaocegege/car-driving-notice/git/refs{/sha}"],
    "trees_url": ["https://api.github.com/repos/gaocegege/car-driving-notice/git/trees{/sha}"],
    "statuses_url": ["https://api.github.com/repos/gaocegege/car-driving-notice/statuses/{sha}"],
    "languages_url": ["https://api.github.com/repos/gaocegege/car-driving-notice/languages"],
    "stargazers_url": ["https://api.github.com/repos/gaocegege/car-driving-notice/stargazers"],
    "contributors_url": ["https://api.github.com/repos/gaocegege/car-driving-notice/contributors"],
    "subscribers_url": ["https://api.github.com/repos/gaocegege/car-driving-notice/subscribers"],
    "subscription_url": ["https://api.github.com/repos/gaocegege/car-driving-notice/subscription"],
    "commits_url": ["https://api.github.com/repos/gaocegege/car-driving-notice/commits{/sha}"],
    "git_commits_url": ["https://api.github.com/repos/gaocegege/car-driving-notice/git/commits{/sha}"],
    "comments_url": ["https://api.github.com/repos/gaocegege/car-driving-notice/comments{/number}"],
    "issue_comment_url": ["https://api.github.com/repos/gaocegege/car-driving-notice/issues/comments{/number}"],
    "contents_url": ["https://api.github.com/repos/gaocegege/car-driving-notice/contents/{+path}"],
    "compare_url": ["https://api.github.com/repos/gaocegege/car-driving-notice/compare/{base}...{head}"],
    "merges_url": ["https://api.github.com/repos/gaocegege/car-driving-notice/merges"],
    "archive_url": ["https://api.github.com/repos/gaocegege/car-driving-notice/{archive_format}{/ref}"],
    "downloads_url": ["https://api.github.com/repos/gaocegege/car-driving-notice/downloads"],
    "issues_url": ["https://api.github.com/repos/gaocegege/car-driving-notice/issues{/number}"],
    "pulls_url": ["https://api.github.com/repos/gaocegege/car-driving-notice/pulls{/number}"],
    "milestones_url": ["https://api.github.com/repos/gaocegege/car-driving-notice/milestones{/number}"],
    "notifications_url": ["https://api.github.com/repos/gaocegege/car-driving-notice/notifications{?since,all,participating}"],
    "labels_url": ["https://api.github.com/repos/gaocegege/car-driving-notice/labels{/name}"],
    "releases_url": ["https://api.github.com/repos/gaocegege/car-driving-notice/releases{/id}"],
    "deployments_url": ["https://api.github.com/repos/gaocegege/car-driving-notice/deployments"],
    "created_at": ["2017-03-24T08:12:00Z"],
    "updated_at": ["2017-08-13T13:36:50Z"],
    "pushed_at": ["2017-03-24T08:12:12Z"],
    "git_url": ["git://github.com/gaocegege/car-driving-notice.git"],
    "ssh_url": ["git@github.com:gaocegege/car-driving-notice.git"],
    "clone_url": ["https://github.com/gaocegege/car-driving-notice.git"],
    "svn_url": ["https://github.com/gaocegege/car-driving-notice"],
    "homepage": {},
    "size": [0],
    "stargazers_count": [5],
    "watchers_count": [5],
    "language": {},
    "has_issues": [true],
    "has_projects": [true],
    "has_downloads": [true],
    "has_wiki": [true],
    "has_pages": [false],
    "forks_count": [0],
    "mirror_url": {},
    "archived": [false],
    "open_issues_count": [1],
    "license": {},
    "forks": [0],
    "open_issues": [1],
    "watchers": [5],
    "default_branch": ["master"],
    "permissions": {
      "admin": [false],
      "push": [false],
      "pull": [true]
    }
  }
]
