[
  {
    "id": [136439320],
    "node_id": ["MDEwOlJlcG9zaXRvcnkxMzY0MzkzMjA="],
    "name": ["SJTUThesis-Markdown"],
    "full_name": ["gaocegege/SJTUThesis-Markdown"],
    "private": [false],
    "owner": {
      "login": ["gaocegege"],
      "id": [5100735],
      "node_id": ["MDQ6VXNlcjUxMDA3MzU="],
      "avatar_url": ["https://avatars3.githubusercontent.com/u/5100735?v=4"],
      "gravatar_id": [""],
      "url": ["https://api.github.com/users/gaocegege"],
      "html_url": ["https://github.com/gaocegege"],
      "followers_url": ["https://api.github.com/users/gaocegege/followers"],
      "following_url": ["https://api.github.com/users/gaocegege/following{/other_user}"],
      "gists_url": ["https://api.github.com/users/gaocegege/gists{/gist_id}"],
      "starred_url": ["https://api.github.com/users/gaocegege/starred{/owner}{/repo}"],
      "subscriptions_url": ["https://api.github.com/users/gaocegege/subscriptions"],
      "organizations_url": ["https://api.github.com/users/gaocegege/orgs"],
      "repos_url": ["https://api.github.com/users/gaocegege/repos"],
      "events_url": ["https://api.github.com/users/gaocegege/events{/privacy}"],
      "received_events_url": ["https://api.github.com/users/gaocegege/received_events"],
      "type": ["User"],
      "site_admin": [false]
    },
    "html_url": ["https://github.com/gaocegege/SJTUThesis-Markdown"],
    "description": ["<U+4E0A><U+6D77><U+4EA4><U+901A><U+5927><U+5B66><U+5B66><U+4F4D><U+8BBA><U+6587> R Markdown (bookdown) <U+6A21><U+677F>"],
    "fork": [true],
    "url": ["https://api.github.com/repos/gaocegege/SJTUThesis-Markdown"],
    "forks_url": ["https://api.github.com/repos/gaocegege/SJTUThesis-Markdown/forks"],
    "keys_url": ["https://api.github.com/repos/gaocegege/SJTUThesis-Markdown/keys{/key_id}"],
    "collaborators_url": ["https://api.github.com/repos/gaocegege/SJTUThesis-Markdown/collaborators{/collaborator}"],
    "teams_url": ["https://api.github.com/repos/gaocegege/SJTUThesis-Markdown/teams"],
    "hooks_url": ["https://api.github.com/repos/gaocegege/SJTUThesis-Markdown/hooks"],
    "issue_events_url": ["https://api.github.com/repos/gaocegege/SJTUThesis-Markdown/issues/events{/number}"],
    "events_url": ["https://api.github.com/repos/gaocegege/SJTUThesis-Markdown/events"],
    "assignees_url": ["https://api.github.com/repos/gaocegege/SJTUThesis-Markdown/assignees{/user}"],
    "branches_url": ["https://api.github.com/repos/gaocegege/SJTUThesis-Markdown/branches{/branch}"],
    "tags_url": ["https://api.github.com/repos/gaocegege/SJTUThesis-Markdown/tags"],
    "blobs_url": ["https://api.github.com/repos/gaocegege/SJTUThesis-Markdown/git/blobs{/sha}"],
    "git_tags_url": ["https://api.github.com/repos/gaocegege/SJTUThesis-Markdown/git/tags{/sha}"],
    "git_refs_url": ["https://api.github.com/repos/gaocegege/SJTUThesis-Markdown/git/refs{/sha}"],
    "trees_url": ["https://api.github.com/repos/gaocegege/SJTUThesis-Markdown/git/trees{/sha}"],
    "statuses_url": ["https://api.github.com/repos/gaocegege/SJTUThesis-Markdown/statuses/{sha}"],
    "languages_url": ["https://api.github.com/repos/gaocegege/SJTUThesis-Markdown/languages"],
    "stargazers_url": ["https://api.github.com/repos/gaocegege/SJTUThesis-Markdown/stargazers"],
    "contributors_url": ["https://api.github.com/repos/gaocegege/SJTUThesis-Markdown/contributors"],
    "subscribers_url": ["https://api.github.com/repos/gaocegege/SJTUThesis-Markdown/subscribers"],
    "subscription_url": ["https://api.github.com/repos/gaocegege/SJTUThesis-Markdown/subscription"],
    "commits_url": ["https://api.github.com/repos/gaocegege/SJTUThesis-Markdown/commits{/sha}"],
    "git_commits_url": ["https://api.github.com/repos/gaocegege/SJTUThesis-Markdown/git/commits{/sha}"],
    "comments_url": ["https://api.github.com/repos/gaocegege/SJTUThesis-Markdown/comments{/number}"],
    "issue_comment_url": ["https://api.github.com/repos/gaocegege/SJTUThesis-Markdown/issues/comments{/number}"],
    "contents_url": ["https://api.github.com/repos/gaocegege/SJTUThesis-Markdown/contents/{+path}"],
    "compare_url": ["https://api.github.com/repos/gaocegege/SJTUThesis-Markdown/compare/{base}...{head}"],
    "merges_url": ["https://api.github.com/repos/gaocegege/SJTUThesis-Markdown/merges"],
    "archive_url": ["https://api.github.com/repos/gaocegege/SJTUThesis-Markdown/{archive_format}{/ref}"],
    "downloads_url": ["https://api.github.com/repos/gaocegege/SJTUThesis-Markdown/downloads"],
    "issues_url": ["https://api.github.com/repos/gaocegege/SJTUThesis-Markdown/issues{/number}"],
    "pulls_url": ["https://api.github.com/repos/gaocegege/SJTUThesis-Markdown/pulls{/number}"],
    "milestones_url": ["https://api.github.com/repos/gaocegege/SJTUThesis-Markdown/milestones{/number}"],
    "notifications_url": ["https://api.github.com/repos/gaocegege/SJTUThesis-Markdown/notifications{?since,all,participating}"],
    "labels_url": ["https://api.github.com/repos/gaocegege/SJTUThesis-Markdown/labels{/name}"],
    "releases_url": ["https://api.github.com/repos/gaocegege/SJTUThesis-Markdown/releases{/id}"],
    "deployments_url": ["https://api.github.com/repos/gaocegege/SJTUThesis-Markdown/deployments"],
    "created_at": ["2018-06-07T07:30:42Z"],
    "updated_at": ["2018-06-07T08:45:08Z"],
    "pushed_at": ["2018-06-07T09:02:31Z"],
    "git_url": ["git://github.com/gaocegege/SJTUThesis-Markdown.git"],
    "ssh_url": ["git@github.com:gaocegege/SJTUThesis-Markdown.git"],
    "clone_url": ["https://github.com/gaocegege/SJTUThesis-Markdown.git"],
    "svn_url": ["https://github.com/gaocegege/SJTUThesis-Markdown"],
    "homepage": {},
    "size": [21],
    "stargazers_count": [0],
    "watchers_count": [0],
    "language": ["TeX"],
    "has_issues": [false],
    "has_projects": [true],
    "has_downloads": [true],
    "has_wiki": [true],
    "has_pages": [false],
    "forks_count": [0],
    "mirror_url": {},
    "archived": [false],
    "open_issues_count": [0],
    "license": {
      "key": ["bsd-3-clause"],
      "name": ["BSD 3-Clause \"New\" or \"Revised\" License"],
      "spdx_id": ["BSD-3-Clause"],
      "url": ["https://api.github.com/licenses/bsd-3-clause"],
      "node_id": ["MDc6TGljZW5zZTU="]
    },
    "forks": [0],
    "open_issues": [0],
    "watchers": [0],
    "default_branch": ["master"],
    "permissions": {
      "admin": [false],
      "push": [false],
      "pull": [true]
    }
  }
]
