[
  {
    "id": [66351703],
    "node_id": ["MDEwOlJlcG9zaXRvcnk2NjM1MTcwMw=="],
    "name": ["processing.py"],
    "full_name": ["gaocegege/processing.py"],
    "private": [false],
    "owner": {
      "login": ["gaocegege"],
      "id": [5100735],
      "node_id": ["MDQ6VXNlcjUxMDA3MzU="],
      "avatar_url": ["https://avatars3.githubusercontent.com/u/5100735?v=4"],
      "gravatar_id": [""],
      "url": ["https://api.github.com/users/gaocegege"],
      "html_url": ["https://github.com/gaocegege"],
      "followers_url": ["https://api.github.com/users/gaocegege/followers"],
      "following_url": ["https://api.github.com/users/gaocegege/following{/other_user}"],
      "gists_url": ["https://api.github.com/users/gaocegege/gists{/gist_id}"],
      "starred_url": ["https://api.github.com/users/gaocegege/starred{/owner}{/repo}"],
      "subscriptions_url": ["https://api.github.com/users/gaocegege/subscriptions"],
      "organizations_url": ["https://api.github.com/users/gaocegege/orgs"],
      "repos_url": ["https://api.github.com/users/gaocegege/repos"],
      "events_url": ["https://api.github.com/users/gaocegege/events{/privacy}"],
      "received_events_url": ["https://api.github.com/users/gaocegege/received_events"],
      "type": ["User"],
      "site_admin": [false]
    },
    "html_url": ["https://github.com/gaocegege/processing.py"],
    "description": ["Write Processing sketches in Python"],
    "fork": [true],
    "url": ["https://api.github.com/repos/gaocegege/processing.py"],
    "forks_url": ["https://api.github.com/repos/gaocegege/processing.py/forks"],
    "keys_url": ["https://api.github.com/repos/gaocegege/processing.py/keys{/key_id}"],
    "collaborators_url": ["https://api.github.com/repos/gaocegege/processing.py/collaborators{/collaborator}"],
    "teams_url": ["https://api.github.com/repos/gaocegege/processing.py/teams"],
    "hooks_url": ["https://api.github.com/repos/gaocegege/processing.py/hooks"],
    "issue_events_url": ["https://api.github.com/repos/gaocegege/processing.py/issues/events{/number}"],
    "events_url": ["https://api.github.com/repos/gaocegege/processing.py/events"],
    "assignees_url": ["https://api.github.com/repos/gaocegege/processing.py/assignees{/user}"],
    "branches_url": ["https://api.github.com/repos/gaocegege/processing.py/branches{/branch}"],
    "tags_url": ["https://api.github.com/repos/gaocegege/processing.py/tags"],
    "blobs_url": ["https://api.github.com/repos/gaocegege/processing.py/git/blobs{/sha}"],
    "git_tags_url": ["https://api.github.com/repos/gaocegege/processing.py/git/tags{/sha}"],
    "git_refs_url": ["https://api.github.com/repos/gaocegege/processing.py/git/refs{/sha}"],
    "trees_url": ["https://api.github.com/repos/gaocegege/processing.py/git/trees{/sha}"],
    "statuses_url": ["https://api.github.com/repos/gaocegege/processing.py/statuses/{sha}"],
    "languages_url": ["https://api.github.com/repos/gaocegege/processing.py/languages"],
    "stargazers_url": ["https://api.github.com/repos/gaocegege/processing.py/stargazers"],
    "contributors_url": ["https://api.github.com/repos/gaocegege/processing.py/contributors"],
    "subscribers_url": ["https://api.github.com/repos/gaocegege/processing.py/subscribers"],
    "subscription_url": ["https://api.github.com/repos/gaocegege/processing.py/subscription"],
    "commits_url": ["https://api.github.com/repos/gaocegege/processing.py/commits{/sha}"],
    "git_commits_url": ["https://api.github.com/repos/gaocegege/processing.py/git/commits{/sha}"],
    "comments_url": ["https://api.github.com/repos/gaocegege/processing.py/comments{/number}"],
    "issue_comment_url": ["https://api.github.com/repos/gaocegege/processing.py/issues/comments{/number}"],
    "contents_url": ["https://api.github.com/repos/gaocegege/processing.py/contents/{+path}"],
    "compare_url": ["https://api.github.com/repos/gaocegege/processing.py/compare/{base}...{head}"],
    "merges_url": ["https://api.github.com/repos/gaocegege/processing.py/merges"],
    "archive_url": ["https://api.github.com/repos/gaocegege/processing.py/{archive_format}{/ref}"],
    "downloads_url": ["https://api.github.com/repos/gaocegege/processing.py/downloads"],
    "issues_url": ["https://api.github.com/repos/gaocegege/processing.py/issues{/number}"],
    "pulls_url": ["https://api.github.com/repos/gaocegege/processing.py/pulls{/number}"],
    "milestones_url": ["https://api.github.com/repos/gaocegege/processing.py/milestones{/number}"],
    "notifications_url": ["https://api.github.com/repos/gaocegege/processing.py/notifications{?since,all,participating}"],
    "labels_url": ["https://api.github.com/repos/gaocegege/processing.py/labels{/name}"],
    "releases_url": ["https://api.github.com/repos/gaocegege/processing.py/releases{/id}"],
    "deployments_url": ["https://api.github.com/repos/gaocegege/processing.py/deployments"],
    "created_at": ["2016-08-23T09:09:30Z"],
    "updated_at": ["2016-08-23T09:09:33Z"],
    "pushed_at": ["2016-08-20T02:43:26Z"],
    "git_url": ["git://github.com/gaocegege/processing.py.git"],
    "ssh_url": ["git@github.com:gaocegege/processing.py.git"],
    "clone_url": ["https://github.com/gaocegege/processing.py.git"],
    "svn_url": ["https://github.com/gaocegege/processing.py"],
    "homepage": ["https://github.com/jdf/processing.py#python-mode-for-processing"],
    "size": [227211],
    "stargazers_count": [0],
    "watchers_count": [0],
    "language": ["Python"],
    "has_issues": [false],
    "has_projects": [true],
    "has_downloads": [true],
    "has_wiki": [true],
    "has_pages": [false],
    "forks_count": [0],
    "mirror_url": {},
    "archived": [false],
    "open_issues_count": [0],
    "license": {
      "key": ["apache-2.0"],
      "name": ["Apache License 2.0"],
      "spdx_id": ["Apache-2.0"],
      "url": ["https://api.github.com/licenses/apache-2.0"],
      "node_id": ["MDc6TGljZW5zZTI="]
    },
    "forks": [0],
    "open_issues": [0],
    "watchers": [0],
    "default_branch": ["master"],
    "permissions": {
      "admin": [false],
      "push": [false],
      "pull": [true]
    }
  }
]
