[
  {
    "id": [54468633],
    "node_id": ["MDEwOlJlcG9zaXRvcnk1NDQ2ODYzMw=="],
    "name": ["nomad"],
    "full_name": ["gaocegege/nomad"],
    "private": [false],
    "owner": {
      "login": ["gaocegege"],
      "id": [5100735],
      "node_id": ["MDQ6VXNlcjUxMDA3MzU="],
      "avatar_url": ["https://avatars3.githubusercontent.com/u/5100735?v=4"],
      "gravatar_id": [""],
      "url": ["https://api.github.com/users/gaocegege"],
      "html_url": ["https://github.com/gaocegege"],
      "followers_url": ["https://api.github.com/users/gaocegege/followers"],
      "following_url": ["https://api.github.com/users/gaocegege/following{/other_user}"],
      "gists_url": ["https://api.github.com/users/gaocegege/gists{/gist_id}"],
      "starred_url": ["https://api.github.com/users/gaocegege/starred{/owner}{/repo}"],
      "subscriptions_url": ["https://api.github.com/users/gaocegege/subscriptions"],
      "organizations_url": ["https://api.github.com/users/gaocegege/orgs"],
      "repos_url": ["https://api.github.com/users/gaocegege/repos"],
      "events_url": ["https://api.github.com/users/gaocegege/events{/privacy}"],
      "received_events_url": ["https://api.github.com/users/gaocegege/received_events"],
      "type": ["User"],
      "site_admin": [false]
    },
    "html_url": ["https://github.com/gaocegege/nomad"],
    "description": ["A Distributed, Highly Available, Datacenter-Aware Scheduler"],
    "fork": [true],
    "url": ["https://api.github.com/repos/gaocegege/nomad"],
    "forks_url": ["https://api.github.com/repos/gaocegege/nomad/forks"],
    "keys_url": ["https://api.github.com/repos/gaocegege/nomad/keys{/key_id}"],
    "collaborators_url": ["https://api.github.com/repos/gaocegege/nomad/collaborators{/collaborator}"],
    "teams_url": ["https://api.github.com/repos/gaocegege/nomad/teams"],
    "hooks_url": ["https://api.github.com/repos/gaocegege/nomad/hooks"],
    "issue_events_url": ["https://api.github.com/repos/gaocegege/nomad/issues/events{/number}"],
    "events_url": ["https://api.github.com/repos/gaocegege/nomad/events"],
    "assignees_url": ["https://api.github.com/repos/gaocegege/nomad/assignees{/user}"],
    "branches_url": ["https://api.github.com/repos/gaocegege/nomad/branches{/branch}"],
    "tags_url": ["https://api.github.com/repos/gaocegege/nomad/tags"],
    "blobs_url": ["https://api.github.com/repos/gaocegege/nomad/git/blobs{/sha}"],
    "git_tags_url": ["https://api.github.com/repos/gaocegege/nomad/git/tags{/sha}"],
    "git_refs_url": ["https://api.github.com/repos/gaocegege/nomad/git/refs{/sha}"],
    "trees_url": ["https://api.github.com/repos/gaocegege/nomad/git/trees{/sha}"],
    "statuses_url": ["https://api.github.com/repos/gaocegege/nomad/statuses/{sha}"],
    "languages_url": ["https://api.github.com/repos/gaocegege/nomad/languages"],
    "stargazers_url": ["https://api.github.com/repos/gaocegege/nomad/stargazers"],
    "contributors_url": ["https://api.github.com/repos/gaocegege/nomad/contributors"],
    "subscribers_url": ["https://api.github.com/repos/gaocegege/nomad/subscribers"],
    "subscription_url": ["https://api.github.com/repos/gaocegege/nomad/subscription"],
    "commits_url": ["https://api.github.com/repos/gaocegege/nomad/commits{/sha}"],
    "git_commits_url": ["https://api.github.com/repos/gaocegege/nomad/git/commits{/sha}"],
    "comments_url": ["https://api.github.com/repos/gaocegege/nomad/comments{/number}"],
    "issue_comment_url": ["https://api.github.com/repos/gaocegege/nomad/issues/comments{/number}"],
    "contents_url": ["https://api.github.com/repos/gaocegege/nomad/contents/{+path}"],
    "compare_url": ["https://api.github.com/repos/gaocegege/nomad/compare/{base}...{head}"],
    "merges_url": ["https://api.github.com/repos/gaocegege/nomad/merges"],
    "archive_url": ["https://api.github.com/repos/gaocegege/nomad/{archive_format}{/ref}"],
    "downloads_url": ["https://api.github.com/repos/gaocegege/nomad/downloads"],
    "issues_url": ["https://api.github.com/repos/gaocegege/nomad/issues{/number}"],
    "pulls_url": ["https://api.github.com/repos/gaocegege/nomad/pulls{/number}"],
    "milestones_url": ["https://api.github.com/repos/gaocegege/nomad/milestones{/number}"],
    "notifications_url": ["https://api.github.com/repos/gaocegege/nomad/notifications{?since,all,participating}"],
    "labels_url": ["https://api.github.com/repos/gaocegege/nomad/labels{/name}"],
    "releases_url": ["https://api.github.com/repos/gaocegege/nomad/releases{/id}"],
    "deployments_url": ["https://api.github.com/repos/gaocegege/nomad/deployments"],
    "created_at": ["2016-03-22T11:09:11Z"],
    "updated_at": ["2016-03-22T11:09:14Z"],
    "pushed_at": ["2017-03-02T06:26:12Z"],
    "git_url": ["git://github.com/gaocegege/nomad.git"],
    "ssh_url": ["git@github.com:gaocegege/nomad.git"],
    "clone_url": ["https://github.com/gaocegege/nomad.git"],
    "svn_url": ["https://github.com/gaocegege/nomad"],
    "homepage": ["https://www.nomadproject.io/"],
    "size": [32072],
    "stargazers_count": [0],
    "watchers_count": [0],
    "language": ["Go"],
    "has_issues": [false],
    "has_projects": [true],
    "has_downloads": [true],
    "has_wiki": [false],
    "has_pages": [false],
    "forks_count": [0],
    "mirror_url": {},
    "archived": [false],
    "open_issues_count": [0],
    "license": {
      "key": ["mpl-2.0"],
      "name": ["Mozilla Public License 2.0"],
      "spdx_id": ["MPL-2.0"],
      "url": ["https://api.github.com/licenses/mpl-2.0"],
      "node_id": ["MDc6TGljZW5zZTE0"]
    },
    "forks": [0],
    "open_issues": [0],
    "watchers": [0],
    "default_branch": ["master"],
    "permissions": {
      "admin": [false],
      "push": [false],
      "pull": [true]
    }
  }
]
