[
  {
    "id": [178842183],
    "node_id": ["MDEwOlJlcG9zaXRvcnkxNzg4NDIxODM="],
    "name": ["istio"],
    "full_name": ["gaocegege/istio"],
    "private": [false],
    "owner": {
      "login": ["gaocegege"],
      "id": [5100735],
      "node_id": ["MDQ6VXNlcjUxMDA3MzU="],
      "avatar_url": ["https://avatars3.githubusercontent.com/u/5100735?v=4"],
      "gravatar_id": [""],
      "url": ["https://api.github.com/users/gaocegege"],
      "html_url": ["https://github.com/gaocegege"],
      "followers_url": ["https://api.github.com/users/gaocegege/followers"],
      "following_url": ["https://api.github.com/users/gaocegege/following{/other_user}"],
      "gists_url": ["https://api.github.com/users/gaocegege/gists{/gist_id}"],
      "starred_url": ["https://api.github.com/users/gaocegege/starred{/owner}{/repo}"],
      "subscriptions_url": ["https://api.github.com/users/gaocegege/subscriptions"],
      "organizations_url": ["https://api.github.com/users/gaocegege/orgs"],
      "repos_url": ["https://api.github.com/users/gaocegege/repos"],
      "events_url": ["https://api.github.com/users/gaocegege/events{/privacy}"],
      "received_events_url": ["https://api.github.com/users/gaocegege/received_events"],
      "type": ["User"],
      "site_admin": [false]
    },
    "html_url": ["https://github.com/gaocegege/istio"],
    "description": ["Connect, secure, control, and observe services."],
    "fork": [true],
    "url": ["https://api.github.com/repos/gaocegege/istio"],
    "forks_url": ["https://api.github.com/repos/gaocegege/istio/forks"],
    "keys_url": ["https://api.github.com/repos/gaocegege/istio/keys{/key_id}"],
    "collaborators_url": ["https://api.github.com/repos/gaocegege/istio/collaborators{/collaborator}"],
    "teams_url": ["https://api.github.com/repos/gaocegege/istio/teams"],
    "hooks_url": ["https://api.github.com/repos/gaocegege/istio/hooks"],
    "issue_events_url": ["https://api.github.com/repos/gaocegege/istio/issues/events{/number}"],
    "events_url": ["https://api.github.com/repos/gaocegege/istio/events"],
    "assignees_url": ["https://api.github.com/repos/gaocegege/istio/assignees{/user}"],
    "branches_url": ["https://api.github.com/repos/gaocegege/istio/branches{/branch}"],
    "tags_url": ["https://api.github.com/repos/gaocegege/istio/tags"],
    "blobs_url": ["https://api.github.com/repos/gaocegege/istio/git/blobs{/sha}"],
    "git_tags_url": ["https://api.github.com/repos/gaocegege/istio/git/tags{/sha}"],
    "git_refs_url": ["https://api.github.com/repos/gaocegege/istio/git/refs{/sha}"],
    "trees_url": ["https://api.github.com/repos/gaocegege/istio/git/trees{/sha}"],
    "statuses_url": ["https://api.github.com/repos/gaocegege/istio/statuses/{sha}"],
    "languages_url": ["https://api.github.com/repos/gaocegege/istio/languages"],
    "stargazers_url": ["https://api.github.com/repos/gaocegege/istio/stargazers"],
    "contributors_url": ["https://api.github.com/repos/gaocegege/istio/contributors"],
    "subscribers_url": ["https://api.github.com/repos/gaocegege/istio/subscribers"],
    "subscription_url": ["https://api.github.com/repos/gaocegege/istio/subscription"],
    "commits_url": ["https://api.github.com/repos/gaocegege/istio/commits{/sha}"],
    "git_commits_url": ["https://api.github.com/repos/gaocegege/istio/git/commits{/sha}"],
    "comments_url": ["https://api.github.com/repos/gaocegege/istio/comments{/number}"],
    "issue_comment_url": ["https://api.github.com/repos/gaocegege/istio/issues/comments{/number}"],
    "contents_url": ["https://api.github.com/repos/gaocegege/istio/contents/{+path}"],
    "compare_url": ["https://api.github.com/repos/gaocegege/istio/compare/{base}...{head}"],
    "merges_url": ["https://api.github.com/repos/gaocegege/istio/merges"],
    "archive_url": ["https://api.github.com/repos/gaocegege/istio/{archive_format}{/ref}"],
    "downloads_url": ["https://api.github.com/repos/gaocegege/istio/downloads"],
    "issues_url": ["https://api.github.com/repos/gaocegege/istio/issues{/number}"],
    "pulls_url": ["https://api.github.com/repos/gaocegege/istio/pulls{/number}"],
    "milestones_url": ["https://api.github.com/repos/gaocegege/istio/milestones{/number}"],
    "notifications_url": ["https://api.github.com/repos/gaocegege/istio/notifications{?since,all,participating}"],
    "labels_url": ["https://api.github.com/repos/gaocegege/istio/labels{/name}"],
    "releases_url": ["https://api.github.com/repos/gaocegege/istio/releases{/id}"],
    "deployments_url": ["https://api.github.com/repos/gaocegege/istio/deployments"],
    "created_at": ["2019-04-01T10:43:53Z"],
    "updated_at": ["2019-04-01T10:44:11Z"],
    "pushed_at": ["2019-04-01T10:12:32Z"],
    "git_url": ["git://github.com/gaocegege/istio.git"],
    "ssh_url": ["git@github.com:gaocegege/istio.git"],
    "clone_url": ["https://github.com/gaocegege/istio.git"],
    "svn_url": ["https://github.com/gaocegege/istio"],
    "homepage": ["https://istio.io"],
    "size": [84114],
    "stargazers_count": [0],
    "watchers_count": [0],
    "language": ["Go"],
    "has_issues": [false],
    "has_projects": [true],
    "has_downloads": [true],
    "has_wiki": [true],
    "has_pages": [false],
    "forks_count": [0],
    "mirror_url": {},
    "archived": [false],
    "open_issues_count": [0],
    "license": {
      "key": ["apache-2.0"],
      "name": ["Apache License 2.0"],
      "spdx_id": ["Apache-2.0"],
      "url": ["https://api.github.com/licenses/apache-2.0"],
      "node_id": ["MDc6TGljZW5zZTI="]
    },
    "forks": [0],
    "open_issues": [0],
    "watchers": [0],
    "default_branch": ["master"],
    "permissions": {
      "admin": [false],
      "push": [false],
      "pull": [true]
    }
  }
]
