[
  {
    "id": [55194177],
    "node_id": ["MDEwOlJlcG9zaXRvcnk1NTE5NDE3Nw=="],
    "name": ["SJTUThesis"],
    "full_name": ["gaocegege/SJTUThesis"],
    "private": [false],
    "owner": {
      "login": ["gaocegege"],
      "id": [5100735],
      "node_id": ["MDQ6VXNlcjUxMDA3MzU="],
      "avatar_url": ["https://avatars3.githubusercontent.com/u/5100735?v=4"],
      "gravatar_id": [""],
      "url": ["https://api.github.com/users/gaocegege"],
      "html_url": ["https://github.com/gaocegege"],
      "followers_url": ["https://api.github.com/users/gaocegege/followers"],
      "following_url": ["https://api.github.com/users/gaocegege/following{/other_user}"],
      "gists_url": ["https://api.github.com/users/gaocegege/gists{/gist_id}"],
      "starred_url": ["https://api.github.com/users/gaocegege/starred{/owner}{/repo}"],
      "subscriptions_url": ["https://api.github.com/users/gaocegege/subscriptions"],
      "organizations_url": ["https://api.github.com/users/gaocegege/orgs"],
      "repos_url": ["https://api.github.com/users/gaocegege/repos"],
      "events_url": ["https://api.github.com/users/gaocegege/events{/privacy}"],
      "received_events_url": ["https://api.github.com/users/gaocegege/received_events"],
      "type": ["User"],
      "site_admin": [false]
    },
    "html_url": ["https://github.com/gaocegege/SJTUThesis"],
    "description": ["A XeLaTeX template for Shanghai Jiao Tong University (SJTU) thesis."],
    "fork": [true],
    "url": ["https://api.github.com/repos/gaocegege/SJTUThesis"],
    "forks_url": ["https://api.github.com/repos/gaocegege/SJTUThesis/forks"],
    "keys_url": ["https://api.github.com/repos/gaocegege/SJTUThesis/keys{/key_id}"],
    "collaborators_url": ["https://api.github.com/repos/gaocegege/SJTUThesis/collaborators{/collaborator}"],
    "teams_url": ["https://api.github.com/repos/gaocegege/SJTUThesis/teams"],
    "hooks_url": ["https://api.github.com/repos/gaocegege/SJTUThesis/hooks"],
    "issue_events_url": ["https://api.github.com/repos/gaocegege/SJTUThesis/issues/events{/number}"],
    "events_url": ["https://api.github.com/repos/gaocegege/SJTUThesis/events"],
    "assignees_url": ["https://api.github.com/repos/gaocegege/SJTUThesis/assignees{/user}"],
    "branches_url": ["https://api.github.com/repos/gaocegege/SJTUThesis/branches{/branch}"],
    "tags_url": ["https://api.github.com/repos/gaocegege/SJTUThesis/tags"],
    "blobs_url": ["https://api.github.com/repos/gaocegege/SJTUThesis/git/blobs{/sha}"],
    "git_tags_url": ["https://api.github.com/repos/gaocegege/SJTUThesis/git/tags{/sha}"],
    "git_refs_url": ["https://api.github.com/repos/gaocegege/SJTUThesis/git/refs{/sha}"],
    "trees_url": ["https://api.github.com/repos/gaocegege/SJTUThesis/git/trees{/sha}"],
    "statuses_url": ["https://api.github.com/repos/gaocegege/SJTUThesis/statuses/{sha}"],
    "languages_url": ["https://api.github.com/repos/gaocegege/SJTUThesis/languages"],
    "stargazers_url": ["https://api.github.com/repos/gaocegege/SJTUThesis/stargazers"],
    "contributors_url": ["https://api.github.com/repos/gaocegege/SJTUThesis/contributors"],
    "subscribers_url": ["https://api.github.com/repos/gaocegege/SJTUThesis/subscribers"],
    "subscription_url": ["https://api.github.com/repos/gaocegege/SJTUThesis/subscription"],
    "commits_url": ["https://api.github.com/repos/gaocegege/SJTUThesis/commits{/sha}"],
    "git_commits_url": ["https://api.github.com/repos/gaocegege/SJTUThesis/git/commits{/sha}"],
    "comments_url": ["https://api.github.com/repos/gaocegege/SJTUThesis/comments{/number}"],
    "issue_comment_url": ["https://api.github.com/repos/gaocegege/SJTUThesis/issues/comments{/number}"],
    "contents_url": ["https://api.github.com/repos/gaocegege/SJTUThesis/contents/{+path}"],
    "compare_url": ["https://api.github.com/repos/gaocegege/SJTUThesis/compare/{base}...{head}"],
    "merges_url": ["https://api.github.com/repos/gaocegege/SJTUThesis/merges"],
    "archive_url": ["https://api.github.com/repos/gaocegege/SJTUThesis/{archive_format}{/ref}"],
    "downloads_url": ["https://api.github.com/repos/gaocegege/SJTUThesis/downloads"],
    "issues_url": ["https://api.github.com/repos/gaocegege/SJTUThesis/issues{/number}"],
    "pulls_url": ["https://api.github.com/repos/gaocegege/SJTUThesis/pulls{/number}"],
    "milestones_url": ["https://api.github.com/repos/gaocegege/SJTUThesis/milestones{/number}"],
    "notifications_url": ["https://api.github.com/repos/gaocegege/SJTUThesis/notifications{?since,all,participating}"],
    "labels_url": ["https://api.github.com/repos/gaocegege/SJTUThesis/labels{/name}"],
    "releases_url": ["https://api.github.com/repos/gaocegege/SJTUThesis/releases{/id}"],
    "deployments_url": ["https://api.github.com/repos/gaocegege/SJTUThesis/deployments"],
    "created_at": ["2016-04-01T01:19:32Z"],
    "updated_at": ["2016-04-01T01:19:33Z"],
    "pushed_at": ["2019-03-17T02:04:15Z"],
    "git_url": ["git://github.com/gaocegege/SJTUThesis.git"],
    "ssh_url": ["git@github.com:gaocegege/SJTUThesis.git"],
    "clone_url": ["https://github.com/gaocegege/SJTUThesis.git"],
    "svn_url": ["https://github.com/gaocegege/SJTUThesis"],
    "homepage": [""],
    "size": [3126],
    "stargazers_count": [0],
    "watchers_count": [0],
    "language": ["Perl"],
    "has_issues": [false],
    "has_projects": [true],
    "has_downloads": [true],
    "has_wiki": [true],
    "has_pages": [false],
    "forks_count": [2],
    "mirror_url": {},
    "archived": [false],
    "open_issues_count": [0],
    "license": {
      "key": ["apache-2.0"],
      "name": ["Apache License 2.0"],
      "spdx_id": ["Apache-2.0"],
      "url": ["https://api.github.com/licenses/apache-2.0"],
      "node_id": ["MDc6TGljZW5zZTI="]
    },
    "forks": [2],
    "open_issues": [0],
    "watchers": [0],
    "default_branch": ["bachelor-thesis"],
    "permissions": {
      "admin": [false],
      "push": [false],
      "pull": [true]
    }
  }
]
