[
  {
    "id": [123776486],
    "node_id": ["MDEwOlJlcG9zaXRvcnkxMjM3NzY0ODY="],
    "name": ["blogroll"],
    "full_name": ["gaocegege/blogroll"],
    "private": [false],
    "owner": {
      "login": ["gaocegege"],
      "id": [5100735],
      "node_id": ["MDQ6VXNlcjUxMDA3MzU="],
      "avatar_url": ["https://avatars3.githubusercontent.com/u/5100735?v=4"],
      "gravatar_id": [""],
      "url": ["https://api.github.com/users/gaocegege"],
      "html_url": ["https://github.com/gaocegege"],
      "followers_url": ["https://api.github.com/users/gaocegege/followers"],
      "following_url": ["https://api.github.com/users/gaocegege/following{/other_user}"],
      "gists_url": ["https://api.github.com/users/gaocegege/gists{/gist_id}"],
      "starred_url": ["https://api.github.com/users/gaocegege/starred{/owner}{/repo}"],
      "subscriptions_url": ["https://api.github.com/users/gaocegege/subscriptions"],
      "organizations_url": ["https://api.github.com/users/gaocegege/orgs"],
      "repos_url": ["https://api.github.com/users/gaocegege/repos"],
      "events_url": ["https://api.github.com/users/gaocegege/events{/privacy}"],
      "received_events_url": ["https://api.github.com/users/gaocegege/received_events"],
      "type": ["User"],
      "site_admin": [false]
    },
    "html_url": ["https://github.com/gaocegege/blogroll"],
    "description": ["<U+4E16><U+754C><U+4E00><U+6D41><U+517C><U+5BB9><U+5E76><U+5305>TUNA<U+534F><U+4F1A><U+6536><U+96C6><U+7684><U+5468><U+56F4><U+540C><U+5B66><U+4EEC><U+7684>Blog"],
    "fork": [true],
    "url": ["https://api.github.com/repos/gaocegege/blogroll"],
    "forks_url": ["https://api.github.com/repos/gaocegege/blogroll/forks"],
    "keys_url": ["https://api.github.com/repos/gaocegege/blogroll/keys{/key_id}"],
    "collaborators_url": ["https://api.github.com/repos/gaocegege/blogroll/collaborators{/collaborator}"],
    "teams_url": ["https://api.github.com/repos/gaocegege/blogroll/teams"],
    "hooks_url": ["https://api.github.com/repos/gaocegege/blogroll/hooks"],
    "issue_events_url": ["https://api.github.com/repos/gaocegege/blogroll/issues/events{/number}"],
    "events_url": ["https://api.github.com/repos/gaocegege/blogroll/events"],
    "assignees_url": ["https://api.github.com/repos/gaocegege/blogroll/assignees{/user}"],
    "branches_url": ["https://api.github.com/repos/gaocegege/blogroll/branches{/branch}"],
    "tags_url": ["https://api.github.com/repos/gaocegege/blogroll/tags"],
    "blobs_url": ["https://api.github.com/repos/gaocegege/blogroll/git/blobs{/sha}"],
    "git_tags_url": ["https://api.github.com/repos/gaocegege/blogroll/git/tags{/sha}"],
    "git_refs_url": ["https://api.github.com/repos/gaocegege/blogroll/git/refs{/sha}"],
    "trees_url": ["https://api.github.com/repos/gaocegege/blogroll/git/trees{/sha}"],
    "statuses_url": ["https://api.github.com/repos/gaocegege/blogroll/statuses/{sha}"],
    "languages_url": ["https://api.github.com/repos/gaocegege/blogroll/languages"],
    "stargazers_url": ["https://api.github.com/repos/gaocegege/blogroll/stargazers"],
    "contributors_url": ["https://api.github.com/repos/gaocegege/blogroll/contributors"],
    "subscribers_url": ["https://api.github.com/repos/gaocegege/blogroll/subscribers"],
    "subscription_url": ["https://api.github.com/repos/gaocegege/blogroll/subscription"],
    "commits_url": ["https://api.github.com/repos/gaocegege/blogroll/commits{/sha}"],
    "git_commits_url": ["https://api.github.com/repos/gaocegege/blogroll/git/commits{/sha}"],
    "comments_url": ["https://api.github.com/repos/gaocegege/blogroll/comments{/number}"],
    "issue_comment_url": ["https://api.github.com/repos/gaocegege/blogroll/issues/comments{/number}"],
    "contents_url": ["https://api.github.com/repos/gaocegege/blogroll/contents/{+path}"],
    "compare_url": ["https://api.github.com/repos/gaocegege/blogroll/compare/{base}...{head}"],
    "merges_url": ["https://api.github.com/repos/gaocegege/blogroll/merges"],
    "archive_url": ["https://api.github.com/repos/gaocegege/blogroll/{archive_format}{/ref}"],
    "downloads_url": ["https://api.github.com/repos/gaocegege/blogroll/downloads"],
    "issues_url": ["https://api.github.com/repos/gaocegege/blogroll/issues{/number}"],
    "pulls_url": ["https://api.github.com/repos/gaocegege/blogroll/pulls{/number}"],
    "milestones_url": ["https://api.github.com/repos/gaocegege/blogroll/milestones{/number}"],
    "notifications_url": ["https://api.github.com/repos/gaocegege/blogroll/notifications{?since,all,participating}"],
    "labels_url": ["https://api.github.com/repos/gaocegege/blogroll/labels{/name}"],
    "releases_url": ["https://api.github.com/repos/gaocegege/blogroll/releases{/id}"],
    "deployments_url": ["https://api.github.com/repos/gaocegege/blogroll/deployments"],
    "created_at": ["2018-03-04T10:04:29Z"],
    "updated_at": ["2019-01-20T16:14:22Z"],
    "pushed_at": ["2018-03-05T05:54:06Z"],
    "git_url": ["git://github.com/gaocegege/blogroll.git"],
    "ssh_url": ["git@github.com:gaocegege/blogroll.git"],
    "clone_url": ["https://github.com/gaocegege/blogroll.git"],
    "svn_url": ["https://github.com/gaocegege/blogroll"],
    "homepage": [""],
    "size": [28],
    "stargazers_count": [1],
    "watchers_count": [1],
    "language": {},
    "has_issues": [false],
    "has_projects": [true],
    "has_downloads": [true],
    "has_wiki": [true],
    "has_pages": [false],
    "forks_count": [0],
    "mirror_url": {},
    "archived": [false],
    "open_issues_count": [0],
    "license": {},
    "forks": [0],
    "open_issues": [0],
    "watchers": [1],
    "default_branch": ["master"],
    "permissions": {
      "admin": [false],
      "push": [false],
      "pull": [true]
    }
  }
]
