[
  {
    "id": [61762527],
    "node_id": ["MDEwOlJlcG9zaXRvcnk2MTc2MjUyNw=="],
    "name": ["gogs"],
    "full_name": ["gaocegege/gogs"],
    "private": [false],
    "owner": {
      "login": ["gaocegege"],
      "id": [5100735],
      "node_id": ["MDQ6VXNlcjUxMDA3MzU="],
      "avatar_url": ["https://avatars3.githubusercontent.com/u/5100735?v=4"],
      "gravatar_id": [""],
      "url": ["https://api.github.com/users/gaocegege"],
      "html_url": ["https://github.com/gaocegege"],
      "followers_url": ["https://api.github.com/users/gaocegege/followers"],
      "following_url": ["https://api.github.com/users/gaocegege/following{/other_user}"],
      "gists_url": ["https://api.github.com/users/gaocegege/gists{/gist_id}"],
      "starred_url": ["https://api.github.com/users/gaocegege/starred{/owner}{/repo}"],
      "subscriptions_url": ["https://api.github.com/users/gaocegege/subscriptions"],
      "organizations_url": ["https://api.github.com/users/gaocegege/orgs"],
      "repos_url": ["https://api.github.com/users/gaocegege/repos"],
      "events_url": ["https://api.github.com/users/gaocegege/events{/privacy}"],
      "received_events_url": ["https://api.github.com/users/gaocegege/received_events"],
      "type": ["User"],
      "site_admin": [false]
    },
    "html_url": ["https://github.com/gaocegege/gogs"],
    "description": ["Gogs (Go Git Service) is a painless self-hosted Git service."],
    "fork": [true],
    "url": ["https://api.github.com/repos/gaocegege/gogs"],
    "forks_url": ["https://api.github.com/repos/gaocegege/gogs/forks"],
    "keys_url": ["https://api.github.com/repos/gaocegege/gogs/keys{/key_id}"],
    "collaborators_url": ["https://api.github.com/repos/gaocegege/gogs/collaborators{/collaborator}"],
    "teams_url": ["https://api.github.com/repos/gaocegege/gogs/teams"],
    "hooks_url": ["https://api.github.com/repos/gaocegege/gogs/hooks"],
    "issue_events_url": ["https://api.github.com/repos/gaocegege/gogs/issues/events{/number}"],
    "events_url": ["https://api.github.com/repos/gaocegege/gogs/events"],
    "assignees_url": ["https://api.github.com/repos/gaocegege/gogs/assignees{/user}"],
    "branches_url": ["https://api.github.com/repos/gaocegege/gogs/branches{/branch}"],
    "tags_url": ["https://api.github.com/repos/gaocegege/gogs/tags"],
    "blobs_url": ["https://api.github.com/repos/gaocegege/gogs/git/blobs{/sha}"],
    "git_tags_url": ["https://api.github.com/repos/gaocegege/gogs/git/tags{/sha}"],
    "git_refs_url": ["https://api.github.com/repos/gaocegege/gogs/git/refs{/sha}"],
    "trees_url": ["https://api.github.com/repos/gaocegege/gogs/git/trees{/sha}"],
    "statuses_url": ["https://api.github.com/repos/gaocegege/gogs/statuses/{sha}"],
    "languages_url": ["https://api.github.com/repos/gaocegege/gogs/languages"],
    "stargazers_url": ["https://api.github.com/repos/gaocegege/gogs/stargazers"],
    "contributors_url": ["https://api.github.com/repos/gaocegege/gogs/contributors"],
    "subscribers_url": ["https://api.github.com/repos/gaocegege/gogs/subscribers"],
    "subscription_url": ["https://api.github.com/repos/gaocegege/gogs/subscription"],
    "commits_url": ["https://api.github.com/repos/gaocegege/gogs/commits{/sha}"],
    "git_commits_url": ["https://api.github.com/repos/gaocegege/gogs/git/commits{/sha}"],
    "comments_url": ["https://api.github.com/repos/gaocegege/gogs/comments{/number}"],
    "issue_comment_url": ["https://api.github.com/repos/gaocegege/gogs/issues/comments{/number}"],
    "contents_url": ["https://api.github.com/repos/gaocegege/gogs/contents/{+path}"],
    "compare_url": ["https://api.github.com/repos/gaocegege/gogs/compare/{base}...{head}"],
    "merges_url": ["https://api.github.com/repos/gaocegege/gogs/merges"],
    "archive_url": ["https://api.github.com/repos/gaocegege/gogs/{archive_format}{/ref}"],
    "downloads_url": ["https://api.github.com/repos/gaocegege/gogs/downloads"],
    "issues_url": ["https://api.github.com/repos/gaocegege/gogs/issues{/number}"],
    "pulls_url": ["https://api.github.com/repos/gaocegege/gogs/pulls{/number}"],
    "milestones_url": ["https://api.github.com/repos/gaocegege/gogs/milestones{/number}"],
    "notifications_url": ["https://api.github.com/repos/gaocegege/gogs/notifications{?since,all,participating}"],
    "labels_url": ["https://api.github.com/repos/gaocegege/gogs/labels{/name}"],
    "releases_url": ["https://api.github.com/repos/gaocegege/gogs/releases{/id}"],
    "deployments_url": ["https://api.github.com/repos/gaocegege/gogs/deployments"],
    "created_at": ["2016-06-23T01:14:49Z"],
    "updated_at": ["2016-06-23T06:11:43Z"],
    "pushed_at": ["2016-06-22T08:48:06Z"],
    "git_url": ["git://github.com/gaocegege/gogs.git"],
    "ssh_url": ["git@github.com:gaocegege/gogs.git"],
    "clone_url": ["https://github.com/gaocegege/gogs.git"],
    "svn_url": ["https://github.com/gaocegege/gogs"],
    "homepage": ["https://gogs.io"],
    "size": [72100],
    "stargazers_count": [1],
    "watchers_count": [1],
    "language": ["JavaScript"],
    "has_issues": [false],
    "has_projects": [true],
    "has_downloads": [true],
    "has_wiki": [true],
    "has_pages": [false],
    "forks_count": [0],
    "mirror_url": {},
    "archived": [false],
    "open_issues_count": [0],
    "license": {
      "key": ["mit"],
      "name": ["MIT License"],
      "spdx_id": ["MIT"],
      "url": ["https://api.github.com/licenses/mit"],
      "node_id": ["MDc6TGljZW5zZTEz"]
    },
    "forks": [0],
    "open_issues": [0],
    "watchers": [1],
    "default_branch": ["master"],
    "permissions": {
      "admin": [false],
      "push": [false],
      "pull": [true]
    }
  }
]
