[
  {
    "id": [50727112],
    "node_id": ["MDEwOlJlcG9zaXRvcnk1MDcyNzExMg=="],
    "name": ["sjtu-email-signature-generator"],
    "full_name": ["gaocegege/sjtu-email-signature-generator"],
    "private": [false],
    "owner": {
      "login": ["gaocegege"],
      "id": [5100735],
      "node_id": ["MDQ6VXNlcjUxMDA3MzU="],
      "avatar_url": ["https://avatars3.githubusercontent.com/u/5100735?v=4"],
      "gravatar_id": [""],
      "url": ["https://api.github.com/users/gaocegege"],
      "html_url": ["https://github.com/gaocegege"],
      "followers_url": ["https://api.github.com/users/gaocegege/followers"],
      "following_url": ["https://api.github.com/users/gaocegege/following{/other_user}"],
      "gists_url": ["https://api.github.com/users/gaocegege/gists{/gist_id}"],
      "starred_url": ["https://api.github.com/users/gaocegege/starred{/owner}{/repo}"],
      "subscriptions_url": ["https://api.github.com/users/gaocegege/subscriptions"],
      "organizations_url": ["https://api.github.com/users/gaocegege/orgs"],
      "repos_url": ["https://api.github.com/users/gaocegege/repos"],
      "events_url": ["https://api.github.com/users/gaocegege/events{/privacy}"],
      "received_events_url": ["https://api.github.com/users/gaocegege/received_events"],
      "type": ["User"],
      "site_admin": [false]
    },
    "html_url": ["https://github.com/gaocegege/sjtu-email-signature-generator"],
    "description": {},
    "fork": [false],
    "url": ["https://api.github.com/repos/gaocegege/sjtu-email-signature-generator"],
    "forks_url": ["https://api.github.com/repos/gaocegege/sjtu-email-signature-generator/forks"],
    "keys_url": ["https://api.github.com/repos/gaocegege/sjtu-email-signature-generator/keys{/key_id}"],
    "collaborators_url": ["https://api.github.com/repos/gaocegege/sjtu-email-signature-generator/collaborators{/collaborator}"],
    "teams_url": ["https://api.github.com/repos/gaocegege/sjtu-email-signature-generator/teams"],
    "hooks_url": ["https://api.github.com/repos/gaocegege/sjtu-email-signature-generator/hooks"],
    "issue_events_url": ["https://api.github.com/repos/gaocegege/sjtu-email-signature-generator/issues/events{/number}"],
    "events_url": ["https://api.github.com/repos/gaocegege/sjtu-email-signature-generator/events"],
    "assignees_url": ["https://api.github.com/repos/gaocegege/sjtu-email-signature-generator/assignees{/user}"],
    "branches_url": ["https://api.github.com/repos/gaocegege/sjtu-email-signature-generator/branches{/branch}"],
    "tags_url": ["https://api.github.com/repos/gaocegege/sjtu-email-signature-generator/tags"],
    "blobs_url": ["https://api.github.com/repos/gaocegege/sjtu-email-signature-generator/git/blobs{/sha}"],
    "git_tags_url": ["https://api.github.com/repos/gaocegege/sjtu-email-signature-generator/git/tags{/sha}"],
    "git_refs_url": ["https://api.github.com/repos/gaocegege/sjtu-email-signature-generator/git/refs{/sha}"],
    "trees_url": ["https://api.github.com/repos/gaocegege/sjtu-email-signature-generator/git/trees{/sha}"],
    "statuses_url": ["https://api.github.com/repos/gaocegege/sjtu-email-signature-generator/statuses/{sha}"],
    "languages_url": ["https://api.github.com/repos/gaocegege/sjtu-email-signature-generator/languages"],
    "stargazers_url": ["https://api.github.com/repos/gaocegege/sjtu-email-signature-generator/stargazers"],
    "contributors_url": ["https://api.github.com/repos/gaocegege/sjtu-email-signature-generator/contributors"],
    "subscribers_url": ["https://api.github.com/repos/gaocegege/sjtu-email-signature-generator/subscribers"],
    "subscription_url": ["https://api.github.com/repos/gaocegege/sjtu-email-signature-generator/subscription"],
    "commits_url": ["https://api.github.com/repos/gaocegege/sjtu-email-signature-generator/commits{/sha}"],
    "git_commits_url": ["https://api.github.com/repos/gaocegege/sjtu-email-signature-generator/git/commits{/sha}"],
    "comments_url": ["https://api.github.com/repos/gaocegege/sjtu-email-signature-generator/comments{/number}"],
    "issue_comment_url": ["https://api.github.com/repos/gaocegege/sjtu-email-signature-generator/issues/comments{/number}"],
    "contents_url": ["https://api.github.com/repos/gaocegege/sjtu-email-signature-generator/contents/{+path}"],
    "compare_url": ["https://api.github.com/repos/gaocegege/sjtu-email-signature-generator/compare/{base}...{head}"],
    "merges_url": ["https://api.github.com/repos/gaocegege/sjtu-email-signature-generator/merges"],
    "archive_url": ["https://api.github.com/repos/gaocegege/sjtu-email-signature-generator/{archive_format}{/ref}"],
    "downloads_url": ["https://api.github.com/repos/gaocegege/sjtu-email-signature-generator/downloads"],
    "issues_url": ["https://api.github.com/repos/gaocegege/sjtu-email-signature-generator/issues{/number}"],
    "pulls_url": ["https://api.github.com/repos/gaocegege/sjtu-email-signature-generator/pulls{/number}"],
    "milestones_url": ["https://api.github.com/repos/gaocegege/sjtu-email-signature-generator/milestones{/number}"],
    "notifications_url": ["https://api.github.com/repos/gaocegege/sjtu-email-signature-generator/notifications{?since,all,participating}"],
    "labels_url": ["https://api.github.com/repos/gaocegege/sjtu-email-signature-generator/labels{/name}"],
    "releases_url": ["https://api.github.com/repos/gaocegege/sjtu-email-signature-generator/releases{/id}"],
    "deployments_url": ["https://api.github.com/repos/gaocegege/sjtu-email-signature-generator/deployments"],
    "created_at": ["2016-01-30T14:01:43Z"],
    "updated_at": ["2017-02-20T05:47:37Z"],
    "pushed_at": ["2016-03-16T01:32:49Z"],
    "git_url": ["git://github.com/gaocegege/sjtu-email-signature-generator.git"],
    "ssh_url": ["git@github.com:gaocegege/sjtu-email-signature-generator.git"],
    "clone_url": ["https://github.com/gaocegege/sjtu-email-signature-generator.git"],
    "svn_url": ["https://github.com/gaocegege/sjtu-email-signature-generator"],
    "homepage": ["http://gaocegege.com/sjtu-email-signature-generator/"],
    "size": [29747],
    "stargazers_count": [2],
    "watchers_count": [2],
    "language": ["JavaScript"],
    "has_issues": [true],
    "has_projects": [true],
    "has_downloads": [true],
    "has_wiki": [true],
    "has_pages": [true],
    "forks_count": [1],
    "mirror_url": {},
    "archived": [false],
    "open_issues_count": [0],
    "license": {},
    "forks": [1],
    "open_issues": [0],
    "watchers": [2],
    "default_branch": ["master"],
    "permissions": {
      "admin": [false],
      "push": [false],
      "pull": [true]
    }
  }
]
