[
  {
    "id": [22103194],
    "node_id": ["MDEwOlJlcG9zaXRvcnkyMjEwMzE5NA=="],
    "name": ["SE106-Project"],
    "full_name": ["gaocegege/SE106-Project"],
    "private": [false],
    "owner": {
      "login": ["gaocegege"],
      "id": [5100735],
      "node_id": ["MDQ6VXNlcjUxMDA3MzU="],
      "avatar_url": ["https://avatars3.githubusercontent.com/u/5100735?v=4"],
      "gravatar_id": [""],
      "url": ["https://api.github.com/users/gaocegege"],
      "html_url": ["https://github.com/gaocegege"],
      "followers_url": ["https://api.github.com/users/gaocegege/followers"],
      "following_url": ["https://api.github.com/users/gaocegege/following{/other_user}"],
      "gists_url": ["https://api.github.com/users/gaocegege/gists{/gist_id}"],
      "starred_url": ["https://api.github.com/users/gaocegege/starred{/owner}{/repo}"],
      "subscriptions_url": ["https://api.github.com/users/gaocegege/subscriptions"],
      "organizations_url": ["https://api.github.com/users/gaocegege/orgs"],
      "repos_url": ["https://api.github.com/users/gaocegege/repos"],
      "events_url": ["https://api.github.com/users/gaocegege/events{/privacy}"],
      "received_events_url": ["https://api.github.com/users/gaocegege/received_events"],
      "type": ["User"],
      "site_admin": [false]
    },
    "html_url": ["https://github.com/gaocegege/SE106-Project"],
    "description": ["The project in SE106--social network data"],
    "fork": [false],
    "url": ["https://api.github.com/repos/gaocegege/SE106-Project"],
    "forks_url": ["https://api.github.com/repos/gaocegege/SE106-Project/forks"],
    "keys_url": ["https://api.github.com/repos/gaocegege/SE106-Project/keys{/key_id}"],
    "collaborators_url": ["https://api.github.com/repos/gaocegege/SE106-Project/collaborators{/collaborator}"],
    "teams_url": ["https://api.github.com/repos/gaocegege/SE106-Project/teams"],
    "hooks_url": ["https://api.github.com/repos/gaocegege/SE106-Project/hooks"],
    "issue_events_url": ["https://api.github.com/repos/gaocegege/SE106-Project/issues/events{/number}"],
    "events_url": ["https://api.github.com/repos/gaocegege/SE106-Project/events"],
    "assignees_url": ["https://api.github.com/repos/gaocegege/SE106-Project/assignees{/user}"],
    "branches_url": ["https://api.github.com/repos/gaocegege/SE106-Project/branches{/branch}"],
    "tags_url": ["https://api.github.com/repos/gaocegege/SE106-Project/tags"],
    "blobs_url": ["https://api.github.com/repos/gaocegege/SE106-Project/git/blobs{/sha}"],
    "git_tags_url": ["https://api.github.com/repos/gaocegege/SE106-Project/git/tags{/sha}"],
    "git_refs_url": ["https://api.github.com/repos/gaocegege/SE106-Project/git/refs{/sha}"],
    "trees_url": ["https://api.github.com/repos/gaocegege/SE106-Project/git/trees{/sha}"],
    "statuses_url": ["https://api.github.com/repos/gaocegege/SE106-Project/statuses/{sha}"],
    "languages_url": ["https://api.github.com/repos/gaocegege/SE106-Project/languages"],
    "stargazers_url": ["https://api.github.com/repos/gaocegege/SE106-Project/stargazers"],
    "contributors_url": ["https://api.github.com/repos/gaocegege/SE106-Project/contributors"],
    "subscribers_url": ["https://api.github.com/repos/gaocegege/SE106-Project/subscribers"],
    "subscription_url": ["https://api.github.com/repos/gaocegege/SE106-Project/subscription"],
    "commits_url": ["https://api.github.com/repos/gaocegege/SE106-Project/commits{/sha}"],
    "git_commits_url": ["https://api.github.com/repos/gaocegege/SE106-Project/git/commits{/sha}"],
    "comments_url": ["https://api.github.com/repos/gaocegege/SE106-Project/comments{/number}"],
    "issue_comment_url": ["https://api.github.com/repos/gaocegege/SE106-Project/issues/comments{/number}"],
    "contents_url": ["https://api.github.com/repos/gaocegege/SE106-Project/contents/{+path}"],
    "compare_url": ["https://api.github.com/repos/gaocegege/SE106-Project/compare/{base}...{head}"],
    "merges_url": ["https://api.github.com/repos/gaocegege/SE106-Project/merges"],
    "archive_url": ["https://api.github.com/repos/gaocegege/SE106-Project/{archive_format}{/ref}"],
    "downloads_url": ["https://api.github.com/repos/gaocegege/SE106-Project/downloads"],
    "issues_url": ["https://api.github.com/repos/gaocegege/SE106-Project/issues{/number}"],
    "pulls_url": ["https://api.github.com/repos/gaocegege/SE106-Project/pulls{/number}"],
    "milestones_url": ["https://api.github.com/repos/gaocegege/SE106-Project/milestones{/number}"],
    "notifications_url": ["https://api.github.com/repos/gaocegege/SE106-Project/notifications{?since,all,participating}"],
    "labels_url": ["https://api.github.com/repos/gaocegege/SE106-Project/labels{/name}"],
    "releases_url": ["https://api.github.com/repos/gaocegege/SE106-Project/releases{/id}"],
    "deployments_url": ["https://api.github.com/repos/gaocegege/SE106-Project/deployments"],
    "created_at": ["2014-07-22T12:34:27Z"],
    "updated_at": ["2014-12-19T00:15:53Z"],
    "pushed_at": ["2014-07-22T12:47:07Z"],
    "git_url": ["git://github.com/gaocegege/SE106-Project.git"],
    "ssh_url": ["git@github.com:gaocegege/SE106-Project.git"],
    "clone_url": ["https://github.com/gaocegege/SE106-Project.git"],
    "svn_url": ["https://github.com/gaocegege/SE106-Project"],
    "homepage": [""],
    "size": [14872],
    "stargazers_count": [0],
    "watchers_count": [0],
    "language": ["C++"],
    "has_issues": [true],
    "has_projects": [true],
    "has_downloads": [true],
    "has_wiki": [true],
    "has_pages": [false],
    "forks_count": [0],
    "mirror_url": {},
    "archived": [false],
    "open_issues_count": [0],
    "license": {},
    "forks": [0],
    "open_issues": [0],
    "watchers": [0],
    "default_branch": ["master"],
    "permissions": {
      "admin": [false],
      "push": [false],
      "pull": [true]
    }
  }
]
