[
  {
    "id": [82775494],
    "node_id": ["MDEwOlJlcG9zaXRvcnk4Mjc3NTQ5NA=="],
    "name": ["docker-coala-base"],
    "full_name": ["gaocegege/docker-coala-base"],
    "private": [false],
    "owner": {
      "login": ["gaocegege"],
      "id": [5100735],
      "node_id": ["MDQ6VXNlcjUxMDA3MzU="],
      "avatar_url": ["https://avatars3.githubusercontent.com/u/5100735?v=4"],
      "gravatar_id": [""],
      "url": ["https://api.github.com/users/gaocegege"],
      "html_url": ["https://github.com/gaocegege"],
      "followers_url": ["https://api.github.com/users/gaocegege/followers"],
      "following_url": ["https://api.github.com/users/gaocegege/following{/other_user}"],
      "gists_url": ["https://api.github.com/users/gaocegege/gists{/gist_id}"],
      "starred_url": ["https://api.github.com/users/gaocegege/starred{/owner}{/repo}"],
      "subscriptions_url": ["https://api.github.com/users/gaocegege/subscriptions"],
      "organizations_url": ["https://api.github.com/users/gaocegege/orgs"],
      "repos_url": ["https://api.github.com/users/gaocegege/repos"],
      "events_url": ["https://api.github.com/users/gaocegege/events{/privacy}"],
      "received_events_url": ["https://api.github.com/users/gaocegege/received_events"],
      "type": ["User"],
      "site_admin": [false]
    },
    "html_url": ["https://github.com/gaocegege/docker-coala-base"],
    "description": ["coala base docker image"],
    "fork": [true],
    "url": ["https://api.github.com/repos/gaocegege/docker-coala-base"],
    "forks_url": ["https://api.github.com/repos/gaocegege/docker-coala-base/forks"],
    "keys_url": ["https://api.github.com/repos/gaocegege/docker-coala-base/keys{/key_id}"],
    "collaborators_url": ["https://api.github.com/repos/gaocegege/docker-coala-base/collaborators{/collaborator}"],
    "teams_url": ["https://api.github.com/repos/gaocegege/docker-coala-base/teams"],
    "hooks_url": ["https://api.github.com/repos/gaocegege/docker-coala-base/hooks"],
    "issue_events_url": ["https://api.github.com/repos/gaocegege/docker-coala-base/issues/events{/number}"],
    "events_url": ["https://api.github.com/repos/gaocegege/docker-coala-base/events"],
    "assignees_url": ["https://api.github.com/repos/gaocegege/docker-coala-base/assignees{/user}"],
    "branches_url": ["https://api.github.com/repos/gaocegege/docker-coala-base/branches{/branch}"],
    "tags_url": ["https://api.github.com/repos/gaocegege/docker-coala-base/tags"],
    "blobs_url": ["https://api.github.com/repos/gaocegege/docker-coala-base/git/blobs{/sha}"],
    "git_tags_url": ["https://api.github.com/repos/gaocegege/docker-coala-base/git/tags{/sha}"],
    "git_refs_url": ["https://api.github.com/repos/gaocegege/docker-coala-base/git/refs{/sha}"],
    "trees_url": ["https://api.github.com/repos/gaocegege/docker-coala-base/git/trees{/sha}"],
    "statuses_url": ["https://api.github.com/repos/gaocegege/docker-coala-base/statuses/{sha}"],
    "languages_url": ["https://api.github.com/repos/gaocegege/docker-coala-base/languages"],
    "stargazers_url": ["https://api.github.com/repos/gaocegege/docker-coala-base/stargazers"],
    "contributors_url": ["https://api.github.com/repos/gaocegege/docker-coala-base/contributors"],
    "subscribers_url": ["https://api.github.com/repos/gaocegege/docker-coala-base/subscribers"],
    "subscription_url": ["https://api.github.com/repos/gaocegege/docker-coala-base/subscription"],
    "commits_url": ["https://api.github.com/repos/gaocegege/docker-coala-base/commits{/sha}"],
    "git_commits_url": ["https://api.github.com/repos/gaocegege/docker-coala-base/git/commits{/sha}"],
    "comments_url": ["https://api.github.com/repos/gaocegege/docker-coala-base/comments{/number}"],
    "issue_comment_url": ["https://api.github.com/repos/gaocegege/docker-coala-base/issues/comments{/number}"],
    "contents_url": ["https://api.github.com/repos/gaocegege/docker-coala-base/contents/{+path}"],
    "compare_url": ["https://api.github.com/repos/gaocegege/docker-coala-base/compare/{base}...{head}"],
    "merges_url": ["https://api.github.com/repos/gaocegege/docker-coala-base/merges"],
    "archive_url": ["https://api.github.com/repos/gaocegege/docker-coala-base/{archive_format}{/ref}"],
    "downloads_url": ["https://api.github.com/repos/gaocegege/docker-coala-base/downloads"],
    "issues_url": ["https://api.github.com/repos/gaocegege/docker-coala-base/issues{/number}"],
    "pulls_url": ["https://api.github.com/repos/gaocegege/docker-coala-base/pulls{/number}"],
    "milestones_url": ["https://api.github.com/repos/gaocegege/docker-coala-base/milestones{/number}"],
    "notifications_url": ["https://api.github.com/repos/gaocegege/docker-coala-base/notifications{?since,all,participating}"],
    "labels_url": ["https://api.github.com/repos/gaocegege/docker-coala-base/labels{/name}"],
    "releases_url": ["https://api.github.com/repos/gaocegege/docker-coala-base/releases{/id}"],
    "deployments_url": ["https://api.github.com/repos/gaocegege/docker-coala-base/deployments"],
    "created_at": ["2017-02-22T07:42:44Z"],
    "updated_at": ["2017-02-22T07:42:45Z"],
    "pushed_at": ["2017-02-23T04:53:32Z"],
    "git_url": ["git://github.com/gaocegege/docker-coala-base.git"],
    "ssh_url": ["git@github.com:gaocegege/docker-coala-base.git"],
    "clone_url": ["https://github.com/gaocegege/docker-coala-base.git"],
    "svn_url": ["https://github.com/gaocegege/docker-coala-base"],
    "homepage": [""],
    "size": [65],
    "stargazers_count": [0],
    "watchers_count": [0],
    "language": ["Shell"],
    "has_issues": [false],
    "has_projects": [true],
    "has_downloads": [true],
    "has_wiki": [false],
    "has_pages": [false],
    "forks_count": [0],
    "mirror_url": {},
    "archived": [false],
    "open_issues_count": [0],
    "license": {},
    "forks": [0],
    "open_issues": [0],
    "watchers": [0],
    "default_branch": ["master"],
    "permissions": {
      "admin": [false],
      "push": [false],
      "pull": [true]
    }
  }
]
