[
  {
    "id": [104872959],
    "node_id": ["MDEwOlJlcG9zaXRvcnkxMDQ4NzI5NTk="],
    "name": ["community"],
    "full_name": ["gaocegege/community"],
    "private": [false],
    "owner": {
      "login": ["gaocegege"],
      "id": [5100735],
      "node_id": ["MDQ6VXNlcjUxMDA3MzU="],
      "avatar_url": ["https://avatars3.githubusercontent.com/u/5100735?v=4"],
      "gravatar_id": [""],
      "url": ["https://api.github.com/users/gaocegege"],
      "html_url": ["https://github.com/gaocegege"],
      "followers_url": ["https://api.github.com/users/gaocegege/followers"],
      "following_url": ["https://api.github.com/users/gaocegege/following{/other_user}"],
      "gists_url": ["https://api.github.com/users/gaocegege/gists{/gist_id}"],
      "starred_url": ["https://api.github.com/users/gaocegege/starred{/owner}{/repo}"],
      "subscriptions_url": ["https://api.github.com/users/gaocegege/subscriptions"],
      "organizations_url": ["https://api.github.com/users/gaocegege/orgs"],
      "repos_url": ["https://api.github.com/users/gaocegege/repos"],
      "events_url": ["https://api.github.com/users/gaocegege/events{/privacy}"],
      "received_events_url": ["https://api.github.com/users/gaocegege/received_events"],
      "type": ["User"],
      "site_admin": [false]
    },
    "html_url": ["https://github.com/gaocegege/community"],
    "description": ["Kubernetes community content"],
    "fork": [true],
    "url": ["https://api.github.com/repos/gaocegege/community"],
    "forks_url": ["https://api.github.com/repos/gaocegege/community/forks"],
    "keys_url": ["https://api.github.com/repos/gaocegege/community/keys{/key_id}"],
    "collaborators_url": ["https://api.github.com/repos/gaocegege/community/collaborators{/collaborator}"],
    "teams_url": ["https://api.github.com/repos/gaocegege/community/teams"],
    "hooks_url": ["https://api.github.com/repos/gaocegege/community/hooks"],
    "issue_events_url": ["https://api.github.com/repos/gaocegege/community/issues/events{/number}"],
    "events_url": ["https://api.github.com/repos/gaocegege/community/events"],
    "assignees_url": ["https://api.github.com/repos/gaocegege/community/assignees{/user}"],
    "branches_url": ["https://api.github.com/repos/gaocegege/community/branches{/branch}"],
    "tags_url": ["https://api.github.com/repos/gaocegege/community/tags"],
    "blobs_url": ["https://api.github.com/repos/gaocegege/community/git/blobs{/sha}"],
    "git_tags_url": ["https://api.github.com/repos/gaocegege/community/git/tags{/sha}"],
    "git_refs_url": ["https://api.github.com/repos/gaocegege/community/git/refs{/sha}"],
    "trees_url": ["https://api.github.com/repos/gaocegege/community/git/trees{/sha}"],
    "statuses_url": ["https://api.github.com/repos/gaocegege/community/statuses/{sha}"],
    "languages_url": ["https://api.github.com/repos/gaocegege/community/languages"],
    "stargazers_url": ["https://api.github.com/repos/gaocegege/community/stargazers"],
    "contributors_url": ["https://api.github.com/repos/gaocegege/community/contributors"],
    "subscribers_url": ["https://api.github.com/repos/gaocegege/community/subscribers"],
    "subscription_url": ["https://api.github.com/repos/gaocegege/community/subscription"],
    "commits_url": ["https://api.github.com/repos/gaocegege/community/commits{/sha}"],
    "git_commits_url": ["https://api.github.com/repos/gaocegege/community/git/commits{/sha}"],
    "comments_url": ["https://api.github.com/repos/gaocegege/community/comments{/number}"],
    "issue_comment_url": ["https://api.github.com/repos/gaocegege/community/issues/comments{/number}"],
    "contents_url": ["https://api.github.com/repos/gaocegege/community/contents/{+path}"],
    "compare_url": ["https://api.github.com/repos/gaocegege/community/compare/{base}...{head}"],
    "merges_url": ["https://api.github.com/repos/gaocegege/community/merges"],
    "archive_url": ["https://api.github.com/repos/gaocegege/community/{archive_format}{/ref}"],
    "downloads_url": ["https://api.github.com/repos/gaocegege/community/downloads"],
    "issues_url": ["https://api.github.com/repos/gaocegege/community/issues{/number}"],
    "pulls_url": ["https://api.github.com/repos/gaocegege/community/pulls{/number}"],
    "milestones_url": ["https://api.github.com/repos/gaocegege/community/milestones{/number}"],
    "notifications_url": ["https://api.github.com/repos/gaocegege/community/notifications{?since,all,participating}"],
    "labels_url": ["https://api.github.com/repos/gaocegege/community/labels{/name}"],
    "releases_url": ["https://api.github.com/repos/gaocegege/community/releases{/id}"],
    "deployments_url": ["https://api.github.com/repos/gaocegege/community/deployments"],
    "created_at": ["2017-09-26T10:51:23Z"],
    "updated_at": ["2017-09-26T10:51:26Z"],
    "pushed_at": ["2018-02-09T14:13:45Z"],
    "git_url": ["git://github.com/gaocegege/community.git"],
    "ssh_url": ["git@github.com:gaocegege/community.git"],
    "clone_url": ["https://github.com/gaocegege/community.git"],
    "svn_url": ["https://github.com/gaocegege/community"],
    "homepage": [""],
    "size": [18935],
    "stargazers_count": [0],
    "watchers_count": [0],
    "language": ["Go"],
    "has_issues": [false],
    "has_projects": [true],
    "has_downloads": [true],
    "has_wiki": [true],
    "has_pages": [false],
    "forks_count": [0],
    "mirror_url": {},
    "archived": [false],
    "open_issues_count": [0],
    "license": {
      "key": ["apache-2.0"],
      "name": ["Apache License 2.0"],
      "spdx_id": ["Apache-2.0"],
      "url": ["https://api.github.com/licenses/apache-2.0"],
      "node_id": ["MDc6TGljZW5zZTI="]
    },
    "forks": [0],
    "open_issues": [0],
    "watchers": [0],
    "default_branch": ["master"],
    "permissions": {
      "admin": [false],
      "push": [false],
      "pull": [true]
    }
  }
]
