[
  {
    "id": [65126239],
    "node_id": ["MDEwOlJlcG9zaXRvcnk2NTEyNjIzOQ=="],
    "name": ["processing"],
    "full_name": ["gaocegege/processing"],
    "private": [false],
    "owner": {
      "login": ["gaocegege"],
      "id": [5100735],
      "node_id": ["MDQ6VXNlcjUxMDA3MzU="],
      "avatar_url": ["https://avatars3.githubusercontent.com/u/5100735?v=4"],
      "gravatar_id": [""],
      "url": ["https://api.github.com/users/gaocegege"],
      "html_url": ["https://github.com/gaocegege"],
      "followers_url": ["https://api.github.com/users/gaocegege/followers"],
      "following_url": ["https://api.github.com/users/gaocegege/following{/other_user}"],
      "gists_url": ["https://api.github.com/users/gaocegege/gists{/gist_id}"],
      "starred_url": ["https://api.github.com/users/gaocegege/starred{/owner}{/repo}"],
      "subscriptions_url": ["https://api.github.com/users/gaocegege/subscriptions"],
      "organizations_url": ["https://api.github.com/users/gaocegege/orgs"],
      "repos_url": ["https://api.github.com/users/gaocegege/repos"],
      "events_url": ["https://api.github.com/users/gaocegege/events{/privacy}"],
      "received_events_url": ["https://api.github.com/users/gaocegege/received_events"],
      "type": ["User"],
      "site_admin": [false]
    },
    "html_url": ["https://github.com/gaocegege/processing"],
    "description": ["Source code for the Processing Development Environment (PDE)"],
    "fork": [true],
    "url": ["https://api.github.com/repos/gaocegege/processing"],
    "forks_url": ["https://api.github.com/repos/gaocegege/processing/forks"],
    "keys_url": ["https://api.github.com/repos/gaocegege/processing/keys{/key_id}"],
    "collaborators_url": ["https://api.github.com/repos/gaocegege/processing/collaborators{/collaborator}"],
    "teams_url": ["https://api.github.com/repos/gaocegege/processing/teams"],
    "hooks_url": ["https://api.github.com/repos/gaocegege/processing/hooks"],
    "issue_events_url": ["https://api.github.com/repos/gaocegege/processing/issues/events{/number}"],
    "events_url": ["https://api.github.com/repos/gaocegege/processing/events"],
    "assignees_url": ["https://api.github.com/repos/gaocegege/processing/assignees{/user}"],
    "branches_url": ["https://api.github.com/repos/gaocegege/processing/branches{/branch}"],
    "tags_url": ["https://api.github.com/repos/gaocegege/processing/tags"],
    "blobs_url": ["https://api.github.com/repos/gaocegege/processing/git/blobs{/sha}"],
    "git_tags_url": ["https://api.github.com/repos/gaocegege/processing/git/tags{/sha}"],
    "git_refs_url": ["https://api.github.com/repos/gaocegege/processing/git/refs{/sha}"],
    "trees_url": ["https://api.github.com/repos/gaocegege/processing/git/trees{/sha}"],
    "statuses_url": ["https://api.github.com/repos/gaocegege/processing/statuses/{sha}"],
    "languages_url": ["https://api.github.com/repos/gaocegege/processing/languages"],
    "stargazers_url": ["https://api.github.com/repos/gaocegege/processing/stargazers"],
    "contributors_url": ["https://api.github.com/repos/gaocegege/processing/contributors"],
    "subscribers_url": ["https://api.github.com/repos/gaocegege/processing/subscribers"],
    "subscription_url": ["https://api.github.com/repos/gaocegege/processing/subscription"],
    "commits_url": ["https://api.github.com/repos/gaocegege/processing/commits{/sha}"],
    "git_commits_url": ["https://api.github.com/repos/gaocegege/processing/git/commits{/sha}"],
    "comments_url": ["https://api.github.com/repos/gaocegege/processing/comments{/number}"],
    "issue_comment_url": ["https://api.github.com/repos/gaocegege/processing/issues/comments{/number}"],
    "contents_url": ["https://api.github.com/repos/gaocegege/processing/contents/{+path}"],
    "compare_url": ["https://api.github.com/repos/gaocegege/processing/compare/{base}...{head}"],
    "merges_url": ["https://api.github.com/repos/gaocegege/processing/merges"],
    "archive_url": ["https://api.github.com/repos/gaocegege/processing/{archive_format}{/ref}"],
    "downloads_url": ["https://api.github.com/repos/gaocegege/processing/downloads"],
    "issues_url": ["https://api.github.com/repos/gaocegege/processing/issues{/number}"],
    "pulls_url": ["https://api.github.com/repos/gaocegege/processing/pulls{/number}"],
    "milestones_url": ["https://api.github.com/repos/gaocegege/processing/milestones{/number}"],
    "notifications_url": ["https://api.github.com/repos/gaocegege/processing/notifications{?since,all,participating}"],
    "labels_url": ["https://api.github.com/repos/gaocegege/processing/labels{/name}"],
    "releases_url": ["https://api.github.com/repos/gaocegege/processing/releases{/id}"],
    "deployments_url": ["https://api.github.com/repos/gaocegege/processing/deployments"],
    "created_at": ["2016-08-07T09:45:06Z"],
    "updated_at": ["2016-08-07T09:45:13Z"],
    "pushed_at": ["2017-08-20T13:27:55Z"],
    "git_url": ["git://github.com/gaocegege/processing.git"],
    "ssh_url": ["git@github.com:gaocegege/processing.git"],
    "clone_url": ["https://github.com/gaocegege/processing.git"],
    "svn_url": ["https://github.com/gaocegege/processing"],
    "homepage": ["http://processing.org"],
    "size": [1636618],
    "stargazers_count": [0],
    "watchers_count": [0],
    "language": ["Java"],
    "has_issues": [false],
    "has_projects": [true],
    "has_downloads": [true],
    "has_wiki": [true],
    "has_pages": [false],
    "forks_count": [0],
    "mirror_url": {},
    "archived": [false],
    "open_issues_count": [0],
    "license": {
      "key": ["other"],
      "name": ["Other"],
      "spdx_id": ["NOASSERTION"],
      "url": {},
      "node_id": ["MDc6TGljZW5zZTA="]
    },
    "forks": [0],
    "open_issues": [0],
    "watchers": [0],
    "default_branch": ["master"],
    "permissions": {
      "admin": [false],
      "push": [false],
      "pull": [true]
    }
  }
]
