[
  {
    "id": [127698564],
    "node_id": ["MDEwOlJlcG9zaXRvcnkxMjc2OTg1NjQ="],
    "name": ["acg-detector"],
    "full_name": ["gaocegege/acg-detector"],
    "private": [false],
    "owner": {
      "login": ["gaocegege"],
      "id": [5100735],
      "node_id": ["MDQ6VXNlcjUxMDA3MzU="],
      "avatar_url": ["https://avatars3.githubusercontent.com/u/5100735?v=4"],
      "gravatar_id": [""],
      "url": ["https://api.github.com/users/gaocegege"],
      "html_url": ["https://github.com/gaocegege"],
      "followers_url": ["https://api.github.com/users/gaocegege/followers"],
      "following_url": ["https://api.github.com/users/gaocegege/following{/other_user}"],
      "gists_url": ["https://api.github.com/users/gaocegege/gists{/gist_id}"],
      "starred_url": ["https://api.github.com/users/gaocegege/starred{/owner}{/repo}"],
      "subscriptions_url": ["https://api.github.com/users/gaocegege/subscriptions"],
      "organizations_url": ["https://api.github.com/users/gaocegege/orgs"],
      "repos_url": ["https://api.github.com/users/gaocegege/repos"],
      "events_url": ["https://api.github.com/users/gaocegege/events{/privacy}"],
      "received_events_url": ["https://api.github.com/users/gaocegege/received_events"],
      "type": ["User"],
      "site_admin": [false]
    },
    "html_url": ["https://github.com/gaocegege/acg-detector"],
    "description": {},
    "fork": [true],
    "url": ["https://api.github.com/repos/gaocegege/acg-detector"],
    "forks_url": ["https://api.github.com/repos/gaocegege/acg-detector/forks"],
    "keys_url": ["https://api.github.com/repos/gaocegege/acg-detector/keys{/key_id}"],
    "collaborators_url": ["https://api.github.com/repos/gaocegege/acg-detector/collaborators{/collaborator}"],
    "teams_url": ["https://api.github.com/repos/gaocegege/acg-detector/teams"],
    "hooks_url": ["https://api.github.com/repos/gaocegege/acg-detector/hooks"],
    "issue_events_url": ["https://api.github.com/repos/gaocegege/acg-detector/issues/events{/number}"],
    "events_url": ["https://api.github.com/repos/gaocegege/acg-detector/events"],
    "assignees_url": ["https://api.github.com/repos/gaocegege/acg-detector/assignees{/user}"],
    "branches_url": ["https://api.github.com/repos/gaocegege/acg-detector/branches{/branch}"],
    "tags_url": ["https://api.github.com/repos/gaocegege/acg-detector/tags"],
    "blobs_url": ["https://api.github.com/repos/gaocegege/acg-detector/git/blobs{/sha}"],
    "git_tags_url": ["https://api.github.com/repos/gaocegege/acg-detector/git/tags{/sha}"],
    "git_refs_url": ["https://api.github.com/repos/gaocegege/acg-detector/git/refs{/sha}"],
    "trees_url": ["https://api.github.com/repos/gaocegege/acg-detector/git/trees{/sha}"],
    "statuses_url": ["https://api.github.com/repos/gaocegege/acg-detector/statuses/{sha}"],
    "languages_url": ["https://api.github.com/repos/gaocegege/acg-detector/languages"],
    "stargazers_url": ["https://api.github.com/repos/gaocegege/acg-detector/stargazers"],
    "contributors_url": ["https://api.github.com/repos/gaocegege/acg-detector/contributors"],
    "subscribers_url": ["https://api.github.com/repos/gaocegege/acg-detector/subscribers"],
    "subscription_url": ["https://api.github.com/repos/gaocegege/acg-detector/subscription"],
    "commits_url": ["https://api.github.com/repos/gaocegege/acg-detector/commits{/sha}"],
    "git_commits_url": ["https://api.github.com/repos/gaocegege/acg-detector/git/commits{/sha}"],
    "comments_url": ["https://api.github.com/repos/gaocegege/acg-detector/comments{/number}"],
    "issue_comment_url": ["https://api.github.com/repos/gaocegege/acg-detector/issues/comments{/number}"],
    "contents_url": ["https://api.github.com/repos/gaocegege/acg-detector/contents/{+path}"],
    "compare_url": ["https://api.github.com/repos/gaocegege/acg-detector/compare/{base}...{head}"],
    "merges_url": ["https://api.github.com/repos/gaocegege/acg-detector/merges"],
    "archive_url": ["https://api.github.com/repos/gaocegege/acg-detector/{archive_format}{/ref}"],
    "downloads_url": ["https://api.github.com/repos/gaocegege/acg-detector/downloads"],
    "issues_url": ["https://api.github.com/repos/gaocegege/acg-detector/issues{/number}"],
    "pulls_url": ["https://api.github.com/repos/gaocegege/acg-detector/pulls{/number}"],
    "milestones_url": ["https://api.github.com/repos/gaocegege/acg-detector/milestones{/number}"],
    "notifications_url": ["https://api.github.com/repos/gaocegege/acg-detector/notifications{?since,all,participating}"],
    "labels_url": ["https://api.github.com/repos/gaocegege/acg-detector/labels{/name}"],
    "releases_url": ["https://api.github.com/repos/gaocegege/acg-detector/releases{/id}"],
    "deployments_url": ["https://api.github.com/repos/gaocegege/acg-detector/deployments"],
    "created_at": ["2018-04-02T03:35:16Z"],
    "updated_at": ["2018-04-02T03:35:18Z"],
    "pushed_at": ["2018-04-02T04:57:33Z"],
    "git_url": ["git://github.com/gaocegege/acg-detector.git"],
    "ssh_url": ["git@github.com:gaocegege/acg-detector.git"],
    "clone_url": ["https://github.com/gaocegege/acg-detector.git"],
    "svn_url": ["https://github.com/gaocegege/acg-detector"],
    "homepage": {},
    "size": [124],
    "stargazers_count": [0],
    "watchers_count": [0],
    "language": ["JavaScript"],
    "has_issues": [false],
    "has_projects": [true],
    "has_downloads": [true],
    "has_wiki": [true],
    "has_pages": [false],
    "forks_count": [0],
    "mirror_url": {},
    "archived": [false],
    "open_issues_count": [0],
    "license": {
      "key": ["mit"],
      "name": ["MIT License"],
      "spdx_id": ["MIT"],
      "url": ["https://api.github.com/licenses/mit"],
      "node_id": ["MDc6TGljZW5zZTEz"]
    },
    "forks": [0],
    "open_issues": [0],
    "watchers": [0],
    "default_branch": ["master"],
    "permissions": {
      "admin": [false],
      "push": [false],
      "pull": [true]
    }
  }
]
