[
  {
    "id": [147158828],
    "node_id": ["MDEwOlJlcG9zaXRvcnkxNDcxNTg4Mjg="],
    "name": ["kubeflow-benchmarks"],
    "full_name": ["gaocegege/kubeflow-benchmarks"],
    "private": [false],
    "owner": {
      "login": ["gaocegege"],
      "id": [5100735],
      "node_id": ["MDQ6VXNlcjUxMDA3MzU="],
      "avatar_url": ["https://avatars3.githubusercontent.com/u/5100735?v=4"],
      "gravatar_id": [""],
      "url": ["https://api.github.com/users/gaocegege"],
      "html_url": ["https://github.com/gaocegege"],
      "followers_url": ["https://api.github.com/users/gaocegege/followers"],
      "following_url": ["https://api.github.com/users/gaocegege/following{/other_user}"],
      "gists_url": ["https://api.github.com/users/gaocegege/gists{/gist_id}"],
      "starred_url": ["https://api.github.com/users/gaocegege/starred{/owner}{/repo}"],
      "subscriptions_url": ["https://api.github.com/users/gaocegege/subscriptions"],
      "organizations_url": ["https://api.github.com/users/gaocegege/orgs"],
      "repos_url": ["https://api.github.com/users/gaocegege/repos"],
      "events_url": ["https://api.github.com/users/gaocegege/events{/privacy}"],
      "received_events_url": ["https://api.github.com/users/gaocegege/received_events"],
      "type": ["User"],
      "site_admin": [false]
    },
    "html_url": ["https://github.com/gaocegege/kubeflow-benchmarks"],
    "description": ["Benchmarks for Kubeflow"],
    "fork": [false],
    "url": ["https://api.github.com/repos/gaocegege/kubeflow-benchmarks"],
    "forks_url": ["https://api.github.com/repos/gaocegege/kubeflow-benchmarks/forks"],
    "keys_url": ["https://api.github.com/repos/gaocegege/kubeflow-benchmarks/keys{/key_id}"],
    "collaborators_url": ["https://api.github.com/repos/gaocegege/kubeflow-benchmarks/collaborators{/collaborator}"],
    "teams_url": ["https://api.github.com/repos/gaocegege/kubeflow-benchmarks/teams"],
    "hooks_url": ["https://api.github.com/repos/gaocegege/kubeflow-benchmarks/hooks"],
    "issue_events_url": ["https://api.github.com/repos/gaocegege/kubeflow-benchmarks/issues/events{/number}"],
    "events_url": ["https://api.github.com/repos/gaocegege/kubeflow-benchmarks/events"],
    "assignees_url": ["https://api.github.com/repos/gaocegege/kubeflow-benchmarks/assignees{/user}"],
    "branches_url": ["https://api.github.com/repos/gaocegege/kubeflow-benchmarks/branches{/branch}"],
    "tags_url": ["https://api.github.com/repos/gaocegege/kubeflow-benchmarks/tags"],
    "blobs_url": ["https://api.github.com/repos/gaocegege/kubeflow-benchmarks/git/blobs{/sha}"],
    "git_tags_url": ["https://api.github.com/repos/gaocegege/kubeflow-benchmarks/git/tags{/sha}"],
    "git_refs_url": ["https://api.github.com/repos/gaocegege/kubeflow-benchmarks/git/refs{/sha}"],
    "trees_url": ["https://api.github.com/repos/gaocegege/kubeflow-benchmarks/git/trees{/sha}"],
    "statuses_url": ["https://api.github.com/repos/gaocegege/kubeflow-benchmarks/statuses/{sha}"],
    "languages_url": ["https://api.github.com/repos/gaocegege/kubeflow-benchmarks/languages"],
    "stargazers_url": ["https://api.github.com/repos/gaocegege/kubeflow-benchmarks/stargazers"],
    "contributors_url": ["https://api.github.com/repos/gaocegege/kubeflow-benchmarks/contributors"],
    "subscribers_url": ["https://api.github.com/repos/gaocegege/kubeflow-benchmarks/subscribers"],
    "subscription_url": ["https://api.github.com/repos/gaocegege/kubeflow-benchmarks/subscription"],
    "commits_url": ["https://api.github.com/repos/gaocegege/kubeflow-benchmarks/commits{/sha}"],
    "git_commits_url": ["https://api.github.com/repos/gaocegege/kubeflow-benchmarks/git/commits{/sha}"],
    "comments_url": ["https://api.github.com/repos/gaocegege/kubeflow-benchmarks/comments{/number}"],
    "issue_comment_url": ["https://api.github.com/repos/gaocegege/kubeflow-benchmarks/issues/comments{/number}"],
    "contents_url": ["https://api.github.com/repos/gaocegege/kubeflow-benchmarks/contents/{+path}"],
    "compare_url": ["https://api.github.com/repos/gaocegege/kubeflow-benchmarks/compare/{base}...{head}"],
    "merges_url": ["https://api.github.com/repos/gaocegege/kubeflow-benchmarks/merges"],
    "archive_url": ["https://api.github.com/repos/gaocegege/kubeflow-benchmarks/{archive_format}{/ref}"],
    "downloads_url": ["https://api.github.com/repos/gaocegege/kubeflow-benchmarks/downloads"],
    "issues_url": ["https://api.github.com/repos/gaocegege/kubeflow-benchmarks/issues{/number}"],
    "pulls_url": ["https://api.github.com/repos/gaocegege/kubeflow-benchmarks/pulls{/number}"],
    "milestones_url": ["https://api.github.com/repos/gaocegege/kubeflow-benchmarks/milestones{/number}"],
    "notifications_url": ["https://api.github.com/repos/gaocegege/kubeflow-benchmarks/notifications{?since,all,participating}"],
    "labels_url": ["https://api.github.com/repos/gaocegege/kubeflow-benchmarks/labels{/name}"],
    "releases_url": ["https://api.github.com/repos/gaocegege/kubeflow-benchmarks/releases{/id}"],
    "deployments_url": ["https://api.github.com/repos/gaocegege/kubeflow-benchmarks/deployments"],
    "created_at": ["2018-09-03T06:04:40Z"],
    "updated_at": ["2018-12-23T06:38:13Z"],
    "pushed_at": ["2018-09-26T03:39:26Z"],
    "git_url": ["git://github.com/gaocegege/kubeflow-benchmarks.git"],
    "ssh_url": ["git@github.com:gaocegege/kubeflow-benchmarks.git"],
    "clone_url": ["https://github.com/gaocegege/kubeflow-benchmarks.git"],
    "svn_url": ["https://github.com/gaocegege/kubeflow-benchmarks"],
    "homepage": {},
    "size": [272],
    "stargazers_count": [1],
    "watchers_count": [1],
    "language": ["HTML"],
    "has_issues": [true],
    "has_projects": [true],
    "has_downloads": [true],
    "has_wiki": [true],
    "has_pages": [false],
    "forks_count": [0],
    "mirror_url": {},
    "archived": [false],
    "open_issues_count": [1],
    "license": {},
    "forks": [0],
    "open_issues": [1],
    "watchers": [1],
    "default_branch": ["master"],
    "permissions": {
      "admin": [false],
      "push": [false],
      "pull": [true]
    }
  }
]
