[
  {
    "id": [106234041],
    "node_id": ["MDEwOlJlcG9zaXRvcnkxMDYyMzQwNDE="],
    "name": ["clusterdata"],
    "full_name": ["gaocegege/clusterdata"],
    "private": [false],
    "owner": {
      "login": ["gaocegege"],
      "id": [5100735],
      "node_id": ["MDQ6VXNlcjUxMDA3MzU="],
      "avatar_url": ["https://avatars3.githubusercontent.com/u/5100735?v=4"],
      "gravatar_id": [""],
      "url": ["https://api.github.com/users/gaocegege"],
      "html_url": ["https://github.com/gaocegege"],
      "followers_url": ["https://api.github.com/users/gaocegege/followers"],
      "following_url": ["https://api.github.com/users/gaocegege/following{/other_user}"],
      "gists_url": ["https://api.github.com/users/gaocegege/gists{/gist_id}"],
      "starred_url": ["https://api.github.com/users/gaocegege/starred{/owner}{/repo}"],
      "subscriptions_url": ["https://api.github.com/users/gaocegege/subscriptions"],
      "organizations_url": ["https://api.github.com/users/gaocegege/orgs"],
      "repos_url": ["https://api.github.com/users/gaocegege/repos"],
      "events_url": ["https://api.github.com/users/gaocegege/events{/privacy}"],
      "received_events_url": ["https://api.github.com/users/gaocegege/received_events"],
      "type": ["User"],
      "site_admin": [false]
    },
    "html_url": ["https://github.com/gaocegege/clusterdata"],
    "description": ["cluster data collected from production clusters in Alibaba for cluster management research"],
    "fork": [true],
    "url": ["https://api.github.com/repos/gaocegege/clusterdata"],
    "forks_url": ["https://api.github.com/repos/gaocegege/clusterdata/forks"],
    "keys_url": ["https://api.github.com/repos/gaocegege/clusterdata/keys{/key_id}"],
    "collaborators_url": ["https://api.github.com/repos/gaocegege/clusterdata/collaborators{/collaborator}"],
    "teams_url": ["https://api.github.com/repos/gaocegege/clusterdata/teams"],
    "hooks_url": ["https://api.github.com/repos/gaocegege/clusterdata/hooks"],
    "issue_events_url": ["https://api.github.com/repos/gaocegege/clusterdata/issues/events{/number}"],
    "events_url": ["https://api.github.com/repos/gaocegege/clusterdata/events"],
    "assignees_url": ["https://api.github.com/repos/gaocegege/clusterdata/assignees{/user}"],
    "branches_url": ["https://api.github.com/repos/gaocegege/clusterdata/branches{/branch}"],
    "tags_url": ["https://api.github.com/repos/gaocegege/clusterdata/tags"],
    "blobs_url": ["https://api.github.com/repos/gaocegege/clusterdata/git/blobs{/sha}"],
    "git_tags_url": ["https://api.github.com/repos/gaocegege/clusterdata/git/tags{/sha}"],
    "git_refs_url": ["https://api.github.com/repos/gaocegege/clusterdata/git/refs{/sha}"],
    "trees_url": ["https://api.github.com/repos/gaocegege/clusterdata/git/trees{/sha}"],
    "statuses_url": ["https://api.github.com/repos/gaocegege/clusterdata/statuses/{sha}"],
    "languages_url": ["https://api.github.com/repos/gaocegege/clusterdata/languages"],
    "stargazers_url": ["https://api.github.com/repos/gaocegege/clusterdata/stargazers"],
    "contributors_url": ["https://api.github.com/repos/gaocegege/clusterdata/contributors"],
    "subscribers_url": ["https://api.github.com/repos/gaocegege/clusterdata/subscribers"],
    "subscription_url": ["https://api.github.com/repos/gaocegege/clusterdata/subscription"],
    "commits_url": ["https://api.github.com/repos/gaocegege/clusterdata/commits{/sha}"],
    "git_commits_url": ["https://api.github.com/repos/gaocegege/clusterdata/git/commits{/sha}"],
    "comments_url": ["https://api.github.com/repos/gaocegege/clusterdata/comments{/number}"],
    "issue_comment_url": ["https://api.github.com/repos/gaocegege/clusterdata/issues/comments{/number}"],
    "contents_url": ["https://api.github.com/repos/gaocegege/clusterdata/contents/{+path}"],
    "compare_url": ["https://api.github.com/repos/gaocegege/clusterdata/compare/{base}...{head}"],
    "merges_url": ["https://api.github.com/repos/gaocegege/clusterdata/merges"],
    "archive_url": ["https://api.github.com/repos/gaocegege/clusterdata/{archive_format}{/ref}"],
    "downloads_url": ["https://api.github.com/repos/gaocegege/clusterdata/downloads"],
    "issues_url": ["https://api.github.com/repos/gaocegege/clusterdata/issues{/number}"],
    "pulls_url": ["https://api.github.com/repos/gaocegege/clusterdata/pulls{/number}"],
    "milestones_url": ["https://api.github.com/repos/gaocegege/clusterdata/milestones{/number}"],
    "notifications_url": ["https://api.github.com/repos/gaocegege/clusterdata/notifications{?since,all,participating}"],
    "labels_url": ["https://api.github.com/repos/gaocegege/clusterdata/labels{/name}"],
    "releases_url": ["https://api.github.com/repos/gaocegege/clusterdata/releases{/id}"],
    "deployments_url": ["https://api.github.com/repos/gaocegege/clusterdata/deployments"],
    "created_at": ["2017-10-09T03:46:51Z"],
    "updated_at": ["2017-09-30T08:17:35Z"],
    "pushed_at": ["2017-10-09T03:52:03Z"],
    "git_url": ["git://github.com/gaocegege/clusterdata.git"],
    "ssh_url": ["git@github.com:gaocegege/clusterdata.git"],
    "clone_url": ["https://github.com/gaocegege/clusterdata.git"],
    "svn_url": ["https://github.com/gaocegege/clusterdata"],
    "homepage": [""],
    "size": [136],
    "stargazers_count": [0],
    "watchers_count": [0],
    "language": {},
    "has_issues": [false],
    "has_projects": [true],
    "has_downloads": [true],
    "has_wiki": [true],
    "has_pages": [false],
    "forks_count": [0],
    "mirror_url": {},
    "archived": [false],
    "open_issues_count": [0],
    "license": {},
    "forks": [0],
    "open_issues": [0],
    "watchers": [0],
    "default_branch": ["master"],
    "permissions": {
      "admin": [false],
      "push": [false],
      "pull": [true]
    }
  }
]
