[
  {
    "id": [27487500],
    "node_id": ["MDEwOlJlcG9zaXRvcnkyNzQ4NzUwMA=="],
    "name": ["ML-in-coursera"],
    "full_name": ["gaocegege/ML-in-coursera"],
    "private": [false],
    "owner": {
      "login": ["gaocegege"],
      "id": [5100735],
      "node_id": ["MDQ6VXNlcjUxMDA3MzU="],
      "avatar_url": ["https://avatars3.githubusercontent.com/u/5100735?v=4"],
      "gravatar_id": [""],
      "url": ["https://api.github.com/users/gaocegege"],
      "html_url": ["https://github.com/gaocegege"],
      "followers_url": ["https://api.github.com/users/gaocegege/followers"],
      "following_url": ["https://api.github.com/users/gaocegege/following{/other_user}"],
      "gists_url": ["https://api.github.com/users/gaocegege/gists{/gist_id}"],
      "starred_url": ["https://api.github.com/users/gaocegege/starred{/owner}{/repo}"],
      "subscriptions_url": ["https://api.github.com/users/gaocegege/subscriptions"],
      "organizations_url": ["https://api.github.com/users/gaocegege/orgs"],
      "repos_url": ["https://api.github.com/users/gaocegege/repos"],
      "events_url": ["https://api.github.com/users/gaocegege/events{/privacy}"],
      "received_events_url": ["https://api.github.com/users/gaocegege/received_events"],
      "type": ["User"],
      "site_admin": [false]
    },
    "html_url": ["https://github.com/gaocegege/ML-in-coursera"],
    "description": ["Machine learning programming exercises in coursera, "],
    "fork": [false],
    "url": ["https://api.github.com/repos/gaocegege/ML-in-coursera"],
    "forks_url": ["https://api.github.com/repos/gaocegege/ML-in-coursera/forks"],
    "keys_url": ["https://api.github.com/repos/gaocegege/ML-in-coursera/keys{/key_id}"],
    "collaborators_url": ["https://api.github.com/repos/gaocegege/ML-in-coursera/collaborators{/collaborator}"],
    "teams_url": ["https://api.github.com/repos/gaocegege/ML-in-coursera/teams"],
    "hooks_url": ["https://api.github.com/repos/gaocegege/ML-in-coursera/hooks"],
    "issue_events_url": ["https://api.github.com/repos/gaocegege/ML-in-coursera/issues/events{/number}"],
    "events_url": ["https://api.github.com/repos/gaocegege/ML-in-coursera/events"],
    "assignees_url": ["https://api.github.com/repos/gaocegege/ML-in-coursera/assignees{/user}"],
    "branches_url": ["https://api.github.com/repos/gaocegege/ML-in-coursera/branches{/branch}"],
    "tags_url": ["https://api.github.com/repos/gaocegege/ML-in-coursera/tags"],
    "blobs_url": ["https://api.github.com/repos/gaocegege/ML-in-coursera/git/blobs{/sha}"],
    "git_tags_url": ["https://api.github.com/repos/gaocegege/ML-in-coursera/git/tags{/sha}"],
    "git_refs_url": ["https://api.github.com/repos/gaocegege/ML-in-coursera/git/refs{/sha}"],
    "trees_url": ["https://api.github.com/repos/gaocegege/ML-in-coursera/git/trees{/sha}"],
    "statuses_url": ["https://api.github.com/repos/gaocegege/ML-in-coursera/statuses/{sha}"],
    "languages_url": ["https://api.github.com/repos/gaocegege/ML-in-coursera/languages"],
    "stargazers_url": ["https://api.github.com/repos/gaocegege/ML-in-coursera/stargazers"],
    "contributors_url": ["https://api.github.com/repos/gaocegege/ML-in-coursera/contributors"],
    "subscribers_url": ["https://api.github.com/repos/gaocegege/ML-in-coursera/subscribers"],
    "subscription_url": ["https://api.github.com/repos/gaocegege/ML-in-coursera/subscription"],
    "commits_url": ["https://api.github.com/repos/gaocegege/ML-in-coursera/commits{/sha}"],
    "git_commits_url": ["https://api.github.com/repos/gaocegege/ML-in-coursera/git/commits{/sha}"],
    "comments_url": ["https://api.github.com/repos/gaocegege/ML-in-coursera/comments{/number}"],
    "issue_comment_url": ["https://api.github.com/repos/gaocegege/ML-in-coursera/issues/comments{/number}"],
    "contents_url": ["https://api.github.com/repos/gaocegege/ML-in-coursera/contents/{+path}"],
    "compare_url": ["https://api.github.com/repos/gaocegege/ML-in-coursera/compare/{base}...{head}"],
    "merges_url": ["https://api.github.com/repos/gaocegege/ML-in-coursera/merges"],
    "archive_url": ["https://api.github.com/repos/gaocegege/ML-in-coursera/{archive_format}{/ref}"],
    "downloads_url": ["https://api.github.com/repos/gaocegege/ML-in-coursera/downloads"],
    "issues_url": ["https://api.github.com/repos/gaocegege/ML-in-coursera/issues{/number}"],
    "pulls_url": ["https://api.github.com/repos/gaocegege/ML-in-coursera/pulls{/number}"],
    "milestones_url": ["https://api.github.com/repos/gaocegege/ML-in-coursera/milestones{/number}"],
    "notifications_url": ["https://api.github.com/repos/gaocegege/ML-in-coursera/notifications{?since,all,participating}"],
    "labels_url": ["https://api.github.com/repos/gaocegege/ML-in-coursera/labels{/name}"],
    "releases_url": ["https://api.github.com/repos/gaocegege/ML-in-coursera/releases{/id}"],
    "deployments_url": ["https://api.github.com/repos/gaocegege/ML-in-coursera/deployments"],
    "created_at": ["2014-12-03T13:06:24Z"],
    "updated_at": ["2014-12-03T13:15:50Z"],
    "pushed_at": ["2014-12-03T13:15:50Z"],
    "git_url": ["git://github.com/gaocegege/ML-in-coursera.git"],
    "ssh_url": ["git@github.com:gaocegege/ML-in-coursera.git"],
    "clone_url": ["https://github.com/gaocegege/ML-in-coursera.git"],
    "svn_url": ["https://github.com/gaocegege/ML-in-coursera"],
    "homepage": ["https://www.coursera.org/course/ml"],
    "size": [1216],
    "stargazers_count": [0],
    "watchers_count": [0],
    "language": ["Matlab"],
    "has_issues": [true],
    "has_projects": [true],
    "has_downloads": [true],
    "has_wiki": [true],
    "has_pages": [false],
    "forks_count": [0],
    "mirror_url": {},
    "archived": [false],
    "open_issues_count": [0],
    "license": {},
    "forks": [0],
    "open_issues": [0],
    "watchers": [0],
    "default_branch": ["master"],
    "permissions": {
      "admin": [false],
      "push": [false],
      "pull": [true]
    }
  }
]
