[
  {
    "id": [82889403],
    "node_id": ["MDEwOlJlcG9zaXRvcnk4Mjg4OTQwMw=="],
    "name": ["csdi-2017-pre"],
    "full_name": ["gaocegege/csdi-2017-pre"],
    "private": [false],
    "owner": {
      "login": ["gaocegege"],
      "id": [5100735],
      "node_id": ["MDQ6VXNlcjUxMDA3MzU="],
      "avatar_url": ["https://avatars3.githubusercontent.com/u/5100735?v=4"],
      "gravatar_id": [""],
      "url": ["https://api.github.com/users/gaocegege"],
      "html_url": ["https://github.com/gaocegege"],
      "followers_url": ["https://api.github.com/users/gaocegege/followers"],
      "following_url": ["https://api.github.com/users/gaocegege/following{/other_user}"],
      "gists_url": ["https://api.github.com/users/gaocegege/gists{/gist_id}"],
      "starred_url": ["https://api.github.com/users/gaocegege/starred{/owner}{/repo}"],
      "subscriptions_url": ["https://api.github.com/users/gaocegege/subscriptions"],
      "organizations_url": ["https://api.github.com/users/gaocegege/orgs"],
      "repos_url": ["https://api.github.com/users/gaocegege/repos"],
      "events_url": ["https://api.github.com/users/gaocegege/events{/privacy}"],
      "received_events_url": ["https://api.github.com/users/gaocegege/received_events"],
      "type": ["User"],
      "site_admin": [false]
    },
    "html_url": ["https://github.com/gaocegege/csdi-2017-pre"],
    "description": ["CSDI 2017 preparation for presentation."],
    "fork": [false],
    "url": ["https://api.github.com/repos/gaocegege/csdi-2017-pre"],
    "forks_url": ["https://api.github.com/repos/gaocegege/csdi-2017-pre/forks"],
    "keys_url": ["https://api.github.com/repos/gaocegege/csdi-2017-pre/keys{/key_id}"],
    "collaborators_url": ["https://api.github.com/repos/gaocegege/csdi-2017-pre/collaborators{/collaborator}"],
    "teams_url": ["https://api.github.com/repos/gaocegege/csdi-2017-pre/teams"],
    "hooks_url": ["https://api.github.com/repos/gaocegege/csdi-2017-pre/hooks"],
    "issue_events_url": ["https://api.github.com/repos/gaocegege/csdi-2017-pre/issues/events{/number}"],
    "events_url": ["https://api.github.com/repos/gaocegege/csdi-2017-pre/events"],
    "assignees_url": ["https://api.github.com/repos/gaocegege/csdi-2017-pre/assignees{/user}"],
    "branches_url": ["https://api.github.com/repos/gaocegege/csdi-2017-pre/branches{/branch}"],
    "tags_url": ["https://api.github.com/repos/gaocegege/csdi-2017-pre/tags"],
    "blobs_url": ["https://api.github.com/repos/gaocegege/csdi-2017-pre/git/blobs{/sha}"],
    "git_tags_url": ["https://api.github.com/repos/gaocegege/csdi-2017-pre/git/tags{/sha}"],
    "git_refs_url": ["https://api.github.com/repos/gaocegege/csdi-2017-pre/git/refs{/sha}"],
    "trees_url": ["https://api.github.com/repos/gaocegege/csdi-2017-pre/git/trees{/sha}"],
    "statuses_url": ["https://api.github.com/repos/gaocegege/csdi-2017-pre/statuses/{sha}"],
    "languages_url": ["https://api.github.com/repos/gaocegege/csdi-2017-pre/languages"],
    "stargazers_url": ["https://api.github.com/repos/gaocegege/csdi-2017-pre/stargazers"],
    "contributors_url": ["https://api.github.com/repos/gaocegege/csdi-2017-pre/contributors"],
    "subscribers_url": ["https://api.github.com/repos/gaocegege/csdi-2017-pre/subscribers"],
    "subscription_url": ["https://api.github.com/repos/gaocegege/csdi-2017-pre/subscription"],
    "commits_url": ["https://api.github.com/repos/gaocegege/csdi-2017-pre/commits{/sha}"],
    "git_commits_url": ["https://api.github.com/repos/gaocegege/csdi-2017-pre/git/commits{/sha}"],
    "comments_url": ["https://api.github.com/repos/gaocegege/csdi-2017-pre/comments{/number}"],
    "issue_comment_url": ["https://api.github.com/repos/gaocegege/csdi-2017-pre/issues/comments{/number}"],
    "contents_url": ["https://api.github.com/repos/gaocegege/csdi-2017-pre/contents/{+path}"],
    "compare_url": ["https://api.github.com/repos/gaocegege/csdi-2017-pre/compare/{base}...{head}"],
    "merges_url": ["https://api.github.com/repos/gaocegege/csdi-2017-pre/merges"],
    "archive_url": ["https://api.github.com/repos/gaocegege/csdi-2017-pre/{archive_format}{/ref}"],
    "downloads_url": ["https://api.github.com/repos/gaocegege/csdi-2017-pre/downloads"],
    "issues_url": ["https://api.github.com/repos/gaocegege/csdi-2017-pre/issues{/number}"],
    "pulls_url": ["https://api.github.com/repos/gaocegege/csdi-2017-pre/pulls{/number}"],
    "milestones_url": ["https://api.github.com/repos/gaocegege/csdi-2017-pre/milestones{/number}"],
    "notifications_url": ["https://api.github.com/repos/gaocegege/csdi-2017-pre/notifications{?since,all,participating}"],
    "labels_url": ["https://api.github.com/repos/gaocegege/csdi-2017-pre/labels{/name}"],
    "releases_url": ["https://api.github.com/repos/gaocegege/csdi-2017-pre/releases{/id}"],
    "deployments_url": ["https://api.github.com/repos/gaocegege/csdi-2017-pre/deployments"],
    "created_at": ["2017-02-23T05:48:06Z"],
    "updated_at": ["2017-02-23T05:48:06Z"],
    "pushed_at": ["2017-03-02T02:52:47Z"],
    "git_url": ["git://github.com/gaocegege/csdi-2017-pre.git"],
    "ssh_url": ["git@github.com:gaocegege/csdi-2017-pre.git"],
    "clone_url": ["https://github.com/gaocegege/csdi-2017-pre.git"],
    "svn_url": ["https://github.com/gaocegege/csdi-2017-pre"],
    "homepage": {},
    "size": [4],
    "stargazers_count": [0],
    "watchers_count": [0],
    "language": {},
    "has_issues": [true],
    "has_projects": [true],
    "has_downloads": [true],
    "has_wiki": [true],
    "has_pages": [false],
    "forks_count": [0],
    "mirror_url": {},
    "archived": [false],
    "open_issues_count": [0],
    "license": {},
    "forks": [0],
    "open_issues": [0],
    "watchers": [0],
    "default_branch": ["master"],
    "permissions": {
      "admin": [false],
      "push": [false],
      "pull": [true]
    }
  }
]
