[
  {
    "id": [50815091],
    "node_id": ["MDEwOlJlcG9zaXRvcnk1MDgxNTA5MQ=="],
    "name": ["resume-2017"],
    "full_name": ["gaocegege/resume-2017"],
    "private": [false],
    "owner": {
      "login": ["gaocegege"],
      "id": [5100735],
      "node_id": ["MDQ6VXNlcjUxMDA3MzU="],
      "avatar_url": ["https://avatars3.githubusercontent.com/u/5100735?v=4"],
      "gravatar_id": [""],
      "url": ["https://api.github.com/users/gaocegege"],
      "html_url": ["https://github.com/gaocegege"],
      "followers_url": ["https://api.github.com/users/gaocegege/followers"],
      "following_url": ["https://api.github.com/users/gaocegege/following{/other_user}"],
      "gists_url": ["https://api.github.com/users/gaocegege/gists{/gist_id}"],
      "starred_url": ["https://api.github.com/users/gaocegege/starred{/owner}{/repo}"],
      "subscriptions_url": ["https://api.github.com/users/gaocegege/subscriptions"],
      "organizations_url": ["https://api.github.com/users/gaocegege/orgs"],
      "repos_url": ["https://api.github.com/users/gaocegege/repos"],
      "events_url": ["https://api.github.com/users/gaocegege/events{/privacy}"],
      "received_events_url": ["https://api.github.com/users/gaocegege/received_events"],
      "type": ["User"],
      "site_admin": [false]
    },
    "html_url": ["https://github.com/gaocegege/resume-2017"],
    "description": ["<U+4E2A><U+4EBA><U+7B80><U+5386> (UNMAINTAINED)"],
    "fork": [false],
    "url": ["https://api.github.com/repos/gaocegege/resume-2017"],
    "forks_url": ["https://api.github.com/repos/gaocegege/resume-2017/forks"],
    "keys_url": ["https://api.github.com/repos/gaocegege/resume-2017/keys{/key_id}"],
    "collaborators_url": ["https://api.github.com/repos/gaocegege/resume-2017/collaborators{/collaborator}"],
    "teams_url": ["https://api.github.com/repos/gaocegege/resume-2017/teams"],
    "hooks_url": ["https://api.github.com/repos/gaocegege/resume-2017/hooks"],
    "issue_events_url": ["https://api.github.com/repos/gaocegege/resume-2017/issues/events{/number}"],
    "events_url": ["https://api.github.com/repos/gaocegege/resume-2017/events"],
    "assignees_url": ["https://api.github.com/repos/gaocegege/resume-2017/assignees{/user}"],
    "branches_url": ["https://api.github.com/repos/gaocegege/resume-2017/branches{/branch}"],
    "tags_url": ["https://api.github.com/repos/gaocegege/resume-2017/tags"],
    "blobs_url": ["https://api.github.com/repos/gaocegege/resume-2017/git/blobs{/sha}"],
    "git_tags_url": ["https://api.github.com/repos/gaocegege/resume-2017/git/tags{/sha}"],
    "git_refs_url": ["https://api.github.com/repos/gaocegege/resume-2017/git/refs{/sha}"],
    "trees_url": ["https://api.github.com/repos/gaocegege/resume-2017/git/trees{/sha}"],
    "statuses_url": ["https://api.github.com/repos/gaocegege/resume-2017/statuses/{sha}"],
    "languages_url": ["https://api.github.com/repos/gaocegege/resume-2017/languages"],
    "stargazers_url": ["https://api.github.com/repos/gaocegege/resume-2017/stargazers"],
    "contributors_url": ["https://api.github.com/repos/gaocegege/resume-2017/contributors"],
    "subscribers_url": ["https://api.github.com/repos/gaocegege/resume-2017/subscribers"],
    "subscription_url": ["https://api.github.com/repos/gaocegege/resume-2017/subscription"],
    "commits_url": ["https://api.github.com/repos/gaocegege/resume-2017/commits{/sha}"],
    "git_commits_url": ["https://api.github.com/repos/gaocegege/resume-2017/git/commits{/sha}"],
    "comments_url": ["https://api.github.com/repos/gaocegege/resume-2017/comments{/number}"],
    "issue_comment_url": ["https://api.github.com/repos/gaocegege/resume-2017/issues/comments{/number}"],
    "contents_url": ["https://api.github.com/repos/gaocegege/resume-2017/contents/{+path}"],
    "compare_url": ["https://api.github.com/repos/gaocegege/resume-2017/compare/{base}...{head}"],
    "merges_url": ["https://api.github.com/repos/gaocegege/resume-2017/merges"],
    "archive_url": ["https://api.github.com/repos/gaocegege/resume-2017/{archive_format}{/ref}"],
    "downloads_url": ["https://api.github.com/repos/gaocegege/resume-2017/downloads"],
    "issues_url": ["https://api.github.com/repos/gaocegege/resume-2017/issues{/number}"],
    "pulls_url": ["https://api.github.com/repos/gaocegege/resume-2017/pulls{/number}"],
    "milestones_url": ["https://api.github.com/repos/gaocegege/resume-2017/milestones{/number}"],
    "notifications_url": ["https://api.github.com/repos/gaocegege/resume-2017/notifications{?since,all,participating}"],
    "labels_url": ["https://api.github.com/repos/gaocegege/resume-2017/labels{/name}"],
    "releases_url": ["https://api.github.com/repos/gaocegege/resume-2017/releases{/id}"],
    "deployments_url": ["https://api.github.com/repos/gaocegege/resume-2017/deployments"],
    "created_at": ["2016-02-01T04:57:31Z"],
    "updated_at": ["2018-02-24T13:36:03Z"],
    "pushed_at": ["2017-09-19T04:37:56Z"],
    "git_url": ["git://github.com/gaocegege/resume-2017.git"],
    "ssh_url": ["git@github.com:gaocegege/resume-2017.git"],
    "clone_url": ["https://github.com/gaocegege/resume-2017.git"],
    "svn_url": ["https://github.com/gaocegege/resume-2017"],
    "homepage": ["http://gaocegege.com/resume-2017/"],
    "size": [2627],
    "stargazers_count": [3],
    "watchers_count": [3],
    "language": ["HTML"],
    "has_issues": [true],
    "has_projects": [true],
    "has_downloads": [true],
    "has_wiki": [true],
    "has_pages": [true],
    "forks_count": [0],
    "mirror_url": {},
    "archived": [false],
    "open_issues_count": [0],
    "license": {},
    "forks": [0],
    "open_issues": [0],
    "watchers": [3],
    "default_branch": ["gh-pages"],
    "permissions": {
      "admin": [false],
      "push": [false],
      "pull": [true]
    }
  }
]
