[
  {
    "id": [53201500],
    "node_id": ["MDEwOlJlcG9zaXRvcnk1MzIwMTUwMA=="],
    "name": ["scrala-worker"],
    "full_name": ["gaocegege/scrala-worker"],
    "private": [false],
    "owner": {
      "login": ["gaocegege"],
      "id": [5100735],
      "node_id": ["MDQ6VXNlcjUxMDA3MzU="],
      "avatar_url": ["https://avatars3.githubusercontent.com/u/5100735?v=4"],
      "gravatar_id": [""],
      "url": ["https://api.github.com/users/gaocegege"],
      "html_url": ["https://github.com/gaocegege"],
      "followers_url": ["https://api.github.com/users/gaocegege/followers"],
      "following_url": ["https://api.github.com/users/gaocegege/following{/other_user}"],
      "gists_url": ["https://api.github.com/users/gaocegege/gists{/gist_id}"],
      "starred_url": ["https://api.github.com/users/gaocegege/starred{/owner}{/repo}"],
      "subscriptions_url": ["https://api.github.com/users/gaocegege/subscriptions"],
      "organizations_url": ["https://api.github.com/users/gaocegege/orgs"],
      "repos_url": ["https://api.github.com/users/gaocegege/repos"],
      "events_url": ["https://api.github.com/users/gaocegege/events{/privacy}"],
      "received_events_url": ["https://api.github.com/users/gaocegege/received_events"],
      "type": ["User"],
      "site_admin": [false]
    },
    "html_url": ["https://github.com/gaocegege/scrala-worker"],
    "description": {},
    "fork": [false],
    "url": ["https://api.github.com/repos/gaocegege/scrala-worker"],
    "forks_url": ["https://api.github.com/repos/gaocegege/scrala-worker/forks"],
    "keys_url": ["https://api.github.com/repos/gaocegege/scrala-worker/keys{/key_id}"],
    "collaborators_url": ["https://api.github.com/repos/gaocegege/scrala-worker/collaborators{/collaborator}"],
    "teams_url": ["https://api.github.com/repos/gaocegege/scrala-worker/teams"],
    "hooks_url": ["https://api.github.com/repos/gaocegege/scrala-worker/hooks"],
    "issue_events_url": ["https://api.github.com/repos/gaocegege/scrala-worker/issues/events{/number}"],
    "events_url": ["https://api.github.com/repos/gaocegege/scrala-worker/events"],
    "assignees_url": ["https://api.github.com/repos/gaocegege/scrala-worker/assignees{/user}"],
    "branches_url": ["https://api.github.com/repos/gaocegege/scrala-worker/branches{/branch}"],
    "tags_url": ["https://api.github.com/repos/gaocegege/scrala-worker/tags"],
    "blobs_url": ["https://api.github.com/repos/gaocegege/scrala-worker/git/blobs{/sha}"],
    "git_tags_url": ["https://api.github.com/repos/gaocegege/scrala-worker/git/tags{/sha}"],
    "git_refs_url": ["https://api.github.com/repos/gaocegege/scrala-worker/git/refs{/sha}"],
    "trees_url": ["https://api.github.com/repos/gaocegege/scrala-worker/git/trees{/sha}"],
    "statuses_url": ["https://api.github.com/repos/gaocegege/scrala-worker/statuses/{sha}"],
    "languages_url": ["https://api.github.com/repos/gaocegege/scrala-worker/languages"],
    "stargazers_url": ["https://api.github.com/repos/gaocegege/scrala-worker/stargazers"],
    "contributors_url": ["https://api.github.com/repos/gaocegege/scrala-worker/contributors"],
    "subscribers_url": ["https://api.github.com/repos/gaocegege/scrala-worker/subscribers"],
    "subscription_url": ["https://api.github.com/repos/gaocegege/scrala-worker/subscription"],
    "commits_url": ["https://api.github.com/repos/gaocegege/scrala-worker/commits{/sha}"],
    "git_commits_url": ["https://api.github.com/repos/gaocegege/scrala-worker/git/commits{/sha}"],
    "comments_url": ["https://api.github.com/repos/gaocegege/scrala-worker/comments{/number}"],
    "issue_comment_url": ["https://api.github.com/repos/gaocegege/scrala-worker/issues/comments{/number}"],
    "contents_url": ["https://api.github.com/repos/gaocegege/scrala-worker/contents/{+path}"],
    "compare_url": ["https://api.github.com/repos/gaocegege/scrala-worker/compare/{base}...{head}"],
    "merges_url": ["https://api.github.com/repos/gaocegege/scrala-worker/merges"],
    "archive_url": ["https://api.github.com/repos/gaocegege/scrala-worker/{archive_format}{/ref}"],
    "downloads_url": ["https://api.github.com/repos/gaocegege/scrala-worker/downloads"],
    "issues_url": ["https://api.github.com/repos/gaocegege/scrala-worker/issues{/number}"],
    "pulls_url": ["https://api.github.com/repos/gaocegege/scrala-worker/pulls{/number}"],
    "milestones_url": ["https://api.github.com/repos/gaocegege/scrala-worker/milestones{/number}"],
    "notifications_url": ["https://api.github.com/repos/gaocegege/scrala-worker/notifications{?since,all,participating}"],
    "labels_url": ["https://api.github.com/repos/gaocegege/scrala-worker/labels{/name}"],
    "releases_url": ["https://api.github.com/repos/gaocegege/scrala-worker/releases{/id}"],
    "deployments_url": ["https://api.github.com/repos/gaocegege/scrala-worker/deployments"],
    "created_at": ["2016-03-05T13:00:40Z"],
    "updated_at": ["2016-03-05T14:18:11Z"],
    "pushed_at": ["2016-03-05T14:18:08Z"],
    "git_url": ["git://github.com/gaocegege/scrala-worker.git"],
    "ssh_url": ["git@github.com:gaocegege/scrala-worker.git"],
    "clone_url": ["https://github.com/gaocegege/scrala-worker.git"],
    "svn_url": ["https://github.com/gaocegege/scrala-worker"],
    "homepage": {},
    "size": [2],
    "stargazers_count": [0],
    "watchers_count": [0],
    "language": ["Scala"],
    "has_issues": [true],
    "has_projects": [true],
    "has_downloads": [true],
    "has_wiki": [true],
    "has_pages": [false],
    "forks_count": [0],
    "mirror_url": {},
    "archived": [false],
    "open_issues_count": [0],
    "license": {},
    "forks": [0],
    "open_issues": [0],
    "watchers": [0],
    "default_branch": ["master"],
    "permissions": {
      "admin": [false],
      "push": [false],
      "pull": [true]
    }
  }
]
