[
  {
    "id": [64760416],
    "node_id": ["MDEwOlJlcG9zaXRvcnk2NDc2MDQxNg=="],
    "name": ["awesome-se"],
    "full_name": ["gaocegege/awesome-se"],
    "private": [false],
    "owner": {
      "login": ["gaocegege"],
      "id": [5100735],
      "node_id": ["MDQ6VXNlcjUxMDA3MzU="],
      "avatar_url": ["https://avatars3.githubusercontent.com/u/5100735?v=4"],
      "gravatar_id": [""],
      "url": ["https://api.github.com/users/gaocegege"],
      "html_url": ["https://github.com/gaocegege"],
      "followers_url": ["https://api.github.com/users/gaocegege/followers"],
      "following_url": ["https://api.github.com/users/gaocegege/following{/other_user}"],
      "gists_url": ["https://api.github.com/users/gaocegege/gists{/gist_id}"],
      "starred_url": ["https://api.github.com/users/gaocegege/starred{/owner}{/repo}"],
      "subscriptions_url": ["https://api.github.com/users/gaocegege/subscriptions"],
      "organizations_url": ["https://api.github.com/users/gaocegege/orgs"],
      "repos_url": ["https://api.github.com/users/gaocegege/repos"],
      "events_url": ["https://api.github.com/users/gaocegege/events{/privacy}"],
      "received_events_url": ["https://api.github.com/users/gaocegege/received_events"],
      "type": ["User"],
      "site_admin": [false]
    },
    "html_url": ["https://github.com/gaocegege/awesome-se"],
    "description": ["cheatsheet in SE, SJTU"],
    "fork": [true],
    "url": ["https://api.github.com/repos/gaocegege/awesome-se"],
    "forks_url": ["https://api.github.com/repos/gaocegege/awesome-se/forks"],
    "keys_url": ["https://api.github.com/repos/gaocegege/awesome-se/keys{/key_id}"],
    "collaborators_url": ["https://api.github.com/repos/gaocegege/awesome-se/collaborators{/collaborator}"],
    "teams_url": ["https://api.github.com/repos/gaocegege/awesome-se/teams"],
    "hooks_url": ["https://api.github.com/repos/gaocegege/awesome-se/hooks"],
    "issue_events_url": ["https://api.github.com/repos/gaocegege/awesome-se/issues/events{/number}"],
    "events_url": ["https://api.github.com/repos/gaocegege/awesome-se/events"],
    "assignees_url": ["https://api.github.com/repos/gaocegege/awesome-se/assignees{/user}"],
    "branches_url": ["https://api.github.com/repos/gaocegege/awesome-se/branches{/branch}"],
    "tags_url": ["https://api.github.com/repos/gaocegege/awesome-se/tags"],
    "blobs_url": ["https://api.github.com/repos/gaocegege/awesome-se/git/blobs{/sha}"],
    "git_tags_url": ["https://api.github.com/repos/gaocegege/awesome-se/git/tags{/sha}"],
    "git_refs_url": ["https://api.github.com/repos/gaocegege/awesome-se/git/refs{/sha}"],
    "trees_url": ["https://api.github.com/repos/gaocegege/awesome-se/git/trees{/sha}"],
    "statuses_url": ["https://api.github.com/repos/gaocegege/awesome-se/statuses/{sha}"],
    "languages_url": ["https://api.github.com/repos/gaocegege/awesome-se/languages"],
    "stargazers_url": ["https://api.github.com/repos/gaocegege/awesome-se/stargazers"],
    "contributors_url": ["https://api.github.com/repos/gaocegege/awesome-se/contributors"],
    "subscribers_url": ["https://api.github.com/repos/gaocegege/awesome-se/subscribers"],
    "subscription_url": ["https://api.github.com/repos/gaocegege/awesome-se/subscription"],
    "commits_url": ["https://api.github.com/repos/gaocegege/awesome-se/commits{/sha}"],
    "git_commits_url": ["https://api.github.com/repos/gaocegege/awesome-se/git/commits{/sha}"],
    "comments_url": ["https://api.github.com/repos/gaocegege/awesome-se/comments{/number}"],
    "issue_comment_url": ["https://api.github.com/repos/gaocegege/awesome-se/issues/comments{/number}"],
    "contents_url": ["https://api.github.com/repos/gaocegege/awesome-se/contents/{+path}"],
    "compare_url": ["https://api.github.com/repos/gaocegege/awesome-se/compare/{base}...{head}"],
    "merges_url": ["https://api.github.com/repos/gaocegege/awesome-se/merges"],
    "archive_url": ["https://api.github.com/repos/gaocegege/awesome-se/{archive_format}{/ref}"],
    "downloads_url": ["https://api.github.com/repos/gaocegege/awesome-se/downloads"],
    "issues_url": ["https://api.github.com/repos/gaocegege/awesome-se/issues{/number}"],
    "pulls_url": ["https://api.github.com/repos/gaocegege/awesome-se/pulls{/number}"],
    "milestones_url": ["https://api.github.com/repos/gaocegege/awesome-se/milestones{/number}"],
    "notifications_url": ["https://api.github.com/repos/gaocegege/awesome-se/notifications{?since,all,participating}"],
    "labels_url": ["https://api.github.com/repos/gaocegege/awesome-se/labels{/name}"],
    "releases_url": ["https://api.github.com/repos/gaocegege/awesome-se/releases{/id}"],
    "deployments_url": ["https://api.github.com/repos/gaocegege/awesome-se/deployments"],
    "created_at": ["2016-08-02T13:45:06Z"],
    "updated_at": ["2018-12-12T07:16:57Z"],
    "pushed_at": ["2016-08-02T13:52:54Z"],
    "git_url": ["git://github.com/gaocegege/awesome-se.git"],
    "ssh_url": ["git@github.com:gaocegege/awesome-se.git"],
    "clone_url": ["https://github.com/gaocegege/awesome-se.git"],
    "svn_url": ["https://github.com/gaocegege/awesome-se"],
    "homepage": ["http://sjtu-se.github.io/awesome-se/"],
    "size": [493],
    "stargazers_count": [0],
    "watchers_count": [0],
    "language": {},
    "has_issues": [false],
    "has_projects": [true],
    "has_downloads": [true],
    "has_wiki": [true],
    "has_pages": [false],
    "forks_count": [0],
    "mirror_url": {},
    "archived": [false],
    "open_issues_count": [0],
    "license": {},
    "forks": [0],
    "open_issues": [0],
    "watchers": [0],
    "default_branch": ["master"],
    "permissions": {
      "admin": [false],
      "push": [false],
      "pull": [true]
    }
  }
]
