[
  {
    "id": [132112359],
    "node_id": ["MDEwOlJlcG9zaXRvcnkxMzIxMTIzNTk="],
    "name": ["pouchrobot"],
    "full_name": ["gaocegege/pouchrobot"],
    "private": [false],
    "owner": {
      "login": ["gaocegege"],
      "id": [5100735],
      "node_id": ["MDQ6VXNlcjUxMDA3MzU="],
      "avatar_url": ["https://avatars3.githubusercontent.com/u/5100735?v=4"],
      "gravatar_id": [""],
      "url": ["https://api.github.com/users/gaocegege"],
      "html_url": ["https://github.com/gaocegege"],
      "followers_url": ["https://api.github.com/users/gaocegege/followers"],
      "following_url": ["https://api.github.com/users/gaocegege/following{/other_user}"],
      "gists_url": ["https://api.github.com/users/gaocegege/gists{/gist_id}"],
      "starred_url": ["https://api.github.com/users/gaocegege/starred{/owner}{/repo}"],
      "subscriptions_url": ["https://api.github.com/users/gaocegege/subscriptions"],
      "organizations_url": ["https://api.github.com/users/gaocegege/orgs"],
      "repos_url": ["https://api.github.com/users/gaocegege/repos"],
      "events_url": ["https://api.github.com/users/gaocegege/events{/privacy}"],
      "received_events_url": ["https://api.github.com/users/gaocegege/received_events"],
      "type": ["User"],
      "site_admin": [false]
    },
    "html_url": ["https://github.com/gaocegege/pouchrobot"],
    "description": ["An AI robot to collaborate in Pouch project"],
    "fork": [true],
    "url": ["https://api.github.com/repos/gaocegege/pouchrobot"],
    "forks_url": ["https://api.github.com/repos/gaocegege/pouchrobot/forks"],
    "keys_url": ["https://api.github.com/repos/gaocegege/pouchrobot/keys{/key_id}"],
    "collaborators_url": ["https://api.github.com/repos/gaocegege/pouchrobot/collaborators{/collaborator}"],
    "teams_url": ["https://api.github.com/repos/gaocegege/pouchrobot/teams"],
    "hooks_url": ["https://api.github.com/repos/gaocegege/pouchrobot/hooks"],
    "issue_events_url": ["https://api.github.com/repos/gaocegege/pouchrobot/issues/events{/number}"],
    "events_url": ["https://api.github.com/repos/gaocegege/pouchrobot/events"],
    "assignees_url": ["https://api.github.com/repos/gaocegege/pouchrobot/assignees{/user}"],
    "branches_url": ["https://api.github.com/repos/gaocegege/pouchrobot/branches{/branch}"],
    "tags_url": ["https://api.github.com/repos/gaocegege/pouchrobot/tags"],
    "blobs_url": ["https://api.github.com/repos/gaocegege/pouchrobot/git/blobs{/sha}"],
    "git_tags_url": ["https://api.github.com/repos/gaocegege/pouchrobot/git/tags{/sha}"],
    "git_refs_url": ["https://api.github.com/repos/gaocegege/pouchrobot/git/refs{/sha}"],
    "trees_url": ["https://api.github.com/repos/gaocegege/pouchrobot/git/trees{/sha}"],
    "statuses_url": ["https://api.github.com/repos/gaocegege/pouchrobot/statuses/{sha}"],
    "languages_url": ["https://api.github.com/repos/gaocegege/pouchrobot/languages"],
    "stargazers_url": ["https://api.github.com/repos/gaocegege/pouchrobot/stargazers"],
    "contributors_url": ["https://api.github.com/repos/gaocegege/pouchrobot/contributors"],
    "subscribers_url": ["https://api.github.com/repos/gaocegege/pouchrobot/subscribers"],
    "subscription_url": ["https://api.github.com/repos/gaocegege/pouchrobot/subscription"],
    "commits_url": ["https://api.github.com/repos/gaocegege/pouchrobot/commits{/sha}"],
    "git_commits_url": ["https://api.github.com/repos/gaocegege/pouchrobot/git/commits{/sha}"],
    "comments_url": ["https://api.github.com/repos/gaocegege/pouchrobot/comments{/number}"],
    "issue_comment_url": ["https://api.github.com/repos/gaocegege/pouchrobot/issues/comments{/number}"],
    "contents_url": ["https://api.github.com/repos/gaocegege/pouchrobot/contents/{+path}"],
    "compare_url": ["https://api.github.com/repos/gaocegege/pouchrobot/compare/{base}...{head}"],
    "merges_url": ["https://api.github.com/repos/gaocegege/pouchrobot/merges"],
    "archive_url": ["https://api.github.com/repos/gaocegege/pouchrobot/{archive_format}{/ref}"],
    "downloads_url": ["https://api.github.com/repos/gaocegege/pouchrobot/downloads"],
    "issues_url": ["https://api.github.com/repos/gaocegege/pouchrobot/issues{/number}"],
    "pulls_url": ["https://api.github.com/repos/gaocegege/pouchrobot/pulls{/number}"],
    "milestones_url": ["https://api.github.com/repos/gaocegege/pouchrobot/milestones{/number}"],
    "notifications_url": ["https://api.github.com/repos/gaocegege/pouchrobot/notifications{?since,all,participating}"],
    "labels_url": ["https://api.github.com/repos/gaocegege/pouchrobot/labels{/name}"],
    "releases_url": ["https://api.github.com/repos/gaocegege/pouchrobot/releases{/id}"],
    "deployments_url": ["https://api.github.com/repos/gaocegege/pouchrobot/deployments"],
    "created_at": ["2018-05-04T08:32:32Z"],
    "updated_at": ["2018-05-04T08:32:34Z"],
    "pushed_at": ["2018-05-08T07:28:41Z"],
    "git_url": ["git://github.com/gaocegege/pouchrobot.git"],
    "ssh_url": ["git@github.com:gaocegege/pouchrobot.git"],
    "clone_url": ["https://github.com/gaocegege/pouchrobot.git"],
    "svn_url": ["https://github.com/gaocegege/pouchrobot"],
    "homepage": {},
    "size": [1174],
    "stargazers_count": [0],
    "watchers_count": [0],
    "language": ["Go"],
    "has_issues": [false],
    "has_projects": [true],
    "has_downloads": [true],
    "has_wiki": [true],
    "has_pages": [false],
    "forks_count": [0],
    "mirror_url": {},
    "archived": [false],
    "open_issues_count": [0],
    "license": {},
    "forks": [0],
    "open_issues": [0],
    "watchers": [0],
    "default_branch": ["master"],
    "permissions": {
      "admin": [false],
      "push": [false],
      "pull": [true]
    }
  }
]
