[
  {
    "id": [117211651],
    "node_id": ["MDEwOlJlcG9zaXRvcnkxMTcyMTE2NTE="],
    "name": ["kubetidb"],
    "full_name": ["gaocegege/kubetidb"],
    "private": [false],
    "owner": {
      "login": ["gaocegege"],
      "id": [5100735],
      "node_id": ["MDQ6VXNlcjUxMDA3MzU="],
      "avatar_url": ["https://avatars3.githubusercontent.com/u/5100735?v=4"],
      "gravatar_id": [""],
      "url": ["https://api.github.com/users/gaocegege"],
      "html_url": ["https://github.com/gaocegege"],
      "followers_url": ["https://api.github.com/users/gaocegege/followers"],
      "following_url": ["https://api.github.com/users/gaocegege/following{/other_user}"],
      "gists_url": ["https://api.github.com/users/gaocegege/gists{/gist_id}"],
      "starred_url": ["https://api.github.com/users/gaocegege/starred{/owner}{/repo}"],
      "subscriptions_url": ["https://api.github.com/users/gaocegege/subscriptions"],
      "organizations_url": ["https://api.github.com/users/gaocegege/orgs"],
      "repos_url": ["https://api.github.com/users/gaocegege/repos"],
      "events_url": ["https://api.github.com/users/gaocegege/events{/privacy}"],
      "received_events_url": ["https://api.github.com/users/gaocegege/received_events"],
      "type": ["User"],
      "site_admin": [false]
    },
    "html_url": ["https://github.com/gaocegege/kubetidb"],
    "description": ["[WIP] Run TiDB on Kubernetes, natively"],
    "fork": [false],
    "url": ["https://api.github.com/repos/gaocegege/kubetidb"],
    "forks_url": ["https://api.github.com/repos/gaocegege/kubetidb/forks"],
    "keys_url": ["https://api.github.com/repos/gaocegege/kubetidb/keys{/key_id}"],
    "collaborators_url": ["https://api.github.com/repos/gaocegege/kubetidb/collaborators{/collaborator}"],
    "teams_url": ["https://api.github.com/repos/gaocegege/kubetidb/teams"],
    "hooks_url": ["https://api.github.com/repos/gaocegege/kubetidb/hooks"],
    "issue_events_url": ["https://api.github.com/repos/gaocegege/kubetidb/issues/events{/number}"],
    "events_url": ["https://api.github.com/repos/gaocegege/kubetidb/events"],
    "assignees_url": ["https://api.github.com/repos/gaocegege/kubetidb/assignees{/user}"],
    "branches_url": ["https://api.github.com/repos/gaocegege/kubetidb/branches{/branch}"],
    "tags_url": ["https://api.github.com/repos/gaocegege/kubetidb/tags"],
    "blobs_url": ["https://api.github.com/repos/gaocegege/kubetidb/git/blobs{/sha}"],
    "git_tags_url": ["https://api.github.com/repos/gaocegege/kubetidb/git/tags{/sha}"],
    "git_refs_url": ["https://api.github.com/repos/gaocegege/kubetidb/git/refs{/sha}"],
    "trees_url": ["https://api.github.com/repos/gaocegege/kubetidb/git/trees{/sha}"],
    "statuses_url": ["https://api.github.com/repos/gaocegege/kubetidb/statuses/{sha}"],
    "languages_url": ["https://api.github.com/repos/gaocegege/kubetidb/languages"],
    "stargazers_url": ["https://api.github.com/repos/gaocegege/kubetidb/stargazers"],
    "contributors_url": ["https://api.github.com/repos/gaocegege/kubetidb/contributors"],
    "subscribers_url": ["https://api.github.com/repos/gaocegege/kubetidb/subscribers"],
    "subscription_url": ["https://api.github.com/repos/gaocegege/kubetidb/subscription"],
    "commits_url": ["https://api.github.com/repos/gaocegege/kubetidb/commits{/sha}"],
    "git_commits_url": ["https://api.github.com/repos/gaocegege/kubetidb/git/commits{/sha}"],
    "comments_url": ["https://api.github.com/repos/gaocegege/kubetidb/comments{/number}"],
    "issue_comment_url": ["https://api.github.com/repos/gaocegege/kubetidb/issues/comments{/number}"],
    "contents_url": ["https://api.github.com/repos/gaocegege/kubetidb/contents/{+path}"],
    "compare_url": ["https://api.github.com/repos/gaocegege/kubetidb/compare/{base}...{head}"],
    "merges_url": ["https://api.github.com/repos/gaocegege/kubetidb/merges"],
    "archive_url": ["https://api.github.com/repos/gaocegege/kubetidb/{archive_format}{/ref}"],
    "downloads_url": ["https://api.github.com/repos/gaocegege/kubetidb/downloads"],
    "issues_url": ["https://api.github.com/repos/gaocegege/kubetidb/issues{/number}"],
    "pulls_url": ["https://api.github.com/repos/gaocegege/kubetidb/pulls{/number}"],
    "milestones_url": ["https://api.github.com/repos/gaocegege/kubetidb/milestones{/number}"],
    "notifications_url": ["https://api.github.com/repos/gaocegege/kubetidb/notifications{?since,all,participating}"],
    "labels_url": ["https://api.github.com/repos/gaocegege/kubetidb/labels{/name}"],
    "releases_url": ["https://api.github.com/repos/gaocegege/kubetidb/releases{/id}"],
    "deployments_url": ["https://api.github.com/repos/gaocegege/kubetidb/deployments"],
    "created_at": ["2018-01-12T07:58:04Z"],
    "updated_at": ["2019-01-01T04:15:05Z"],
    "pushed_at": ["2018-01-12T15:12:37Z"],
    "git_url": ["git://github.com/gaocegege/kubetidb.git"],
    "ssh_url": ["git@github.com:gaocegege/kubetidb.git"],
    "clone_url": ["https://github.com/gaocegege/kubetidb.git"],
    "svn_url": ["https://github.com/gaocegege/kubetidb"],
    "homepage": [""],
    "size": [14772],
    "stargazers_count": [7],
    "watchers_count": [7],
    "language": ["Go"],
    "has_issues": [true],
    "has_projects": [true],
    "has_downloads": [true],
    "has_wiki": [true],
    "has_pages": [false],
    "forks_count": [2],
    "mirror_url": {},
    "archived": [false],
    "open_issues_count": [1],
    "license": {},
    "forks": [2],
    "open_issues": [1],
    "watchers": [7],
    "default_branch": ["master"],
    "permissions": {
      "admin": [false],
      "push": [false],
      "pull": [true]
    }
  }
]
