[
  {
    "id": [97667337],
    "node_id": ["MDEwOlJlcG9zaXRvcnk5NzY2NzMzNw=="],
    "name": ["awesome-R"],
    "full_name": ["gaocegege/awesome-R"],
    "private": [false],
    "owner": {
      "login": ["gaocegege"],
      "id": [5100735],
      "node_id": ["MDQ6VXNlcjUxMDA3MzU="],
      "avatar_url": ["https://avatars3.githubusercontent.com/u/5100735?v=4"],
      "gravatar_id": [""],
      "url": ["https://api.github.com/users/gaocegege"],
      "html_url": ["https://github.com/gaocegege"],
      "followers_url": ["https://api.github.com/users/gaocegege/followers"],
      "following_url": ["https://api.github.com/users/gaocegege/following{/other_user}"],
      "gists_url": ["https://api.github.com/users/gaocegege/gists{/gist_id}"],
      "starred_url": ["https://api.github.com/users/gaocegege/starred{/owner}{/repo}"],
      "subscriptions_url": ["https://api.github.com/users/gaocegege/subscriptions"],
      "organizations_url": ["https://api.github.com/users/gaocegege/orgs"],
      "repos_url": ["https://api.github.com/users/gaocegege/repos"],
      "events_url": ["https://api.github.com/users/gaocegege/events{/privacy}"],
      "received_events_url": ["https://api.github.com/users/gaocegege/received_events"],
      "type": ["User"],
      "site_admin": [false]
    },
    "html_url": ["https://github.com/gaocegege/awesome-R"],
    "description": ["A curated list of awesome R packages, frameworks and software."],
    "fork": [true],
    "url": ["https://api.github.com/repos/gaocegege/awesome-R"],
    "forks_url": ["https://api.github.com/repos/gaocegege/awesome-R/forks"],
    "keys_url": ["https://api.github.com/repos/gaocegege/awesome-R/keys{/key_id}"],
    "collaborators_url": ["https://api.github.com/repos/gaocegege/awesome-R/collaborators{/collaborator}"],
    "teams_url": ["https://api.github.com/repos/gaocegege/awesome-R/teams"],
    "hooks_url": ["https://api.github.com/repos/gaocegege/awesome-R/hooks"],
    "issue_events_url": ["https://api.github.com/repos/gaocegege/awesome-R/issues/events{/number}"],
    "events_url": ["https://api.github.com/repos/gaocegege/awesome-R/events"],
    "assignees_url": ["https://api.github.com/repos/gaocegege/awesome-R/assignees{/user}"],
    "branches_url": ["https://api.github.com/repos/gaocegege/awesome-R/branches{/branch}"],
    "tags_url": ["https://api.github.com/repos/gaocegege/awesome-R/tags"],
    "blobs_url": ["https://api.github.com/repos/gaocegege/awesome-R/git/blobs{/sha}"],
    "git_tags_url": ["https://api.github.com/repos/gaocegege/awesome-R/git/tags{/sha}"],
    "git_refs_url": ["https://api.github.com/repos/gaocegege/awesome-R/git/refs{/sha}"],
    "trees_url": ["https://api.github.com/repos/gaocegege/awesome-R/git/trees{/sha}"],
    "statuses_url": ["https://api.github.com/repos/gaocegege/awesome-R/statuses/{sha}"],
    "languages_url": ["https://api.github.com/repos/gaocegege/awesome-R/languages"],
    "stargazers_url": ["https://api.github.com/repos/gaocegege/awesome-R/stargazers"],
    "contributors_url": ["https://api.github.com/repos/gaocegege/awesome-R/contributors"],
    "subscribers_url": ["https://api.github.com/repos/gaocegege/awesome-R/subscribers"],
    "subscription_url": ["https://api.github.com/repos/gaocegege/awesome-R/subscription"],
    "commits_url": ["https://api.github.com/repos/gaocegege/awesome-R/commits{/sha}"],
    "git_commits_url": ["https://api.github.com/repos/gaocegege/awesome-R/git/commits{/sha}"],
    "comments_url": ["https://api.github.com/repos/gaocegege/awesome-R/comments{/number}"],
    "issue_comment_url": ["https://api.github.com/repos/gaocegege/awesome-R/issues/comments{/number}"],
    "contents_url": ["https://api.github.com/repos/gaocegege/awesome-R/contents/{+path}"],
    "compare_url": ["https://api.github.com/repos/gaocegege/awesome-R/compare/{base}...{head}"],
    "merges_url": ["https://api.github.com/repos/gaocegege/awesome-R/merges"],
    "archive_url": ["https://api.github.com/repos/gaocegege/awesome-R/{archive_format}{/ref}"],
    "downloads_url": ["https://api.github.com/repos/gaocegege/awesome-R/downloads"],
    "issues_url": ["https://api.github.com/repos/gaocegege/awesome-R/issues{/number}"],
    "pulls_url": ["https://api.github.com/repos/gaocegege/awesome-R/pulls{/number}"],
    "milestones_url": ["https://api.github.com/repos/gaocegege/awesome-R/milestones{/number}"],
    "notifications_url": ["https://api.github.com/repos/gaocegege/awesome-R/notifications{?since,all,participating}"],
    "labels_url": ["https://api.github.com/repos/gaocegege/awesome-R/labels{/name}"],
    "releases_url": ["https://api.github.com/repos/gaocegege/awesome-R/releases{/id}"],
    "deployments_url": ["https://api.github.com/repos/gaocegege/awesome-R/deployments"],
    "created_at": ["2017-07-19T03:09:11Z"],
    "updated_at": ["2017-07-19T03:09:13Z"],
    "pushed_at": ["2017-07-17T00:43:11Z"],
    "git_url": ["git://github.com/gaocegege/awesome-R.git"],
    "ssh_url": ["git@github.com:gaocegege/awesome-R.git"],
    "clone_url": ["https://github.com/gaocegege/awesome-R.git"],
    "svn_url": ["https://github.com/gaocegege/awesome-R"],
    "homepage": ["https://awesome-r.com"],
    "size": [1001],
    "stargazers_count": [0],
    "watchers_count": [0],
    "language": ["R"],
    "has_issues": [false],
    "has_projects": [true],
    "has_downloads": [true],
    "has_wiki": [true],
    "has_pages": [false],
    "forks_count": [0],
    "mirror_url": {},
    "archived": [false],
    "open_issues_count": [0],
    "license": {},
    "forks": [0],
    "open_issues": [0],
    "watchers": [0],
    "default_branch": ["master"],
    "permissions": {
      "admin": [false],
      "push": [false],
      "pull": [true]
    }
  }
]
