[
  {
    "id": [131279059],
    "node_id": ["MDEwOlJlcG9zaXRvcnkxMzEyNzkwNTk="],
    "name": ["ecosystem"],
    "full_name": ["gaocegege/ecosystem"],
    "private": [false],
    "owner": {
      "login": ["gaocegege"],
      "id": [5100735],
      "node_id": ["MDQ6VXNlcjUxMDA3MzU="],
      "avatar_url": ["https://avatars3.githubusercontent.com/u/5100735?v=4"],
      "gravatar_id": [""],
      "url": ["https://api.github.com/users/gaocegege"],
      "html_url": ["https://github.com/gaocegege"],
      "followers_url": ["https://api.github.com/users/gaocegege/followers"],
      "following_url": ["https://api.github.com/users/gaocegege/following{/other_user}"],
      "gists_url": ["https://api.github.com/users/gaocegege/gists{/gist_id}"],
      "starred_url": ["https://api.github.com/users/gaocegege/starred{/owner}{/repo}"],
      "subscriptions_url": ["https://api.github.com/users/gaocegege/subscriptions"],
      "organizations_url": ["https://api.github.com/users/gaocegege/orgs"],
      "repos_url": ["https://api.github.com/users/gaocegege/repos"],
      "events_url": ["https://api.github.com/users/gaocegege/events{/privacy}"],
      "received_events_url": ["https://api.github.com/users/gaocegege/received_events"],
      "type": ["User"],
      "site_admin": [false]
    },
    "html_url": ["https://github.com/gaocegege/ecosystem"],
    "description": ["Integration of TensorFlow with other open-source frameworks"],
    "fork": [true],
    "url": ["https://api.github.com/repos/gaocegege/ecosystem"],
    "forks_url": ["https://api.github.com/repos/gaocegege/ecosystem/forks"],
    "keys_url": ["https://api.github.com/repos/gaocegege/ecosystem/keys{/key_id}"],
    "collaborators_url": ["https://api.github.com/repos/gaocegege/ecosystem/collaborators{/collaborator}"],
    "teams_url": ["https://api.github.com/repos/gaocegege/ecosystem/teams"],
    "hooks_url": ["https://api.github.com/repos/gaocegege/ecosystem/hooks"],
    "issue_events_url": ["https://api.github.com/repos/gaocegege/ecosystem/issues/events{/number}"],
    "events_url": ["https://api.github.com/repos/gaocegege/ecosystem/events"],
    "assignees_url": ["https://api.github.com/repos/gaocegege/ecosystem/assignees{/user}"],
    "branches_url": ["https://api.github.com/repos/gaocegege/ecosystem/branches{/branch}"],
    "tags_url": ["https://api.github.com/repos/gaocegege/ecosystem/tags"],
    "blobs_url": ["https://api.github.com/repos/gaocegege/ecosystem/git/blobs{/sha}"],
    "git_tags_url": ["https://api.github.com/repos/gaocegege/ecosystem/git/tags{/sha}"],
    "git_refs_url": ["https://api.github.com/repos/gaocegege/ecosystem/git/refs{/sha}"],
    "trees_url": ["https://api.github.com/repos/gaocegege/ecosystem/git/trees{/sha}"],
    "statuses_url": ["https://api.github.com/repos/gaocegege/ecosystem/statuses/{sha}"],
    "languages_url": ["https://api.github.com/repos/gaocegege/ecosystem/languages"],
    "stargazers_url": ["https://api.github.com/repos/gaocegege/ecosystem/stargazers"],
    "contributors_url": ["https://api.github.com/repos/gaocegege/ecosystem/contributors"],
    "subscribers_url": ["https://api.github.com/repos/gaocegege/ecosystem/subscribers"],
    "subscription_url": ["https://api.github.com/repos/gaocegege/ecosystem/subscription"],
    "commits_url": ["https://api.github.com/repos/gaocegege/ecosystem/commits{/sha}"],
    "git_commits_url": ["https://api.github.com/repos/gaocegege/ecosystem/git/commits{/sha}"],
    "comments_url": ["https://api.github.com/repos/gaocegege/ecosystem/comments{/number}"],
    "issue_comment_url": ["https://api.github.com/repos/gaocegege/ecosystem/issues/comments{/number}"],
    "contents_url": ["https://api.github.com/repos/gaocegege/ecosystem/contents/{+path}"],
    "compare_url": ["https://api.github.com/repos/gaocegege/ecosystem/compare/{base}...{head}"],
    "merges_url": ["https://api.github.com/repos/gaocegege/ecosystem/merges"],
    "archive_url": ["https://api.github.com/repos/gaocegege/ecosystem/{archive_format}{/ref}"],
    "downloads_url": ["https://api.github.com/repos/gaocegege/ecosystem/downloads"],
    "issues_url": ["https://api.github.com/repos/gaocegege/ecosystem/issues{/number}"],
    "pulls_url": ["https://api.github.com/repos/gaocegege/ecosystem/pulls{/number}"],
    "milestones_url": ["https://api.github.com/repos/gaocegege/ecosystem/milestones{/number}"],
    "notifications_url": ["https://api.github.com/repos/gaocegege/ecosystem/notifications{?since,all,participating}"],
    "labels_url": ["https://api.github.com/repos/gaocegege/ecosystem/labels{/name}"],
    "releases_url": ["https://api.github.com/repos/gaocegege/ecosystem/releases{/id}"],
    "deployments_url": ["https://api.github.com/repos/gaocegege/ecosystem/deployments"],
    "created_at": ["2018-04-27T09:58:31Z"],
    "updated_at": ["2018-04-27T09:58:33Z"],
    "pushed_at": ["2018-04-20T19:44:15Z"],
    "git_url": ["git://github.com/gaocegege/ecosystem.git"],
    "ssh_url": ["git@github.com:gaocegege/ecosystem.git"],
    "clone_url": ["https://github.com/gaocegege/ecosystem.git"],
    "svn_url": ["https://github.com/gaocegege/ecosystem"],
    "homepage": [""],
    "size": [714],
    "stargazers_count": [0],
    "watchers_count": [0],
    "language": ["Scala"],
    "has_issues": [false],
    "has_projects": [true],
    "has_downloads": [true],
    "has_wiki": [true],
    "has_pages": [false],
    "forks_count": [0],
    "mirror_url": {},
    "archived": [false],
    "open_issues_count": [0],
    "license": {
      "key": ["apache-2.0"],
      "name": ["Apache License 2.0"],
      "spdx_id": ["Apache-2.0"],
      "url": ["https://api.github.com/licenses/apache-2.0"],
      "node_id": ["MDc6TGljZW5zZTI="]
    },
    "forks": [0],
    "open_issues": [0],
    "watchers": [0],
    "default_branch": ["master"],
    "permissions": {
      "admin": [false],
      "push": [false],
      "pull": [true]
    }
  }
]
