[
  {
    "id": [85651002],
    "node_id": ["MDEwOlJlcG9zaXRvcnk4NTY1MTAwMg=="],
    "name": ["macOS-UI-Kit"],
    "full_name": ["gaocegege/macOS-UI-Kit"],
    "private": [false],
    "owner": {
      "login": ["gaocegege"],
      "id": [5100735],
      "node_id": ["MDQ6VXNlcjUxMDA3MzU="],
      "avatar_url": ["https://avatars3.githubusercontent.com/u/5100735?v=4"],
      "gravatar_id": [""],
      "url": ["https://api.github.com/users/gaocegege"],
      "html_url": ["https://github.com/gaocegege"],
      "followers_url": ["https://api.github.com/users/gaocegege/followers"],
      "following_url": ["https://api.github.com/users/gaocegege/following{/other_user}"],
      "gists_url": ["https://api.github.com/users/gaocegege/gists{/gist_id}"],
      "starred_url": ["https://api.github.com/users/gaocegege/starred{/owner}{/repo}"],
      "subscriptions_url": ["https://api.github.com/users/gaocegege/subscriptions"],
      "organizations_url": ["https://api.github.com/users/gaocegege/orgs"],
      "repos_url": ["https://api.github.com/users/gaocegege/repos"],
      "events_url": ["https://api.github.com/users/gaocegege/events{/privacy}"],
      "received_events_url": ["https://api.github.com/users/gaocegege/received_events"],
      "type": ["User"],
      "site_admin": [false]
    },
    "html_url": ["https://github.com/gaocegege/macOS-UI-Kit"],
    "description": ["A retina optimized macOS Sierra UI Kit for Sketch (including Touch Bar)"],
    "fork": [true],
    "url": ["https://api.github.com/repos/gaocegege/macOS-UI-Kit"],
    "forks_url": ["https://api.github.com/repos/gaocegege/macOS-UI-Kit/forks"],
    "keys_url": ["https://api.github.com/repos/gaocegege/macOS-UI-Kit/keys{/key_id}"],
    "collaborators_url": ["https://api.github.com/repos/gaocegege/macOS-UI-Kit/collaborators{/collaborator}"],
    "teams_url": ["https://api.github.com/repos/gaocegege/macOS-UI-Kit/teams"],
    "hooks_url": ["https://api.github.com/repos/gaocegege/macOS-UI-Kit/hooks"],
    "issue_events_url": ["https://api.github.com/repos/gaocegege/macOS-UI-Kit/issues/events{/number}"],
    "events_url": ["https://api.github.com/repos/gaocegege/macOS-UI-Kit/events"],
    "assignees_url": ["https://api.github.com/repos/gaocegege/macOS-UI-Kit/assignees{/user}"],
    "branches_url": ["https://api.github.com/repos/gaocegege/macOS-UI-Kit/branches{/branch}"],
    "tags_url": ["https://api.github.com/repos/gaocegege/macOS-UI-Kit/tags"],
    "blobs_url": ["https://api.github.com/repos/gaocegege/macOS-UI-Kit/git/blobs{/sha}"],
    "git_tags_url": ["https://api.github.com/repos/gaocegege/macOS-UI-Kit/git/tags{/sha}"],
    "git_refs_url": ["https://api.github.com/repos/gaocegege/macOS-UI-Kit/git/refs{/sha}"],
    "trees_url": ["https://api.github.com/repos/gaocegege/macOS-UI-Kit/git/trees{/sha}"],
    "statuses_url": ["https://api.github.com/repos/gaocegege/macOS-UI-Kit/statuses/{sha}"],
    "languages_url": ["https://api.github.com/repos/gaocegege/macOS-UI-Kit/languages"],
    "stargazers_url": ["https://api.github.com/repos/gaocegege/macOS-UI-Kit/stargazers"],
    "contributors_url": ["https://api.github.com/repos/gaocegege/macOS-UI-Kit/contributors"],
    "subscribers_url": ["https://api.github.com/repos/gaocegege/macOS-UI-Kit/subscribers"],
    "subscription_url": ["https://api.github.com/repos/gaocegege/macOS-UI-Kit/subscription"],
    "commits_url": ["https://api.github.com/repos/gaocegege/macOS-UI-Kit/commits{/sha}"],
    "git_commits_url": ["https://api.github.com/repos/gaocegege/macOS-UI-Kit/git/commits{/sha}"],
    "comments_url": ["https://api.github.com/repos/gaocegege/macOS-UI-Kit/comments{/number}"],
    "issue_comment_url": ["https://api.github.com/repos/gaocegege/macOS-UI-Kit/issues/comments{/number}"],
    "contents_url": ["https://api.github.com/repos/gaocegege/macOS-UI-Kit/contents/{+path}"],
    "compare_url": ["https://api.github.com/repos/gaocegege/macOS-UI-Kit/compare/{base}...{head}"],
    "merges_url": ["https://api.github.com/repos/gaocegege/macOS-UI-Kit/merges"],
    "archive_url": ["https://api.github.com/repos/gaocegege/macOS-UI-Kit/{archive_format}{/ref}"],
    "downloads_url": ["https://api.github.com/repos/gaocegege/macOS-UI-Kit/downloads"],
    "issues_url": ["https://api.github.com/repos/gaocegege/macOS-UI-Kit/issues{/number}"],
    "pulls_url": ["https://api.github.com/repos/gaocegege/macOS-UI-Kit/pulls{/number}"],
    "milestones_url": ["https://api.github.com/repos/gaocegege/macOS-UI-Kit/milestones{/number}"],
    "notifications_url": ["https://api.github.com/repos/gaocegege/macOS-UI-Kit/notifications{?since,all,participating}"],
    "labels_url": ["https://api.github.com/repos/gaocegege/macOS-UI-Kit/labels{/name}"],
    "releases_url": ["https://api.github.com/repos/gaocegege/macOS-UI-Kit/releases{/id}"],
    "deployments_url": ["https://api.github.com/repos/gaocegege/macOS-UI-Kit/deployments"],
    "created_at": ["2017-03-21T02:40:56Z"],
    "updated_at": ["2017-03-20T17:26:46Z"],
    "pushed_at": ["2017-03-21T02:44:41Z"],
    "git_url": ["git://github.com/gaocegege/macOS-UI-Kit.git"],
    "ssh_url": ["git@github.com:gaocegege/macOS-UI-Kit.git"],
    "clone_url": ["https://github.com/gaocegege/macOS-UI-Kit.git"],
    "svn_url": ["https://github.com/gaocegege/macOS-UI-Kit"],
    "homepage": [""],
    "size": [28004],
    "stargazers_count": [0],
    "watchers_count": [0],
    "language": {},
    "has_issues": [false],
    "has_projects": [true],
    "has_downloads": [true],
    "has_wiki": [true],
    "has_pages": [false],
    "forks_count": [0],
    "mirror_url": {},
    "archived": [false],
    "open_issues_count": [0],
    "license": {
      "key": ["mit"],
      "name": ["MIT License"],
      "spdx_id": ["MIT"],
      "url": ["https://api.github.com/licenses/mit"],
      "node_id": ["MDc6TGljZW5zZTEz"]
    },
    "forks": [0],
    "open_issues": [0],
    "watchers": [0],
    "default_branch": ["master"],
    "permissions": {
      "admin": [false],
      "push": [false],
      "pull": [true]
    }
  }
]
