[
  {
    "id": [32554802],
    "node_id": ["MDEwOlJlcG9zaXRvcnkzMjU1NDgwMg=="],
    "name": ["MyLeetcode"],
    "full_name": ["gaocegege/MyLeetcode"],
    "private": [false],
    "owner": {
      "login": ["gaocegege"],
      "id": [5100735],
      "node_id": ["MDQ6VXNlcjUxMDA3MzU="],
      "avatar_url": ["https://avatars3.githubusercontent.com/u/5100735?v=4"],
      "gravatar_id": [""],
      "url": ["https://api.github.com/users/gaocegege"],
      "html_url": ["https://github.com/gaocegege"],
      "followers_url": ["https://api.github.com/users/gaocegege/followers"],
      "following_url": ["https://api.github.com/users/gaocegege/following{/other_user}"],
      "gists_url": ["https://api.github.com/users/gaocegege/gists{/gist_id}"],
      "starred_url": ["https://api.github.com/users/gaocegege/starred{/owner}{/repo}"],
      "subscriptions_url": ["https://api.github.com/users/gaocegege/subscriptions"],
      "organizations_url": ["https://api.github.com/users/gaocegege/orgs"],
      "repos_url": ["https://api.github.com/users/gaocegege/repos"],
      "events_url": ["https://api.github.com/users/gaocegege/events{/privacy}"],
      "received_events_url": ["https://api.github.com/users/gaocegege/received_events"],
      "type": ["User"],
      "site_admin": [false]
    },
    "html_url": ["https://github.com/gaocegege/MyLeetcode"],
    "description": ["Leetcode code"],
    "fork": [false],
    "url": ["https://api.github.com/repos/gaocegege/MyLeetcode"],
    "forks_url": ["https://api.github.com/repos/gaocegege/MyLeetcode/forks"],
    "keys_url": ["https://api.github.com/repos/gaocegege/MyLeetcode/keys{/key_id}"],
    "collaborators_url": ["https://api.github.com/repos/gaocegege/MyLeetcode/collaborators{/collaborator}"],
    "teams_url": ["https://api.github.com/repos/gaocegege/MyLeetcode/teams"],
    "hooks_url": ["https://api.github.com/repos/gaocegege/MyLeetcode/hooks"],
    "issue_events_url": ["https://api.github.com/repos/gaocegege/MyLeetcode/issues/events{/number}"],
    "events_url": ["https://api.github.com/repos/gaocegege/MyLeetcode/events"],
    "assignees_url": ["https://api.github.com/repos/gaocegege/MyLeetcode/assignees{/user}"],
    "branches_url": ["https://api.github.com/repos/gaocegege/MyLeetcode/branches{/branch}"],
    "tags_url": ["https://api.github.com/repos/gaocegege/MyLeetcode/tags"],
    "blobs_url": ["https://api.github.com/repos/gaocegege/MyLeetcode/git/blobs{/sha}"],
    "git_tags_url": ["https://api.github.com/repos/gaocegege/MyLeetcode/git/tags{/sha}"],
    "git_refs_url": ["https://api.github.com/repos/gaocegege/MyLeetcode/git/refs{/sha}"],
    "trees_url": ["https://api.github.com/repos/gaocegege/MyLeetcode/git/trees{/sha}"],
    "statuses_url": ["https://api.github.com/repos/gaocegege/MyLeetcode/statuses/{sha}"],
    "languages_url": ["https://api.github.com/repos/gaocegege/MyLeetcode/languages"],
    "stargazers_url": ["https://api.github.com/repos/gaocegege/MyLeetcode/stargazers"],
    "contributors_url": ["https://api.github.com/repos/gaocegege/MyLeetcode/contributors"],
    "subscribers_url": ["https://api.github.com/repos/gaocegege/MyLeetcode/subscribers"],
    "subscription_url": ["https://api.github.com/repos/gaocegege/MyLeetcode/subscription"],
    "commits_url": ["https://api.github.com/repos/gaocegege/MyLeetcode/commits{/sha}"],
    "git_commits_url": ["https://api.github.com/repos/gaocegege/MyLeetcode/git/commits{/sha}"],
    "comments_url": ["https://api.github.com/repos/gaocegege/MyLeetcode/comments{/number}"],
    "issue_comment_url": ["https://api.github.com/repos/gaocegege/MyLeetcode/issues/comments{/number}"],
    "contents_url": ["https://api.github.com/repos/gaocegege/MyLeetcode/contents/{+path}"],
    "compare_url": ["https://api.github.com/repos/gaocegege/MyLeetcode/compare/{base}...{head}"],
    "merges_url": ["https://api.github.com/repos/gaocegege/MyLeetcode/merges"],
    "archive_url": ["https://api.github.com/repos/gaocegege/MyLeetcode/{archive_format}{/ref}"],
    "downloads_url": ["https://api.github.com/repos/gaocegege/MyLeetcode/downloads"],
    "issues_url": ["https://api.github.com/repos/gaocegege/MyLeetcode/issues{/number}"],
    "pulls_url": ["https://api.github.com/repos/gaocegege/MyLeetcode/pulls{/number}"],
    "milestones_url": ["https://api.github.com/repos/gaocegege/MyLeetcode/milestones{/number}"],
    "notifications_url": ["https://api.github.com/repos/gaocegege/MyLeetcode/notifications{?since,all,participating}"],
    "labels_url": ["https://api.github.com/repos/gaocegege/MyLeetcode/labels{/name}"],
    "releases_url": ["https://api.github.com/repos/gaocegege/MyLeetcode/releases{/id}"],
    "deployments_url": ["https://api.github.com/repos/gaocegege/MyLeetcode/deployments"],
    "created_at": ["2015-03-20T01:02:09Z"],
    "updated_at": ["2016-11-01T13:52:49Z"],
    "pushed_at": ["2016-11-01T13:52:48Z"],
    "git_url": ["git://github.com/gaocegege/MyLeetcode.git"],
    "ssh_url": ["git@github.com:gaocegege/MyLeetcode.git"],
    "clone_url": ["https://github.com/gaocegege/MyLeetcode.git"],
    "svn_url": ["https://github.com/gaocegege/MyLeetcode"],
    "homepage": {},
    "size": [12],
    "stargazers_count": [0],
    "watchers_count": [0],
    "language": ["C++"],
    "has_issues": [true],
    "has_projects": [true],
    "has_downloads": [true],
    "has_wiki": [true],
    "has_pages": [false],
    "forks_count": [0],
    "mirror_url": {},
    "archived": [false],
    "open_issues_count": [0],
    "license": {},
    "forks": [0],
    "open_issues": [0],
    "watchers": [0],
    "default_branch": ["master"],
    "permissions": {
      "admin": [false],
      "push": [false],
      "pull": [true]
    }
  }
]
