[
  {
    "id": [52664870],
    "node_id": ["MDEwOlJlcG9zaXRvcnk1MjY2NDg3MA=="],
    "name": ["Ayi"],
    "full_name": ["gaocegege/Ayi"],
    "private": [false],
    "owner": {
      "login": ["gaocegege"],
      "id": [5100735],
      "node_id": ["MDQ6VXNlcjUxMDA3MzU="],
      "avatar_url": ["https://avatars3.githubusercontent.com/u/5100735?v=4"],
      "gravatar_id": [""],
      "url": ["https://api.github.com/users/gaocegege"],
      "html_url": ["https://github.com/gaocegege"],
      "followers_url": ["https://api.github.com/users/gaocegege/followers"],
      "following_url": ["https://api.github.com/users/gaocegege/following{/other_user}"],
      "gists_url": ["https://api.github.com/users/gaocegege/gists{/gist_id}"],
      "starred_url": ["https://api.github.com/users/gaocegege/starred{/owner}{/repo}"],
      "subscriptions_url": ["https://api.github.com/users/gaocegege/subscriptions"],
      "organizations_url": ["https://api.github.com/users/gaocegege/orgs"],
      "repos_url": ["https://api.github.com/users/gaocegege/repos"],
      "events_url": ["https://api.github.com/users/gaocegege/events{/privacy}"],
      "received_events_url": ["https://api.github.com/users/gaocegege/received_events"],
      "type": ["User"],
      "site_admin": [false]
    },
    "html_url": ["https://github.com/gaocegege/Ayi"],
    "description": ["A cross platform util application"],
    "fork": [true],
    "url": ["https://api.github.com/repos/gaocegege/Ayi"],
    "forks_url": ["https://api.github.com/repos/gaocegege/Ayi/forks"],
    "keys_url": ["https://api.github.com/repos/gaocegege/Ayi/keys{/key_id}"],
    "collaborators_url": ["https://api.github.com/repos/gaocegege/Ayi/collaborators{/collaborator}"],
    "teams_url": ["https://api.github.com/repos/gaocegege/Ayi/teams"],
    "hooks_url": ["https://api.github.com/repos/gaocegege/Ayi/hooks"],
    "issue_events_url": ["https://api.github.com/repos/gaocegege/Ayi/issues/events{/number}"],
    "events_url": ["https://api.github.com/repos/gaocegege/Ayi/events"],
    "assignees_url": ["https://api.github.com/repos/gaocegege/Ayi/assignees{/user}"],
    "branches_url": ["https://api.github.com/repos/gaocegege/Ayi/branches{/branch}"],
    "tags_url": ["https://api.github.com/repos/gaocegege/Ayi/tags"],
    "blobs_url": ["https://api.github.com/repos/gaocegege/Ayi/git/blobs{/sha}"],
    "git_tags_url": ["https://api.github.com/repos/gaocegege/Ayi/git/tags{/sha}"],
    "git_refs_url": ["https://api.github.com/repos/gaocegege/Ayi/git/refs{/sha}"],
    "trees_url": ["https://api.github.com/repos/gaocegege/Ayi/git/trees{/sha}"],
    "statuses_url": ["https://api.github.com/repos/gaocegege/Ayi/statuses/{sha}"],
    "languages_url": ["https://api.github.com/repos/gaocegege/Ayi/languages"],
    "stargazers_url": ["https://api.github.com/repos/gaocegege/Ayi/stargazers"],
    "contributors_url": ["https://api.github.com/repos/gaocegege/Ayi/contributors"],
    "subscribers_url": ["https://api.github.com/repos/gaocegege/Ayi/subscribers"],
    "subscription_url": ["https://api.github.com/repos/gaocegege/Ayi/subscription"],
    "commits_url": ["https://api.github.com/repos/gaocegege/Ayi/commits{/sha}"],
    "git_commits_url": ["https://api.github.com/repos/gaocegege/Ayi/git/commits{/sha}"],
    "comments_url": ["https://api.github.com/repos/gaocegege/Ayi/comments{/number}"],
    "issue_comment_url": ["https://api.github.com/repos/gaocegege/Ayi/issues/comments{/number}"],
    "contents_url": ["https://api.github.com/repos/gaocegege/Ayi/contents/{+path}"],
    "compare_url": ["https://api.github.com/repos/gaocegege/Ayi/compare/{base}...{head}"],
    "merges_url": ["https://api.github.com/repos/gaocegege/Ayi/merges"],
    "archive_url": ["https://api.github.com/repos/gaocegege/Ayi/{archive_format}{/ref}"],
    "downloads_url": ["https://api.github.com/repos/gaocegege/Ayi/downloads"],
    "issues_url": ["https://api.github.com/repos/gaocegege/Ayi/issues{/number}"],
    "pulls_url": ["https://api.github.com/repos/gaocegege/Ayi/pulls{/number}"],
    "milestones_url": ["https://api.github.com/repos/gaocegege/Ayi/milestones{/number}"],
    "notifications_url": ["https://api.github.com/repos/gaocegege/Ayi/notifications{?since,all,participating}"],
    "labels_url": ["https://api.github.com/repos/gaocegege/Ayi/labels{/name}"],
    "releases_url": ["https://api.github.com/repos/gaocegege/Ayi/releases{/id}"],
    "deployments_url": ["https://api.github.com/repos/gaocegege/Ayi/deployments"],
    "created_at": ["2016-02-27T12:05:10Z"],
    "updated_at": ["2016-02-27T12:05:11Z"],
    "pushed_at": ["2016-03-02T05:05:56Z"],
    "git_url": ["git://github.com/gaocegege/Ayi.git"],
    "ssh_url": ["git@github.com:gaocegege/Ayi.git"],
    "clone_url": ["https://github.com/gaocegege/Ayi.git"],
    "svn_url": ["https://github.com/gaocegege/Ayi"],
    "homepage": [""],
    "size": [951],
    "stargazers_count": [0],
    "watchers_count": [0],
    "language": ["Go"],
    "has_issues": [false],
    "has_projects": [true],
    "has_downloads": [true],
    "has_wiki": [true],
    "has_pages": [false],
    "forks_count": [0],
    "mirror_url": {},
    "archived": [false],
    "open_issues_count": [0],
    "license": {
      "key": ["mit"],
      "name": ["MIT License"],
      "spdx_id": ["MIT"],
      "url": ["https://api.github.com/licenses/mit"],
      "node_id": ["MDc6TGljZW5zZTEz"]
    },
    "forks": [0],
    "open_issues": [0],
    "watchers": [0],
    "default_branch": ["master"],
    "permissions": {
      "admin": [false],
      "push": [false],
      "pull": [true]
    }
  }
]
