[
  {
    "id": [76931499],
    "node_id": ["MDEwOlJlcG9zaXRvcnk3NjkzMTQ5OQ=="],
    "name": ["christmas"],
    "full_name": ["gaocegege/christmas"],
    "private": [false],
    "owner": {
      "login": ["gaocegege"],
      "id": [5100735],
      "node_id": ["MDQ6VXNlcjUxMDA3MzU="],
      "avatar_url": ["https://avatars3.githubusercontent.com/u/5100735?v=4"],
      "gravatar_id": [""],
      "url": ["https://api.github.com/users/gaocegege"],
      "html_url": ["https://github.com/gaocegege"],
      "followers_url": ["https://api.github.com/users/gaocegege/followers"],
      "following_url": ["https://api.github.com/users/gaocegege/following{/other_user}"],
      "gists_url": ["https://api.github.com/users/gaocegege/gists{/gist_id}"],
      "starred_url": ["https://api.github.com/users/gaocegege/starred{/owner}{/repo}"],
      "subscriptions_url": ["https://api.github.com/users/gaocegege/subscriptions"],
      "organizations_url": ["https://api.github.com/users/gaocegege/orgs"],
      "repos_url": ["https://api.github.com/users/gaocegege/repos"],
      "events_url": ["https://api.github.com/users/gaocegege/events{/privacy}"],
      "received_events_url": ["https://api.github.com/users/gaocegege/received_events"],
      "type": ["User"],
      "site_admin": [false]
    },
    "html_url": ["https://github.com/gaocegege/christmas"],
    "description": ["Bring me a tree."],
    "fork": [true],
    "url": ["https://api.github.com/repos/gaocegege/christmas"],
    "forks_url": ["https://api.github.com/repos/gaocegege/christmas/forks"],
    "keys_url": ["https://api.github.com/repos/gaocegege/christmas/keys{/key_id}"],
    "collaborators_url": ["https://api.github.com/repos/gaocegege/christmas/collaborators{/collaborator}"],
    "teams_url": ["https://api.github.com/repos/gaocegege/christmas/teams"],
    "hooks_url": ["https://api.github.com/repos/gaocegege/christmas/hooks"],
    "issue_events_url": ["https://api.github.com/repos/gaocegege/christmas/issues/events{/number}"],
    "events_url": ["https://api.github.com/repos/gaocegege/christmas/events"],
    "assignees_url": ["https://api.github.com/repos/gaocegege/christmas/assignees{/user}"],
    "branches_url": ["https://api.github.com/repos/gaocegege/christmas/branches{/branch}"],
    "tags_url": ["https://api.github.com/repos/gaocegege/christmas/tags"],
    "blobs_url": ["https://api.github.com/repos/gaocegege/christmas/git/blobs{/sha}"],
    "git_tags_url": ["https://api.github.com/repos/gaocegege/christmas/git/tags{/sha}"],
    "git_refs_url": ["https://api.github.com/repos/gaocegege/christmas/git/refs{/sha}"],
    "trees_url": ["https://api.github.com/repos/gaocegege/christmas/git/trees{/sha}"],
    "statuses_url": ["https://api.github.com/repos/gaocegege/christmas/statuses/{sha}"],
    "languages_url": ["https://api.github.com/repos/gaocegege/christmas/languages"],
    "stargazers_url": ["https://api.github.com/repos/gaocegege/christmas/stargazers"],
    "contributors_url": ["https://api.github.com/repos/gaocegege/christmas/contributors"],
    "subscribers_url": ["https://api.github.com/repos/gaocegege/christmas/subscribers"],
    "subscription_url": ["https://api.github.com/repos/gaocegege/christmas/subscription"],
    "commits_url": ["https://api.github.com/repos/gaocegege/christmas/commits{/sha}"],
    "git_commits_url": ["https://api.github.com/repos/gaocegege/christmas/git/commits{/sha}"],
    "comments_url": ["https://api.github.com/repos/gaocegege/christmas/comments{/number}"],
    "issue_comment_url": ["https://api.github.com/repos/gaocegege/christmas/issues/comments{/number}"],
    "contents_url": ["https://api.github.com/repos/gaocegege/christmas/contents/{+path}"],
    "compare_url": ["https://api.github.com/repos/gaocegege/christmas/compare/{base}...{head}"],
    "merges_url": ["https://api.github.com/repos/gaocegege/christmas/merges"],
    "archive_url": ["https://api.github.com/repos/gaocegege/christmas/{archive_format}{/ref}"],
    "downloads_url": ["https://api.github.com/repos/gaocegege/christmas/downloads"],
    "issues_url": ["https://api.github.com/repos/gaocegege/christmas/issues{/number}"],
    "pulls_url": ["https://api.github.com/repos/gaocegege/christmas/pulls{/number}"],
    "milestones_url": ["https://api.github.com/repos/gaocegege/christmas/milestones{/number}"],
    "notifications_url": ["https://api.github.com/repos/gaocegege/christmas/notifications{?since,all,participating}"],
    "labels_url": ["https://api.github.com/repos/gaocegege/christmas/labels{/name}"],
    "releases_url": ["https://api.github.com/repos/gaocegege/christmas/releases{/id}"],
    "deployments_url": ["https://api.github.com/repos/gaocegege/christmas/deployments"],
    "created_at": ["2016-12-20T06:54:30Z"],
    "updated_at": ["2016-12-20T06:54:32Z"],
    "pushed_at": ["2013-12-12T13:37:27Z"],
    "git_url": ["git://github.com/gaocegege/christmas.git"],
    "ssh_url": ["git@github.com:gaocegege/christmas.git"],
    "clone_url": ["https://github.com/gaocegege/christmas.git"],
    "svn_url": ["https://github.com/gaocegege/christmas"],
    "homepage": ["http://podrivo.com/doodles/christmas/"],
    "size": [3688],
    "stargazers_count": [0],
    "watchers_count": [0],
    "language": ["HTML"],
    "has_issues": [false],
    "has_projects": [true],
    "has_downloads": [true],
    "has_wiki": [true],
    "has_pages": [false],
    "forks_count": [1],
    "mirror_url": {},
    "archived": [false],
    "open_issues_count": [0],
    "license": {},
    "forks": [1],
    "open_issues": [0],
    "watchers": [0],
    "default_branch": ["master"],
    "permissions": {
      "admin": [false],
      "push": [false],
      "pull": [true]
    }
  }
]
