[
  {
    "id": [78630258],
    "node_id": ["MDEwOlJlcG9zaXRvcnk3ODYzMDI1OA=="],
    "name": ["coala-langserver"],
    "full_name": ["gaocegege/coala-langserver"],
    "private": [false],
    "owner": {
      "login": ["gaocegege"],
      "id": [5100735],
      "node_id": ["MDQ6VXNlcjUxMDA3MzU="],
      "avatar_url": ["https://avatars3.githubusercontent.com/u/5100735?v=4"],
      "gravatar_id": [""],
      "url": ["https://api.github.com/users/gaocegege"],
      "html_url": ["https://github.com/gaocegege"],
      "followers_url": ["https://api.github.com/users/gaocegege/followers"],
      "following_url": ["https://api.github.com/users/gaocegege/following{/other_user}"],
      "gists_url": ["https://api.github.com/users/gaocegege/gists{/gist_id}"],
      "starred_url": ["https://api.github.com/users/gaocegege/starred{/owner}{/repo}"],
      "subscriptions_url": ["https://api.github.com/users/gaocegege/subscriptions"],
      "organizations_url": ["https://api.github.com/users/gaocegege/orgs"],
      "repos_url": ["https://api.github.com/users/gaocegege/repos"],
      "events_url": ["https://api.github.com/users/gaocegege/events{/privacy}"],
      "received_events_url": ["https://api.github.com/users/gaocegege/received_events"],
      "type": ["User"],
      "site_admin": [false]
    },
    "html_url": ["https://github.com/gaocegege/coala-langserver"],
    "description": ["UNMAINTAINED: MOVE TO github.com/coala/coala-vs-code"],
    "fork": [false],
    "url": ["https://api.github.com/repos/gaocegege/coala-langserver"],
    "forks_url": ["https://api.github.com/repos/gaocegege/coala-langserver/forks"],
    "keys_url": ["https://api.github.com/repos/gaocegege/coala-langserver/keys{/key_id}"],
    "collaborators_url": ["https://api.github.com/repos/gaocegege/coala-langserver/collaborators{/collaborator}"],
    "teams_url": ["https://api.github.com/repos/gaocegege/coala-langserver/teams"],
    "hooks_url": ["https://api.github.com/repos/gaocegege/coala-langserver/hooks"],
    "issue_events_url": ["https://api.github.com/repos/gaocegege/coala-langserver/issues/events{/number}"],
    "events_url": ["https://api.github.com/repos/gaocegege/coala-langserver/events"],
    "assignees_url": ["https://api.github.com/repos/gaocegege/coala-langserver/assignees{/user}"],
    "branches_url": ["https://api.github.com/repos/gaocegege/coala-langserver/branches{/branch}"],
    "tags_url": ["https://api.github.com/repos/gaocegege/coala-langserver/tags"],
    "blobs_url": ["https://api.github.com/repos/gaocegege/coala-langserver/git/blobs{/sha}"],
    "git_tags_url": ["https://api.github.com/repos/gaocegege/coala-langserver/git/tags{/sha}"],
    "git_refs_url": ["https://api.github.com/repos/gaocegege/coala-langserver/git/refs{/sha}"],
    "trees_url": ["https://api.github.com/repos/gaocegege/coala-langserver/git/trees{/sha}"],
    "statuses_url": ["https://api.github.com/repos/gaocegege/coala-langserver/statuses/{sha}"],
    "languages_url": ["https://api.github.com/repos/gaocegege/coala-langserver/languages"],
    "stargazers_url": ["https://api.github.com/repos/gaocegege/coala-langserver/stargazers"],
    "contributors_url": ["https://api.github.com/repos/gaocegege/coala-langserver/contributors"],
    "subscribers_url": ["https://api.github.com/repos/gaocegege/coala-langserver/subscribers"],
    "subscription_url": ["https://api.github.com/repos/gaocegege/coala-langserver/subscription"],
    "commits_url": ["https://api.github.com/repos/gaocegege/coala-langserver/commits{/sha}"],
    "git_commits_url": ["https://api.github.com/repos/gaocegege/coala-langserver/git/commits{/sha}"],
    "comments_url": ["https://api.github.com/repos/gaocegege/coala-langserver/comments{/number}"],
    "issue_comment_url": ["https://api.github.com/repos/gaocegege/coala-langserver/issues/comments{/number}"],
    "contents_url": ["https://api.github.com/repos/gaocegege/coala-langserver/contents/{+path}"],
    "compare_url": ["https://api.github.com/repos/gaocegege/coala-langserver/compare/{base}...{head}"],
    "merges_url": ["https://api.github.com/repos/gaocegege/coala-langserver/merges"],
    "archive_url": ["https://api.github.com/repos/gaocegege/coala-langserver/{archive_format}{/ref}"],
    "downloads_url": ["https://api.github.com/repos/gaocegege/coala-langserver/downloads"],
    "issues_url": ["https://api.github.com/repos/gaocegege/coala-langserver/issues{/number}"],
    "pulls_url": ["https://api.github.com/repos/gaocegege/coala-langserver/pulls{/number}"],
    "milestones_url": ["https://api.github.com/repos/gaocegege/coala-langserver/milestones{/number}"],
    "notifications_url": ["https://api.github.com/repos/gaocegege/coala-langserver/notifications{?since,all,participating}"],
    "labels_url": ["https://api.github.com/repos/gaocegege/coala-langserver/labels{/name}"],
    "releases_url": ["https://api.github.com/repos/gaocegege/coala-langserver/releases{/id}"],
    "deployments_url": ["https://api.github.com/repos/gaocegege/coala-langserver/deployments"],
    "created_at": ["2017-01-11T10:56:07Z"],
    "updated_at": ["2017-01-25T03:05:13Z"],
    "pushed_at": ["2017-01-25T03:04:39Z"],
    "git_url": ["git://github.com/gaocegege/coala-langserver.git"],
    "ssh_url": ["git@github.com:gaocegege/coala-langserver.git"],
    "clone_url": ["https://github.com/gaocegege/coala-langserver.git"],
    "svn_url": ["https://github.com/gaocegege/coala-langserver"],
    "homepage": ["https://github.com/coala/coala-vs-code"],
    "size": [498],
    "stargazers_count": [6],
    "watchers_count": [6],
    "language": ["Python"],
    "has_issues": [true],
    "has_projects": [true],
    "has_downloads": [true],
    "has_wiki": [true],
    "has_pages": [false],
    "forks_count": [0],
    "mirror_url": {},
    "archived": [false],
    "open_issues_count": [0],
    "license": {
      "key": ["agpl-3.0"],
      "name": ["GNU Affero General Public License v3.0"],
      "spdx_id": ["AGPL-3.0"],
      "url": ["https://api.github.com/licenses/agpl-3.0"],
      "node_id": ["MDc6TGljZW5zZTE="]
    },
    "forks": [0],
    "open_issues": [0],
    "watchers": [6],
    "default_branch": ["master"],
    "permissions": {
      "admin": [false],
      "push": [false],
      "pull": [true]
    }
  }
]
