[
  {
    "id": [63840581],
    "node_id": ["MDEwOlJlcG9zaXRvcnk2Mzg0MDU4MQ=="],
    "name": ["fwwbFront"],
    "full_name": ["gaocegege/fwwbFront"],
    "private": [false],
    "owner": {
      "login": ["gaocegege"],
      "id": [5100735],
      "node_id": ["MDQ6VXNlcjUxMDA3MzU="],
      "avatar_url": ["https://avatars3.githubusercontent.com/u/5100735?v=4"],
      "gravatar_id": [""],
      "url": ["https://api.github.com/users/gaocegege"],
      "html_url": ["https://github.com/gaocegege"],
      "followers_url": ["https://api.github.com/users/gaocegege/followers"],
      "following_url": ["https://api.github.com/users/gaocegege/following{/other_user}"],
      "gists_url": ["https://api.github.com/users/gaocegege/gists{/gist_id}"],
      "starred_url": ["https://api.github.com/users/gaocegege/starred{/owner}{/repo}"],
      "subscriptions_url": ["https://api.github.com/users/gaocegege/subscriptions"],
      "organizations_url": ["https://api.github.com/users/gaocegege/orgs"],
      "repos_url": ["https://api.github.com/users/gaocegege/repos"],
      "events_url": ["https://api.github.com/users/gaocegege/events{/privacy}"],
      "received_events_url": ["https://api.github.com/users/gaocegege/received_events"],
      "type": ["User"],
      "site_admin": [false]
    },
    "html_url": ["https://github.com/gaocegege/fwwbFront"],
    "description": {},
    "fork": [true],
    "url": ["https://api.github.com/repos/gaocegege/fwwbFront"],
    "forks_url": ["https://api.github.com/repos/gaocegege/fwwbFront/forks"],
    "keys_url": ["https://api.github.com/repos/gaocegege/fwwbFront/keys{/key_id}"],
    "collaborators_url": ["https://api.github.com/repos/gaocegege/fwwbFront/collaborators{/collaborator}"],
    "teams_url": ["https://api.github.com/repos/gaocegege/fwwbFront/teams"],
    "hooks_url": ["https://api.github.com/repos/gaocegege/fwwbFront/hooks"],
    "issue_events_url": ["https://api.github.com/repos/gaocegege/fwwbFront/issues/events{/number}"],
    "events_url": ["https://api.github.com/repos/gaocegege/fwwbFront/events"],
    "assignees_url": ["https://api.github.com/repos/gaocegege/fwwbFront/assignees{/user}"],
    "branches_url": ["https://api.github.com/repos/gaocegege/fwwbFront/branches{/branch}"],
    "tags_url": ["https://api.github.com/repos/gaocegege/fwwbFront/tags"],
    "blobs_url": ["https://api.github.com/repos/gaocegege/fwwbFront/git/blobs{/sha}"],
    "git_tags_url": ["https://api.github.com/repos/gaocegege/fwwbFront/git/tags{/sha}"],
    "git_refs_url": ["https://api.github.com/repos/gaocegege/fwwbFront/git/refs{/sha}"],
    "trees_url": ["https://api.github.com/repos/gaocegege/fwwbFront/git/trees{/sha}"],
    "statuses_url": ["https://api.github.com/repos/gaocegege/fwwbFront/statuses/{sha}"],
    "languages_url": ["https://api.github.com/repos/gaocegege/fwwbFront/languages"],
    "stargazers_url": ["https://api.github.com/repos/gaocegege/fwwbFront/stargazers"],
    "contributors_url": ["https://api.github.com/repos/gaocegege/fwwbFront/contributors"],
    "subscribers_url": ["https://api.github.com/repos/gaocegege/fwwbFront/subscribers"],
    "subscription_url": ["https://api.github.com/repos/gaocegege/fwwbFront/subscription"],
    "commits_url": ["https://api.github.com/repos/gaocegege/fwwbFront/commits{/sha}"],
    "git_commits_url": ["https://api.github.com/repos/gaocegege/fwwbFront/git/commits{/sha}"],
    "comments_url": ["https://api.github.com/repos/gaocegege/fwwbFront/comments{/number}"],
    "issue_comment_url": ["https://api.github.com/repos/gaocegege/fwwbFront/issues/comments{/number}"],
    "contents_url": ["https://api.github.com/repos/gaocegege/fwwbFront/contents/{+path}"],
    "compare_url": ["https://api.github.com/repos/gaocegege/fwwbFront/compare/{base}...{head}"],
    "merges_url": ["https://api.github.com/repos/gaocegege/fwwbFront/merges"],
    "archive_url": ["https://api.github.com/repos/gaocegege/fwwbFront/{archive_format}{/ref}"],
    "downloads_url": ["https://api.github.com/repos/gaocegege/fwwbFront/downloads"],
    "issues_url": ["https://api.github.com/repos/gaocegege/fwwbFront/issues{/number}"],
    "pulls_url": ["https://api.github.com/repos/gaocegege/fwwbFront/pulls{/number}"],
    "milestones_url": ["https://api.github.com/repos/gaocegege/fwwbFront/milestones{/number}"],
    "notifications_url": ["https://api.github.com/repos/gaocegege/fwwbFront/notifications{?since,all,participating}"],
    "labels_url": ["https://api.github.com/repos/gaocegege/fwwbFront/labels{/name}"],
    "releases_url": ["https://api.github.com/repos/gaocegege/fwwbFront/releases{/id}"],
    "deployments_url": ["https://api.github.com/repos/gaocegege/fwwbFront/deployments"],
    "created_at": ["2016-07-21T05:45:13Z"],
    "updated_at": ["2016-07-21T05:45:19Z"],
    "pushed_at": ["2016-08-02T07:56:21Z"],
    "git_url": ["git://github.com/gaocegege/fwwbFront.git"],
    "ssh_url": ["git@github.com:gaocegege/fwwbFront.git"],
    "clone_url": ["https://github.com/gaocegege/fwwbFront.git"],
    "svn_url": ["https://github.com/gaocegege/fwwbFront"],
    "homepage": {},
    "size": [23204],
    "stargazers_count": [0],
    "watchers_count": [0],
    "language": ["JavaScript"],
    "has_issues": [false],
    "has_projects": [true],
    "has_downloads": [true],
    "has_wiki": [true],
    "has_pages": [false],
    "forks_count": [0],
    "mirror_url": {},
    "archived": [false],
    "open_issues_count": [0],
    "license": {},
    "forks": [0],
    "open_issues": [0],
    "watchers": [0],
    "default_branch": ["master"],
    "permissions": {
      "admin": [false],
      "push": [false],
      "pull": [true]
    }
  }
]
