[
  {
    "id": [60170609],
    "node_id": ["MDEwOlJlcG9zaXRvcnk2MDE3MDYwOQ=="],
    "name": ["deploy-demo"],
    "full_name": ["gaocegege/deploy-demo"],
    "private": [false],
    "owner": {
      "login": ["gaocegege"],
      "id": [5100735],
      "node_id": ["MDQ6VXNlcjUxMDA3MzU="],
      "avatar_url": ["https://avatars3.githubusercontent.com/u/5100735?v=4"],
      "gravatar_id": [""],
      "url": ["https://api.github.com/users/gaocegege"],
      "html_url": ["https://github.com/gaocegege"],
      "followers_url": ["https://api.github.com/users/gaocegege/followers"],
      "following_url": ["https://api.github.com/users/gaocegege/following{/other_user}"],
      "gists_url": ["https://api.github.com/users/gaocegege/gists{/gist_id}"],
      "starred_url": ["https://api.github.com/users/gaocegege/starred{/owner}{/repo}"],
      "subscriptions_url": ["https://api.github.com/users/gaocegege/subscriptions"],
      "organizations_url": ["https://api.github.com/users/gaocegege/orgs"],
      "repos_url": ["https://api.github.com/users/gaocegege/repos"],
      "events_url": ["https://api.github.com/users/gaocegege/events{/privacy}"],
      "received_events_url": ["https://api.github.com/users/gaocegege/received_events"],
      "type": ["User"],
      "site_admin": [false]
    },
    "html_url": ["https://github.com/gaocegege/deploy-demo"],
    "description": {},
    "fork": [true],
    "url": ["https://api.github.com/repos/gaocegege/deploy-demo"],
    "forks_url": ["https://api.github.com/repos/gaocegege/deploy-demo/forks"],
    "keys_url": ["https://api.github.com/repos/gaocegege/deploy-demo/keys{/key_id}"],
    "collaborators_url": ["https://api.github.com/repos/gaocegege/deploy-demo/collaborators{/collaborator}"],
    "teams_url": ["https://api.github.com/repos/gaocegege/deploy-demo/teams"],
    "hooks_url": ["https://api.github.com/repos/gaocegege/deploy-demo/hooks"],
    "issue_events_url": ["https://api.github.com/repos/gaocegege/deploy-demo/issues/events{/number}"],
    "events_url": ["https://api.github.com/repos/gaocegege/deploy-demo/events"],
    "assignees_url": ["https://api.github.com/repos/gaocegege/deploy-demo/assignees{/user}"],
    "branches_url": ["https://api.github.com/repos/gaocegege/deploy-demo/branches{/branch}"],
    "tags_url": ["https://api.github.com/repos/gaocegege/deploy-demo/tags"],
    "blobs_url": ["https://api.github.com/repos/gaocegege/deploy-demo/git/blobs{/sha}"],
    "git_tags_url": ["https://api.github.com/repos/gaocegege/deploy-demo/git/tags{/sha}"],
    "git_refs_url": ["https://api.github.com/repos/gaocegege/deploy-demo/git/refs{/sha}"],
    "trees_url": ["https://api.github.com/repos/gaocegege/deploy-demo/git/trees{/sha}"],
    "statuses_url": ["https://api.github.com/repos/gaocegege/deploy-demo/statuses/{sha}"],
    "languages_url": ["https://api.github.com/repos/gaocegege/deploy-demo/languages"],
    "stargazers_url": ["https://api.github.com/repos/gaocegege/deploy-demo/stargazers"],
    "contributors_url": ["https://api.github.com/repos/gaocegege/deploy-demo/contributors"],
    "subscribers_url": ["https://api.github.com/repos/gaocegege/deploy-demo/subscribers"],
    "subscription_url": ["https://api.github.com/repos/gaocegege/deploy-demo/subscription"],
    "commits_url": ["https://api.github.com/repos/gaocegege/deploy-demo/commits{/sha}"],
    "git_commits_url": ["https://api.github.com/repos/gaocegege/deploy-demo/git/commits{/sha}"],
    "comments_url": ["https://api.github.com/repos/gaocegege/deploy-demo/comments{/number}"],
    "issue_comment_url": ["https://api.github.com/repos/gaocegege/deploy-demo/issues/comments{/number}"],
    "contents_url": ["https://api.github.com/repos/gaocegege/deploy-demo/contents/{+path}"],
    "compare_url": ["https://api.github.com/repos/gaocegege/deploy-demo/compare/{base}...{head}"],
    "merges_url": ["https://api.github.com/repos/gaocegege/deploy-demo/merges"],
    "archive_url": ["https://api.github.com/repos/gaocegege/deploy-demo/{archive_format}{/ref}"],
    "downloads_url": ["https://api.github.com/repos/gaocegege/deploy-demo/downloads"],
    "issues_url": ["https://api.github.com/repos/gaocegege/deploy-demo/issues{/number}"],
    "pulls_url": ["https://api.github.com/repos/gaocegege/deploy-demo/pulls{/number}"],
    "milestones_url": ["https://api.github.com/repos/gaocegege/deploy-demo/milestones{/number}"],
    "notifications_url": ["https://api.github.com/repos/gaocegege/deploy-demo/notifications{?since,all,participating}"],
    "labels_url": ["https://api.github.com/repos/gaocegege/deploy-demo/labels{/name}"],
    "releases_url": ["https://api.github.com/repos/gaocegege/deploy-demo/releases{/id}"],
    "deployments_url": ["https://api.github.com/repos/gaocegege/deploy-demo/deployments"],
    "created_at": ["2016-06-01T11:19:06Z"],
    "updated_at": ["2016-05-30T13:47:46Z"],
    "pushed_at": ["2016-05-30T14:43:31Z"],
    "git_url": ["git://github.com/gaocegege/deploy-demo.git"],
    "ssh_url": ["git@github.com:gaocegege/deploy-demo.git"],
    "clone_url": ["https://github.com/gaocegege/deploy-demo.git"],
    "svn_url": ["https://github.com/gaocegege/deploy-demo"],
    "homepage": {},
    "size": [0],
    "stargazers_count": [0],
    "watchers_count": [0],
    "language": {},
    "has_issues": [false],
    "has_projects": [true],
    "has_downloads": [true],
    "has_wiki": [true],
    "has_pages": [false],
    "forks_count": [0],
    "mirror_url": {},
    "archived": [false],
    "open_issues_count": [0],
    "license": {},
    "forks": [0],
    "open_issues": [0],
    "watchers": [0],
    "default_branch": ["master"],
    "permissions": {
      "admin": [false],
      "push": [false],
      "pull": [true]
    }
  }
]
