[
  {
    "id": [33758172],
    "node_id": ["MDEwOlJlcG9zaXRvcnkzMzc1ODE3Mg=="],
    "name": ["Notepad-China"],
    "full_name": ["gaocegege/Notepad-China"],
    "private": [false],
    "owner": {
      "login": ["gaocegege"],
      "id": [5100735],
      "node_id": ["MDQ6VXNlcjUxMDA3MzU="],
      "avatar_url": ["https://avatars3.githubusercontent.com/u/5100735?v=4"],
      "gravatar_id": [""],
      "url": ["https://api.github.com/users/gaocegege"],
      "html_url": ["https://github.com/gaocegege"],
      "followers_url": ["https://api.github.com/users/gaocegege/followers"],
      "following_url": ["https://api.github.com/users/gaocegege/following{/other_user}"],
      "gists_url": ["https://api.github.com/users/gaocegege/gists{/gist_id}"],
      "starred_url": ["https://api.github.com/users/gaocegege/starred{/owner}{/repo}"],
      "subscriptions_url": ["https://api.github.com/users/gaocegege/subscriptions"],
      "organizations_url": ["https://api.github.com/users/gaocegege/orgs"],
      "repos_url": ["https://api.github.com/users/gaocegege/repos"],
      "events_url": ["https://api.github.com/users/gaocegege/events{/privacy}"],
      "received_events_url": ["https://api.github.com/users/gaocegege/received_events"],
      "type": ["User"],
      "site_admin": [false]
    },
    "html_url": ["https://github.com/gaocegege/Notepad-China"],
    "description": ["A Jekyll Theme"],
    "fork": [false],
    "url": ["https://api.github.com/repos/gaocegege/Notepad-China"],
    "forks_url": ["https://api.github.com/repos/gaocegege/Notepad-China/forks"],
    "keys_url": ["https://api.github.com/repos/gaocegege/Notepad-China/keys{/key_id}"],
    "collaborators_url": ["https://api.github.com/repos/gaocegege/Notepad-China/collaborators{/collaborator}"],
    "teams_url": ["https://api.github.com/repos/gaocegege/Notepad-China/teams"],
    "hooks_url": ["https://api.github.com/repos/gaocegege/Notepad-China/hooks"],
    "issue_events_url": ["https://api.github.com/repos/gaocegege/Notepad-China/issues/events{/number}"],
    "events_url": ["https://api.github.com/repos/gaocegege/Notepad-China/events"],
    "assignees_url": ["https://api.github.com/repos/gaocegege/Notepad-China/assignees{/user}"],
    "branches_url": ["https://api.github.com/repos/gaocegege/Notepad-China/branches{/branch}"],
    "tags_url": ["https://api.github.com/repos/gaocegege/Notepad-China/tags"],
    "blobs_url": ["https://api.github.com/repos/gaocegege/Notepad-China/git/blobs{/sha}"],
    "git_tags_url": ["https://api.github.com/repos/gaocegege/Notepad-China/git/tags{/sha}"],
    "git_refs_url": ["https://api.github.com/repos/gaocegege/Notepad-China/git/refs{/sha}"],
    "trees_url": ["https://api.github.com/repos/gaocegege/Notepad-China/git/trees{/sha}"],
    "statuses_url": ["https://api.github.com/repos/gaocegege/Notepad-China/statuses/{sha}"],
    "languages_url": ["https://api.github.com/repos/gaocegege/Notepad-China/languages"],
    "stargazers_url": ["https://api.github.com/repos/gaocegege/Notepad-China/stargazers"],
    "contributors_url": ["https://api.github.com/repos/gaocegege/Notepad-China/contributors"],
    "subscribers_url": ["https://api.github.com/repos/gaocegege/Notepad-China/subscribers"],
    "subscription_url": ["https://api.github.com/repos/gaocegege/Notepad-China/subscription"],
    "commits_url": ["https://api.github.com/repos/gaocegege/Notepad-China/commits{/sha}"],
    "git_commits_url": ["https://api.github.com/repos/gaocegege/Notepad-China/git/commits{/sha}"],
    "comments_url": ["https://api.github.com/repos/gaocegege/Notepad-China/comments{/number}"],
    "issue_comment_url": ["https://api.github.com/repos/gaocegege/Notepad-China/issues/comments{/number}"],
    "contents_url": ["https://api.github.com/repos/gaocegege/Notepad-China/contents/{+path}"],
    "compare_url": ["https://api.github.com/repos/gaocegege/Notepad-China/compare/{base}...{head}"],
    "merges_url": ["https://api.github.com/repos/gaocegege/Notepad-China/merges"],
    "archive_url": ["https://api.github.com/repos/gaocegege/Notepad-China/{archive_format}{/ref}"],
    "downloads_url": ["https://api.github.com/repos/gaocegege/Notepad-China/downloads"],
    "issues_url": ["https://api.github.com/repos/gaocegege/Notepad-China/issues{/number}"],
    "pulls_url": ["https://api.github.com/repos/gaocegege/Notepad-China/pulls{/number}"],
    "milestones_url": ["https://api.github.com/repos/gaocegege/Notepad-China/milestones{/number}"],
    "notifications_url": ["https://api.github.com/repos/gaocegege/Notepad-China/notifications{?since,all,participating}"],
    "labels_url": ["https://api.github.com/repos/gaocegege/Notepad-China/labels{/name}"],
    "releases_url": ["https://api.github.com/repos/gaocegege/Notepad-China/releases{/id}"],
    "deployments_url": ["https://api.github.com/repos/gaocegege/Notepad-China/deployments"],
    "created_at": ["2015-04-11T01:33:26Z"],
    "updated_at": ["2015-07-29T04:05:08Z"],
    "pushed_at": ["2015-04-11T02:48:47Z"],
    "git_url": ["git://github.com/gaocegege/Notepad-China.git"],
    "ssh_url": ["git@github.com:gaocegege/Notepad-China.git"],
    "clone_url": ["https://github.com/gaocegege/Notepad-China.git"],
    "svn_url": ["https://github.com/gaocegege/Notepad-China"],
    "homepage": ["http://gaocegege.com/Notepad-China"],
    "size": [6333],
    "stargazers_count": [1],
    "watchers_count": [1],
    "language": ["CSS"],
    "has_issues": [true],
    "has_projects": [true],
    "has_downloads": [true],
    "has_wiki": [true],
    "has_pages": [true],
    "forks_count": [1],
    "mirror_url": {},
    "archived": [false],
    "open_issues_count": [0],
    "license": {},
    "forks": [1],
    "open_issues": [0],
    "watchers": [1],
    "default_branch": ["gh-pages"],
    "permissions": {
      "admin": [false],
      "push": [false],
      "pull": [true]
    }
  }
]
