[
  {
    "id": [91518364],
    "node_id": ["MDEwOlJlcG9zaXRvcnk5MTUxODM2NA=="],
    "name": ["frakti"],
    "full_name": ["gaocegege/frakti"],
    "private": [false],
    "owner": {
      "login": ["gaocegege"],
      "id": [5100735],
      "node_id": ["MDQ6VXNlcjUxMDA3MzU="],
      "avatar_url": ["https://avatars3.githubusercontent.com/u/5100735?v=4"],
      "gravatar_id": [""],
      "url": ["https://api.github.com/users/gaocegege"],
      "html_url": ["https://github.com/gaocegege"],
      "followers_url": ["https://api.github.com/users/gaocegege/followers"],
      "following_url": ["https://api.github.com/users/gaocegege/following{/other_user}"],
      "gists_url": ["https://api.github.com/users/gaocegege/gists{/gist_id}"],
      "starred_url": ["https://api.github.com/users/gaocegege/starred{/owner}{/repo}"],
      "subscriptions_url": ["https://api.github.com/users/gaocegege/subscriptions"],
      "organizations_url": ["https://api.github.com/users/gaocegege/orgs"],
      "repos_url": ["https://api.github.com/users/gaocegege/repos"],
      "events_url": ["https://api.github.com/users/gaocegege/events{/privacy}"],
      "received_events_url": ["https://api.github.com/users/gaocegege/received_events"],
      "type": ["User"],
      "site_admin": [false]
    },
    "html_url": ["https://github.com/gaocegege/frakti"],
    "description": ["The hypervisor-based container runtime for Kubernetes."],
    "fork": [true],
    "url": ["https://api.github.com/repos/gaocegege/frakti"],
    "forks_url": ["https://api.github.com/repos/gaocegege/frakti/forks"],
    "keys_url": ["https://api.github.com/repos/gaocegege/frakti/keys{/key_id}"],
    "collaborators_url": ["https://api.github.com/repos/gaocegege/frakti/collaborators{/collaborator}"],
    "teams_url": ["https://api.github.com/repos/gaocegege/frakti/teams"],
    "hooks_url": ["https://api.github.com/repos/gaocegege/frakti/hooks"],
    "issue_events_url": ["https://api.github.com/repos/gaocegege/frakti/issues/events{/number}"],
    "events_url": ["https://api.github.com/repos/gaocegege/frakti/events"],
    "assignees_url": ["https://api.github.com/repos/gaocegege/frakti/assignees{/user}"],
    "branches_url": ["https://api.github.com/repos/gaocegege/frakti/branches{/branch}"],
    "tags_url": ["https://api.github.com/repos/gaocegege/frakti/tags"],
    "blobs_url": ["https://api.github.com/repos/gaocegege/frakti/git/blobs{/sha}"],
    "git_tags_url": ["https://api.github.com/repos/gaocegege/frakti/git/tags{/sha}"],
    "git_refs_url": ["https://api.github.com/repos/gaocegege/frakti/git/refs{/sha}"],
    "trees_url": ["https://api.github.com/repos/gaocegege/frakti/git/trees{/sha}"],
    "statuses_url": ["https://api.github.com/repos/gaocegege/frakti/statuses/{sha}"],
    "languages_url": ["https://api.github.com/repos/gaocegege/frakti/languages"],
    "stargazers_url": ["https://api.github.com/repos/gaocegege/frakti/stargazers"],
    "contributors_url": ["https://api.github.com/repos/gaocegege/frakti/contributors"],
    "subscribers_url": ["https://api.github.com/repos/gaocegege/frakti/subscribers"],
    "subscription_url": ["https://api.github.com/repos/gaocegege/frakti/subscription"],
    "commits_url": ["https://api.github.com/repos/gaocegege/frakti/commits{/sha}"],
    "git_commits_url": ["https://api.github.com/repos/gaocegege/frakti/git/commits{/sha}"],
    "comments_url": ["https://api.github.com/repos/gaocegege/frakti/comments{/number}"],
    "issue_comment_url": ["https://api.github.com/repos/gaocegege/frakti/issues/comments{/number}"],
    "contents_url": ["https://api.github.com/repos/gaocegege/frakti/contents/{+path}"],
    "compare_url": ["https://api.github.com/repos/gaocegege/frakti/compare/{base}...{head}"],
    "merges_url": ["https://api.github.com/repos/gaocegege/frakti/merges"],
    "archive_url": ["https://api.github.com/repos/gaocegege/frakti/{archive_format}{/ref}"],
    "downloads_url": ["https://api.github.com/repos/gaocegege/frakti/downloads"],
    "issues_url": ["https://api.github.com/repos/gaocegege/frakti/issues{/number}"],
    "pulls_url": ["https://api.github.com/repos/gaocegege/frakti/pulls{/number}"],
    "milestones_url": ["https://api.github.com/repos/gaocegege/frakti/milestones{/number}"],
    "notifications_url": ["https://api.github.com/repos/gaocegege/frakti/notifications{?since,all,participating}"],
    "labels_url": ["https://api.github.com/repos/gaocegege/frakti/labels{/name}"],
    "releases_url": ["https://api.github.com/repos/gaocegege/frakti/releases{/id}"],
    "deployments_url": ["https://api.github.com/repos/gaocegege/frakti/deployments"],
    "created_at": ["2017-05-17T00:58:55Z"],
    "updated_at": ["2017-05-17T00:58:57Z"],
    "pushed_at": ["2017-05-16T16:03:45Z"],
    "git_url": ["git://github.com/gaocegege/frakti.git"],
    "ssh_url": ["git@github.com:gaocegege/frakti.git"],
    "clone_url": ["https://github.com/gaocegege/frakti.git"],
    "svn_url": ["https://github.com/gaocegege/frakti"],
    "homepage": [""],
    "size": [8359],
    "stargazers_count": [0],
    "watchers_count": [0],
    "language": ["Go"],
    "has_issues": [false],
    "has_projects": [true],
    "has_downloads": [true],
    "has_wiki": [true],
    "has_pages": [false],
    "forks_count": [0],
    "mirror_url": {},
    "archived": [false],
    "open_issues_count": [0],
    "license": {
      "key": ["apache-2.0"],
      "name": ["Apache License 2.0"],
      "spdx_id": ["Apache-2.0"],
      "url": ["https://api.github.com/licenses/apache-2.0"],
      "node_id": ["MDc6TGljZW5zZTI="]
    },
    "forks": [0],
    "open_issues": [0],
    "watchers": [0],
    "default_branch": ["master"],
    "permissions": {
      "admin": [false],
      "push": [false],
      "pull": [true]
    }
  }
]
