[
  {
    "id": [52238048],
    "node_id": ["MDEwOlJlcG9zaXRvcnk1MjIzODA0OA=="],
    "name": ["playframework"],
    "full_name": ["gaocegege/playframework"],
    "private": [false],
    "owner": {
      "login": ["gaocegege"],
      "id": [5100735],
      "node_id": ["MDQ6VXNlcjUxMDA3MzU="],
      "avatar_url": ["https://avatars3.githubusercontent.com/u/5100735?v=4"],
      "gravatar_id": [""],
      "url": ["https://api.github.com/users/gaocegege"],
      "html_url": ["https://github.com/gaocegege"],
      "followers_url": ["https://api.github.com/users/gaocegege/followers"],
      "following_url": ["https://api.github.com/users/gaocegege/following{/other_user}"],
      "gists_url": ["https://api.github.com/users/gaocegege/gists{/gist_id}"],
      "starred_url": ["https://api.github.com/users/gaocegege/starred{/owner}{/repo}"],
      "subscriptions_url": ["https://api.github.com/users/gaocegege/subscriptions"],
      "organizations_url": ["https://api.github.com/users/gaocegege/orgs"],
      "repos_url": ["https://api.github.com/users/gaocegege/repos"],
      "events_url": ["https://api.github.com/users/gaocegege/events{/privacy}"],
      "received_events_url": ["https://api.github.com/users/gaocegege/received_events"],
      "type": ["User"],
      "site_admin": [false]
    },
    "html_url": ["https://github.com/gaocegege/playframework"],
    "description": ["Play Framework"],
    "fork": [true],
    "url": ["https://api.github.com/repos/gaocegege/playframework"],
    "forks_url": ["https://api.github.com/repos/gaocegege/playframework/forks"],
    "keys_url": ["https://api.github.com/repos/gaocegege/playframework/keys{/key_id}"],
    "collaborators_url": ["https://api.github.com/repos/gaocegege/playframework/collaborators{/collaborator}"],
    "teams_url": ["https://api.github.com/repos/gaocegege/playframework/teams"],
    "hooks_url": ["https://api.github.com/repos/gaocegege/playframework/hooks"],
    "issue_events_url": ["https://api.github.com/repos/gaocegege/playframework/issues/events{/number}"],
    "events_url": ["https://api.github.com/repos/gaocegege/playframework/events"],
    "assignees_url": ["https://api.github.com/repos/gaocegege/playframework/assignees{/user}"],
    "branches_url": ["https://api.github.com/repos/gaocegege/playframework/branches{/branch}"],
    "tags_url": ["https://api.github.com/repos/gaocegege/playframework/tags"],
    "blobs_url": ["https://api.github.com/repos/gaocegege/playframework/git/blobs{/sha}"],
    "git_tags_url": ["https://api.github.com/repos/gaocegege/playframework/git/tags{/sha}"],
    "git_refs_url": ["https://api.github.com/repos/gaocegege/playframework/git/refs{/sha}"],
    "trees_url": ["https://api.github.com/repos/gaocegege/playframework/git/trees{/sha}"],
    "statuses_url": ["https://api.github.com/repos/gaocegege/playframework/statuses/{sha}"],
    "languages_url": ["https://api.github.com/repos/gaocegege/playframework/languages"],
    "stargazers_url": ["https://api.github.com/repos/gaocegege/playframework/stargazers"],
    "contributors_url": ["https://api.github.com/repos/gaocegege/playframework/contributors"],
    "subscribers_url": ["https://api.github.com/repos/gaocegege/playframework/subscribers"],
    "subscription_url": ["https://api.github.com/repos/gaocegege/playframework/subscription"],
    "commits_url": ["https://api.github.com/repos/gaocegege/playframework/commits{/sha}"],
    "git_commits_url": ["https://api.github.com/repos/gaocegege/playframework/git/commits{/sha}"],
    "comments_url": ["https://api.github.com/repos/gaocegege/playframework/comments{/number}"],
    "issue_comment_url": ["https://api.github.com/repos/gaocegege/playframework/issues/comments{/number}"],
    "contents_url": ["https://api.github.com/repos/gaocegege/playframework/contents/{+path}"],
    "compare_url": ["https://api.github.com/repos/gaocegege/playframework/compare/{base}...{head}"],
    "merges_url": ["https://api.github.com/repos/gaocegege/playframework/merges"],
    "archive_url": ["https://api.github.com/repos/gaocegege/playframework/{archive_format}{/ref}"],
    "downloads_url": ["https://api.github.com/repos/gaocegege/playframework/downloads"],
    "issues_url": ["https://api.github.com/repos/gaocegege/playframework/issues{/number}"],
    "pulls_url": ["https://api.github.com/repos/gaocegege/playframework/pulls{/number}"],
    "milestones_url": ["https://api.github.com/repos/gaocegege/playframework/milestones{/number}"],
    "notifications_url": ["https://api.github.com/repos/gaocegege/playframework/notifications{?since,all,participating}"],
    "labels_url": ["https://api.github.com/repos/gaocegege/playframework/labels{/name}"],
    "releases_url": ["https://api.github.com/repos/gaocegege/playframework/releases{/id}"],
    "deployments_url": ["https://api.github.com/repos/gaocegege/playframework/deployments"],
    "created_at": ["2016-02-22T01:22:33Z"],
    "updated_at": ["2016-02-22T01:22:42Z"],
    "pushed_at": ["2016-02-22T01:08:36Z"],
    "git_url": ["git://github.com/gaocegege/playframework.git"],
    "ssh_url": ["git@github.com:gaocegege/playframework.git"],
    "clone_url": ["https://github.com/gaocegege/playframework.git"],
    "svn_url": ["https://github.com/gaocegege/playframework"],
    "homepage": ["http://www.playframework.com/"],
    "size": [91447],
    "stargazers_count": [0],
    "watchers_count": [0],
    "language": ["Scala"],
    "has_issues": [false],
    "has_projects": [true],
    "has_downloads": [true],
    "has_wiki": [false],
    "has_pages": [false],
    "forks_count": [0],
    "mirror_url": {},
    "archived": [false],
    "open_issues_count": [0],
    "license": {},
    "forks": [0],
    "open_issues": [0],
    "watchers": [0],
    "default_branch": ["master"],
    "permissions": {
      "admin": [false],
      "push": [false],
      "pull": [true]
    }
  }
]
