[
  {
    "id": [150815998],
    "node_id": ["MDEwOlJlcG9zaXRvcnkxNTA4MTU5OTg="],
    "name": ["steam-runtime"],
    "full_name": ["gaocegege/steam-runtime"],
    "private": [false],
    "owner": {
      "login": ["gaocegege"],
      "id": [5100735],
      "node_id": ["MDQ6VXNlcjUxMDA3MzU="],
      "avatar_url": ["https://avatars3.githubusercontent.com/u/5100735?v=4"],
      "gravatar_id": [""],
      "url": ["https://api.github.com/users/gaocegege"],
      "html_url": ["https://github.com/gaocegege"],
      "followers_url": ["https://api.github.com/users/gaocegege/followers"],
      "following_url": ["https://api.github.com/users/gaocegege/following{/other_user}"],
      "gists_url": ["https://api.github.com/users/gaocegege/gists{/gist_id}"],
      "starred_url": ["https://api.github.com/users/gaocegege/starred{/owner}{/repo}"],
      "subscriptions_url": ["https://api.github.com/users/gaocegege/subscriptions"],
      "organizations_url": ["https://api.github.com/users/gaocegege/orgs"],
      "repos_url": ["https://api.github.com/users/gaocegege/repos"],
      "events_url": ["https://api.github.com/users/gaocegege/events{/privacy}"],
      "received_events_url": ["https://api.github.com/users/gaocegege/received_events"],
      "type": ["User"],
      "site_admin": [false]
    },
    "html_url": ["https://github.com/gaocegege/steam-runtime"],
    "description": ["A runtime environment for Steam applications"],
    "fork": [true],
    "url": ["https://api.github.com/repos/gaocegege/steam-runtime"],
    "forks_url": ["https://api.github.com/repos/gaocegege/steam-runtime/forks"],
    "keys_url": ["https://api.github.com/repos/gaocegege/steam-runtime/keys{/key_id}"],
    "collaborators_url": ["https://api.github.com/repos/gaocegege/steam-runtime/collaborators{/collaborator}"],
    "teams_url": ["https://api.github.com/repos/gaocegege/steam-runtime/teams"],
    "hooks_url": ["https://api.github.com/repos/gaocegege/steam-runtime/hooks"],
    "issue_events_url": ["https://api.github.com/repos/gaocegege/steam-runtime/issues/events{/number}"],
    "events_url": ["https://api.github.com/repos/gaocegege/steam-runtime/events"],
    "assignees_url": ["https://api.github.com/repos/gaocegege/steam-runtime/assignees{/user}"],
    "branches_url": ["https://api.github.com/repos/gaocegege/steam-runtime/branches{/branch}"],
    "tags_url": ["https://api.github.com/repos/gaocegege/steam-runtime/tags"],
    "blobs_url": ["https://api.github.com/repos/gaocegege/steam-runtime/git/blobs{/sha}"],
    "git_tags_url": ["https://api.github.com/repos/gaocegege/steam-runtime/git/tags{/sha}"],
    "git_refs_url": ["https://api.github.com/repos/gaocegege/steam-runtime/git/refs{/sha}"],
    "trees_url": ["https://api.github.com/repos/gaocegege/steam-runtime/git/trees{/sha}"],
    "statuses_url": ["https://api.github.com/repos/gaocegege/steam-runtime/statuses/{sha}"],
    "languages_url": ["https://api.github.com/repos/gaocegege/steam-runtime/languages"],
    "stargazers_url": ["https://api.github.com/repos/gaocegege/steam-runtime/stargazers"],
    "contributors_url": ["https://api.github.com/repos/gaocegege/steam-runtime/contributors"],
    "subscribers_url": ["https://api.github.com/repos/gaocegege/steam-runtime/subscribers"],
    "subscription_url": ["https://api.github.com/repos/gaocegege/steam-runtime/subscription"],
    "commits_url": ["https://api.github.com/repos/gaocegege/steam-runtime/commits{/sha}"],
    "git_commits_url": ["https://api.github.com/repos/gaocegege/steam-runtime/git/commits{/sha}"],
    "comments_url": ["https://api.github.com/repos/gaocegege/steam-runtime/comments{/number}"],
    "issue_comment_url": ["https://api.github.com/repos/gaocegege/steam-runtime/issues/comments{/number}"],
    "contents_url": ["https://api.github.com/repos/gaocegege/steam-runtime/contents/{+path}"],
    "compare_url": ["https://api.github.com/repos/gaocegege/steam-runtime/compare/{base}...{head}"],
    "merges_url": ["https://api.github.com/repos/gaocegege/steam-runtime/merges"],
    "archive_url": ["https://api.github.com/repos/gaocegege/steam-runtime/{archive_format}{/ref}"],
    "downloads_url": ["https://api.github.com/repos/gaocegege/steam-runtime/downloads"],
    "issues_url": ["https://api.github.com/repos/gaocegege/steam-runtime/issues{/number}"],
    "pulls_url": ["https://api.github.com/repos/gaocegege/steam-runtime/pulls{/number}"],
    "milestones_url": ["https://api.github.com/repos/gaocegege/steam-runtime/milestones{/number}"],
    "notifications_url": ["https://api.github.com/repos/gaocegege/steam-runtime/notifications{?since,all,participating}"],
    "labels_url": ["https://api.github.com/repos/gaocegege/steam-runtime/labels{/name}"],
    "releases_url": ["https://api.github.com/repos/gaocegege/steam-runtime/releases{/id}"],
    "deployments_url": ["https://api.github.com/repos/gaocegege/steam-runtime/deployments"],
    "created_at": ["2018-09-29T02:32:11Z"],
    "updated_at": ["2018-09-29T02:32:14Z"],
    "pushed_at": ["2018-09-29T02:33:12Z"],
    "git_url": ["git://github.com/gaocegege/steam-runtime.git"],
    "ssh_url": ["git@github.com:gaocegege/steam-runtime.git"],
    "clone_url": ["https://github.com/gaocegege/steam-runtime.git"],
    "svn_url": ["https://github.com/gaocegege/steam-runtime"],
    "homepage": [""],
    "size": [169351],
    "stargazers_count": [0],
    "watchers_count": [0],
    "language": ["Roff"],
    "has_issues": [false],
    "has_projects": [true],
    "has_downloads": [true],
    "has_wiki": [true],
    "has_pages": [false],
    "forks_count": [0],
    "mirror_url": {},
    "archived": [false],
    "open_issues_count": [0],
    "license": {
      "key": ["other"],
      "name": ["Other"],
      "spdx_id": ["NOASSERTION"],
      "url": {},
      "node_id": ["MDc6TGljZW5zZTA="]
    },
    "forks": [0],
    "open_issues": [0],
    "watchers": [0],
    "default_branch": ["master"],
    "permissions": {
      "admin": [false],
      "push": [false],
      "pull": [true]
    }
  }
]
