[
  {
    "id": [116006329],
    "node_id": ["MDEwOlJlcG9zaXRvcnkxMTYwMDYzMjk="],
    "name": ["kubeflow-controller"],
    "full_name": ["gaocegege/kubeflow-controller"],
    "private": [false],
    "owner": {
      "login": ["gaocegege"],
      "id": [5100735],
      "node_id": ["MDQ6VXNlcjUxMDA3MzU="],
      "avatar_url": ["https://avatars3.githubusercontent.com/u/5100735?v=4"],
      "gravatar_id": [""],
      "url": ["https://api.github.com/users/gaocegege"],
      "html_url": ["https://github.com/gaocegege"],
      "followers_url": ["https://api.github.com/users/gaocegege/followers"],
      "following_url": ["https://api.github.com/users/gaocegege/following{/other_user}"],
      "gists_url": ["https://api.github.com/users/gaocegege/gists{/gist_id}"],
      "starred_url": ["https://api.github.com/users/gaocegege/starred{/owner}{/repo}"],
      "subscriptions_url": ["https://api.github.com/users/gaocegege/subscriptions"],
      "organizations_url": ["https://api.github.com/users/gaocegege/orgs"],
      "repos_url": ["https://api.github.com/users/gaocegege/repos"],
      "events_url": ["https://api.github.com/users/gaocegege/events{/privacy}"],
      "received_events_url": ["https://api.github.com/users/gaocegege/received_events"],
      "type": ["User"],
      "site_admin": [false]
    },
    "html_url": ["https://github.com/gaocegege/kubeflow-controller"],
    "description": ["Kubernetes controller for tensorflow CRD"],
    "fork": [false],
    "url": ["https://api.github.com/repos/gaocegege/kubeflow-controller"],
    "forks_url": ["https://api.github.com/repos/gaocegege/kubeflow-controller/forks"],
    "keys_url": ["https://api.github.com/repos/gaocegege/kubeflow-controller/keys{/key_id}"],
    "collaborators_url": ["https://api.github.com/repos/gaocegege/kubeflow-controller/collaborators{/collaborator}"],
    "teams_url": ["https://api.github.com/repos/gaocegege/kubeflow-controller/teams"],
    "hooks_url": ["https://api.github.com/repos/gaocegege/kubeflow-controller/hooks"],
    "issue_events_url": ["https://api.github.com/repos/gaocegege/kubeflow-controller/issues/events{/number}"],
    "events_url": ["https://api.github.com/repos/gaocegege/kubeflow-controller/events"],
    "assignees_url": ["https://api.github.com/repos/gaocegege/kubeflow-controller/assignees{/user}"],
    "branches_url": ["https://api.github.com/repos/gaocegege/kubeflow-controller/branches{/branch}"],
    "tags_url": ["https://api.github.com/repos/gaocegege/kubeflow-controller/tags"],
    "blobs_url": ["https://api.github.com/repos/gaocegege/kubeflow-controller/git/blobs{/sha}"],
    "git_tags_url": ["https://api.github.com/repos/gaocegege/kubeflow-controller/git/tags{/sha}"],
    "git_refs_url": ["https://api.github.com/repos/gaocegege/kubeflow-controller/git/refs{/sha}"],
    "trees_url": ["https://api.github.com/repos/gaocegege/kubeflow-controller/git/trees{/sha}"],
    "statuses_url": ["https://api.github.com/repos/gaocegege/kubeflow-controller/statuses/{sha}"],
    "languages_url": ["https://api.github.com/repos/gaocegege/kubeflow-controller/languages"],
    "stargazers_url": ["https://api.github.com/repos/gaocegege/kubeflow-controller/stargazers"],
    "contributors_url": ["https://api.github.com/repos/gaocegege/kubeflow-controller/contributors"],
    "subscribers_url": ["https://api.github.com/repos/gaocegege/kubeflow-controller/subscribers"],
    "subscription_url": ["https://api.github.com/repos/gaocegege/kubeflow-controller/subscription"],
    "commits_url": ["https://api.github.com/repos/gaocegege/kubeflow-controller/commits{/sha}"],
    "git_commits_url": ["https://api.github.com/repos/gaocegege/kubeflow-controller/git/commits{/sha}"],
    "comments_url": ["https://api.github.com/repos/gaocegege/kubeflow-controller/comments{/number}"],
    "issue_comment_url": ["https://api.github.com/repos/gaocegege/kubeflow-controller/issues/comments{/number}"],
    "contents_url": ["https://api.github.com/repos/gaocegege/kubeflow-controller/contents/{+path}"],
    "compare_url": ["https://api.github.com/repos/gaocegege/kubeflow-controller/compare/{base}...{head}"],
    "merges_url": ["https://api.github.com/repos/gaocegege/kubeflow-controller/merges"],
    "archive_url": ["https://api.github.com/repos/gaocegege/kubeflow-controller/{archive_format}{/ref}"],
    "downloads_url": ["https://api.github.com/repos/gaocegege/kubeflow-controller/downloads"],
    "issues_url": ["https://api.github.com/repos/gaocegege/kubeflow-controller/issues{/number}"],
    "pulls_url": ["https://api.github.com/repos/gaocegege/kubeflow-controller/pulls{/number}"],
    "milestones_url": ["https://api.github.com/repos/gaocegege/kubeflow-controller/milestones{/number}"],
    "notifications_url": ["https://api.github.com/repos/gaocegege/kubeflow-controller/notifications{?since,all,participating}"],
    "labels_url": ["https://api.github.com/repos/gaocegege/kubeflow-controller/labels{/name}"],
    "releases_url": ["https://api.github.com/repos/gaocegege/kubeflow-controller/releases{/id}"],
    "deployments_url": ["https://api.github.com/repos/gaocegege/kubeflow-controller/deployments"],
    "created_at": ["2018-01-02T11:03:01Z"],
    "updated_at": ["2018-08-02T02:28:02Z"],
    "pushed_at": ["2018-01-10T07:06:52Z"],
    "git_url": ["git://github.com/gaocegege/kubeflow-controller.git"],
    "ssh_url": ["git@github.com:gaocegege/kubeflow-controller.git"],
    "clone_url": ["https://github.com/gaocegege/kubeflow-controller.git"],
    "svn_url": ["https://github.com/gaocegege/kubeflow-controller"],
    "homepage": [""],
    "size": [7277],
    "stargazers_count": [0],
    "watchers_count": [0],
    "language": ["Go"],
    "has_issues": [false],
    "has_projects": [true],
    "has_downloads": [true],
    "has_wiki": [true],
    "has_pages": [false],
    "forks_count": [0],
    "mirror_url": {},
    "archived": [false],
    "open_issues_count": [0],
    "license": {},
    "forks": [0],
    "open_issues": [0],
    "watchers": [0],
    "default_branch": ["master"],
    "permissions": {
      "admin": [false],
      "push": [false],
      "pull": [true]
    }
  }
]
