[
  {
    "id": [27798248],
    "node_id": ["MDEwOlJlcG9zaXRvcnkyNzc5ODI0OA=="],
    "name": ["config-in-mac"],
    "full_name": ["gaocegege/config-in-mac"],
    "private": [false],
    "owner": {
      "login": ["gaocegege"],
      "id": [5100735],
      "node_id": ["MDQ6VXNlcjUxMDA3MzU="],
      "avatar_url": ["https://avatars3.githubusercontent.com/u/5100735?v=4"],
      "gravatar_id": [""],
      "url": ["https://api.github.com/users/gaocegege"],
      "html_url": ["https://github.com/gaocegege"],
      "followers_url": ["https://api.github.com/users/gaocegege/followers"],
      "following_url": ["https://api.github.com/users/gaocegege/following{/other_user}"],
      "gists_url": ["https://api.github.com/users/gaocegege/gists{/gist_id}"],
      "starred_url": ["https://api.github.com/users/gaocegege/starred{/owner}{/repo}"],
      "subscriptions_url": ["https://api.github.com/users/gaocegege/subscriptions"],
      "organizations_url": ["https://api.github.com/users/gaocegege/orgs"],
      "repos_url": ["https://api.github.com/users/gaocegege/repos"],
      "events_url": ["https://api.github.com/users/gaocegege/events{/privacy}"],
      "received_events_url": ["https://api.github.com/users/gaocegege/received_events"],
      "type": ["User"],
      "site_admin": [false]
    },
    "html_url": ["https://github.com/gaocegege/config-in-mac"],
    "description": ["My config files"],
    "fork": [false],
    "url": ["https://api.github.com/repos/gaocegege/config-in-mac"],
    "forks_url": ["https://api.github.com/repos/gaocegege/config-in-mac/forks"],
    "keys_url": ["https://api.github.com/repos/gaocegege/config-in-mac/keys{/key_id}"],
    "collaborators_url": ["https://api.github.com/repos/gaocegege/config-in-mac/collaborators{/collaborator}"],
    "teams_url": ["https://api.github.com/repos/gaocegege/config-in-mac/teams"],
    "hooks_url": ["https://api.github.com/repos/gaocegege/config-in-mac/hooks"],
    "issue_events_url": ["https://api.github.com/repos/gaocegege/config-in-mac/issues/events{/number}"],
    "events_url": ["https://api.github.com/repos/gaocegege/config-in-mac/events"],
    "assignees_url": ["https://api.github.com/repos/gaocegege/config-in-mac/assignees{/user}"],
    "branches_url": ["https://api.github.com/repos/gaocegege/config-in-mac/branches{/branch}"],
    "tags_url": ["https://api.github.com/repos/gaocegege/config-in-mac/tags"],
    "blobs_url": ["https://api.github.com/repos/gaocegege/config-in-mac/git/blobs{/sha}"],
    "git_tags_url": ["https://api.github.com/repos/gaocegege/config-in-mac/git/tags{/sha}"],
    "git_refs_url": ["https://api.github.com/repos/gaocegege/config-in-mac/git/refs{/sha}"],
    "trees_url": ["https://api.github.com/repos/gaocegege/config-in-mac/git/trees{/sha}"],
    "statuses_url": ["https://api.github.com/repos/gaocegege/config-in-mac/statuses/{sha}"],
    "languages_url": ["https://api.github.com/repos/gaocegege/config-in-mac/languages"],
    "stargazers_url": ["https://api.github.com/repos/gaocegege/config-in-mac/stargazers"],
    "contributors_url": ["https://api.github.com/repos/gaocegege/config-in-mac/contributors"],
    "subscribers_url": ["https://api.github.com/repos/gaocegege/config-in-mac/subscribers"],
    "subscription_url": ["https://api.github.com/repos/gaocegege/config-in-mac/subscription"],
    "commits_url": ["https://api.github.com/repos/gaocegege/config-in-mac/commits{/sha}"],
    "git_commits_url": ["https://api.github.com/repos/gaocegege/config-in-mac/git/commits{/sha}"],
    "comments_url": ["https://api.github.com/repos/gaocegege/config-in-mac/comments{/number}"],
    "issue_comment_url": ["https://api.github.com/repos/gaocegege/config-in-mac/issues/comments{/number}"],
    "contents_url": ["https://api.github.com/repos/gaocegege/config-in-mac/contents/{+path}"],
    "compare_url": ["https://api.github.com/repos/gaocegege/config-in-mac/compare/{base}...{head}"],
    "merges_url": ["https://api.github.com/repos/gaocegege/config-in-mac/merges"],
    "archive_url": ["https://api.github.com/repos/gaocegege/config-in-mac/{archive_format}{/ref}"],
    "downloads_url": ["https://api.github.com/repos/gaocegege/config-in-mac/downloads"],
    "issues_url": ["https://api.github.com/repos/gaocegege/config-in-mac/issues{/number}"],
    "pulls_url": ["https://api.github.com/repos/gaocegege/config-in-mac/pulls{/number}"],
    "milestones_url": ["https://api.github.com/repos/gaocegege/config-in-mac/milestones{/number}"],
    "notifications_url": ["https://api.github.com/repos/gaocegege/config-in-mac/notifications{?since,all,participating}"],
    "labels_url": ["https://api.github.com/repos/gaocegege/config-in-mac/labels{/name}"],
    "releases_url": ["https://api.github.com/repos/gaocegege/config-in-mac/releases{/id}"],
    "deployments_url": ["https://api.github.com/repos/gaocegege/config-in-mac/deployments"],
    "created_at": ["2014-12-10T02:22:05Z"],
    "updated_at": ["2015-05-18T15:02:45Z"],
    "pushed_at": ["2016-01-04T02:48:39Z"],
    "git_url": ["git://github.com/gaocegege/config-in-mac.git"],
    "ssh_url": ["git@github.com:gaocegege/config-in-mac.git"],
    "clone_url": ["https://github.com/gaocegege/config-in-mac.git"],
    "svn_url": ["https://github.com/gaocegege/config-in-mac"],
    "homepage": {},
    "size": [6],
    "stargazers_count": [0],
    "watchers_count": [0],
    "language": ["Shell"],
    "has_issues": [true],
    "has_projects": [true],
    "has_downloads": [true],
    "has_wiki": [true],
    "has_pages": [false],
    "forks_count": [0],
    "mirror_url": {},
    "archived": [false],
    "open_issues_count": [0],
    "license": {},
    "forks": [0],
    "open_issues": [0],
    "watchers": [0],
    "default_branch": ["master"],
    "permissions": {
      "admin": [false],
      "push": [false],
      "pull": [true]
    }
  }
]
