[
  {
    "id": [78165945],
    "node_id": ["MDEwOlJlcG9zaXRvcnk3ODE2NTk0NQ=="],
    "name": ["frontera"],
    "full_name": ["gaocegege/frontera"],
    "private": [false],
    "owner": {
      "login": ["gaocegege"],
      "id": [5100735],
      "node_id": ["MDQ6VXNlcjUxMDA3MzU="],
      "avatar_url": ["https://avatars3.githubusercontent.com/u/5100735?v=4"],
      "gravatar_id": [""],
      "url": ["https://api.github.com/users/gaocegege"],
      "html_url": ["https://github.com/gaocegege"],
      "followers_url": ["https://api.github.com/users/gaocegege/followers"],
      "following_url": ["https://api.github.com/users/gaocegege/following{/other_user}"],
      "gists_url": ["https://api.github.com/users/gaocegege/gists{/gist_id}"],
      "starred_url": ["https://api.github.com/users/gaocegege/starred{/owner}{/repo}"],
      "subscriptions_url": ["https://api.github.com/users/gaocegege/subscriptions"],
      "organizations_url": ["https://api.github.com/users/gaocegege/orgs"],
      "repos_url": ["https://api.github.com/users/gaocegege/repos"],
      "events_url": ["https://api.github.com/users/gaocegege/events{/privacy}"],
      "received_events_url": ["https://api.github.com/users/gaocegege/received_events"],
      "type": ["User"],
      "site_admin": [false]
    },
    "html_url": ["https://github.com/gaocegege/frontera"],
    "description": ["A scalable frontier for web crawlers"],
    "fork": [true],
    "url": ["https://api.github.com/repos/gaocegege/frontera"],
    "forks_url": ["https://api.github.com/repos/gaocegege/frontera/forks"],
    "keys_url": ["https://api.github.com/repos/gaocegege/frontera/keys{/key_id}"],
    "collaborators_url": ["https://api.github.com/repos/gaocegege/frontera/collaborators{/collaborator}"],
    "teams_url": ["https://api.github.com/repos/gaocegege/frontera/teams"],
    "hooks_url": ["https://api.github.com/repos/gaocegege/frontera/hooks"],
    "issue_events_url": ["https://api.github.com/repos/gaocegege/frontera/issues/events{/number}"],
    "events_url": ["https://api.github.com/repos/gaocegege/frontera/events"],
    "assignees_url": ["https://api.github.com/repos/gaocegege/frontera/assignees{/user}"],
    "branches_url": ["https://api.github.com/repos/gaocegege/frontera/branches{/branch}"],
    "tags_url": ["https://api.github.com/repos/gaocegege/frontera/tags"],
    "blobs_url": ["https://api.github.com/repos/gaocegege/frontera/git/blobs{/sha}"],
    "git_tags_url": ["https://api.github.com/repos/gaocegege/frontera/git/tags{/sha}"],
    "git_refs_url": ["https://api.github.com/repos/gaocegege/frontera/git/refs{/sha}"],
    "trees_url": ["https://api.github.com/repos/gaocegege/frontera/git/trees{/sha}"],
    "statuses_url": ["https://api.github.com/repos/gaocegege/frontera/statuses/{sha}"],
    "languages_url": ["https://api.github.com/repos/gaocegege/frontera/languages"],
    "stargazers_url": ["https://api.github.com/repos/gaocegege/frontera/stargazers"],
    "contributors_url": ["https://api.github.com/repos/gaocegege/frontera/contributors"],
    "subscribers_url": ["https://api.github.com/repos/gaocegege/frontera/subscribers"],
    "subscription_url": ["https://api.github.com/repos/gaocegege/frontera/subscription"],
    "commits_url": ["https://api.github.com/repos/gaocegege/frontera/commits{/sha}"],
    "git_commits_url": ["https://api.github.com/repos/gaocegege/frontera/git/commits{/sha}"],
    "comments_url": ["https://api.github.com/repos/gaocegege/frontera/comments{/number}"],
    "issue_comment_url": ["https://api.github.com/repos/gaocegege/frontera/issues/comments{/number}"],
    "contents_url": ["https://api.github.com/repos/gaocegege/frontera/contents/{+path}"],
    "compare_url": ["https://api.github.com/repos/gaocegege/frontera/compare/{base}...{head}"],
    "merges_url": ["https://api.github.com/repos/gaocegege/frontera/merges"],
    "archive_url": ["https://api.github.com/repos/gaocegege/frontera/{archive_format}{/ref}"],
    "downloads_url": ["https://api.github.com/repos/gaocegege/frontera/downloads"],
    "issues_url": ["https://api.github.com/repos/gaocegege/frontera/issues{/number}"],
    "pulls_url": ["https://api.github.com/repos/gaocegege/frontera/pulls{/number}"],
    "milestones_url": ["https://api.github.com/repos/gaocegege/frontera/milestones{/number}"],
    "notifications_url": ["https://api.github.com/repos/gaocegege/frontera/notifications{?since,all,participating}"],
    "labels_url": ["https://api.github.com/repos/gaocegege/frontera/labels{/name}"],
    "releases_url": ["https://api.github.com/repos/gaocegege/frontera/releases{/id}"],
    "deployments_url": ["https://api.github.com/repos/gaocegege/frontera/deployments"],
    "created_at": ["2017-01-06T02:22:17Z"],
    "updated_at": ["2017-01-06T02:22:19Z"],
    "pushed_at": ["2016-12-26T08:21:12Z"],
    "git_url": ["git://github.com/gaocegege/frontera.git"],
    "ssh_url": ["git@github.com:gaocegege/frontera.git"],
    "clone_url": ["https://github.com/gaocegege/frontera.git"],
    "svn_url": ["https://github.com/gaocegege/frontera"],
    "homepage": [""],
    "size": [3764],
    "stargazers_count": [0],
    "watchers_count": [0],
    "language": ["Python"],
    "has_issues": [false],
    "has_projects": [true],
    "has_downloads": [true],
    "has_wiki": [true],
    "has_pages": [false],
    "forks_count": [0],
    "mirror_url": {},
    "archived": [false],
    "open_issues_count": [0],
    "license": {
      "key": ["other"],
      "name": ["Other"],
      "spdx_id": ["NOASSERTION"],
      "url": {},
      "node_id": ["MDc6TGljZW5zZTA="]
    },
    "forks": [0],
    "open_issues": [0],
    "watchers": [0],
    "default_branch": ["master"],
    "permissions": {
      "admin": [false],
      "push": [false],
      "pull": [true]
    }
  }
]
