[
  {
    "id": [46960857],
    "node_id": ["MDEwOlJlcG9zaXRvcnk0Njk2MDg1Nw=="],
    "name": ["spring-boot-with-hibernate-spatial-and-mysql"],
    "full_name": ["gaocegege/spring-boot-with-hibernate-spatial-and-mysql"],
    "private": [false],
    "owner": {
      "login": ["gaocegege"],
      "id": [5100735],
      "node_id": ["MDQ6VXNlcjUxMDA3MzU="],
      "avatar_url": ["https://avatars3.githubusercontent.com/u/5100735?v=4"],
      "gravatar_id": [""],
      "url": ["https://api.github.com/users/gaocegege"],
      "html_url": ["https://github.com/gaocegege"],
      "followers_url": ["https://api.github.com/users/gaocegege/followers"],
      "following_url": ["https://api.github.com/users/gaocegege/following{/other_user}"],
      "gists_url": ["https://api.github.com/users/gaocegege/gists{/gist_id}"],
      "starred_url": ["https://api.github.com/users/gaocegege/starred{/owner}{/repo}"],
      "subscriptions_url": ["https://api.github.com/users/gaocegege/subscriptions"],
      "organizations_url": ["https://api.github.com/users/gaocegege/orgs"],
      "repos_url": ["https://api.github.com/users/gaocegege/repos"],
      "events_url": ["https://api.github.com/users/gaocegege/events{/privacy}"],
      "received_events_url": ["https://api.github.com/users/gaocegege/received_events"],
      "type": ["User"],
      "site_admin": [false]
    },
    "html_url": ["https://github.com/gaocegege/spring-boot-with-hibernate-spatial-and-mysql"],
    "description": ["An example for spring boot with hibernate spatial and mysql"],
    "fork": [false],
    "url": ["https://api.github.com/repos/gaocegege/spring-boot-with-hibernate-spatial-and-mysql"],
    "forks_url": ["https://api.github.com/repos/gaocegege/spring-boot-with-hibernate-spatial-and-mysql/forks"],
    "keys_url": ["https://api.github.com/repos/gaocegege/spring-boot-with-hibernate-spatial-and-mysql/keys{/key_id}"],
    "collaborators_url": ["https://api.github.com/repos/gaocegege/spring-boot-with-hibernate-spatial-and-mysql/collaborators{/collaborator}"],
    "teams_url": ["https://api.github.com/repos/gaocegege/spring-boot-with-hibernate-spatial-and-mysql/teams"],
    "hooks_url": ["https://api.github.com/repos/gaocegege/spring-boot-with-hibernate-spatial-and-mysql/hooks"],
    "issue_events_url": ["https://api.github.com/repos/gaocegege/spring-boot-with-hibernate-spatial-and-mysql/issues/events{/number}"],
    "events_url": ["https://api.github.com/repos/gaocegege/spring-boot-with-hibernate-spatial-and-mysql/events"],
    "assignees_url": ["https://api.github.com/repos/gaocegege/spring-boot-with-hibernate-spatial-and-mysql/assignees{/user}"],
    "branches_url": ["https://api.github.com/repos/gaocegege/spring-boot-with-hibernate-spatial-and-mysql/branches{/branch}"],
    "tags_url": ["https://api.github.com/repos/gaocegege/spring-boot-with-hibernate-spatial-and-mysql/tags"],
    "blobs_url": ["https://api.github.com/repos/gaocegege/spring-boot-with-hibernate-spatial-and-mysql/git/blobs{/sha}"],
    "git_tags_url": ["https://api.github.com/repos/gaocegege/spring-boot-with-hibernate-spatial-and-mysql/git/tags{/sha}"],
    "git_refs_url": ["https://api.github.com/repos/gaocegege/spring-boot-with-hibernate-spatial-and-mysql/git/refs{/sha}"],
    "trees_url": ["https://api.github.com/repos/gaocegege/spring-boot-with-hibernate-spatial-and-mysql/git/trees{/sha}"],
    "statuses_url": ["https://api.github.com/repos/gaocegege/spring-boot-with-hibernate-spatial-and-mysql/statuses/{sha}"],
    "languages_url": ["https://api.github.com/repos/gaocegege/spring-boot-with-hibernate-spatial-and-mysql/languages"],
    "stargazers_url": ["https://api.github.com/repos/gaocegege/spring-boot-with-hibernate-spatial-and-mysql/stargazers"],
    "contributors_url": ["https://api.github.com/repos/gaocegege/spring-boot-with-hibernate-spatial-and-mysql/contributors"],
    "subscribers_url": ["https://api.github.com/repos/gaocegege/spring-boot-with-hibernate-spatial-and-mysql/subscribers"],
    "subscription_url": ["https://api.github.com/repos/gaocegege/spring-boot-with-hibernate-spatial-and-mysql/subscription"],
    "commits_url": ["https://api.github.com/repos/gaocegege/spring-boot-with-hibernate-spatial-and-mysql/commits{/sha}"],
    "git_commits_url": ["https://api.github.com/repos/gaocegege/spring-boot-with-hibernate-spatial-and-mysql/git/commits{/sha}"],
    "comments_url": ["https://api.github.com/repos/gaocegege/spring-boot-with-hibernate-spatial-and-mysql/comments{/number}"],
    "issue_comment_url": ["https://api.github.com/repos/gaocegege/spring-boot-with-hibernate-spatial-and-mysql/issues/comments{/number}"],
    "contents_url": ["https://api.github.com/repos/gaocegege/spring-boot-with-hibernate-spatial-and-mysql/contents/{+path}"],
    "compare_url": ["https://api.github.com/repos/gaocegege/spring-boot-with-hibernate-spatial-and-mysql/compare/{base}...{head}"],
    "merges_url": ["https://api.github.com/repos/gaocegege/spring-boot-with-hibernate-spatial-and-mysql/merges"],
    "archive_url": ["https://api.github.com/repos/gaocegege/spring-boot-with-hibernate-spatial-and-mysql/{archive_format}{/ref}"],
    "downloads_url": ["https://api.github.com/repos/gaocegege/spring-boot-with-hibernate-spatial-and-mysql/downloads"],
    "issues_url": ["https://api.github.com/repos/gaocegege/spring-boot-with-hibernate-spatial-and-mysql/issues{/number}"],
    "pulls_url": ["https://api.github.com/repos/gaocegege/spring-boot-with-hibernate-spatial-and-mysql/pulls{/number}"],
    "milestones_url": ["https://api.github.com/repos/gaocegege/spring-boot-with-hibernate-spatial-and-mysql/milestones{/number}"],
    "notifications_url": ["https://api.github.com/repos/gaocegege/spring-boot-with-hibernate-spatial-and-mysql/notifications{?since,all,participating}"],
    "labels_url": ["https://api.github.com/repos/gaocegege/spring-boot-with-hibernate-spatial-and-mysql/labels{/name}"],
    "releases_url": ["https://api.github.com/repos/gaocegege/spring-boot-with-hibernate-spatial-and-mysql/releases{/id}"],
    "deployments_url": ["https://api.github.com/repos/gaocegege/spring-boot-with-hibernate-spatial-and-mysql/deployments"],
    "created_at": ["2015-11-27T05:11:13Z"],
    "updated_at": ["2019-03-26T10:34:35Z"],
    "pushed_at": ["2015-11-27T05:12:05Z"],
    "git_url": ["git://github.com/gaocegege/spring-boot-with-hibernate-spatial-and-mysql.git"],
    "ssh_url": ["git@github.com:gaocegege/spring-boot-with-hibernate-spatial-and-mysql.git"],
    "clone_url": ["https://github.com/gaocegege/spring-boot-with-hibernate-spatial-and-mysql.git"],
    "svn_url": ["https://github.com/gaocegege/spring-boot-with-hibernate-spatial-and-mysql"],
    "homepage": {},
    "size": [17],
    "stargazers_count": [4],
    "watchers_count": [4],
    "language": ["Shell"],
    "has_issues": [true],
    "has_projects": [true],
    "has_downloads": [true],
    "has_wiki": [true],
    "has_pages": [false],
    "forks_count": [3],
    "mirror_url": {},
    "archived": [false],
    "open_issues_count": [0],
    "license": {},
    "forks": [3],
    "open_issues": [0],
    "watchers": [4],
    "default_branch": ["master"],
    "permissions": {
      "admin": [false],
      "push": [false],
      "pull": [true]
    }
  }
]
