[
  {
    "id": [23491742],
    "node_id": ["MDEwOlJlcG9zaXRvcnkyMzQ5MTc0Mg=="],
    "name": ["Cpp-Project-As-a-Freshman"],
    "full_name": ["gaocegege/Cpp-Project-As-a-Freshman"],
    "private": [false],
    "owner": {
      "login": ["gaocegege"],
      "id": [5100735],
      "node_id": ["MDQ6VXNlcjUxMDA3MzU="],
      "avatar_url": ["https://avatars3.githubusercontent.com/u/5100735?v=4"],
      "gravatar_id": [""],
      "url": ["https://api.github.com/users/gaocegege"],
      "html_url": ["https://github.com/gaocegege"],
      "followers_url": ["https://api.github.com/users/gaocegege/followers"],
      "following_url": ["https://api.github.com/users/gaocegege/following{/other_user}"],
      "gists_url": ["https://api.github.com/users/gaocegege/gists{/gist_id}"],
      "starred_url": ["https://api.github.com/users/gaocegege/starred{/owner}{/repo}"],
      "subscriptions_url": ["https://api.github.com/users/gaocegege/subscriptions"],
      "organizations_url": ["https://api.github.com/users/gaocegege/orgs"],
      "repos_url": ["https://api.github.com/users/gaocegege/repos"],
      "events_url": ["https://api.github.com/users/gaocegege/events{/privacy}"],
      "received_events_url": ["https://api.github.com/users/gaocegege/received_events"],
      "type": ["User"],
      "site_admin": [false]
    },
    "html_url": ["https://github.com/gaocegege/Cpp-Project-As-a-Freshman"],
    "description": ["First  programming exam in SE, SJTU"],
    "fork": [false],
    "url": ["https://api.github.com/repos/gaocegege/Cpp-Project-As-a-Freshman"],
    "forks_url": ["https://api.github.com/repos/gaocegege/Cpp-Project-As-a-Freshman/forks"],
    "keys_url": ["https://api.github.com/repos/gaocegege/Cpp-Project-As-a-Freshman/keys{/key_id}"],
    "collaborators_url": ["https://api.github.com/repos/gaocegege/Cpp-Project-As-a-Freshman/collaborators{/collaborator}"],
    "teams_url": ["https://api.github.com/repos/gaocegege/Cpp-Project-As-a-Freshman/teams"],
    "hooks_url": ["https://api.github.com/repos/gaocegege/Cpp-Project-As-a-Freshman/hooks"],
    "issue_events_url": ["https://api.github.com/repos/gaocegege/Cpp-Project-As-a-Freshman/issues/events{/number}"],
    "events_url": ["https://api.github.com/repos/gaocegege/Cpp-Project-As-a-Freshman/events"],
    "assignees_url": ["https://api.github.com/repos/gaocegege/Cpp-Project-As-a-Freshman/assignees{/user}"],
    "branches_url": ["https://api.github.com/repos/gaocegege/Cpp-Project-As-a-Freshman/branches{/branch}"],
    "tags_url": ["https://api.github.com/repos/gaocegege/Cpp-Project-As-a-Freshman/tags"],
    "blobs_url": ["https://api.github.com/repos/gaocegege/Cpp-Project-As-a-Freshman/git/blobs{/sha}"],
    "git_tags_url": ["https://api.github.com/repos/gaocegege/Cpp-Project-As-a-Freshman/git/tags{/sha}"],
    "git_refs_url": ["https://api.github.com/repos/gaocegege/Cpp-Project-As-a-Freshman/git/refs{/sha}"],
    "trees_url": ["https://api.github.com/repos/gaocegege/Cpp-Project-As-a-Freshman/git/trees{/sha}"],
    "statuses_url": ["https://api.github.com/repos/gaocegege/Cpp-Project-As-a-Freshman/statuses/{sha}"],
    "languages_url": ["https://api.github.com/repos/gaocegege/Cpp-Project-As-a-Freshman/languages"],
    "stargazers_url": ["https://api.github.com/repos/gaocegege/Cpp-Project-As-a-Freshman/stargazers"],
    "contributors_url": ["https://api.github.com/repos/gaocegege/Cpp-Project-As-a-Freshman/contributors"],
    "subscribers_url": ["https://api.github.com/repos/gaocegege/Cpp-Project-As-a-Freshman/subscribers"],
    "subscription_url": ["https://api.github.com/repos/gaocegege/Cpp-Project-As-a-Freshman/subscription"],
    "commits_url": ["https://api.github.com/repos/gaocegege/Cpp-Project-As-a-Freshman/commits{/sha}"],
    "git_commits_url": ["https://api.github.com/repos/gaocegege/Cpp-Project-As-a-Freshman/git/commits{/sha}"],
    "comments_url": ["https://api.github.com/repos/gaocegege/Cpp-Project-As-a-Freshman/comments{/number}"],
    "issue_comment_url": ["https://api.github.com/repos/gaocegege/Cpp-Project-As-a-Freshman/issues/comments{/number}"],
    "contents_url": ["https://api.github.com/repos/gaocegege/Cpp-Project-As-a-Freshman/contents/{+path}"],
    "compare_url": ["https://api.github.com/repos/gaocegege/Cpp-Project-As-a-Freshman/compare/{base}...{head}"],
    "merges_url": ["https://api.github.com/repos/gaocegege/Cpp-Project-As-a-Freshman/merges"],
    "archive_url": ["https://api.github.com/repos/gaocegege/Cpp-Project-As-a-Freshman/{archive_format}{/ref}"],
    "downloads_url": ["https://api.github.com/repos/gaocegege/Cpp-Project-As-a-Freshman/downloads"],
    "issues_url": ["https://api.github.com/repos/gaocegege/Cpp-Project-As-a-Freshman/issues{/number}"],
    "pulls_url": ["https://api.github.com/repos/gaocegege/Cpp-Project-As-a-Freshman/pulls{/number}"],
    "milestones_url": ["https://api.github.com/repos/gaocegege/Cpp-Project-As-a-Freshman/milestones{/number}"],
    "notifications_url": ["https://api.github.com/repos/gaocegege/Cpp-Project-As-a-Freshman/notifications{?since,all,participating}"],
    "labels_url": ["https://api.github.com/repos/gaocegege/Cpp-Project-As-a-Freshman/labels{/name}"],
    "releases_url": ["https://api.github.com/repos/gaocegege/Cpp-Project-As-a-Freshman/releases{/id}"],
    "deployments_url": ["https://api.github.com/repos/gaocegege/Cpp-Project-As-a-Freshman/deployments"],
    "created_at": ["2014-08-30T12:55:52Z"],
    "updated_at": ["2014-09-25T06:20:24Z"],
    "pushed_at": ["2014-08-30T13:02:14Z"],
    "git_url": ["git://github.com/gaocegege/Cpp-Project-As-a-Freshman.git"],
    "ssh_url": ["git@github.com:gaocegege/Cpp-Project-As-a-Freshman.git"],
    "clone_url": ["https://github.com/gaocegege/Cpp-Project-As-a-Freshman.git"],
    "svn_url": ["https://github.com/gaocegege/Cpp-Project-As-a-Freshman"],
    "homepage": [""],
    "size": [108],
    "stargazers_count": [0],
    "watchers_count": [0],
    "language": ["C++"],
    "has_issues": [true],
    "has_projects": [true],
    "has_downloads": [true],
    "has_wiki": [true],
    "has_pages": [false],
    "forks_count": [0],
    "mirror_url": {},
    "archived": [false],
    "open_issues_count": [0],
    "license": {},
    "forks": [0],
    "open_issues": [0],
    "watchers": [0],
    "default_branch": ["master"],
    "permissions": {
      "admin": [false],
      "push": [false],
      "pull": [true]
    }
  }
]
