[
  {
    "id": [69207809],
    "node_id": ["MDEwOlJlcG9zaXRvcnk2OTIwNzgwOQ=="],
    "name": ["cluster-scheduler-simulator"],
    "full_name": ["gaocegege/cluster-scheduler-simulator"],
    "private": [false],
    "owner": {
      "login": ["gaocegege"],
      "id": [5100735],
      "node_id": ["MDQ6VXNlcjUxMDA3MzU="],
      "avatar_url": ["https://avatars3.githubusercontent.com/u/5100735?v=4"],
      "gravatar_id": [""],
      "url": ["https://api.github.com/users/gaocegege"],
      "html_url": ["https://github.com/gaocegege"],
      "followers_url": ["https://api.github.com/users/gaocegege/followers"],
      "following_url": ["https://api.github.com/users/gaocegege/following{/other_user}"],
      "gists_url": ["https://api.github.com/users/gaocegege/gists{/gist_id}"],
      "starred_url": ["https://api.github.com/users/gaocegege/starred{/owner}{/repo}"],
      "subscriptions_url": ["https://api.github.com/users/gaocegege/subscriptions"],
      "organizations_url": ["https://api.github.com/users/gaocegege/orgs"],
      "repos_url": ["https://api.github.com/users/gaocegege/repos"],
      "events_url": ["https://api.github.com/users/gaocegege/events{/privacy}"],
      "received_events_url": ["https://api.github.com/users/gaocegege/received_events"],
      "type": ["User"],
      "site_admin": [false]
    },
    "html_url": ["https://github.com/gaocegege/cluster-scheduler-simulator"],
    "description": ["Automatically exported from code.google.com/p/cluster-scheduler-simulator"],
    "fork": [true],
    "url": ["https://api.github.com/repos/gaocegege/cluster-scheduler-simulator"],
    "forks_url": ["https://api.github.com/repos/gaocegege/cluster-scheduler-simulator/forks"],
    "keys_url": ["https://api.github.com/repos/gaocegege/cluster-scheduler-simulator/keys{/key_id}"],
    "collaborators_url": ["https://api.github.com/repos/gaocegege/cluster-scheduler-simulator/collaborators{/collaborator}"],
    "teams_url": ["https://api.github.com/repos/gaocegege/cluster-scheduler-simulator/teams"],
    "hooks_url": ["https://api.github.com/repos/gaocegege/cluster-scheduler-simulator/hooks"],
    "issue_events_url": ["https://api.github.com/repos/gaocegege/cluster-scheduler-simulator/issues/events{/number}"],
    "events_url": ["https://api.github.com/repos/gaocegege/cluster-scheduler-simulator/events"],
    "assignees_url": ["https://api.github.com/repos/gaocegege/cluster-scheduler-simulator/assignees{/user}"],
    "branches_url": ["https://api.github.com/repos/gaocegege/cluster-scheduler-simulator/branches{/branch}"],
    "tags_url": ["https://api.github.com/repos/gaocegege/cluster-scheduler-simulator/tags"],
    "blobs_url": ["https://api.github.com/repos/gaocegege/cluster-scheduler-simulator/git/blobs{/sha}"],
    "git_tags_url": ["https://api.github.com/repos/gaocegege/cluster-scheduler-simulator/git/tags{/sha}"],
    "git_refs_url": ["https://api.github.com/repos/gaocegege/cluster-scheduler-simulator/git/refs{/sha}"],
    "trees_url": ["https://api.github.com/repos/gaocegege/cluster-scheduler-simulator/git/trees{/sha}"],
    "statuses_url": ["https://api.github.com/repos/gaocegege/cluster-scheduler-simulator/statuses/{sha}"],
    "languages_url": ["https://api.github.com/repos/gaocegege/cluster-scheduler-simulator/languages"],
    "stargazers_url": ["https://api.github.com/repos/gaocegege/cluster-scheduler-simulator/stargazers"],
    "contributors_url": ["https://api.github.com/repos/gaocegege/cluster-scheduler-simulator/contributors"],
    "subscribers_url": ["https://api.github.com/repos/gaocegege/cluster-scheduler-simulator/subscribers"],
    "subscription_url": ["https://api.github.com/repos/gaocegege/cluster-scheduler-simulator/subscription"],
    "commits_url": ["https://api.github.com/repos/gaocegege/cluster-scheduler-simulator/commits{/sha}"],
    "git_commits_url": ["https://api.github.com/repos/gaocegege/cluster-scheduler-simulator/git/commits{/sha}"],
    "comments_url": ["https://api.github.com/repos/gaocegege/cluster-scheduler-simulator/comments{/number}"],
    "issue_comment_url": ["https://api.github.com/repos/gaocegege/cluster-scheduler-simulator/issues/comments{/number}"],
    "contents_url": ["https://api.github.com/repos/gaocegege/cluster-scheduler-simulator/contents/{+path}"],
    "compare_url": ["https://api.github.com/repos/gaocegege/cluster-scheduler-simulator/compare/{base}...{head}"],
    "merges_url": ["https://api.github.com/repos/gaocegege/cluster-scheduler-simulator/merges"],
    "archive_url": ["https://api.github.com/repos/gaocegege/cluster-scheduler-simulator/{archive_format}{/ref}"],
    "downloads_url": ["https://api.github.com/repos/gaocegege/cluster-scheduler-simulator/downloads"],
    "issues_url": ["https://api.github.com/repos/gaocegege/cluster-scheduler-simulator/issues{/number}"],
    "pulls_url": ["https://api.github.com/repos/gaocegege/cluster-scheduler-simulator/pulls{/number}"],
    "milestones_url": ["https://api.github.com/repos/gaocegege/cluster-scheduler-simulator/milestones{/number}"],
    "notifications_url": ["https://api.github.com/repos/gaocegege/cluster-scheduler-simulator/notifications{?since,all,participating}"],
    "labels_url": ["https://api.github.com/repos/gaocegege/cluster-scheduler-simulator/labels{/name}"],
    "releases_url": ["https://api.github.com/repos/gaocegege/cluster-scheduler-simulator/releases{/id}"],
    "deployments_url": ["https://api.github.com/repos/gaocegege/cluster-scheduler-simulator/deployments"],
    "created_at": ["2016-09-26T03:02:27Z"],
    "updated_at": ["2016-09-26T03:02:30Z"],
    "pushed_at": ["2016-09-26T05:18:51Z"],
    "git_url": ["git://github.com/gaocegege/cluster-scheduler-simulator.git"],
    "ssh_url": ["git@github.com:gaocegege/cluster-scheduler-simulator.git"],
    "clone_url": ["https://github.com/gaocegege/cluster-scheduler-simulator.git"],
    "svn_url": ["https://github.com/gaocegege/cluster-scheduler-simulator"],
    "homepage": {},
    "size": [2151],
    "stargazers_count": [0],
    "watchers_count": [0],
    "language": ["Scala"],
    "has_issues": [false],
    "has_projects": [true],
    "has_downloads": [false],
    "has_wiki": [false],
    "has_pages": [false],
    "forks_count": [0],
    "mirror_url": {},
    "archived": [false],
    "open_issues_count": [0],
    "license": {
      "key": ["bsd-3-clause"],
      "name": ["BSD 3-Clause \"New\" or \"Revised\" License"],
      "spdx_id": ["BSD-3-Clause"],
      "url": ["https://api.github.com/licenses/bsd-3-clause"],
      "node_id": ["MDc6TGljZW5zZTU="]
    },
    "forks": [0],
    "open_issues": [0],
    "watchers": [0],
    "default_branch": ["master"],
    "permissions": {
      "admin": [false],
      "push": [false],
      "pull": [true]
    }
  }
]
