[
  {
    "id": [162973130],
    "node_id": ["MDEwOlJlcG9zaXRvcnkxNjI5NzMxMzA="],
    "name": ["nirvana"],
    "full_name": ["gaocegege/nirvana"],
    "private": [false],
    "owner": {
      "login": ["gaocegege"],
      "id": [5100735],
      "node_id": ["MDQ6VXNlcjUxMDA3MzU="],
      "avatar_url": ["https://avatars3.githubusercontent.com/u/5100735?v=4"],
      "gravatar_id": [""],
      "url": ["https://api.github.com/users/gaocegege"],
      "html_url": ["https://github.com/gaocegege"],
      "followers_url": ["https://api.github.com/users/gaocegege/followers"],
      "following_url": ["https://api.github.com/users/gaocegege/following{/other_user}"],
      "gists_url": ["https://api.github.com/users/gaocegege/gists{/gist_id}"],
      "starred_url": ["https://api.github.com/users/gaocegege/starred{/owner}{/repo}"],
      "subscriptions_url": ["https://api.github.com/users/gaocegege/subscriptions"],
      "organizations_url": ["https://api.github.com/users/gaocegege/orgs"],
      "repos_url": ["https://api.github.com/users/gaocegege/repos"],
      "events_url": ["https://api.github.com/users/gaocegege/events{/privacy}"],
      "received_events_url": ["https://api.github.com/users/gaocegege/received_events"],
      "type": ["User"],
      "site_admin": [false]
    },
    "html_url": ["https://github.com/gaocegege/nirvana"],
    "description": ["Golang Restful API Framework for Productivity"],
    "fork": [true],
    "url": ["https://api.github.com/repos/gaocegege/nirvana"],
    "forks_url": ["https://api.github.com/repos/gaocegege/nirvana/forks"],
    "keys_url": ["https://api.github.com/repos/gaocegege/nirvana/keys{/key_id}"],
    "collaborators_url": ["https://api.github.com/repos/gaocegege/nirvana/collaborators{/collaborator}"],
    "teams_url": ["https://api.github.com/repos/gaocegege/nirvana/teams"],
    "hooks_url": ["https://api.github.com/repos/gaocegege/nirvana/hooks"],
    "issue_events_url": ["https://api.github.com/repos/gaocegege/nirvana/issues/events{/number}"],
    "events_url": ["https://api.github.com/repos/gaocegege/nirvana/events"],
    "assignees_url": ["https://api.github.com/repos/gaocegege/nirvana/assignees{/user}"],
    "branches_url": ["https://api.github.com/repos/gaocegege/nirvana/branches{/branch}"],
    "tags_url": ["https://api.github.com/repos/gaocegege/nirvana/tags"],
    "blobs_url": ["https://api.github.com/repos/gaocegege/nirvana/git/blobs{/sha}"],
    "git_tags_url": ["https://api.github.com/repos/gaocegege/nirvana/git/tags{/sha}"],
    "git_refs_url": ["https://api.github.com/repos/gaocegege/nirvana/git/refs{/sha}"],
    "trees_url": ["https://api.github.com/repos/gaocegege/nirvana/git/trees{/sha}"],
    "statuses_url": ["https://api.github.com/repos/gaocegege/nirvana/statuses/{sha}"],
    "languages_url": ["https://api.github.com/repos/gaocegege/nirvana/languages"],
    "stargazers_url": ["https://api.github.com/repos/gaocegege/nirvana/stargazers"],
    "contributors_url": ["https://api.github.com/repos/gaocegege/nirvana/contributors"],
    "subscribers_url": ["https://api.github.com/repos/gaocegege/nirvana/subscribers"],
    "subscription_url": ["https://api.github.com/repos/gaocegege/nirvana/subscription"],
    "commits_url": ["https://api.github.com/repos/gaocegege/nirvana/commits{/sha}"],
    "git_commits_url": ["https://api.github.com/repos/gaocegege/nirvana/git/commits{/sha}"],
    "comments_url": ["https://api.github.com/repos/gaocegege/nirvana/comments{/number}"],
    "issue_comment_url": ["https://api.github.com/repos/gaocegege/nirvana/issues/comments{/number}"],
    "contents_url": ["https://api.github.com/repos/gaocegege/nirvana/contents/{+path}"],
    "compare_url": ["https://api.github.com/repos/gaocegege/nirvana/compare/{base}...{head}"],
    "merges_url": ["https://api.github.com/repos/gaocegege/nirvana/merges"],
    "archive_url": ["https://api.github.com/repos/gaocegege/nirvana/{archive_format}{/ref}"],
    "downloads_url": ["https://api.github.com/repos/gaocegege/nirvana/downloads"],
    "issues_url": ["https://api.github.com/repos/gaocegege/nirvana/issues{/number}"],
    "pulls_url": ["https://api.github.com/repos/gaocegege/nirvana/pulls{/number}"],
    "milestones_url": ["https://api.github.com/repos/gaocegege/nirvana/milestones{/number}"],
    "notifications_url": ["https://api.github.com/repos/gaocegege/nirvana/notifications{?since,all,participating}"],
    "labels_url": ["https://api.github.com/repos/gaocegege/nirvana/labels{/name}"],
    "releases_url": ["https://api.github.com/repos/gaocegege/nirvana/releases{/id}"],
    "deployments_url": ["https://api.github.com/repos/gaocegege/nirvana/deployments"],
    "created_at": ["2018-12-24T09:19:59Z"],
    "updated_at": ["2018-12-24T09:20:01Z"],
    "pushed_at": ["2018-12-27T03:15:12Z"],
    "git_url": ["git://github.com/gaocegege/nirvana.git"],
    "ssh_url": ["git@github.com:gaocegege/nirvana.git"],
    "clone_url": ["https://github.com/gaocegege/nirvana.git"],
    "svn_url": ["https://github.com/gaocegege/nirvana"],
    "homepage": ["https://caicloud.github.io/nirvana/"],
    "size": [9624],
    "stargazers_count": [0],
    "watchers_count": [0],
    "language": ["Go"],
    "has_issues": [false],
    "has_projects": [true],
    "has_downloads": [true],
    "has_wiki": [true],
    "has_pages": [false],
    "forks_count": [0],
    "mirror_url": {},
    "archived": [false],
    "open_issues_count": [0],
    "license": {
      "key": ["apache-2.0"],
      "name": ["Apache License 2.0"],
      "spdx_id": ["Apache-2.0"],
      "url": ["https://api.github.com/licenses/apache-2.0"],
      "node_id": ["MDc6TGljZW5zZTI="]
    },
    "forks": [0],
    "open_issues": [0],
    "watchers": [0],
    "default_branch": ["master"],
    "permissions": {
      "admin": [false],
      "push": [false],
      "pull": [true]
    }
  }
]
