[
  {
    "id": [64287187],
    "node_id": ["MDEwOlJlcG9zaXRvcnk2NDI4NzE4Nw=="],
    "name": ["concourse"],
    "full_name": ["gaocegege/concourse"],
    "private": [false],
    "owner": {
      "login": ["gaocegege"],
      "id": [5100735],
      "node_id": ["MDQ6VXNlcjUxMDA3MzU="],
      "avatar_url": ["https://avatars3.githubusercontent.com/u/5100735?v=4"],
      "gravatar_id": [""],
      "url": ["https://api.github.com/users/gaocegege"],
      "html_url": ["https://github.com/gaocegege"],
      "followers_url": ["https://api.github.com/users/gaocegege/followers"],
      "following_url": ["https://api.github.com/users/gaocegege/following{/other_user}"],
      "gists_url": ["https://api.github.com/users/gaocegege/gists{/gist_id}"],
      "starred_url": ["https://api.github.com/users/gaocegege/starred{/owner}{/repo}"],
      "subscriptions_url": ["https://api.github.com/users/gaocegege/subscriptions"],
      "organizations_url": ["https://api.github.com/users/gaocegege/orgs"],
      "repos_url": ["https://api.github.com/users/gaocegege/repos"],
      "events_url": ["https://api.github.com/users/gaocegege/events{/privacy}"],
      "received_events_url": ["https://api.github.com/users/gaocegege/received_events"],
      "type": ["User"],
      "site_admin": [false]
    },
    "html_url": ["https://github.com/gaocegege/concourse"],
    "description": ["BOSH Release"],
    "fork": [true],
    "url": ["https://api.github.com/repos/gaocegege/concourse"],
    "forks_url": ["https://api.github.com/repos/gaocegege/concourse/forks"],
    "keys_url": ["https://api.github.com/repos/gaocegege/concourse/keys{/key_id}"],
    "collaborators_url": ["https://api.github.com/repos/gaocegege/concourse/collaborators{/collaborator}"],
    "teams_url": ["https://api.github.com/repos/gaocegege/concourse/teams"],
    "hooks_url": ["https://api.github.com/repos/gaocegege/concourse/hooks"],
    "issue_events_url": ["https://api.github.com/repos/gaocegege/concourse/issues/events{/number}"],
    "events_url": ["https://api.github.com/repos/gaocegege/concourse/events"],
    "assignees_url": ["https://api.github.com/repos/gaocegege/concourse/assignees{/user}"],
    "branches_url": ["https://api.github.com/repos/gaocegege/concourse/branches{/branch}"],
    "tags_url": ["https://api.github.com/repos/gaocegege/concourse/tags"],
    "blobs_url": ["https://api.github.com/repos/gaocegege/concourse/git/blobs{/sha}"],
    "git_tags_url": ["https://api.github.com/repos/gaocegege/concourse/git/tags{/sha}"],
    "git_refs_url": ["https://api.github.com/repos/gaocegege/concourse/git/refs{/sha}"],
    "trees_url": ["https://api.github.com/repos/gaocegege/concourse/git/trees{/sha}"],
    "statuses_url": ["https://api.github.com/repos/gaocegege/concourse/statuses/{sha}"],
    "languages_url": ["https://api.github.com/repos/gaocegege/concourse/languages"],
    "stargazers_url": ["https://api.github.com/repos/gaocegege/concourse/stargazers"],
    "contributors_url": ["https://api.github.com/repos/gaocegege/concourse/contributors"],
    "subscribers_url": ["https://api.github.com/repos/gaocegege/concourse/subscribers"],
    "subscription_url": ["https://api.github.com/repos/gaocegege/concourse/subscription"],
    "commits_url": ["https://api.github.com/repos/gaocegege/concourse/commits{/sha}"],
    "git_commits_url": ["https://api.github.com/repos/gaocegege/concourse/git/commits{/sha}"],
    "comments_url": ["https://api.github.com/repos/gaocegege/concourse/comments{/number}"],
    "issue_comment_url": ["https://api.github.com/repos/gaocegege/concourse/issues/comments{/number}"],
    "contents_url": ["https://api.github.com/repos/gaocegege/concourse/contents/{+path}"],
    "compare_url": ["https://api.github.com/repos/gaocegege/concourse/compare/{base}...{head}"],
    "merges_url": ["https://api.github.com/repos/gaocegege/concourse/merges"],
    "archive_url": ["https://api.github.com/repos/gaocegege/concourse/{archive_format}{/ref}"],
    "downloads_url": ["https://api.github.com/repos/gaocegege/concourse/downloads"],
    "issues_url": ["https://api.github.com/repos/gaocegege/concourse/issues{/number}"],
    "pulls_url": ["https://api.github.com/repos/gaocegege/concourse/pulls{/number}"],
    "milestones_url": ["https://api.github.com/repos/gaocegege/concourse/milestones{/number}"],
    "notifications_url": ["https://api.github.com/repos/gaocegege/concourse/notifications{?since,all,participating}"],
    "labels_url": ["https://api.github.com/repos/gaocegege/concourse/labels{/name}"],
    "releases_url": ["https://api.github.com/repos/gaocegege/concourse/releases{/id}"],
    "deployments_url": ["https://api.github.com/repos/gaocegege/concourse/deployments"],
    "created_at": ["2016-07-27T07:29:08Z"],
    "updated_at": ["2016-07-27T07:29:10Z"],
    "pushed_at": ["2016-07-26T17:00:28Z"],
    "git_url": ["git://github.com/gaocegege/concourse.git"],
    "ssh_url": ["git@github.com:gaocegege/concourse.git"],
    "clone_url": ["https://github.com/gaocegege/concourse.git"],
    "svn_url": ["https://github.com/gaocegege/concourse"],
    "homepage": ["https://concourse.ci"],
    "size": [7231],
    "stargazers_count": [0],
    "watchers_count": [0],
    "language": ["Go"],
    "has_issues": [false],
    "has_projects": [true],
    "has_downloads": [true],
    "has_wiki": [false],
    "has_pages": [false],
    "forks_count": [0],
    "mirror_url": {},
    "archived": [false],
    "open_issues_count": [0],
    "license": {
      "key": ["apache-2.0"],
      "name": ["Apache License 2.0"],
      "spdx_id": ["Apache-2.0"],
      "url": ["https://api.github.com/licenses/apache-2.0"],
      "node_id": ["MDc6TGljZW5zZTI="]
    },
    "forks": [0],
    "open_issues": [0],
    "watchers": [0],
    "default_branch": ["master"],
    "permissions": {
      "admin": [false],
      "push": [false],
      "pull": [true]
    }
  }
]
