[
  {
    "id": [80007700],
    "node_id": ["MDEwOlJlcG9zaXRvcnk4MDAwNzcwMA=="],
    "name": ["coala-jetbrains"],
    "full_name": ["gaocegege/coala-jetbrains"],
    "private": [false],
    "owner": {
      "login": ["gaocegege"],
      "id": [5100735],
      "node_id": ["MDQ6VXNlcjUxMDA3MzU="],
      "avatar_url": ["https://avatars3.githubusercontent.com/u/5100735?v=4"],
      "gravatar_id": [""],
      "url": ["https://api.github.com/users/gaocegege"],
      "html_url": ["https://github.com/gaocegege"],
      "followers_url": ["https://api.github.com/users/gaocegege/followers"],
      "following_url": ["https://api.github.com/users/gaocegege/following{/other_user}"],
      "gists_url": ["https://api.github.com/users/gaocegege/gists{/gist_id}"],
      "starred_url": ["https://api.github.com/users/gaocegege/starred{/owner}{/repo}"],
      "subscriptions_url": ["https://api.github.com/users/gaocegege/subscriptions"],
      "organizations_url": ["https://api.github.com/users/gaocegege/orgs"],
      "repos_url": ["https://api.github.com/users/gaocegege/repos"],
      "events_url": ["https://api.github.com/users/gaocegege/events{/privacy}"],
      "received_events_url": ["https://api.github.com/users/gaocegege/received_events"],
      "type": ["User"],
      "site_admin": [false]
    },
    "html_url": ["https://github.com/gaocegege/coala-jetbrains"],
    "description": ["coala plugin for jetbrains IDE"],
    "fork": [false],
    "url": ["https://api.github.com/repos/gaocegege/coala-jetbrains"],
    "forks_url": ["https://api.github.com/repos/gaocegege/coala-jetbrains/forks"],
    "keys_url": ["https://api.github.com/repos/gaocegege/coala-jetbrains/keys{/key_id}"],
    "collaborators_url": ["https://api.github.com/repos/gaocegege/coala-jetbrains/collaborators{/collaborator}"],
    "teams_url": ["https://api.github.com/repos/gaocegege/coala-jetbrains/teams"],
    "hooks_url": ["https://api.github.com/repos/gaocegege/coala-jetbrains/hooks"],
    "issue_events_url": ["https://api.github.com/repos/gaocegege/coala-jetbrains/issues/events{/number}"],
    "events_url": ["https://api.github.com/repos/gaocegege/coala-jetbrains/events"],
    "assignees_url": ["https://api.github.com/repos/gaocegege/coala-jetbrains/assignees{/user}"],
    "branches_url": ["https://api.github.com/repos/gaocegege/coala-jetbrains/branches{/branch}"],
    "tags_url": ["https://api.github.com/repos/gaocegege/coala-jetbrains/tags"],
    "blobs_url": ["https://api.github.com/repos/gaocegege/coala-jetbrains/git/blobs{/sha}"],
    "git_tags_url": ["https://api.github.com/repos/gaocegege/coala-jetbrains/git/tags{/sha}"],
    "git_refs_url": ["https://api.github.com/repos/gaocegege/coala-jetbrains/git/refs{/sha}"],
    "trees_url": ["https://api.github.com/repos/gaocegege/coala-jetbrains/git/trees{/sha}"],
    "statuses_url": ["https://api.github.com/repos/gaocegege/coala-jetbrains/statuses/{sha}"],
    "languages_url": ["https://api.github.com/repos/gaocegege/coala-jetbrains/languages"],
    "stargazers_url": ["https://api.github.com/repos/gaocegege/coala-jetbrains/stargazers"],
    "contributors_url": ["https://api.github.com/repos/gaocegege/coala-jetbrains/contributors"],
    "subscribers_url": ["https://api.github.com/repos/gaocegege/coala-jetbrains/subscribers"],
    "subscription_url": ["https://api.github.com/repos/gaocegege/coala-jetbrains/subscription"],
    "commits_url": ["https://api.github.com/repos/gaocegege/coala-jetbrains/commits{/sha}"],
    "git_commits_url": ["https://api.github.com/repos/gaocegege/coala-jetbrains/git/commits{/sha}"],
    "comments_url": ["https://api.github.com/repos/gaocegege/coala-jetbrains/comments{/number}"],
    "issue_comment_url": ["https://api.github.com/repos/gaocegege/coala-jetbrains/issues/comments{/number}"],
    "contents_url": ["https://api.github.com/repos/gaocegege/coala-jetbrains/contents/{+path}"],
    "compare_url": ["https://api.github.com/repos/gaocegege/coala-jetbrains/compare/{base}...{head}"],
    "merges_url": ["https://api.github.com/repos/gaocegege/coala-jetbrains/merges"],
    "archive_url": ["https://api.github.com/repos/gaocegege/coala-jetbrains/{archive_format}{/ref}"],
    "downloads_url": ["https://api.github.com/repos/gaocegege/coala-jetbrains/downloads"],
    "issues_url": ["https://api.github.com/repos/gaocegege/coala-jetbrains/issues{/number}"],
    "pulls_url": ["https://api.github.com/repos/gaocegege/coala-jetbrains/pulls{/number}"],
    "milestones_url": ["https://api.github.com/repos/gaocegege/coala-jetbrains/milestones{/number}"],
    "notifications_url": ["https://api.github.com/repos/gaocegege/coala-jetbrains/notifications{?since,all,participating}"],
    "labels_url": ["https://api.github.com/repos/gaocegege/coala-jetbrains/labels{/name}"],
    "releases_url": ["https://api.github.com/repos/gaocegege/coala-jetbrains/releases{/id}"],
    "deployments_url": ["https://api.github.com/repos/gaocegege/coala-jetbrains/deployments"],
    "created_at": ["2017-01-25T11:18:18Z"],
    "updated_at": ["2017-01-25T11:18:40Z"],
    "pushed_at": ["2017-01-25T11:23:47Z"],
    "git_url": ["git://github.com/gaocegege/coala-jetbrains.git"],
    "ssh_url": ["git@github.com:gaocegege/coala-jetbrains.git"],
    "clone_url": ["https://github.com/gaocegege/coala-jetbrains.git"],
    "svn_url": ["https://github.com/gaocegege/coala-jetbrains"],
    "homepage": {},
    "size": [34],
    "stargazers_count": [0],
    "watchers_count": [0],
    "language": ["Java"],
    "has_issues": [true],
    "has_projects": [true],
    "has_downloads": [true],
    "has_wiki": [true],
    "has_pages": [false],
    "forks_count": [0],
    "mirror_url": {},
    "archived": [false],
    "open_issues_count": [0],
    "license": {},
    "forks": [0],
    "open_issues": [0],
    "watchers": [0],
    "default_branch": ["master"],
    "permissions": {
      "admin": [false],
      "push": [false],
      "pull": [true]
    }
  }
]
