[
  {
    "id": [73077082],
    "node_id": ["MDEwOlJlcG9zaXRvcnk3MzA3NzA4Mg=="],
    "name": ["cyclone"],
    "full_name": ["gaocegege/cyclone"],
    "private": [false],
    "owner": {
      "login": ["gaocegege"],
      "id": [5100735],
      "node_id": ["MDQ6VXNlcjUxMDA3MzU="],
      "avatar_url": ["https://avatars3.githubusercontent.com/u/5100735?v=4"],
      "gravatar_id": [""],
      "url": ["https://api.github.com/users/gaocegege"],
      "html_url": ["https://github.com/gaocegege"],
      "followers_url": ["https://api.github.com/users/gaocegege/followers"],
      "following_url": ["https://api.github.com/users/gaocegege/following{/other_user}"],
      "gists_url": ["https://api.github.com/users/gaocegege/gists{/gist_id}"],
      "starred_url": ["https://api.github.com/users/gaocegege/starred{/owner}{/repo}"],
      "subscriptions_url": ["https://api.github.com/users/gaocegege/subscriptions"],
      "organizations_url": ["https://api.github.com/users/gaocegege/orgs"],
      "repos_url": ["https://api.github.com/users/gaocegege/repos"],
      "events_url": ["https://api.github.com/users/gaocegege/events{/privacy}"],
      "received_events_url": ["https://api.github.com/users/gaocegege/received_events"],
      "type": ["User"],
      "site_admin": [false]
    },
    "html_url": ["https://github.com/gaocegege/cyclone"],
    "description": ["Native CI/CD platform made for container"],
    "fork": [true],
    "url": ["https://api.github.com/repos/gaocegege/cyclone"],
    "forks_url": ["https://api.github.com/repos/gaocegege/cyclone/forks"],
    "keys_url": ["https://api.github.com/repos/gaocegege/cyclone/keys{/key_id}"],
    "collaborators_url": ["https://api.github.com/repos/gaocegege/cyclone/collaborators{/collaborator}"],
    "teams_url": ["https://api.github.com/repos/gaocegege/cyclone/teams"],
    "hooks_url": ["https://api.github.com/repos/gaocegege/cyclone/hooks"],
    "issue_events_url": ["https://api.github.com/repos/gaocegege/cyclone/issues/events{/number}"],
    "events_url": ["https://api.github.com/repos/gaocegege/cyclone/events"],
    "assignees_url": ["https://api.github.com/repos/gaocegege/cyclone/assignees{/user}"],
    "branches_url": ["https://api.github.com/repos/gaocegege/cyclone/branches{/branch}"],
    "tags_url": ["https://api.github.com/repos/gaocegege/cyclone/tags"],
    "blobs_url": ["https://api.github.com/repos/gaocegege/cyclone/git/blobs{/sha}"],
    "git_tags_url": ["https://api.github.com/repos/gaocegege/cyclone/git/tags{/sha}"],
    "git_refs_url": ["https://api.github.com/repos/gaocegege/cyclone/git/refs{/sha}"],
    "trees_url": ["https://api.github.com/repos/gaocegege/cyclone/git/trees{/sha}"],
    "statuses_url": ["https://api.github.com/repos/gaocegege/cyclone/statuses/{sha}"],
    "languages_url": ["https://api.github.com/repos/gaocegege/cyclone/languages"],
    "stargazers_url": ["https://api.github.com/repos/gaocegege/cyclone/stargazers"],
    "contributors_url": ["https://api.github.com/repos/gaocegege/cyclone/contributors"],
    "subscribers_url": ["https://api.github.com/repos/gaocegege/cyclone/subscribers"],
    "subscription_url": ["https://api.github.com/repos/gaocegege/cyclone/subscription"],
    "commits_url": ["https://api.github.com/repos/gaocegege/cyclone/commits{/sha}"],
    "git_commits_url": ["https://api.github.com/repos/gaocegege/cyclone/git/commits{/sha}"],
    "comments_url": ["https://api.github.com/repos/gaocegege/cyclone/comments{/number}"],
    "issue_comment_url": ["https://api.github.com/repos/gaocegege/cyclone/issues/comments{/number}"],
    "contents_url": ["https://api.github.com/repos/gaocegege/cyclone/contents/{+path}"],
    "compare_url": ["https://api.github.com/repos/gaocegege/cyclone/compare/{base}...{head}"],
    "merges_url": ["https://api.github.com/repos/gaocegege/cyclone/merges"],
    "archive_url": ["https://api.github.com/repos/gaocegege/cyclone/{archive_format}{/ref}"],
    "downloads_url": ["https://api.github.com/repos/gaocegege/cyclone/downloads"],
    "issues_url": ["https://api.github.com/repos/gaocegege/cyclone/issues{/number}"],
    "pulls_url": ["https://api.github.com/repos/gaocegege/cyclone/pulls{/number}"],
    "milestones_url": ["https://api.github.com/repos/gaocegege/cyclone/milestones{/number}"],
    "notifications_url": ["https://api.github.com/repos/gaocegege/cyclone/notifications{?since,all,participating}"],
    "labels_url": ["https://api.github.com/repos/gaocegege/cyclone/labels{/name}"],
    "releases_url": ["https://api.github.com/repos/gaocegege/cyclone/releases{/id}"],
    "deployments_url": ["https://api.github.com/repos/gaocegege/cyclone/deployments"],
    "created_at": ["2016-11-07T12:39:49Z"],
    "updated_at": ["2016-11-07T12:39:51Z"],
    "pushed_at": ["2017-03-02T04:58:29Z"],
    "git_url": ["git://github.com/gaocegege/cyclone.git"],
    "ssh_url": ["git@github.com:gaocegege/cyclone.git"],
    "clone_url": ["https://github.com/gaocegege/cyclone.git"],
    "svn_url": ["https://github.com/gaocegege/cyclone"],
    "homepage": [""],
    "size": [18914],
    "stargazers_count": [0],
    "watchers_count": [0],
    "language": ["Go"],
    "has_issues": [false],
    "has_projects": [true],
    "has_downloads": [true],
    "has_wiki": [true],
    "has_pages": [false],
    "forks_count": [0],
    "mirror_url": {},
    "archived": [false],
    "open_issues_count": [0],
    "license": {
      "key": ["apache-2.0"],
      "name": ["Apache License 2.0"],
      "spdx_id": ["Apache-2.0"],
      "url": ["https://api.github.com/licenses/apache-2.0"],
      "node_id": ["MDc6TGljZW5zZTI="]
    },
    "forks": [0],
    "open_issues": [0],
    "watchers": [0],
    "default_branch": ["master"],
    "permissions": {
      "admin": [false],
      "push": [false],
      "pull": [true]
    }
  }
]
