[
  {
    "id": [45876848],
    "node_id": ["MDEwOlJlcG9zaXRvcnk0NTg3Njg0OA=="],
    "name": ["deployment-manager"],
    "full_name": ["gaocegege/deployment-manager"],
    "private": [false],
    "owner": {
      "login": ["gaocegege"],
      "id": [5100735],
      "node_id": ["MDQ6VXNlcjUxMDA3MzU="],
      "avatar_url": ["https://avatars3.githubusercontent.com/u/5100735?v=4"],
      "gravatar_id": [""],
      "url": ["https://api.github.com/users/gaocegege"],
      "html_url": ["https://github.com/gaocegege"],
      "followers_url": ["https://api.github.com/users/gaocegege/followers"],
      "following_url": ["https://api.github.com/users/gaocegege/following{/other_user}"],
      "gists_url": ["https://api.github.com/users/gaocegege/gists{/gist_id}"],
      "starred_url": ["https://api.github.com/users/gaocegege/starred{/owner}{/repo}"],
      "subscriptions_url": ["https://api.github.com/users/gaocegege/subscriptions"],
      "organizations_url": ["https://api.github.com/users/gaocegege/orgs"],
      "repos_url": ["https://api.github.com/users/gaocegege/repos"],
      "events_url": ["https://api.github.com/users/gaocegege/events{/privacy}"],
      "received_events_url": ["https://api.github.com/users/gaocegege/received_events"],
      "type": ["User"],
      "site_admin": [false]
    },
    "html_url": ["https://github.com/gaocegege/deployment-manager"],
    "description": ["Deployment Manager on Kubernetes"],
    "fork": [true],
    "url": ["https://api.github.com/repos/gaocegege/deployment-manager"],
    "forks_url": ["https://api.github.com/repos/gaocegege/deployment-manager/forks"],
    "keys_url": ["https://api.github.com/repos/gaocegege/deployment-manager/keys{/key_id}"],
    "collaborators_url": ["https://api.github.com/repos/gaocegege/deployment-manager/collaborators{/collaborator}"],
    "teams_url": ["https://api.github.com/repos/gaocegege/deployment-manager/teams"],
    "hooks_url": ["https://api.github.com/repos/gaocegege/deployment-manager/hooks"],
    "issue_events_url": ["https://api.github.com/repos/gaocegege/deployment-manager/issues/events{/number}"],
    "events_url": ["https://api.github.com/repos/gaocegege/deployment-manager/events"],
    "assignees_url": ["https://api.github.com/repos/gaocegege/deployment-manager/assignees{/user}"],
    "branches_url": ["https://api.github.com/repos/gaocegege/deployment-manager/branches{/branch}"],
    "tags_url": ["https://api.github.com/repos/gaocegege/deployment-manager/tags"],
    "blobs_url": ["https://api.github.com/repos/gaocegege/deployment-manager/git/blobs{/sha}"],
    "git_tags_url": ["https://api.github.com/repos/gaocegege/deployment-manager/git/tags{/sha}"],
    "git_refs_url": ["https://api.github.com/repos/gaocegege/deployment-manager/git/refs{/sha}"],
    "trees_url": ["https://api.github.com/repos/gaocegege/deployment-manager/git/trees{/sha}"],
    "statuses_url": ["https://api.github.com/repos/gaocegege/deployment-manager/statuses/{sha}"],
    "languages_url": ["https://api.github.com/repos/gaocegege/deployment-manager/languages"],
    "stargazers_url": ["https://api.github.com/repos/gaocegege/deployment-manager/stargazers"],
    "contributors_url": ["https://api.github.com/repos/gaocegege/deployment-manager/contributors"],
    "subscribers_url": ["https://api.github.com/repos/gaocegege/deployment-manager/subscribers"],
    "subscription_url": ["https://api.github.com/repos/gaocegege/deployment-manager/subscription"],
    "commits_url": ["https://api.github.com/repos/gaocegege/deployment-manager/commits{/sha}"],
    "git_commits_url": ["https://api.github.com/repos/gaocegege/deployment-manager/git/commits{/sha}"],
    "comments_url": ["https://api.github.com/repos/gaocegege/deployment-manager/comments{/number}"],
    "issue_comment_url": ["https://api.github.com/repos/gaocegege/deployment-manager/issues/comments{/number}"],
    "contents_url": ["https://api.github.com/repos/gaocegege/deployment-manager/contents/{+path}"],
    "compare_url": ["https://api.github.com/repos/gaocegege/deployment-manager/compare/{base}...{head}"],
    "merges_url": ["https://api.github.com/repos/gaocegege/deployment-manager/merges"],
    "archive_url": ["https://api.github.com/repos/gaocegege/deployment-manager/{archive_format}{/ref}"],
    "downloads_url": ["https://api.github.com/repos/gaocegege/deployment-manager/downloads"],
    "issues_url": ["https://api.github.com/repos/gaocegege/deployment-manager/issues{/number}"],
    "pulls_url": ["https://api.github.com/repos/gaocegege/deployment-manager/pulls{/number}"],
    "milestones_url": ["https://api.github.com/repos/gaocegege/deployment-manager/milestones{/number}"],
    "notifications_url": ["https://api.github.com/repos/gaocegege/deployment-manager/notifications{?since,all,participating}"],
    "labels_url": ["https://api.github.com/repos/gaocegege/deployment-manager/labels{/name}"],
    "releases_url": ["https://api.github.com/repos/gaocegege/deployment-manager/releases{/id}"],
    "deployments_url": ["https://api.github.com/repos/gaocegege/deployment-manager/deployments"],
    "created_at": ["2015-11-10T00:37:17Z"],
    "updated_at": ["2018-07-18T19:39:33Z"],
    "pushed_at": ["2016-01-29T11:10:09Z"],
    "git_url": ["git://github.com/gaocegege/deployment-manager.git"],
    "ssh_url": ["git@github.com:gaocegege/deployment-manager.git"],
    "clone_url": ["https://github.com/gaocegege/deployment-manager.git"],
    "svn_url": ["https://github.com/gaocegege/deployment-manager"],
    "homepage": {},
    "size": [471],
    "stargazers_count": [0],
    "watchers_count": [0],
    "language": ["Go"],
    "has_issues": [false],
    "has_projects": [true],
    "has_downloads": [true],
    "has_wiki": [true],
    "has_pages": [false],
    "forks_count": [0],
    "mirror_url": {},
    "archived": [false],
    "open_issues_count": [0],
    "license": {
      "key": ["apache-2.0"],
      "name": ["Apache License 2.0"],
      "spdx_id": ["Apache-2.0"],
      "url": ["https://api.github.com/licenses/apache-2.0"],
      "node_id": ["MDc6TGljZW5zZTI="]
    },
    "forks": [0],
    "open_issues": [0],
    "watchers": [0],
    "default_branch": ["master"],
    "permissions": {
      "admin": [false],
      "push": [false],
      "pull": [true]
    }
  }
]
