[
  {
    "id": [69419862],
    "node_id": ["MDEwOlJlcG9zaXRvcnk2OTQxOTg2Mg=="],
    "name": ["circle-integration"],
    "full_name": ["gaocegege/circle-integration"],
    "private": [false],
    "owner": {
      "login": ["gaocegege"],
      "id": [5100735],
      "node_id": ["MDQ6VXNlcjUxMDA3MzU="],
      "avatar_url": ["https://avatars3.githubusercontent.com/u/5100735?v=4"],
      "gravatar_id": [""],
      "url": ["https://api.github.com/users/gaocegege"],
      "html_url": ["https://github.com/gaocegege"],
      "followers_url": ["https://api.github.com/users/gaocegege/followers"],
      "following_url": ["https://api.github.com/users/gaocegege/following{/other_user}"],
      "gists_url": ["https://api.github.com/users/gaocegege/gists{/gist_id}"],
      "starred_url": ["https://api.github.com/users/gaocegege/starred{/owner}{/repo}"],
      "subscriptions_url": ["https://api.github.com/users/gaocegege/subscriptions"],
      "organizations_url": ["https://api.github.com/users/gaocegege/orgs"],
      "repos_url": ["https://api.github.com/users/gaocegege/repos"],
      "events_url": ["https://api.github.com/users/gaocegege/events{/privacy}"],
      "received_events_url": ["https://api.github.com/users/gaocegege/received_events"],
      "type": ["User"],
      "site_admin": [false]
    },
    "html_url": ["https://github.com/gaocegege/circle-integration"],
    "description": {},
    "fork": [false],
    "url": ["https://api.github.com/repos/gaocegege/circle-integration"],
    "forks_url": ["https://api.github.com/repos/gaocegege/circle-integration/forks"],
    "keys_url": ["https://api.github.com/repos/gaocegege/circle-integration/keys{/key_id}"],
    "collaborators_url": ["https://api.github.com/repos/gaocegege/circle-integration/collaborators{/collaborator}"],
    "teams_url": ["https://api.github.com/repos/gaocegege/circle-integration/teams"],
    "hooks_url": ["https://api.github.com/repos/gaocegege/circle-integration/hooks"],
    "issue_events_url": ["https://api.github.com/repos/gaocegege/circle-integration/issues/events{/number}"],
    "events_url": ["https://api.github.com/repos/gaocegege/circle-integration/events"],
    "assignees_url": ["https://api.github.com/repos/gaocegege/circle-integration/assignees{/user}"],
    "branches_url": ["https://api.github.com/repos/gaocegege/circle-integration/branches{/branch}"],
    "tags_url": ["https://api.github.com/repos/gaocegege/circle-integration/tags"],
    "blobs_url": ["https://api.github.com/repos/gaocegege/circle-integration/git/blobs{/sha}"],
    "git_tags_url": ["https://api.github.com/repos/gaocegege/circle-integration/git/tags{/sha}"],
    "git_refs_url": ["https://api.github.com/repos/gaocegege/circle-integration/git/refs{/sha}"],
    "trees_url": ["https://api.github.com/repos/gaocegege/circle-integration/git/trees{/sha}"],
    "statuses_url": ["https://api.github.com/repos/gaocegege/circle-integration/statuses/{sha}"],
    "languages_url": ["https://api.github.com/repos/gaocegege/circle-integration/languages"],
    "stargazers_url": ["https://api.github.com/repos/gaocegege/circle-integration/stargazers"],
    "contributors_url": ["https://api.github.com/repos/gaocegege/circle-integration/contributors"],
    "subscribers_url": ["https://api.github.com/repos/gaocegege/circle-integration/subscribers"],
    "subscription_url": ["https://api.github.com/repos/gaocegege/circle-integration/subscription"],
    "commits_url": ["https://api.github.com/repos/gaocegege/circle-integration/commits{/sha}"],
    "git_commits_url": ["https://api.github.com/repos/gaocegege/circle-integration/git/commits{/sha}"],
    "comments_url": ["https://api.github.com/repos/gaocegege/circle-integration/comments{/number}"],
    "issue_comment_url": ["https://api.github.com/repos/gaocegege/circle-integration/issues/comments{/number}"],
    "contents_url": ["https://api.github.com/repos/gaocegege/circle-integration/contents/{+path}"],
    "compare_url": ["https://api.github.com/repos/gaocegege/circle-integration/compare/{base}...{head}"],
    "merges_url": ["https://api.github.com/repos/gaocegege/circle-integration/merges"],
    "archive_url": ["https://api.github.com/repos/gaocegege/circle-integration/{archive_format}{/ref}"],
    "downloads_url": ["https://api.github.com/repos/gaocegege/circle-integration/downloads"],
    "issues_url": ["https://api.github.com/repos/gaocegege/circle-integration/issues{/number}"],
    "pulls_url": ["https://api.github.com/repos/gaocegege/circle-integration/pulls{/number}"],
    "milestones_url": ["https://api.github.com/repos/gaocegege/circle-integration/milestones{/number}"],
    "notifications_url": ["https://api.github.com/repos/gaocegege/circle-integration/notifications{?since,all,participating}"],
    "labels_url": ["https://api.github.com/repos/gaocegege/circle-integration/labels{/name}"],
    "releases_url": ["https://api.github.com/repos/gaocegege/circle-integration/releases{/id}"],
    "deployments_url": ["https://api.github.com/repos/gaocegege/circle-integration/deployments"],
    "created_at": ["2016-09-28T02:57:39Z"],
    "updated_at": ["2016-09-28T02:59:11Z"],
    "pushed_at": ["2016-09-30T02:49:08Z"],
    "git_url": ["git://github.com/gaocegege/circle-integration.git"],
    "ssh_url": ["git@github.com:gaocegege/circle-integration.git"],
    "clone_url": ["https://github.com/gaocegege/circle-integration.git"],
    "svn_url": ["https://github.com/gaocegege/circle-integration"],
    "homepage": {},
    "size": [2],
    "stargazers_count": [0],
    "watchers_count": [0],
    "language": ["Shell"],
    "has_issues": [true],
    "has_projects": [true],
    "has_downloads": [true],
    "has_wiki": [true],
    "has_pages": [false],
    "forks_count": [0],
    "mirror_url": {},
    "archived": [false],
    "open_issues_count": [0],
    "license": {},
    "forks": [0],
    "open_issues": [0],
    "watchers": [0],
    "default_branch": ["master"],
    "permissions": {
      "admin": [false],
      "push": [false],
      "pull": [true]
    }
  }
]
