[
  {
    "id": [52758800],
    "node_id": ["MDEwOlJlcG9zaXRvcnk1Mjc1ODgwMA=="],
    "name": ["drone_demo"],
    "full_name": ["gaocegege/drone_demo"],
    "private": [false],
    "owner": {
      "login": ["gaocegege"],
      "id": [5100735],
      "node_id": ["MDQ6VXNlcjUxMDA3MzU="],
      "avatar_url": ["https://avatars3.githubusercontent.com/u/5100735?v=4"],
      "gravatar_id": [""],
      "url": ["https://api.github.com/users/gaocegege"],
      "html_url": ["https://github.com/gaocegege"],
      "followers_url": ["https://api.github.com/users/gaocegege/followers"],
      "following_url": ["https://api.github.com/users/gaocegege/following{/other_user}"],
      "gists_url": ["https://api.github.com/users/gaocegege/gists{/gist_id}"],
      "starred_url": ["https://api.github.com/users/gaocegege/starred{/owner}{/repo}"],
      "subscriptions_url": ["https://api.github.com/users/gaocegege/subscriptions"],
      "organizations_url": ["https://api.github.com/users/gaocegege/orgs"],
      "repos_url": ["https://api.github.com/users/gaocegege/repos"],
      "events_url": ["https://api.github.com/users/gaocegege/events{/privacy}"],
      "received_events_url": ["https://api.github.com/users/gaocegege/received_events"],
      "type": ["User"],
      "site_admin": [false]
    },
    "html_url": ["https://github.com/gaocegege/drone_demo"],
    "description": ["demo for drone CL"],
    "fork": [true],
    "url": ["https://api.github.com/repos/gaocegege/drone_demo"],
    "forks_url": ["https://api.github.com/repos/gaocegege/drone_demo/forks"],
    "keys_url": ["https://api.github.com/repos/gaocegege/drone_demo/keys{/key_id}"],
    "collaborators_url": ["https://api.github.com/repos/gaocegege/drone_demo/collaborators{/collaborator}"],
    "teams_url": ["https://api.github.com/repos/gaocegege/drone_demo/teams"],
    "hooks_url": ["https://api.github.com/repos/gaocegege/drone_demo/hooks"],
    "issue_events_url": ["https://api.github.com/repos/gaocegege/drone_demo/issues/events{/number}"],
    "events_url": ["https://api.github.com/repos/gaocegege/drone_demo/events"],
    "assignees_url": ["https://api.github.com/repos/gaocegege/drone_demo/assignees{/user}"],
    "branches_url": ["https://api.github.com/repos/gaocegege/drone_demo/branches{/branch}"],
    "tags_url": ["https://api.github.com/repos/gaocegege/drone_demo/tags"],
    "blobs_url": ["https://api.github.com/repos/gaocegege/drone_demo/git/blobs{/sha}"],
    "git_tags_url": ["https://api.github.com/repos/gaocegege/drone_demo/git/tags{/sha}"],
    "git_refs_url": ["https://api.github.com/repos/gaocegege/drone_demo/git/refs{/sha}"],
    "trees_url": ["https://api.github.com/repos/gaocegege/drone_demo/git/trees{/sha}"],
    "statuses_url": ["https://api.github.com/repos/gaocegege/drone_demo/statuses/{sha}"],
    "languages_url": ["https://api.github.com/repos/gaocegege/drone_demo/languages"],
    "stargazers_url": ["https://api.github.com/repos/gaocegege/drone_demo/stargazers"],
    "contributors_url": ["https://api.github.com/repos/gaocegege/drone_demo/contributors"],
    "subscribers_url": ["https://api.github.com/repos/gaocegege/drone_demo/subscribers"],
    "subscription_url": ["https://api.github.com/repos/gaocegege/drone_demo/subscription"],
    "commits_url": ["https://api.github.com/repos/gaocegege/drone_demo/commits{/sha}"],
    "git_commits_url": ["https://api.github.com/repos/gaocegege/drone_demo/git/commits{/sha}"],
    "comments_url": ["https://api.github.com/repos/gaocegege/drone_demo/comments{/number}"],
    "issue_comment_url": ["https://api.github.com/repos/gaocegege/drone_demo/issues/comments{/number}"],
    "contents_url": ["https://api.github.com/repos/gaocegege/drone_demo/contents/{+path}"],
    "compare_url": ["https://api.github.com/repos/gaocegege/drone_demo/compare/{base}...{head}"],
    "merges_url": ["https://api.github.com/repos/gaocegege/drone_demo/merges"],
    "archive_url": ["https://api.github.com/repos/gaocegege/drone_demo/{archive_format}{/ref}"],
    "downloads_url": ["https://api.github.com/repos/gaocegege/drone_demo/downloads"],
    "issues_url": ["https://api.github.com/repos/gaocegege/drone_demo/issues{/number}"],
    "pulls_url": ["https://api.github.com/repos/gaocegege/drone_demo/pulls{/number}"],
    "milestones_url": ["https://api.github.com/repos/gaocegege/drone_demo/milestones{/number}"],
    "notifications_url": ["https://api.github.com/repos/gaocegege/drone_demo/notifications{?since,all,participating}"],
    "labels_url": ["https://api.github.com/repos/gaocegege/drone_demo/labels{/name}"],
    "releases_url": ["https://api.github.com/repos/gaocegege/drone_demo/releases{/id}"],
    "deployments_url": ["https://api.github.com/repos/gaocegege/drone_demo/deployments"],
    "created_at": ["2016-02-29T02:42:34Z"],
    "updated_at": ["2016-02-29T02:42:35Z"],
    "pushed_at": ["2014-06-18T07:05:55Z"],
    "git_url": ["git://github.com/gaocegege/drone_demo.git"],
    "ssh_url": ["git@github.com:gaocegege/drone_demo.git"],
    "clone_url": ["https://github.com/gaocegege/drone_demo.git"],
    "svn_url": ["https://github.com/gaocegege/drone_demo"],
    "homepage": {},
    "size": [132],
    "stargazers_count": [0],
    "watchers_count": [0],
    "language": ["C++"],
    "has_issues": [false],
    "has_projects": [true],
    "has_downloads": [true],
    "has_wiki": [true],
    "has_pages": [false],
    "forks_count": [0],
    "mirror_url": {},
    "archived": [false],
    "open_issues_count": [0],
    "license": {},
    "forks": [0],
    "open_issues": [0],
    "watchers": [0],
    "default_branch": ["master"],
    "permissions": {
      "admin": [false],
      "push": [false],
      "pull": [true]
    }
  }
]
