[
  {
    "id": [33934232],
    "node_id": ["MDEwOlJlcG9zaXRvcnkzMzkzNDIzMg=="],
    "name": ["ink"],
    "full_name": ["gaocegege/ink"],
    "private": [false],
    "owner": {
      "login": ["gaocegege"],
      "id": [5100735],
      "node_id": ["MDQ6VXNlcjUxMDA3MzU="],
      "avatar_url": ["https://avatars3.githubusercontent.com/u/5100735?v=4"],
      "gravatar_id": [""],
      "url": ["https://api.github.com/users/gaocegege"],
      "html_url": ["https://github.com/gaocegege"],
      "followers_url": ["https://api.github.com/users/gaocegege/followers"],
      "following_url": ["https://api.github.com/users/gaocegege/following{/other_user}"],
      "gists_url": ["https://api.github.com/users/gaocegege/gists{/gist_id}"],
      "starred_url": ["https://api.github.com/users/gaocegege/starred{/owner}{/repo}"],
      "subscriptions_url": ["https://api.github.com/users/gaocegege/subscriptions"],
      "organizations_url": ["https://api.github.com/users/gaocegege/orgs"],
      "repos_url": ["https://api.github.com/users/gaocegege/repos"],
      "events_url": ["https://api.github.com/users/gaocegege/events{/privacy}"],
      "received_events_url": ["https://api.github.com/users/gaocegege/received_events"],
      "type": ["User"],
      "site_admin": [false]
    },
    "html_url": ["https://github.com/gaocegege/ink"],
    "description": ["An elegant static blog generator"],
    "fork": [true],
    "url": ["https://api.github.com/repos/gaocegege/ink"],
    "forks_url": ["https://api.github.com/repos/gaocegege/ink/forks"],
    "keys_url": ["https://api.github.com/repos/gaocegege/ink/keys{/key_id}"],
    "collaborators_url": ["https://api.github.com/repos/gaocegege/ink/collaborators{/collaborator}"],
    "teams_url": ["https://api.github.com/repos/gaocegege/ink/teams"],
    "hooks_url": ["https://api.github.com/repos/gaocegege/ink/hooks"],
    "issue_events_url": ["https://api.github.com/repos/gaocegege/ink/issues/events{/number}"],
    "events_url": ["https://api.github.com/repos/gaocegege/ink/events"],
    "assignees_url": ["https://api.github.com/repos/gaocegege/ink/assignees{/user}"],
    "branches_url": ["https://api.github.com/repos/gaocegege/ink/branches{/branch}"],
    "tags_url": ["https://api.github.com/repos/gaocegege/ink/tags"],
    "blobs_url": ["https://api.github.com/repos/gaocegege/ink/git/blobs{/sha}"],
    "git_tags_url": ["https://api.github.com/repos/gaocegege/ink/git/tags{/sha}"],
    "git_refs_url": ["https://api.github.com/repos/gaocegege/ink/git/refs{/sha}"],
    "trees_url": ["https://api.github.com/repos/gaocegege/ink/git/trees{/sha}"],
    "statuses_url": ["https://api.github.com/repos/gaocegege/ink/statuses/{sha}"],
    "languages_url": ["https://api.github.com/repos/gaocegege/ink/languages"],
    "stargazers_url": ["https://api.github.com/repos/gaocegege/ink/stargazers"],
    "contributors_url": ["https://api.github.com/repos/gaocegege/ink/contributors"],
    "subscribers_url": ["https://api.github.com/repos/gaocegege/ink/subscribers"],
    "subscription_url": ["https://api.github.com/repos/gaocegege/ink/subscription"],
    "commits_url": ["https://api.github.com/repos/gaocegege/ink/commits{/sha}"],
    "git_commits_url": ["https://api.github.com/repos/gaocegege/ink/git/commits{/sha}"],
    "comments_url": ["https://api.github.com/repos/gaocegege/ink/comments{/number}"],
    "issue_comment_url": ["https://api.github.com/repos/gaocegege/ink/issues/comments{/number}"],
    "contents_url": ["https://api.github.com/repos/gaocegege/ink/contents/{+path}"],
    "compare_url": ["https://api.github.com/repos/gaocegege/ink/compare/{base}...{head}"],
    "merges_url": ["https://api.github.com/repos/gaocegege/ink/merges"],
    "archive_url": ["https://api.github.com/repos/gaocegege/ink/{archive_format}{/ref}"],
    "downloads_url": ["https://api.github.com/repos/gaocegege/ink/downloads"],
    "issues_url": ["https://api.github.com/repos/gaocegege/ink/issues{/number}"],
    "pulls_url": ["https://api.github.com/repos/gaocegege/ink/pulls{/number}"],
    "milestones_url": ["https://api.github.com/repos/gaocegege/ink/milestones{/number}"],
    "notifications_url": ["https://api.github.com/repos/gaocegege/ink/notifications{?since,all,participating}"],
    "labels_url": ["https://api.github.com/repos/gaocegege/ink/labels{/name}"],
    "releases_url": ["https://api.github.com/repos/gaocegege/ink/releases{/id}"],
    "deployments_url": ["https://api.github.com/repos/gaocegege/ink/deployments"],
    "created_at": ["2015-04-14T13:44:59Z"],
    "updated_at": ["2015-04-14T13:44:59Z"],
    "pushed_at": ["2015-04-12T15:36:41Z"],
    "git_url": ["git://github.com/gaocegege/ink.git"],
    "ssh_url": ["git@github.com:gaocegege/ink.git"],
    "clone_url": ["https://github.com/gaocegege/ink.git"],
    "svn_url": ["https://github.com/gaocegege/ink"],
    "homepage": ["http://www.inkpaper.io/"],
    "size": [82],
    "stargazers_count": [0],
    "watchers_count": [0],
    "language": ["Go"],
    "has_issues": [false],
    "has_projects": [true],
    "has_downloads": [true],
    "has_wiki": [true],
    "has_pages": [false],
    "forks_count": [0],
    "mirror_url": {},
    "archived": [false],
    "open_issues_count": [0],
    "license": {},
    "forks": [0],
    "open_issues": [0],
    "watchers": [0],
    "default_branch": ["master"],
    "permissions": {
      "admin": [false],
      "push": [false],
      "pull": [true]
    }
  }
]
