[
  {
    "id": [50773053],
    "node_id": ["MDEwOlJlcG9zaXRvcnk1MDc3MzA1Mw=="],
    "name": ["qart"],
    "full_name": ["gaocegege/qart"],
    "private": [false],
    "owner": {
      "login": ["gaocegege"],
      "id": [5100735],
      "node_id": ["MDQ6VXNlcjUxMDA3MzU="],
      "avatar_url": ["https://avatars3.githubusercontent.com/u/5100735?v=4"],
      "gravatar_id": [""],
      "url": ["https://api.github.com/users/gaocegege"],
      "html_url": ["https://github.com/gaocegege"],
      "followers_url": ["https://api.github.com/users/gaocegege/followers"],
      "following_url": ["https://api.github.com/users/gaocegege/following{/other_user}"],
      "gists_url": ["https://api.github.com/users/gaocegege/gists{/gist_id}"],
      "starred_url": ["https://api.github.com/users/gaocegege/starred{/owner}{/repo}"],
      "subscriptions_url": ["https://api.github.com/users/gaocegege/subscriptions"],
      "organizations_url": ["https://api.github.com/users/gaocegege/orgs"],
      "repos_url": ["https://api.github.com/users/gaocegege/repos"],
      "events_url": ["https://api.github.com/users/gaocegege/events{/privacy}"],
      "received_events_url": ["https://api.github.com/users/gaocegege/received_events"],
      "type": ["User"],
      "site_admin": [false]
    },
    "html_url": ["https://github.com/gaocegege/qart"],
    "description": ["Qart generates not-so-ugly qr codes. Check http://research.swtch.com/qart for its theory"],
    "fork": [true],
    "url": ["https://api.github.com/repos/gaocegege/qart"],
    "forks_url": ["https://api.github.com/repos/gaocegege/qart/forks"],
    "keys_url": ["https://api.github.com/repos/gaocegege/qart/keys{/key_id}"],
    "collaborators_url": ["https://api.github.com/repos/gaocegege/qart/collaborators{/collaborator}"],
    "teams_url": ["https://api.github.com/repos/gaocegege/qart/teams"],
    "hooks_url": ["https://api.github.com/repos/gaocegege/qart/hooks"],
    "issue_events_url": ["https://api.github.com/repos/gaocegege/qart/issues/events{/number}"],
    "events_url": ["https://api.github.com/repos/gaocegege/qart/events"],
    "assignees_url": ["https://api.github.com/repos/gaocegege/qart/assignees{/user}"],
    "branches_url": ["https://api.github.com/repos/gaocegege/qart/branches{/branch}"],
    "tags_url": ["https://api.github.com/repos/gaocegege/qart/tags"],
    "blobs_url": ["https://api.github.com/repos/gaocegege/qart/git/blobs{/sha}"],
    "git_tags_url": ["https://api.github.com/repos/gaocegege/qart/git/tags{/sha}"],
    "git_refs_url": ["https://api.github.com/repos/gaocegege/qart/git/refs{/sha}"],
    "trees_url": ["https://api.github.com/repos/gaocegege/qart/git/trees{/sha}"],
    "statuses_url": ["https://api.github.com/repos/gaocegege/qart/statuses/{sha}"],
    "languages_url": ["https://api.github.com/repos/gaocegege/qart/languages"],
    "stargazers_url": ["https://api.github.com/repos/gaocegege/qart/stargazers"],
    "contributors_url": ["https://api.github.com/repos/gaocegege/qart/contributors"],
    "subscribers_url": ["https://api.github.com/repos/gaocegege/qart/subscribers"],
    "subscription_url": ["https://api.github.com/repos/gaocegege/qart/subscription"],
    "commits_url": ["https://api.github.com/repos/gaocegege/qart/commits{/sha}"],
    "git_commits_url": ["https://api.github.com/repos/gaocegege/qart/git/commits{/sha}"],
    "comments_url": ["https://api.github.com/repos/gaocegege/qart/comments{/number}"],
    "issue_comment_url": ["https://api.github.com/repos/gaocegege/qart/issues/comments{/number}"],
    "contents_url": ["https://api.github.com/repos/gaocegege/qart/contents/{+path}"],
    "compare_url": ["https://api.github.com/repos/gaocegege/qart/compare/{base}...{head}"],
    "merges_url": ["https://api.github.com/repos/gaocegege/qart/merges"],
    "archive_url": ["https://api.github.com/repos/gaocegege/qart/{archive_format}{/ref}"],
    "downloads_url": ["https://api.github.com/repos/gaocegege/qart/downloads"],
    "issues_url": ["https://api.github.com/repos/gaocegege/qart/issues{/number}"],
    "pulls_url": ["https://api.github.com/repos/gaocegege/qart/pulls{/number}"],
    "milestones_url": ["https://api.github.com/repos/gaocegege/qart/milestones{/number}"],
    "notifications_url": ["https://api.github.com/repos/gaocegege/qart/notifications{?since,all,participating}"],
    "labels_url": ["https://api.github.com/repos/gaocegege/qart/labels{/name}"],
    "releases_url": ["https://api.github.com/repos/gaocegege/qart/releases{/id}"],
    "deployments_url": ["https://api.github.com/repos/gaocegege/qart/deployments"],
    "created_at": ["2016-01-31T12:22:04Z"],
    "updated_at": ["2016-01-31T12:22:05Z"],
    "pushed_at": ["2014-04-20T03:32:35Z"],
    "git_url": ["git://github.com/gaocegege/qart.git"],
    "ssh_url": ["git@github.com:gaocegege/qart.git"],
    "clone_url": ["https://github.com/gaocegege/qart.git"],
    "svn_url": ["https://github.com/gaocegege/qart"],
    "homepage": {},
    "size": [204],
    "stargazers_count": [0],
    "watchers_count": [0],
    "language": ["Go"],
    "has_issues": [false],
    "has_projects": [true],
    "has_downloads": [true],
    "has_wiki": [true],
    "has_pages": [false],
    "forks_count": [0],
    "mirror_url": {},
    "archived": [false],
    "open_issues_count": [0],
    "license": {
      "key": ["apache-2.0"],
      "name": ["Apache License 2.0"],
      "spdx_id": ["Apache-2.0"],
      "url": ["https://api.github.com/licenses/apache-2.0"],
      "node_id": ["MDc6TGljZW5zZTI="]
    },
    "forks": [0],
    "open_issues": [0],
    "watchers": [0],
    "default_branch": ["master"],
    "permissions": {
      "admin": [false],
      "push": [false],
      "pull": [true]
    }
  }
]
