[
  {
    "id": [129745148],
    "node_id": ["MDEwOlJlcG9zaXRvcnkxMjk3NDUxNDg="],
    "name": ["devstats"],
    "full_name": ["gaocegege/devstats"],
    "private": [false],
    "owner": {
      "login": ["gaocegege"],
      "id": [5100735],
      "node_id": ["MDQ6VXNlcjUxMDA3MzU="],
      "avatar_url": ["https://avatars3.githubusercontent.com/u/5100735?v=4"],
      "gravatar_id": [""],
      "url": ["https://api.github.com/users/gaocegege"],
      "html_url": ["https://github.com/gaocegege"],
      "followers_url": ["https://api.github.com/users/gaocegege/followers"],
      "following_url": ["https://api.github.com/users/gaocegege/following{/other_user}"],
      "gists_url": ["https://api.github.com/users/gaocegege/gists{/gist_id}"],
      "starred_url": ["https://api.github.com/users/gaocegege/starred{/owner}{/repo}"],
      "subscriptions_url": ["https://api.github.com/users/gaocegege/subscriptions"],
      "organizations_url": ["https://api.github.com/users/gaocegege/orgs"],
      "repos_url": ["https://api.github.com/users/gaocegege/repos"],
      "events_url": ["https://api.github.com/users/gaocegege/events{/privacy}"],
      "received_events_url": ["https://api.github.com/users/gaocegege/received_events"],
      "type": ["User"],
      "site_admin": [false]
    },
    "html_url": ["https://github.com/gaocegege/devstats"],
    "description": ["GitHub archives, git -> Postgres databases -> Influx databases -> Grafana dashboards"],
    "fork": [true],
    "url": ["https://api.github.com/repos/gaocegege/devstats"],
    "forks_url": ["https://api.github.com/repos/gaocegege/devstats/forks"],
    "keys_url": ["https://api.github.com/repos/gaocegege/devstats/keys{/key_id}"],
    "collaborators_url": ["https://api.github.com/repos/gaocegege/devstats/collaborators{/collaborator}"],
    "teams_url": ["https://api.github.com/repos/gaocegege/devstats/teams"],
    "hooks_url": ["https://api.github.com/repos/gaocegege/devstats/hooks"],
    "issue_events_url": ["https://api.github.com/repos/gaocegege/devstats/issues/events{/number}"],
    "events_url": ["https://api.github.com/repos/gaocegege/devstats/events"],
    "assignees_url": ["https://api.github.com/repos/gaocegege/devstats/assignees{/user}"],
    "branches_url": ["https://api.github.com/repos/gaocegege/devstats/branches{/branch}"],
    "tags_url": ["https://api.github.com/repos/gaocegege/devstats/tags"],
    "blobs_url": ["https://api.github.com/repos/gaocegege/devstats/git/blobs{/sha}"],
    "git_tags_url": ["https://api.github.com/repos/gaocegege/devstats/git/tags{/sha}"],
    "git_refs_url": ["https://api.github.com/repos/gaocegege/devstats/git/refs{/sha}"],
    "trees_url": ["https://api.github.com/repos/gaocegege/devstats/git/trees{/sha}"],
    "statuses_url": ["https://api.github.com/repos/gaocegege/devstats/statuses/{sha}"],
    "languages_url": ["https://api.github.com/repos/gaocegege/devstats/languages"],
    "stargazers_url": ["https://api.github.com/repos/gaocegege/devstats/stargazers"],
    "contributors_url": ["https://api.github.com/repos/gaocegege/devstats/contributors"],
    "subscribers_url": ["https://api.github.com/repos/gaocegege/devstats/subscribers"],
    "subscription_url": ["https://api.github.com/repos/gaocegege/devstats/subscription"],
    "commits_url": ["https://api.github.com/repos/gaocegege/devstats/commits{/sha}"],
    "git_commits_url": ["https://api.github.com/repos/gaocegege/devstats/git/commits{/sha}"],
    "comments_url": ["https://api.github.com/repos/gaocegege/devstats/comments{/number}"],
    "issue_comment_url": ["https://api.github.com/repos/gaocegege/devstats/issues/comments{/number}"],
    "contents_url": ["https://api.github.com/repos/gaocegege/devstats/contents/{+path}"],
    "compare_url": ["https://api.github.com/repos/gaocegege/devstats/compare/{base}...{head}"],
    "merges_url": ["https://api.github.com/repos/gaocegege/devstats/merges"],
    "archive_url": ["https://api.github.com/repos/gaocegege/devstats/{archive_format}{/ref}"],
    "downloads_url": ["https://api.github.com/repos/gaocegege/devstats/downloads"],
    "issues_url": ["https://api.github.com/repos/gaocegege/devstats/issues{/number}"],
    "pulls_url": ["https://api.github.com/repos/gaocegege/devstats/pulls{/number}"],
    "milestones_url": ["https://api.github.com/repos/gaocegege/devstats/milestones{/number}"],
    "notifications_url": ["https://api.github.com/repos/gaocegege/devstats/notifications{?since,all,participating}"],
    "labels_url": ["https://api.github.com/repos/gaocegege/devstats/labels{/name}"],
    "releases_url": ["https://api.github.com/repos/gaocegege/devstats/releases{/id}"],
    "deployments_url": ["https://api.github.com/repos/gaocegege/devstats/deployments"],
    "created_at": ["2018-04-16T13:08:08Z"],
    "updated_at": ["2018-04-16T13:08:16Z"],
    "pushed_at": ["2018-04-19T12:24:43Z"],
    "git_url": ["git://github.com/gaocegege/devstats.git"],
    "ssh_url": ["git@github.com:gaocegege/devstats.git"],
    "clone_url": ["https://github.com/gaocegege/devstats.git"],
    "svn_url": ["https://github.com/gaocegege/devstats"],
    "homepage": ["https://k8s.devstats.cncf.io/"],
    "size": [170196],
    "stargazers_count": [0],
    "watchers_count": [0],
    "language": ["Go"],
    "has_issues": [false],
    "has_projects": [true],
    "has_downloads": [true],
    "has_wiki": [true],
    "has_pages": [false],
    "forks_count": [0],
    "mirror_url": {},
    "archived": [false],
    "open_issues_count": [0],
    "license": {
      "key": ["apache-2.0"],
      "name": ["Apache License 2.0"],
      "spdx_id": ["Apache-2.0"],
      "url": ["https://api.github.com/licenses/apache-2.0"],
      "node_id": ["MDc6TGljZW5zZTI="]
    },
    "forks": [0],
    "open_issues": [0],
    "watchers": [0],
    "default_branch": ["master"],
    "permissions": {
      "admin": [false],
      "push": [false],
      "pull": [true]
    }
  }
]
