[
  {
    "id": [48780852],
    "node_id": ["MDEwOlJlcG9zaXRvcnk0ODc4MDg1Mg=="],
    "name": ["web-stuff"],
    "full_name": ["gaocegege/web-stuff"],
    "private": [false],
    "owner": {
      "login": ["gaocegege"],
      "id": [5100735],
      "node_id": ["MDQ6VXNlcjUxMDA3MzU="],
      "avatar_url": ["https://avatars3.githubusercontent.com/u/5100735?v=4"],
      "gravatar_id": [""],
      "url": ["https://api.github.com/users/gaocegege"],
      "html_url": ["https://github.com/gaocegege"],
      "followers_url": ["https://api.github.com/users/gaocegege/followers"],
      "following_url": ["https://api.github.com/users/gaocegege/following{/other_user}"],
      "gists_url": ["https://api.github.com/users/gaocegege/gists{/gist_id}"],
      "starred_url": ["https://api.github.com/users/gaocegege/starred{/owner}{/repo}"],
      "subscriptions_url": ["https://api.github.com/users/gaocegege/subscriptions"],
      "organizations_url": ["https://api.github.com/users/gaocegege/orgs"],
      "repos_url": ["https://api.github.com/users/gaocegege/repos"],
      "events_url": ["https://api.github.com/users/gaocegege/events{/privacy}"],
      "received_events_url": ["https://api.github.com/users/gaocegege/received_events"],
      "type": ["User"],
      "site_admin": [false]
    },
    "html_url": ["https://github.com/gaocegege/web-stuff"],
    "description": ["Excalibur"],
    "fork": [true],
    "url": ["https://api.github.com/repos/gaocegege/web-stuff"],
    "forks_url": ["https://api.github.com/repos/gaocegege/web-stuff/forks"],
    "keys_url": ["https://api.github.com/repos/gaocegege/web-stuff/keys{/key_id}"],
    "collaborators_url": ["https://api.github.com/repos/gaocegege/web-stuff/collaborators{/collaborator}"],
    "teams_url": ["https://api.github.com/repos/gaocegege/web-stuff/teams"],
    "hooks_url": ["https://api.github.com/repos/gaocegege/web-stuff/hooks"],
    "issue_events_url": ["https://api.github.com/repos/gaocegege/web-stuff/issues/events{/number}"],
    "events_url": ["https://api.github.com/repos/gaocegege/web-stuff/events"],
    "assignees_url": ["https://api.github.com/repos/gaocegege/web-stuff/assignees{/user}"],
    "branches_url": ["https://api.github.com/repos/gaocegege/web-stuff/branches{/branch}"],
    "tags_url": ["https://api.github.com/repos/gaocegege/web-stuff/tags"],
    "blobs_url": ["https://api.github.com/repos/gaocegege/web-stuff/git/blobs{/sha}"],
    "git_tags_url": ["https://api.github.com/repos/gaocegege/web-stuff/git/tags{/sha}"],
    "git_refs_url": ["https://api.github.com/repos/gaocegege/web-stuff/git/refs{/sha}"],
    "trees_url": ["https://api.github.com/repos/gaocegege/web-stuff/git/trees{/sha}"],
    "statuses_url": ["https://api.github.com/repos/gaocegege/web-stuff/statuses/{sha}"],
    "languages_url": ["https://api.github.com/repos/gaocegege/web-stuff/languages"],
    "stargazers_url": ["https://api.github.com/repos/gaocegege/web-stuff/stargazers"],
    "contributors_url": ["https://api.github.com/repos/gaocegege/web-stuff/contributors"],
    "subscribers_url": ["https://api.github.com/repos/gaocegege/web-stuff/subscribers"],
    "subscription_url": ["https://api.github.com/repos/gaocegege/web-stuff/subscription"],
    "commits_url": ["https://api.github.com/repos/gaocegege/web-stuff/commits{/sha}"],
    "git_commits_url": ["https://api.github.com/repos/gaocegege/web-stuff/git/commits{/sha}"],
    "comments_url": ["https://api.github.com/repos/gaocegege/web-stuff/comments{/number}"],
    "issue_comment_url": ["https://api.github.com/repos/gaocegege/web-stuff/issues/comments{/number}"],
    "contents_url": ["https://api.github.com/repos/gaocegege/web-stuff/contents/{+path}"],
    "compare_url": ["https://api.github.com/repos/gaocegege/web-stuff/compare/{base}...{head}"],
    "merges_url": ["https://api.github.com/repos/gaocegege/web-stuff/merges"],
    "archive_url": ["https://api.github.com/repos/gaocegege/web-stuff/{archive_format}{/ref}"],
    "downloads_url": ["https://api.github.com/repos/gaocegege/web-stuff/downloads"],
    "issues_url": ["https://api.github.com/repos/gaocegege/web-stuff/issues{/number}"],
    "pulls_url": ["https://api.github.com/repos/gaocegege/web-stuff/pulls{/number}"],
    "milestones_url": ["https://api.github.com/repos/gaocegege/web-stuff/milestones{/number}"],
    "notifications_url": ["https://api.github.com/repos/gaocegege/web-stuff/notifications{?since,all,participating}"],
    "labels_url": ["https://api.github.com/repos/gaocegege/web-stuff/labels{/name}"],
    "releases_url": ["https://api.github.com/repos/gaocegege/web-stuff/releases{/id}"],
    "deployments_url": ["https://api.github.com/repos/gaocegege/web-stuff/deployments"],
    "created_at": ["2015-12-30T03:57:31Z"],
    "updated_at": ["2016-02-10T11:35:15Z"],
    "pushed_at": ["2016-04-07T08:51:44Z"],
    "git_url": ["git://github.com/gaocegege/web-stuff.git"],
    "ssh_url": ["git@github.com:gaocegege/web-stuff.git"],
    "clone_url": ["https://github.com/gaocegege/web-stuff.git"],
    "svn_url": ["https://github.com/gaocegege/web-stuff"],
    "homepage": {},
    "size": [1595],
    "stargazers_count": [1],
    "watchers_count": [1],
    "language": {},
    "has_issues": [false],
    "has_projects": [true],
    "has_downloads": [true],
    "has_wiki": [false],
    "has_pages": [false],
    "forks_count": [0],
    "mirror_url": {},
    "archived": [false],
    "open_issues_count": [0],
    "license": {
      "key": ["mit"],
      "name": ["MIT License"],
      "spdx_id": ["MIT"],
      "url": ["https://api.github.com/licenses/mit"],
      "node_id": ["MDc6TGljZW5zZTEz"]
    },
    "forks": [0],
    "open_issues": [0],
    "watchers": [1],
    "default_branch": ["master"],
    "permissions": {
      "admin": [false],
      "push": [false],
      "pull": [true]
    }
  }
]
