[
  {
    "id": [33390830],
    "node_id": ["MDEwOlJlcG9zaXRvcnkzMzM5MDgzMA=="],
    "name": ["csdn-blog-export"],
    "full_name": ["gaocegege/csdn-blog-export"],
    "private": [false],
    "owner": {
      "login": ["gaocegege"],
      "id": [5100735],
      "node_id": ["MDQ6VXNlcjUxMDA3MzU="],
      "avatar_url": ["https://avatars3.githubusercontent.com/u/5100735?v=4"],
      "gravatar_id": [""],
      "url": ["https://api.github.com/users/gaocegege"],
      "html_url": ["https://github.com/gaocegege"],
      "followers_url": ["https://api.github.com/users/gaocegege/followers"],
      "following_url": ["https://api.github.com/users/gaocegege/following{/other_user}"],
      "gists_url": ["https://api.github.com/users/gaocegege/gists{/gist_id}"],
      "starred_url": ["https://api.github.com/users/gaocegege/starred{/owner}{/repo}"],
      "subscriptions_url": ["https://api.github.com/users/gaocegege/subscriptions"],
      "organizations_url": ["https://api.github.com/users/gaocegege/orgs"],
      "repos_url": ["https://api.github.com/users/gaocegege/repos"],
      "events_url": ["https://api.github.com/users/gaocegege/events{/privacy}"],
      "received_events_url": ["https://api.github.com/users/gaocegege/received_events"],
      "type": ["User"],
      "site_admin": [false]
    },
    "html_url": ["https://github.com/gaocegege/csdn-blog-export"],
    "description": ["export csdn blog articles to markdown or html.  <U+5BFC><U+51FA>CSDN<U+535A><U+5BA2><U+6587><U+7AE0><U+4E3A>markdown<U+6216>html"],
    "fork": [false],
    "url": ["https://api.github.com/repos/gaocegege/csdn-blog-export"],
    "forks_url": ["https://api.github.com/repos/gaocegege/csdn-blog-export/forks"],
    "keys_url": ["https://api.github.com/repos/gaocegege/csdn-blog-export/keys{/key_id}"],
    "collaborators_url": ["https://api.github.com/repos/gaocegege/csdn-blog-export/collaborators{/collaborator}"],
    "teams_url": ["https://api.github.com/repos/gaocegege/csdn-blog-export/teams"],
    "hooks_url": ["https://api.github.com/repos/gaocegege/csdn-blog-export/hooks"],
    "issue_events_url": ["https://api.github.com/repos/gaocegege/csdn-blog-export/issues/events{/number}"],
    "events_url": ["https://api.github.com/repos/gaocegege/csdn-blog-export/events"],
    "assignees_url": ["https://api.github.com/repos/gaocegege/csdn-blog-export/assignees{/user}"],
    "branches_url": ["https://api.github.com/repos/gaocegege/csdn-blog-export/branches{/branch}"],
    "tags_url": ["https://api.github.com/repos/gaocegege/csdn-blog-export/tags"],
    "blobs_url": ["https://api.github.com/repos/gaocegege/csdn-blog-export/git/blobs{/sha}"],
    "git_tags_url": ["https://api.github.com/repos/gaocegege/csdn-blog-export/git/tags{/sha}"],
    "git_refs_url": ["https://api.github.com/repos/gaocegege/csdn-blog-export/git/refs{/sha}"],
    "trees_url": ["https://api.github.com/repos/gaocegege/csdn-blog-export/git/trees{/sha}"],
    "statuses_url": ["https://api.github.com/repos/gaocegege/csdn-blog-export/statuses/{sha}"],
    "languages_url": ["https://api.github.com/repos/gaocegege/csdn-blog-export/languages"],
    "stargazers_url": ["https://api.github.com/repos/gaocegege/csdn-blog-export/stargazers"],
    "contributors_url": ["https://api.github.com/repos/gaocegege/csdn-blog-export/contributors"],
    "subscribers_url": ["https://api.github.com/repos/gaocegege/csdn-blog-export/subscribers"],
    "subscription_url": ["https://api.github.com/repos/gaocegege/csdn-blog-export/subscription"],
    "commits_url": ["https://api.github.com/repos/gaocegege/csdn-blog-export/commits{/sha}"],
    "git_commits_url": ["https://api.github.com/repos/gaocegege/csdn-blog-export/git/commits{/sha}"],
    "comments_url": ["https://api.github.com/repos/gaocegege/csdn-blog-export/comments{/number}"],
    "issue_comment_url": ["https://api.github.com/repos/gaocegege/csdn-blog-export/issues/comments{/number}"],
    "contents_url": ["https://api.github.com/repos/gaocegege/csdn-blog-export/contents/{+path}"],
    "compare_url": ["https://api.github.com/repos/gaocegege/csdn-blog-export/compare/{base}...{head}"],
    "merges_url": ["https://api.github.com/repos/gaocegege/csdn-blog-export/merges"],
    "archive_url": ["https://api.github.com/repos/gaocegege/csdn-blog-export/{archive_format}{/ref}"],
    "downloads_url": ["https://api.github.com/repos/gaocegege/csdn-blog-export/downloads"],
    "issues_url": ["https://api.github.com/repos/gaocegege/csdn-blog-export/issues{/number}"],
    "pulls_url": ["https://api.github.com/repos/gaocegege/csdn-blog-export/pulls{/number}"],
    "milestones_url": ["https://api.github.com/repos/gaocegege/csdn-blog-export/milestones{/number}"],
    "notifications_url": ["https://api.github.com/repos/gaocegege/csdn-blog-export/notifications{?since,all,participating}"],
    "labels_url": ["https://api.github.com/repos/gaocegege/csdn-blog-export/labels{/name}"],
    "releases_url": ["https://api.github.com/repos/gaocegege/csdn-blog-export/releases{/id}"],
    "deployments_url": ["https://api.github.com/repos/gaocegege/csdn-blog-export/deployments"],
    "created_at": ["2015-04-04T01:52:39Z"],
    "updated_at": ["2019-02-16T09:57:23Z"],
    "pushed_at": ["2017-07-05T02:41:11Z"],
    "git_url": ["git://github.com/gaocegege/csdn-blog-export.git"],
    "ssh_url": ["git@github.com:gaocegege/csdn-blog-export.git"],
    "clone_url": ["https://github.com/gaocegege/csdn-blog-export.git"],
    "svn_url": ["https://github.com/gaocegege/csdn-blog-export"],
    "homepage": [""],
    "size": [23],
    "stargazers_count": [27],
    "watchers_count": [27],
    "language": ["Python"],
    "has_issues": [true],
    "has_projects": [true],
    "has_downloads": [true],
    "has_wiki": [true],
    "has_pages": [false],
    "forks_count": [12],
    "mirror_url": {},
    "archived": [false],
    "open_issues_count": [2],
    "license": {},
    "forks": [12],
    "open_issues": [2],
    "watchers": [27],
    "default_branch": ["master"],
    "permissions": {
      "admin": [false],
      "push": [false],
      "pull": [true]
    }
  }
]
