[
  {
    "id": [21655254],
    "node_id": ["MDEwOlJlcG9zaXRvcnkyMTY1NTI1NA=="],
    "name": ["Onlien-Book-Store"],
    "full_name": ["gaocegege/Onlien-Book-Store"],
    "private": [false],
    "owner": {
      "login": ["gaocegege"],
      "id": [5100735],
      "node_id": ["MDQ6VXNlcjUxMDA3MzU="],
      "avatar_url": ["https://avatars3.githubusercontent.com/u/5100735?v=4"],
      "gravatar_id": [""],
      "url": ["https://api.github.com/users/gaocegege"],
      "html_url": ["https://github.com/gaocegege"],
      "followers_url": ["https://api.github.com/users/gaocegege/followers"],
      "following_url": ["https://api.github.com/users/gaocegege/following{/other_user}"],
      "gists_url": ["https://api.github.com/users/gaocegege/gists{/gist_id}"],
      "starred_url": ["https://api.github.com/users/gaocegege/starred{/owner}{/repo}"],
      "subscriptions_url": ["https://api.github.com/users/gaocegege/subscriptions"],
      "organizations_url": ["https://api.github.com/users/gaocegege/orgs"],
      "repos_url": ["https://api.github.com/users/gaocegege/repos"],
      "events_url": ["https://api.github.com/users/gaocegege/events{/privacy}"],
      "received_events_url": ["https://api.github.com/users/gaocegege/received_events"],
      "type": ["User"],
      "site_admin": [false]
    },
    "html_url": ["https://github.com/gaocegege/Onlien-Book-Store"],
    "description": ["An Online Book Store using Java SSH frameworks"],
    "fork": [false],
    "url": ["https://api.github.com/repos/gaocegege/Onlien-Book-Store"],
    "forks_url": ["https://api.github.com/repos/gaocegege/Onlien-Book-Store/forks"],
    "keys_url": ["https://api.github.com/repos/gaocegege/Onlien-Book-Store/keys{/key_id}"],
    "collaborators_url": ["https://api.github.com/repos/gaocegege/Onlien-Book-Store/collaborators{/collaborator}"],
    "teams_url": ["https://api.github.com/repos/gaocegege/Onlien-Book-Store/teams"],
    "hooks_url": ["https://api.github.com/repos/gaocegege/Onlien-Book-Store/hooks"],
    "issue_events_url": ["https://api.github.com/repos/gaocegege/Onlien-Book-Store/issues/events{/number}"],
    "events_url": ["https://api.github.com/repos/gaocegege/Onlien-Book-Store/events"],
    "assignees_url": ["https://api.github.com/repos/gaocegege/Onlien-Book-Store/assignees{/user}"],
    "branches_url": ["https://api.github.com/repos/gaocegege/Onlien-Book-Store/branches{/branch}"],
    "tags_url": ["https://api.github.com/repos/gaocegege/Onlien-Book-Store/tags"],
    "blobs_url": ["https://api.github.com/repos/gaocegege/Onlien-Book-Store/git/blobs{/sha}"],
    "git_tags_url": ["https://api.github.com/repos/gaocegege/Onlien-Book-Store/git/tags{/sha}"],
    "git_refs_url": ["https://api.github.com/repos/gaocegege/Onlien-Book-Store/git/refs{/sha}"],
    "trees_url": ["https://api.github.com/repos/gaocegege/Onlien-Book-Store/git/trees{/sha}"],
    "statuses_url": ["https://api.github.com/repos/gaocegege/Onlien-Book-Store/statuses/{sha}"],
    "languages_url": ["https://api.github.com/repos/gaocegege/Onlien-Book-Store/languages"],
    "stargazers_url": ["https://api.github.com/repos/gaocegege/Onlien-Book-Store/stargazers"],
    "contributors_url": ["https://api.github.com/repos/gaocegege/Onlien-Book-Store/contributors"],
    "subscribers_url": ["https://api.github.com/repos/gaocegege/Onlien-Book-Store/subscribers"],
    "subscription_url": ["https://api.github.com/repos/gaocegege/Onlien-Book-Store/subscription"],
    "commits_url": ["https://api.github.com/repos/gaocegege/Onlien-Book-Store/commits{/sha}"],
    "git_commits_url": ["https://api.github.com/repos/gaocegege/Onlien-Book-Store/git/commits{/sha}"],
    "comments_url": ["https://api.github.com/repos/gaocegege/Onlien-Book-Store/comments{/number}"],
    "issue_comment_url": ["https://api.github.com/repos/gaocegege/Onlien-Book-Store/issues/comments{/number}"],
    "contents_url": ["https://api.github.com/repos/gaocegege/Onlien-Book-Store/contents/{+path}"],
    "compare_url": ["https://api.github.com/repos/gaocegege/Onlien-Book-Store/compare/{base}...{head}"],
    "merges_url": ["https://api.github.com/repos/gaocegege/Onlien-Book-Store/merges"],
    "archive_url": ["https://api.github.com/repos/gaocegege/Onlien-Book-Store/{archive_format}{/ref}"],
    "downloads_url": ["https://api.github.com/repos/gaocegege/Onlien-Book-Store/downloads"],
    "issues_url": ["https://api.github.com/repos/gaocegege/Onlien-Book-Store/issues{/number}"],
    "pulls_url": ["https://api.github.com/repos/gaocegege/Onlien-Book-Store/pulls{/number}"],
    "milestones_url": ["https://api.github.com/repos/gaocegege/Onlien-Book-Store/milestones{/number}"],
    "notifications_url": ["https://api.github.com/repos/gaocegege/Onlien-Book-Store/notifications{?since,all,participating}"],
    "labels_url": ["https://api.github.com/repos/gaocegege/Onlien-Book-Store/labels{/name}"],
    "releases_url": ["https://api.github.com/repos/gaocegege/Onlien-Book-Store/releases{/id}"],
    "deployments_url": ["https://api.github.com/repos/gaocegege/Onlien-Book-Store/deployments"],
    "created_at": ["2014-07-09T14:28:25Z"],
    "updated_at": ["2018-06-08T05:02:14Z"],
    "pushed_at": ["2014-12-28T08:30:43Z"],
    "git_url": ["git://github.com/gaocegege/Onlien-Book-Store.git"],
    "ssh_url": ["git@github.com:gaocegege/Onlien-Book-Store.git"],
    "clone_url": ["https://github.com/gaocegege/Onlien-Book-Store.git"],
    "svn_url": ["https://github.com/gaocegege/Onlien-Book-Store"],
    "homepage": [""],
    "size": [81776],
    "stargazers_count": [1],
    "watchers_count": [1],
    "language": ["CSS"],
    "has_issues": [true],
    "has_projects": [true],
    "has_downloads": [true],
    "has_wiki": [true],
    "has_pages": [false],
    "forks_count": [0],
    "mirror_url": {},
    "archived": [false],
    "open_issues_count": [0],
    "license": {},
    "forks": [0],
    "open_issues": [0],
    "watchers": [1],
    "default_branch": ["master"],
    "permissions": {
      "admin": [false],
      "push": [false],
      "pull": [true]
    }
  }
]
