[
  {
    "id": [126023394],
    "node_id": ["MDEwOlJlcG9zaXRvcnkxMjYwMjMzOTQ="],
    "name": ["code-generator"],
    "full_name": ["gaocegege/code-generator"],
    "private": [false],
    "owner": {
      "login": ["gaocegege"],
      "id": [5100735],
      "node_id": ["MDQ6VXNlcjUxMDA3MzU="],
      "avatar_url": ["https://avatars3.githubusercontent.com/u/5100735?v=4"],
      "gravatar_id": [""],
      "url": ["https://api.github.com/users/gaocegege"],
      "html_url": ["https://github.com/gaocegege"],
      "followers_url": ["https://api.github.com/users/gaocegege/followers"],
      "following_url": ["https://api.github.com/users/gaocegege/following{/other_user}"],
      "gists_url": ["https://api.github.com/users/gaocegege/gists{/gist_id}"],
      "starred_url": ["https://api.github.com/users/gaocegege/starred{/owner}{/repo}"],
      "subscriptions_url": ["https://api.github.com/users/gaocegege/subscriptions"],
      "organizations_url": ["https://api.github.com/users/gaocegege/orgs"],
      "repos_url": ["https://api.github.com/users/gaocegege/repos"],
      "events_url": ["https://api.github.com/users/gaocegege/events{/privacy}"],
      "received_events_url": ["https://api.github.com/users/gaocegege/received_events"],
      "type": ["User"],
      "site_admin": [false]
    },
    "html_url": ["https://github.com/gaocegege/code-generator"],
    "description": ["Generators for kube-like API types"],
    "fork": [true],
    "url": ["https://api.github.com/repos/gaocegege/code-generator"],
    "forks_url": ["https://api.github.com/repos/gaocegege/code-generator/forks"],
    "keys_url": ["https://api.github.com/repos/gaocegege/code-generator/keys{/key_id}"],
    "collaborators_url": ["https://api.github.com/repos/gaocegege/code-generator/collaborators{/collaborator}"],
    "teams_url": ["https://api.github.com/repos/gaocegege/code-generator/teams"],
    "hooks_url": ["https://api.github.com/repos/gaocegege/code-generator/hooks"],
    "issue_events_url": ["https://api.github.com/repos/gaocegege/code-generator/issues/events{/number}"],
    "events_url": ["https://api.github.com/repos/gaocegege/code-generator/events"],
    "assignees_url": ["https://api.github.com/repos/gaocegege/code-generator/assignees{/user}"],
    "branches_url": ["https://api.github.com/repos/gaocegege/code-generator/branches{/branch}"],
    "tags_url": ["https://api.github.com/repos/gaocegege/code-generator/tags"],
    "blobs_url": ["https://api.github.com/repos/gaocegege/code-generator/git/blobs{/sha}"],
    "git_tags_url": ["https://api.github.com/repos/gaocegege/code-generator/git/tags{/sha}"],
    "git_refs_url": ["https://api.github.com/repos/gaocegege/code-generator/git/refs{/sha}"],
    "trees_url": ["https://api.github.com/repos/gaocegege/code-generator/git/trees{/sha}"],
    "statuses_url": ["https://api.github.com/repos/gaocegege/code-generator/statuses/{sha}"],
    "languages_url": ["https://api.github.com/repos/gaocegege/code-generator/languages"],
    "stargazers_url": ["https://api.github.com/repos/gaocegege/code-generator/stargazers"],
    "contributors_url": ["https://api.github.com/repos/gaocegege/code-generator/contributors"],
    "subscribers_url": ["https://api.github.com/repos/gaocegege/code-generator/subscribers"],
    "subscription_url": ["https://api.github.com/repos/gaocegege/code-generator/subscription"],
    "commits_url": ["https://api.github.com/repos/gaocegege/code-generator/commits{/sha}"],
    "git_commits_url": ["https://api.github.com/repos/gaocegege/code-generator/git/commits{/sha}"],
    "comments_url": ["https://api.github.com/repos/gaocegege/code-generator/comments{/number}"],
    "issue_comment_url": ["https://api.github.com/repos/gaocegege/code-generator/issues/comments{/number}"],
    "contents_url": ["https://api.github.com/repos/gaocegege/code-generator/contents/{+path}"],
    "compare_url": ["https://api.github.com/repos/gaocegege/code-generator/compare/{base}...{head}"],
    "merges_url": ["https://api.github.com/repos/gaocegege/code-generator/merges"],
    "archive_url": ["https://api.github.com/repos/gaocegege/code-generator/{archive_format}{/ref}"],
    "downloads_url": ["https://api.github.com/repos/gaocegege/code-generator/downloads"],
    "issues_url": ["https://api.github.com/repos/gaocegege/code-generator/issues{/number}"],
    "pulls_url": ["https://api.github.com/repos/gaocegege/code-generator/pulls{/number}"],
    "milestones_url": ["https://api.github.com/repos/gaocegege/code-generator/milestones{/number}"],
    "notifications_url": ["https://api.github.com/repos/gaocegege/code-generator/notifications{?since,all,participating}"],
    "labels_url": ["https://api.github.com/repos/gaocegege/code-generator/labels{/name}"],
    "releases_url": ["https://api.github.com/repos/gaocegege/code-generator/releases{/id}"],
    "deployments_url": ["https://api.github.com/repos/gaocegege/code-generator/deployments"],
    "created_at": ["2018-03-20T13:40:24Z"],
    "updated_at": ["2018-03-20T13:40:26Z"],
    "pushed_at": ["2018-03-20T13:42:46Z"],
    "git_url": ["git://github.com/gaocegege/code-generator.git"],
    "ssh_url": ["git@github.com:gaocegege/code-generator.git"],
    "clone_url": ["https://github.com/gaocegege/code-generator.git"],
    "svn_url": ["https://github.com/gaocegege/code-generator"],
    "homepage": {},
    "size": [3323],
    "stargazers_count": [0],
    "watchers_count": [0],
    "language": ["Go"],
    "has_issues": [false],
    "has_projects": [true],
    "has_downloads": [true],
    "has_wiki": [false],
    "has_pages": [false],
    "forks_count": [0],
    "mirror_url": {},
    "archived": [false],
    "open_issues_count": [0],
    "license": {
      "key": ["apache-2.0"],
      "name": ["Apache License 2.0"],
      "spdx_id": ["Apache-2.0"],
      "url": ["https://api.github.com/licenses/apache-2.0"],
      "node_id": ["MDc6TGljZW5zZTI="]
    },
    "forks": [0],
    "open_issues": [0],
    "watchers": [0],
    "default_branch": ["master"],
    "permissions": {
      "admin": [false],
      "push": [false],
      "pull": [true]
    }
  }
]
