[
  {
    "id": [33444633],
    "node_id": ["MDEwOlJlcG9zaXRvcnkzMzQ0NDYzMw=="],
    "name": ["adpower"],
    "full_name": ["gaocegege/adpower"],
    "private": [false],
    "owner": {
      "login": ["gaocegege"],
      "id": [5100735],
      "node_id": ["MDQ6VXNlcjUxMDA3MzU="],
      "avatar_url": ["https://avatars3.githubusercontent.com/u/5100735?v=4"],
      "gravatar_id": [""],
      "url": ["https://api.github.com/users/gaocegege"],
      "html_url": ["https://github.com/gaocegege"],
      "followers_url": ["https://api.github.com/users/gaocegege/followers"],
      "following_url": ["https://api.github.com/users/gaocegege/following{/other_user}"],
      "gists_url": ["https://api.github.com/users/gaocegege/gists{/gist_id}"],
      "starred_url": ["https://api.github.com/users/gaocegege/starred{/owner}{/repo}"],
      "subscriptions_url": ["https://api.github.com/users/gaocegege/subscriptions"],
      "organizations_url": ["https://api.github.com/users/gaocegege/orgs"],
      "repos_url": ["https://api.github.com/users/gaocegege/repos"],
      "events_url": ["https://api.github.com/users/gaocegege/events{/privacy}"],
      "received_events_url": ["https://api.github.com/users/gaocegege/received_events"],
      "type": ["User"],
      "site_admin": [false]
    },
    "html_url": ["https://github.com/gaocegege/adpower"],
    "description": ["buf"],
    "fork": [false],
    "url": ["https://api.github.com/repos/gaocegege/adpower"],
    "forks_url": ["https://api.github.com/repos/gaocegege/adpower/forks"],
    "keys_url": ["https://api.github.com/repos/gaocegege/adpower/keys{/key_id}"],
    "collaborators_url": ["https://api.github.com/repos/gaocegege/adpower/collaborators{/collaborator}"],
    "teams_url": ["https://api.github.com/repos/gaocegege/adpower/teams"],
    "hooks_url": ["https://api.github.com/repos/gaocegege/adpower/hooks"],
    "issue_events_url": ["https://api.github.com/repos/gaocegege/adpower/issues/events{/number}"],
    "events_url": ["https://api.github.com/repos/gaocegege/adpower/events"],
    "assignees_url": ["https://api.github.com/repos/gaocegege/adpower/assignees{/user}"],
    "branches_url": ["https://api.github.com/repos/gaocegege/adpower/branches{/branch}"],
    "tags_url": ["https://api.github.com/repos/gaocegege/adpower/tags"],
    "blobs_url": ["https://api.github.com/repos/gaocegege/adpower/git/blobs{/sha}"],
    "git_tags_url": ["https://api.github.com/repos/gaocegege/adpower/git/tags{/sha}"],
    "git_refs_url": ["https://api.github.com/repos/gaocegege/adpower/git/refs{/sha}"],
    "trees_url": ["https://api.github.com/repos/gaocegege/adpower/git/trees{/sha}"],
    "statuses_url": ["https://api.github.com/repos/gaocegege/adpower/statuses/{sha}"],
    "languages_url": ["https://api.github.com/repos/gaocegege/adpower/languages"],
    "stargazers_url": ["https://api.github.com/repos/gaocegege/adpower/stargazers"],
    "contributors_url": ["https://api.github.com/repos/gaocegege/adpower/contributors"],
    "subscribers_url": ["https://api.github.com/repos/gaocegege/adpower/subscribers"],
    "subscription_url": ["https://api.github.com/repos/gaocegege/adpower/subscription"],
    "commits_url": ["https://api.github.com/repos/gaocegege/adpower/commits{/sha}"],
    "git_commits_url": ["https://api.github.com/repos/gaocegege/adpower/git/commits{/sha}"],
    "comments_url": ["https://api.github.com/repos/gaocegege/adpower/comments{/number}"],
    "issue_comment_url": ["https://api.github.com/repos/gaocegege/adpower/issues/comments{/number}"],
    "contents_url": ["https://api.github.com/repos/gaocegege/adpower/contents/{+path}"],
    "compare_url": ["https://api.github.com/repos/gaocegege/adpower/compare/{base}...{head}"],
    "merges_url": ["https://api.github.com/repos/gaocegege/adpower/merges"],
    "archive_url": ["https://api.github.com/repos/gaocegege/adpower/{archive_format}{/ref}"],
    "downloads_url": ["https://api.github.com/repos/gaocegege/adpower/downloads"],
    "issues_url": ["https://api.github.com/repos/gaocegege/adpower/issues{/number}"],
    "pulls_url": ["https://api.github.com/repos/gaocegege/adpower/pulls{/number}"],
    "milestones_url": ["https://api.github.com/repos/gaocegege/adpower/milestones{/number}"],
    "notifications_url": ["https://api.github.com/repos/gaocegege/adpower/notifications{?since,all,participating}"],
    "labels_url": ["https://api.github.com/repos/gaocegege/adpower/labels{/name}"],
    "releases_url": ["https://api.github.com/repos/gaocegege/adpower/releases{/id}"],
    "deployments_url": ["https://api.github.com/repos/gaocegege/adpower/deployments"],
    "created_at": ["2015-04-05T15:09:21Z"],
    "updated_at": ["2015-04-21T12:54:32Z"],
    "pushed_at": ["2015-04-22T12:52:35Z"],
    "git_url": ["git://github.com/gaocegege/adpower.git"],
    "ssh_url": ["git@github.com:gaocegege/adpower.git"],
    "clone_url": ["https://github.com/gaocegege/adpower.git"],
    "svn_url": ["https://github.com/gaocegege/adpower"],
    "homepage": {},
    "size": [1252],
    "stargazers_count": [0],
    "watchers_count": [0],
    "language": ["HTML"],
    "has_issues": [true],
    "has_projects": [true],
    "has_downloads": [true],
    "has_wiki": [true],
    "has_pages": [true],
    "forks_count": [0],
    "mirror_url": {},
    "archived": [false],
    "open_issues_count": [0],
    "license": {},
    "forks": [0],
    "open_issues": [0],
    "watchers": [0],
    "default_branch": ["master"],
    "permissions": {
      "admin": [false],
      "push": [false],
      "pull": [true]
    }
  }
]
