[
  {
    "id": [88843624],
    "node_id": ["MDEwOlJlcG9zaXRvcnk4ODg0MzYyNA=="],
    "name": ["react-native-alipay"],
    "full_name": ["gaocegege/react-native-alipay"],
    "private": [false],
    "owner": {
      "login": ["gaocegege"],
      "id": [5100735],
      "node_id": ["MDQ6VXNlcjUxMDA3MzU="],
      "avatar_url": ["https://avatars3.githubusercontent.com/u/5100735?v=4"],
      "gravatar_id": [""],
      "url": ["https://api.github.com/users/gaocegege"],
      "html_url": ["https://github.com/gaocegege"],
      "followers_url": ["https://api.github.com/users/gaocegege/followers"],
      "following_url": ["https://api.github.com/users/gaocegege/following{/other_user}"],
      "gists_url": ["https://api.github.com/users/gaocegege/gists{/gist_id}"],
      "starred_url": ["https://api.github.com/users/gaocegege/starred{/owner}{/repo}"],
      "subscriptions_url": ["https://api.github.com/users/gaocegege/subscriptions"],
      "organizations_url": ["https://api.github.com/users/gaocegege/orgs"],
      "repos_url": ["https://api.github.com/users/gaocegege/repos"],
      "events_url": ["https://api.github.com/users/gaocegege/events{/privacy}"],
      "received_events_url": ["https://api.github.com/users/gaocegege/received_events"],
      "type": ["User"],
      "site_admin": [false]
    },
    "html_url": ["https://github.com/gaocegege/react-native-alipay"],
    "description": ["<U+57FA><U+4E8E> React Native <U+5B9E><U+73B0><U+7684><U+652F><U+4ED8><U+5B9D><U+94B1><U+5305> UI <U+754C><U+9762>"],
    "fork": [true],
    "url": ["https://api.github.com/repos/gaocegege/react-native-alipay"],
    "forks_url": ["https://api.github.com/repos/gaocegege/react-native-alipay/forks"],
    "keys_url": ["https://api.github.com/repos/gaocegege/react-native-alipay/keys{/key_id}"],
    "collaborators_url": ["https://api.github.com/repos/gaocegege/react-native-alipay/collaborators{/collaborator}"],
    "teams_url": ["https://api.github.com/repos/gaocegege/react-native-alipay/teams"],
    "hooks_url": ["https://api.github.com/repos/gaocegege/react-native-alipay/hooks"],
    "issue_events_url": ["https://api.github.com/repos/gaocegege/react-native-alipay/issues/events{/number}"],
    "events_url": ["https://api.github.com/repos/gaocegege/react-native-alipay/events"],
    "assignees_url": ["https://api.github.com/repos/gaocegege/react-native-alipay/assignees{/user}"],
    "branches_url": ["https://api.github.com/repos/gaocegege/react-native-alipay/branches{/branch}"],
    "tags_url": ["https://api.github.com/repos/gaocegege/react-native-alipay/tags"],
    "blobs_url": ["https://api.github.com/repos/gaocegege/react-native-alipay/git/blobs{/sha}"],
    "git_tags_url": ["https://api.github.com/repos/gaocegege/react-native-alipay/git/tags{/sha}"],
    "git_refs_url": ["https://api.github.com/repos/gaocegege/react-native-alipay/git/refs{/sha}"],
    "trees_url": ["https://api.github.com/repos/gaocegege/react-native-alipay/git/trees{/sha}"],
    "statuses_url": ["https://api.github.com/repos/gaocegege/react-native-alipay/statuses/{sha}"],
    "languages_url": ["https://api.github.com/repos/gaocegege/react-native-alipay/languages"],
    "stargazers_url": ["https://api.github.com/repos/gaocegege/react-native-alipay/stargazers"],
    "contributors_url": ["https://api.github.com/repos/gaocegege/react-native-alipay/contributors"],
    "subscribers_url": ["https://api.github.com/repos/gaocegege/react-native-alipay/subscribers"],
    "subscription_url": ["https://api.github.com/repos/gaocegege/react-native-alipay/subscription"],
    "commits_url": ["https://api.github.com/repos/gaocegege/react-native-alipay/commits{/sha}"],
    "git_commits_url": ["https://api.github.com/repos/gaocegege/react-native-alipay/git/commits{/sha}"],
    "comments_url": ["https://api.github.com/repos/gaocegege/react-native-alipay/comments{/number}"],
    "issue_comment_url": ["https://api.github.com/repos/gaocegege/react-native-alipay/issues/comments{/number}"],
    "contents_url": ["https://api.github.com/repos/gaocegege/react-native-alipay/contents/{+path}"],
    "compare_url": ["https://api.github.com/repos/gaocegege/react-native-alipay/compare/{base}...{head}"],
    "merges_url": ["https://api.github.com/repos/gaocegege/react-native-alipay/merges"],
    "archive_url": ["https://api.github.com/repos/gaocegege/react-native-alipay/{archive_format}{/ref}"],
    "downloads_url": ["https://api.github.com/repos/gaocegege/react-native-alipay/downloads"],
    "issues_url": ["https://api.github.com/repos/gaocegege/react-native-alipay/issues{/number}"],
    "pulls_url": ["https://api.github.com/repos/gaocegege/react-native-alipay/pulls{/number}"],
    "milestones_url": ["https://api.github.com/repos/gaocegege/react-native-alipay/milestones{/number}"],
    "notifications_url": ["https://api.github.com/repos/gaocegege/react-native-alipay/notifications{?since,all,participating}"],
    "labels_url": ["https://api.github.com/repos/gaocegege/react-native-alipay/labels{/name}"],
    "releases_url": ["https://api.github.com/repos/gaocegege/react-native-alipay/releases{/id}"],
    "deployments_url": ["https://api.github.com/repos/gaocegege/react-native-alipay/deployments"],
    "created_at": ["2017-04-20T09:01:12Z"],
    "updated_at": ["2017-04-20T09:01:13Z"],
    "pushed_at": ["2017-04-23T11:28:44Z"],
    "git_url": ["git://github.com/gaocegege/react-native-alipay.git"],
    "ssh_url": ["git@github.com:gaocegege/react-native-alipay.git"],
    "clone_url": ["https://github.com/gaocegege/react-native-alipay.git"],
    "svn_url": ["https://github.com/gaocegege/react-native-alipay"],
    "homepage": {},
    "size": [367],
    "stargazers_count": [0],
    "watchers_count": [0],
    "language": ["JavaScript"],
    "has_issues": [false],
    "has_projects": [true],
    "has_downloads": [true],
    "has_wiki": [true],
    "has_pages": [false],
    "forks_count": [0],
    "mirror_url": {},
    "archived": [false],
    "open_issues_count": [0],
    "license": {
      "key": ["mit"],
      "name": ["MIT License"],
      "spdx_id": ["MIT"],
      "url": ["https://api.github.com/licenses/mit"],
      "node_id": ["MDc6TGljZW5zZTEz"]
    },
    "forks": [0],
    "open_issues": [0],
    "watchers": [0],
    "default_branch": ["master"],
    "permissions": {
      "admin": [false],
      "push": [false],
      "pull": [true]
    }
  }
]
