[
  {
    "id": [21406529],
    "node_id": ["MDEwOlJlcG9zaXRvcnkyMTQwNjUyOQ=="],
    "name": ["Project-grade2"],
    "full_name": ["gaocegege/Project-grade2"],
    "private": [false],
    "owner": {
      "login": ["gaocegege"],
      "id": [5100735],
      "node_id": ["MDQ6VXNlcjUxMDA3MzU="],
      "avatar_url": ["https://avatars3.githubusercontent.com/u/5100735?v=4"],
      "gravatar_id": [""],
      "url": ["https://api.github.com/users/gaocegege"],
      "html_url": ["https://github.com/gaocegege"],
      "followers_url": ["https://api.github.com/users/gaocegege/followers"],
      "following_url": ["https://api.github.com/users/gaocegege/following{/other_user}"],
      "gists_url": ["https://api.github.com/users/gaocegege/gists{/gist_id}"],
      "starred_url": ["https://api.github.com/users/gaocegege/starred{/owner}{/repo}"],
      "subscriptions_url": ["https://api.github.com/users/gaocegege/subscriptions"],
      "organizations_url": ["https://api.github.com/users/gaocegege/orgs"],
      "repos_url": ["https://api.github.com/users/gaocegege/repos"],
      "events_url": ["https://api.github.com/users/gaocegege/events{/privacy}"],
      "received_events_url": ["https://api.github.com/users/gaocegege/received_events"],
      "type": ["User"],
      "site_admin": [false]
    },
    "html_url": ["https://github.com/gaocegege/Project-grade2"],
    "description": ["android server(Java SSH)"],
    "fork": [false],
    "url": ["https://api.github.com/repos/gaocegege/Project-grade2"],
    "forks_url": ["https://api.github.com/repos/gaocegege/Project-grade2/forks"],
    "keys_url": ["https://api.github.com/repos/gaocegege/Project-grade2/keys{/key_id}"],
    "collaborators_url": ["https://api.github.com/repos/gaocegege/Project-grade2/collaborators{/collaborator}"],
    "teams_url": ["https://api.github.com/repos/gaocegege/Project-grade2/teams"],
    "hooks_url": ["https://api.github.com/repos/gaocegege/Project-grade2/hooks"],
    "issue_events_url": ["https://api.github.com/repos/gaocegege/Project-grade2/issues/events{/number}"],
    "events_url": ["https://api.github.com/repos/gaocegege/Project-grade2/events"],
    "assignees_url": ["https://api.github.com/repos/gaocegege/Project-grade2/assignees{/user}"],
    "branches_url": ["https://api.github.com/repos/gaocegege/Project-grade2/branches{/branch}"],
    "tags_url": ["https://api.github.com/repos/gaocegege/Project-grade2/tags"],
    "blobs_url": ["https://api.github.com/repos/gaocegege/Project-grade2/git/blobs{/sha}"],
    "git_tags_url": ["https://api.github.com/repos/gaocegege/Project-grade2/git/tags{/sha}"],
    "git_refs_url": ["https://api.github.com/repos/gaocegege/Project-grade2/git/refs{/sha}"],
    "trees_url": ["https://api.github.com/repos/gaocegege/Project-grade2/git/trees{/sha}"],
    "statuses_url": ["https://api.github.com/repos/gaocegege/Project-grade2/statuses/{sha}"],
    "languages_url": ["https://api.github.com/repos/gaocegege/Project-grade2/languages"],
    "stargazers_url": ["https://api.github.com/repos/gaocegege/Project-grade2/stargazers"],
    "contributors_url": ["https://api.github.com/repos/gaocegege/Project-grade2/contributors"],
    "subscribers_url": ["https://api.github.com/repos/gaocegege/Project-grade2/subscribers"],
    "subscription_url": ["https://api.github.com/repos/gaocegege/Project-grade2/subscription"],
    "commits_url": ["https://api.github.com/repos/gaocegege/Project-grade2/commits{/sha}"],
    "git_commits_url": ["https://api.github.com/repos/gaocegege/Project-grade2/git/commits{/sha}"],
    "comments_url": ["https://api.github.com/repos/gaocegege/Project-grade2/comments{/number}"],
    "issue_comment_url": ["https://api.github.com/repos/gaocegege/Project-grade2/issues/comments{/number}"],
    "contents_url": ["https://api.github.com/repos/gaocegege/Project-grade2/contents/{+path}"],
    "compare_url": ["https://api.github.com/repos/gaocegege/Project-grade2/compare/{base}...{head}"],
    "merges_url": ["https://api.github.com/repos/gaocegege/Project-grade2/merges"],
    "archive_url": ["https://api.github.com/repos/gaocegege/Project-grade2/{archive_format}{/ref}"],
    "downloads_url": ["https://api.github.com/repos/gaocegege/Project-grade2/downloads"],
    "issues_url": ["https://api.github.com/repos/gaocegege/Project-grade2/issues{/number}"],
    "pulls_url": ["https://api.github.com/repos/gaocegege/Project-grade2/pulls{/number}"],
    "milestones_url": ["https://api.github.com/repos/gaocegege/Project-grade2/milestones{/number}"],
    "notifications_url": ["https://api.github.com/repos/gaocegege/Project-grade2/notifications{?since,all,participating}"],
    "labels_url": ["https://api.github.com/repos/gaocegege/Project-grade2/labels{/name}"],
    "releases_url": ["https://api.github.com/repos/gaocegege/Project-grade2/releases{/id}"],
    "deployments_url": ["https://api.github.com/repos/gaocegege/Project-grade2/deployments"],
    "created_at": ["2014-07-02T00:37:54Z"],
    "updated_at": ["2015-07-26T13:19:19Z"],
    "pushed_at": ["2014-10-07T13:13:02Z"],
    "git_url": ["git://github.com/gaocegege/Project-grade2.git"],
    "ssh_url": ["git@github.com:gaocegege/Project-grade2.git"],
    "clone_url": ["https://github.com/gaocegege/Project-grade2.git"],
    "svn_url": ["https://github.com/gaocegege/Project-grade2"],
    "homepage": [""],
    "size": [106212],
    "stargazers_count": [1],
    "watchers_count": [1],
    "language": ["Java"],
    "has_issues": [true],
    "has_projects": [true],
    "has_downloads": [true],
    "has_wiki": [true],
    "has_pages": [false],
    "forks_count": [0],
    "mirror_url": {},
    "archived": [false],
    "open_issues_count": [0],
    "license": {},
    "forks": [0],
    "open_issues": [0],
    "watchers": [1],
    "default_branch": ["master"],
    "permissions": {
      "admin": [false],
      "push": [false],
      "pull": [true]
    }
  }
]
