[
  {
    "id": [23528199],
    "node_id": ["MDEwOlJlcG9zaXRvcnkyMzUyODE5OQ=="],
    "name": ["Slides"],
    "full_name": ["gaocegege/Slides"],
    "private": [false],
    "owner": {
      "login": ["gaocegege"],
      "id": [5100735],
      "node_id": ["MDQ6VXNlcjUxMDA3MzU="],
      "avatar_url": ["https://avatars3.githubusercontent.com/u/5100735?v=4"],
      "gravatar_id": [""],
      "url": ["https://api.github.com/users/gaocegege"],
      "html_url": ["https://github.com/gaocegege"],
      "followers_url": ["https://api.github.com/users/gaocegege/followers"],
      "following_url": ["https://api.github.com/users/gaocegege/following{/other_user}"],
      "gists_url": ["https://api.github.com/users/gaocegege/gists{/gist_id}"],
      "starred_url": ["https://api.github.com/users/gaocegege/starred{/owner}{/repo}"],
      "subscriptions_url": ["https://api.github.com/users/gaocegege/subscriptions"],
      "organizations_url": ["https://api.github.com/users/gaocegege/orgs"],
      "repos_url": ["https://api.github.com/users/gaocegege/repos"],
      "events_url": ["https://api.github.com/users/gaocegege/events{/privacy}"],
      "received_events_url": ["https://api.github.com/users/gaocegege/received_events"],
      "type": ["User"],
      "site_admin": [false]
    },
    "html_url": ["https://github.com/gaocegege/Slides"],
    "description": ["HTML Presentation in github.io"],
    "fork": [false],
    "url": ["https://api.github.com/repos/gaocegege/Slides"],
    "forks_url": ["https://api.github.com/repos/gaocegege/Slides/forks"],
    "keys_url": ["https://api.github.com/repos/gaocegege/Slides/keys{/key_id}"],
    "collaborators_url": ["https://api.github.com/repos/gaocegege/Slides/collaborators{/collaborator}"],
    "teams_url": ["https://api.github.com/repos/gaocegege/Slides/teams"],
    "hooks_url": ["https://api.github.com/repos/gaocegege/Slides/hooks"],
    "issue_events_url": ["https://api.github.com/repos/gaocegege/Slides/issues/events{/number}"],
    "events_url": ["https://api.github.com/repos/gaocegege/Slides/events"],
    "assignees_url": ["https://api.github.com/repos/gaocegege/Slides/assignees{/user}"],
    "branches_url": ["https://api.github.com/repos/gaocegege/Slides/branches{/branch}"],
    "tags_url": ["https://api.github.com/repos/gaocegege/Slides/tags"],
    "blobs_url": ["https://api.github.com/repos/gaocegege/Slides/git/blobs{/sha}"],
    "git_tags_url": ["https://api.github.com/repos/gaocegege/Slides/git/tags{/sha}"],
    "git_refs_url": ["https://api.github.com/repos/gaocegege/Slides/git/refs{/sha}"],
    "trees_url": ["https://api.github.com/repos/gaocegege/Slides/git/trees{/sha}"],
    "statuses_url": ["https://api.github.com/repos/gaocegege/Slides/statuses/{sha}"],
    "languages_url": ["https://api.github.com/repos/gaocegege/Slides/languages"],
    "stargazers_url": ["https://api.github.com/repos/gaocegege/Slides/stargazers"],
    "contributors_url": ["https://api.github.com/repos/gaocegege/Slides/contributors"],
    "subscribers_url": ["https://api.github.com/repos/gaocegege/Slides/subscribers"],
    "subscription_url": ["https://api.github.com/repos/gaocegege/Slides/subscription"],
    "commits_url": ["https://api.github.com/repos/gaocegege/Slides/commits{/sha}"],
    "git_commits_url": ["https://api.github.com/repos/gaocegege/Slides/git/commits{/sha}"],
    "comments_url": ["https://api.github.com/repos/gaocegege/Slides/comments{/number}"],
    "issue_comment_url": ["https://api.github.com/repos/gaocegege/Slides/issues/comments{/number}"],
    "contents_url": ["https://api.github.com/repos/gaocegege/Slides/contents/{+path}"],
    "compare_url": ["https://api.github.com/repos/gaocegege/Slides/compare/{base}...{head}"],
    "merges_url": ["https://api.github.com/repos/gaocegege/Slides/merges"],
    "archive_url": ["https://api.github.com/repos/gaocegege/Slides/{archive_format}{/ref}"],
    "downloads_url": ["https://api.github.com/repos/gaocegege/Slides/downloads"],
    "issues_url": ["https://api.github.com/repos/gaocegege/Slides/issues{/number}"],
    "pulls_url": ["https://api.github.com/repos/gaocegege/Slides/pulls{/number}"],
    "milestones_url": ["https://api.github.com/repos/gaocegege/Slides/milestones{/number}"],
    "notifications_url": ["https://api.github.com/repos/gaocegege/Slides/notifications{?since,all,participating}"],
    "labels_url": ["https://api.github.com/repos/gaocegege/Slides/labels{/name}"],
    "releases_url": ["https://api.github.com/repos/gaocegege/Slides/releases{/id}"],
    "deployments_url": ["https://api.github.com/repos/gaocegege/Slides/deployments"],
    "created_at": ["2014-09-01T02:25:03Z"],
    "updated_at": ["2014-11-11T23:04:42Z"],
    "pushed_at": ["2014-11-11T23:02:20Z"],
    "git_url": ["git://github.com/gaocegege/Slides.git"],
    "ssh_url": ["git@github.com:gaocegege/Slides.git"],
    "clone_url": ["https://github.com/gaocegege/Slides.git"],
    "svn_url": ["https://github.com/gaocegege/Slides"],
    "homepage": ["http://gaocegege.com/Slides/"],
    "size": [768],
    "stargazers_count": [0],
    "watchers_count": [0],
    "language": ["JavaScript"],
    "has_issues": [true],
    "has_projects": [true],
    "has_downloads": [true],
    "has_wiki": [true],
    "has_pages": [true],
    "forks_count": [0],
    "mirror_url": {},
    "archived": [false],
    "open_issues_count": [0],
    "license": {},
    "forks": [0],
    "open_issues": [0],
    "watchers": [0],
    "default_branch": ["gh-pages"],
    "permissions": {
      "admin": [false],
      "push": [false],
      "pull": [true]
    }
  }
]
