[
  {
    "id": [128084961],
    "node_id": ["MDEwOlJlcG9zaXRvcnkxMjgwODQ5NjE="],
    "name": ["test-infra"],
    "full_name": ["gaocegege/test-infra"],
    "private": [false],
    "owner": {
      "login": ["gaocegege"],
      "id": [5100735],
      "node_id": ["MDQ6VXNlcjUxMDA3MzU="],
      "avatar_url": ["https://avatars3.githubusercontent.com/u/5100735?v=4"],
      "gravatar_id": [""],
      "url": ["https://api.github.com/users/gaocegege"],
      "html_url": ["https://github.com/gaocegege"],
      "followers_url": ["https://api.github.com/users/gaocegege/followers"],
      "following_url": ["https://api.github.com/users/gaocegege/following{/other_user}"],
      "gists_url": ["https://api.github.com/users/gaocegege/gists{/gist_id}"],
      "starred_url": ["https://api.github.com/users/gaocegege/starred{/owner}{/repo}"],
      "subscriptions_url": ["https://api.github.com/users/gaocegege/subscriptions"],
      "organizations_url": ["https://api.github.com/users/gaocegege/orgs"],
      "repos_url": ["https://api.github.com/users/gaocegege/repos"],
      "events_url": ["https://api.github.com/users/gaocegege/events{/privacy}"],
      "received_events_url": ["https://api.github.com/users/gaocegege/received_events"],
      "type": ["User"],
      "site_admin": [false]
    },
    "html_url": ["https://github.com/gaocegege/test-infra"],
    "description": ["Test infrastructure for the Kubernetes project."],
    "fork": [true],
    "url": ["https://api.github.com/repos/gaocegege/test-infra"],
    "forks_url": ["https://api.github.com/repos/gaocegege/test-infra/forks"],
    "keys_url": ["https://api.github.com/repos/gaocegege/test-infra/keys{/key_id}"],
    "collaborators_url": ["https://api.github.com/repos/gaocegege/test-infra/collaborators{/collaborator}"],
    "teams_url": ["https://api.github.com/repos/gaocegege/test-infra/teams"],
    "hooks_url": ["https://api.github.com/repos/gaocegege/test-infra/hooks"],
    "issue_events_url": ["https://api.github.com/repos/gaocegege/test-infra/issues/events{/number}"],
    "events_url": ["https://api.github.com/repos/gaocegege/test-infra/events"],
    "assignees_url": ["https://api.github.com/repos/gaocegege/test-infra/assignees{/user}"],
    "branches_url": ["https://api.github.com/repos/gaocegege/test-infra/branches{/branch}"],
    "tags_url": ["https://api.github.com/repos/gaocegege/test-infra/tags"],
    "blobs_url": ["https://api.github.com/repos/gaocegege/test-infra/git/blobs{/sha}"],
    "git_tags_url": ["https://api.github.com/repos/gaocegege/test-infra/git/tags{/sha}"],
    "git_refs_url": ["https://api.github.com/repos/gaocegege/test-infra/git/refs{/sha}"],
    "trees_url": ["https://api.github.com/repos/gaocegege/test-infra/git/trees{/sha}"],
    "statuses_url": ["https://api.github.com/repos/gaocegege/test-infra/statuses/{sha}"],
    "languages_url": ["https://api.github.com/repos/gaocegege/test-infra/languages"],
    "stargazers_url": ["https://api.github.com/repos/gaocegege/test-infra/stargazers"],
    "contributors_url": ["https://api.github.com/repos/gaocegege/test-infra/contributors"],
    "subscribers_url": ["https://api.github.com/repos/gaocegege/test-infra/subscribers"],
    "subscription_url": ["https://api.github.com/repos/gaocegege/test-infra/subscription"],
    "commits_url": ["https://api.github.com/repos/gaocegege/test-infra/commits{/sha}"],
    "git_commits_url": ["https://api.github.com/repos/gaocegege/test-infra/git/commits{/sha}"],
    "comments_url": ["https://api.github.com/repos/gaocegege/test-infra/comments{/number}"],
    "issue_comment_url": ["https://api.github.com/repos/gaocegege/test-infra/issues/comments{/number}"],
    "contents_url": ["https://api.github.com/repos/gaocegege/test-infra/contents/{+path}"],
    "compare_url": ["https://api.github.com/repos/gaocegege/test-infra/compare/{base}...{head}"],
    "merges_url": ["https://api.github.com/repos/gaocegege/test-infra/merges"],
    "archive_url": ["https://api.github.com/repos/gaocegege/test-infra/{archive_format}{/ref}"],
    "downloads_url": ["https://api.github.com/repos/gaocegege/test-infra/downloads"],
    "issues_url": ["https://api.github.com/repos/gaocegege/test-infra/issues{/number}"],
    "pulls_url": ["https://api.github.com/repos/gaocegege/test-infra/pulls{/number}"],
    "milestones_url": ["https://api.github.com/repos/gaocegege/test-infra/milestones{/number}"],
    "notifications_url": ["https://api.github.com/repos/gaocegege/test-infra/notifications{?since,all,participating}"],
    "labels_url": ["https://api.github.com/repos/gaocegege/test-infra/labels{/name}"],
    "releases_url": ["https://api.github.com/repos/gaocegege/test-infra/releases{/id}"],
    "deployments_url": ["https://api.github.com/repos/gaocegege/test-infra/deployments"],
    "created_at": ["2018-04-04T15:47:20Z"],
    "updated_at": ["2018-04-04T15:47:25Z"],
    "pushed_at": ["2018-04-21T02:35:08Z"],
    "git_url": ["git://github.com/gaocegege/test-infra.git"],
    "ssh_url": ["git@github.com:gaocegege/test-infra.git"],
    "clone_url": ["https://github.com/gaocegege/test-infra.git"],
    "svn_url": ["https://github.com/gaocegege/test-infra"],
    "homepage": {},
    "size": [48818],
    "stargazers_count": [0],
    "watchers_count": [0],
    "language": ["Go"],
    "has_issues": [false],
    "has_projects": [true],
    "has_downloads": [true],
    "has_wiki": [false],
    "has_pages": [false],
    "forks_count": [0],
    "mirror_url": {},
    "archived": [false],
    "open_issues_count": [0],
    "license": {
      "key": ["apache-2.0"],
      "name": ["Apache License 2.0"],
      "spdx_id": ["Apache-2.0"],
      "url": ["https://api.github.com/licenses/apache-2.0"],
      "node_id": ["MDc6TGljZW5zZTI="]
    },
    "forks": [0],
    "open_issues": [0],
    "watchers": [0],
    "default_branch": ["master"],
    "permissions": {
      "admin": [false],
      "push": [false],
      "pull": [true]
    }
  }
]
