[
  {
    "id": [41197182],
    "node_id": ["MDEwOlJlcG9zaXRvcnk0MTE5NzE4Mg=="],
    "name": ["shadowsocks-android"],
    "full_name": ["gaocegege/shadowsocks-android"],
    "private": [false],
    "owner": {
      "login": ["gaocegege"],
      "id": [5100735],
      "node_id": ["MDQ6VXNlcjUxMDA3MzU="],
      "avatar_url": ["https://avatars3.githubusercontent.com/u/5100735?v=4"],
      "gravatar_id": [""],
      "url": ["https://api.github.com/users/gaocegege"],
      "html_url": ["https://github.com/gaocegege"],
      "followers_url": ["https://api.github.com/users/gaocegege/followers"],
      "following_url": ["https://api.github.com/users/gaocegege/following{/other_user}"],
      "gists_url": ["https://api.github.com/users/gaocegege/gists{/gist_id}"],
      "starred_url": ["https://api.github.com/users/gaocegege/starred{/owner}{/repo}"],
      "subscriptions_url": ["https://api.github.com/users/gaocegege/subscriptions"],
      "organizations_url": ["https://api.github.com/users/gaocegege/orgs"],
      "repos_url": ["https://api.github.com/users/gaocegege/repos"],
      "events_url": ["https://api.github.com/users/gaocegege/events{/privacy}"],
      "received_events_url": ["https://api.github.com/users/gaocegege/received_events"],
      "type": ["User"],
      "site_admin": [false]
    },
    "html_url": ["https://github.com/gaocegege/shadowsocks-android"],
    "description": ["A Shadowsocks client for Android"],
    "fork": [true],
    "url": ["https://api.github.com/repos/gaocegege/shadowsocks-android"],
    "forks_url": ["https://api.github.com/repos/gaocegege/shadowsocks-android/forks"],
    "keys_url": ["https://api.github.com/repos/gaocegege/shadowsocks-android/keys{/key_id}"],
    "collaborators_url": ["https://api.github.com/repos/gaocegege/shadowsocks-android/collaborators{/collaborator}"],
    "teams_url": ["https://api.github.com/repos/gaocegege/shadowsocks-android/teams"],
    "hooks_url": ["https://api.github.com/repos/gaocegege/shadowsocks-android/hooks"],
    "issue_events_url": ["https://api.github.com/repos/gaocegege/shadowsocks-android/issues/events{/number}"],
    "events_url": ["https://api.github.com/repos/gaocegege/shadowsocks-android/events"],
    "assignees_url": ["https://api.github.com/repos/gaocegege/shadowsocks-android/assignees{/user}"],
    "branches_url": ["https://api.github.com/repos/gaocegege/shadowsocks-android/branches{/branch}"],
    "tags_url": ["https://api.github.com/repos/gaocegege/shadowsocks-android/tags"],
    "blobs_url": ["https://api.github.com/repos/gaocegege/shadowsocks-android/git/blobs{/sha}"],
    "git_tags_url": ["https://api.github.com/repos/gaocegege/shadowsocks-android/git/tags{/sha}"],
    "git_refs_url": ["https://api.github.com/repos/gaocegege/shadowsocks-android/git/refs{/sha}"],
    "trees_url": ["https://api.github.com/repos/gaocegege/shadowsocks-android/git/trees{/sha}"],
    "statuses_url": ["https://api.github.com/repos/gaocegege/shadowsocks-android/statuses/{sha}"],
    "languages_url": ["https://api.github.com/repos/gaocegege/shadowsocks-android/languages"],
    "stargazers_url": ["https://api.github.com/repos/gaocegege/shadowsocks-android/stargazers"],
    "contributors_url": ["https://api.github.com/repos/gaocegege/shadowsocks-android/contributors"],
    "subscribers_url": ["https://api.github.com/repos/gaocegege/shadowsocks-android/subscribers"],
    "subscription_url": ["https://api.github.com/repos/gaocegege/shadowsocks-android/subscription"],
    "commits_url": ["https://api.github.com/repos/gaocegege/shadowsocks-android/commits{/sha}"],
    "git_commits_url": ["https://api.github.com/repos/gaocegege/shadowsocks-android/git/commits{/sha}"],
    "comments_url": ["https://api.github.com/repos/gaocegege/shadowsocks-android/comments{/number}"],
    "issue_comment_url": ["https://api.github.com/repos/gaocegege/shadowsocks-android/issues/comments{/number}"],
    "contents_url": ["https://api.github.com/repos/gaocegege/shadowsocks-android/contents/{+path}"],
    "compare_url": ["https://api.github.com/repos/gaocegege/shadowsocks-android/compare/{base}...{head}"],
    "merges_url": ["https://api.github.com/repos/gaocegege/shadowsocks-android/merges"],
    "archive_url": ["https://api.github.com/repos/gaocegege/shadowsocks-android/{archive_format}{/ref}"],
    "downloads_url": ["https://api.github.com/repos/gaocegege/shadowsocks-android/downloads"],
    "issues_url": ["https://api.github.com/repos/gaocegege/shadowsocks-android/issues{/number}"],
    "pulls_url": ["https://api.github.com/repos/gaocegege/shadowsocks-android/pulls{/number}"],
    "milestones_url": ["https://api.github.com/repos/gaocegege/shadowsocks-android/milestones{/number}"],
    "notifications_url": ["https://api.github.com/repos/gaocegege/shadowsocks-android/notifications{?since,all,participating}"],
    "labels_url": ["https://api.github.com/repos/gaocegege/shadowsocks-android/labels{/name}"],
    "releases_url": ["https://api.github.com/repos/gaocegege/shadowsocks-android/releases{/id}"],
    "deployments_url": ["https://api.github.com/repos/gaocegege/shadowsocks-android/deployments"],
    "created_at": ["2015-08-22T07:57:16Z"],
    "updated_at": ["2015-08-22T07:57:29Z"],
    "pushed_at": ["2015-08-20T07:29:11Z"],
    "git_url": ["git://github.com/gaocegege/shadowsocks-android.git"],
    "ssh_url": ["git@github.com:gaocegege/shadowsocks-android.git"],
    "clone_url": ["https://github.com/gaocegege/shadowsocks-android.git"],
    "svn_url": ["https://github.com/gaocegege/shadowsocks-android"],
    "homepage": {},
    "size": [47120],
    "stargazers_count": [0],
    "watchers_count": [0],
    "language": ["C"],
    "has_issues": [false],
    "has_projects": [true],
    "has_downloads": [true],
    "has_wiki": [true],
    "has_pages": [false],
    "forks_count": [1],
    "mirror_url": {},
    "archived": [false],
    "open_issues_count": [0],
    "license": {
      "key": ["gpl-3.0"],
      "name": ["GNU General Public License v3.0"],
      "spdx_id": ["GPL-3.0"],
      "url": ["https://api.github.com/licenses/gpl-3.0"],
      "node_id": ["MDc6TGljZW5zZTk="]
    },
    "forks": [1],
    "open_issues": [0],
    "watchers": [0],
    "default_branch": ["master"],
    "permissions": {
      "admin": [false],
      "push": [false],
      "pull": [true]
    }
  }
]
