[
  {
    "id": [131832849],
    "node_id": ["MDEwOlJlcG9zaXRvcnkxMzE4MzI4NDk="],
    "name": ["gsoc-mentor"],
    "full_name": ["gaocegege/gsoc-mentor"],
    "private": [false],
    "owner": {
      "login": ["gaocegege"],
      "id": [5100735],
      "node_id": ["MDQ6VXNlcjUxMDA3MzU="],
      "avatar_url": ["https://avatars3.githubusercontent.com/u/5100735?v=4"],
      "gravatar_id": [""],
      "url": ["https://api.github.com/users/gaocegege"],
      "html_url": ["https://github.com/gaocegege"],
      "followers_url": ["https://api.github.com/users/gaocegege/followers"],
      "following_url": ["https://api.github.com/users/gaocegege/following{/other_user}"],
      "gists_url": ["https://api.github.com/users/gaocegege/gists{/gist_id}"],
      "starred_url": ["https://api.github.com/users/gaocegege/starred{/owner}{/repo}"],
      "subscriptions_url": ["https://api.github.com/users/gaocegege/subscriptions"],
      "organizations_url": ["https://api.github.com/users/gaocegege/orgs"],
      "repos_url": ["https://api.github.com/users/gaocegege/repos"],
      "events_url": ["https://api.github.com/users/gaocegege/events{/privacy}"],
      "received_events_url": ["https://api.github.com/users/gaocegege/received_events"],
      "type": ["User"],
      "site_admin": [false]
    },
    "html_url": ["https://github.com/gaocegege/gsoc-mentor"],
    "description": {},
    "fork": [false],
    "url": ["https://api.github.com/repos/gaocegege/gsoc-mentor"],
    "forks_url": ["https://api.github.com/repos/gaocegege/gsoc-mentor/forks"],
    "keys_url": ["https://api.github.com/repos/gaocegege/gsoc-mentor/keys{/key_id}"],
    "collaborators_url": ["https://api.github.com/repos/gaocegege/gsoc-mentor/collaborators{/collaborator}"],
    "teams_url": ["https://api.github.com/repos/gaocegege/gsoc-mentor/teams"],
    "hooks_url": ["https://api.github.com/repos/gaocegege/gsoc-mentor/hooks"],
    "issue_events_url": ["https://api.github.com/repos/gaocegege/gsoc-mentor/issues/events{/number}"],
    "events_url": ["https://api.github.com/repos/gaocegege/gsoc-mentor/events"],
    "assignees_url": ["https://api.github.com/repos/gaocegege/gsoc-mentor/assignees{/user}"],
    "branches_url": ["https://api.github.com/repos/gaocegege/gsoc-mentor/branches{/branch}"],
    "tags_url": ["https://api.github.com/repos/gaocegege/gsoc-mentor/tags"],
    "blobs_url": ["https://api.github.com/repos/gaocegege/gsoc-mentor/git/blobs{/sha}"],
    "git_tags_url": ["https://api.github.com/repos/gaocegege/gsoc-mentor/git/tags{/sha}"],
    "git_refs_url": ["https://api.github.com/repos/gaocegege/gsoc-mentor/git/refs{/sha}"],
    "trees_url": ["https://api.github.com/repos/gaocegege/gsoc-mentor/git/trees{/sha}"],
    "statuses_url": ["https://api.github.com/repos/gaocegege/gsoc-mentor/statuses/{sha}"],
    "languages_url": ["https://api.github.com/repos/gaocegege/gsoc-mentor/languages"],
    "stargazers_url": ["https://api.github.com/repos/gaocegege/gsoc-mentor/stargazers"],
    "contributors_url": ["https://api.github.com/repos/gaocegege/gsoc-mentor/contributors"],
    "subscribers_url": ["https://api.github.com/repos/gaocegege/gsoc-mentor/subscribers"],
    "subscription_url": ["https://api.github.com/repos/gaocegege/gsoc-mentor/subscription"],
    "commits_url": ["https://api.github.com/repos/gaocegege/gsoc-mentor/commits{/sha}"],
    "git_commits_url": ["https://api.github.com/repos/gaocegege/gsoc-mentor/git/commits{/sha}"],
    "comments_url": ["https://api.github.com/repos/gaocegege/gsoc-mentor/comments{/number}"],
    "issue_comment_url": ["https://api.github.com/repos/gaocegege/gsoc-mentor/issues/comments{/number}"],
    "contents_url": ["https://api.github.com/repos/gaocegege/gsoc-mentor/contents/{+path}"],
    "compare_url": ["https://api.github.com/repos/gaocegege/gsoc-mentor/compare/{base}...{head}"],
    "merges_url": ["https://api.github.com/repos/gaocegege/gsoc-mentor/merges"],
    "archive_url": ["https://api.github.com/repos/gaocegege/gsoc-mentor/{archive_format}{/ref}"],
    "downloads_url": ["https://api.github.com/repos/gaocegege/gsoc-mentor/downloads"],
    "issues_url": ["https://api.github.com/repos/gaocegege/gsoc-mentor/issues{/number}"],
    "pulls_url": ["https://api.github.com/repos/gaocegege/gsoc-mentor/pulls{/number}"],
    "milestones_url": ["https://api.github.com/repos/gaocegege/gsoc-mentor/milestones{/number}"],
    "notifications_url": ["https://api.github.com/repos/gaocegege/gsoc-mentor/notifications{?since,all,participating}"],
    "labels_url": ["https://api.github.com/repos/gaocegege/gsoc-mentor/labels{/name}"],
    "releases_url": ["https://api.github.com/repos/gaocegege/gsoc-mentor/releases{/id}"],
    "deployments_url": ["https://api.github.com/repos/gaocegege/gsoc-mentor/deployments"],
    "created_at": ["2018-05-02T10:05:25Z"],
    "updated_at": ["2018-05-17T13:00:56Z"],
    "pushed_at": ["2018-05-17T13:00:55Z"],
    "git_url": ["git://github.com/gaocegege/gsoc-mentor.git"],
    "ssh_url": ["git@github.com:gaocegege/gsoc-mentor.git"],
    "clone_url": ["https://github.com/gaocegege/gsoc-mentor.git"],
    "svn_url": ["https://github.com/gaocegege/gsoc-mentor"],
    "homepage": {},
    "size": [3],
    "stargazers_count": [0],
    "watchers_count": [0],
    "language": {},
    "has_issues": [true],
    "has_projects": [true],
    "has_downloads": [true],
    "has_wiki": [true],
    "has_pages": [false],
    "forks_count": [0],
    "mirror_url": {},
    "archived": [false],
    "open_issues_count": [0],
    "license": {},
    "forks": [0],
    "open_issues": [0],
    "watchers": [0],
    "default_branch": ["master"],
    "permissions": {
      "admin": [false],
      "push": [false],
      "pull": [true]
    }
  }
]
