[
  {
    "id": [88929648],
    "node_id": ["MDEwOlJlcG9zaXRvcnk4ODkyOTY0OA=="],
    "name": ["linuxkit"],
    "full_name": ["gaocegege/linuxkit"],
    "private": [false],
    "owner": {
      "login": ["gaocegege"],
      "id": [5100735],
      "node_id": ["MDQ6VXNlcjUxMDA3MzU="],
      "avatar_url": ["https://avatars3.githubusercontent.com/u/5100735?v=4"],
      "gravatar_id": [""],
      "url": ["https://api.github.com/users/gaocegege"],
      "html_url": ["https://github.com/gaocegege"],
      "followers_url": ["https://api.github.com/users/gaocegege/followers"],
      "following_url": ["https://api.github.com/users/gaocegege/following{/other_user}"],
      "gists_url": ["https://api.github.com/users/gaocegege/gists{/gist_id}"],
      "starred_url": ["https://api.github.com/users/gaocegege/starred{/owner}{/repo}"],
      "subscriptions_url": ["https://api.github.com/users/gaocegege/subscriptions"],
      "organizations_url": ["https://api.github.com/users/gaocegege/orgs"],
      "repos_url": ["https://api.github.com/users/gaocegege/repos"],
      "events_url": ["https://api.github.com/users/gaocegege/events{/privacy}"],
      "received_events_url": ["https://api.github.com/users/gaocegege/received_events"],
      "type": ["User"],
      "site_admin": [false]
    },
    "html_url": ["https://github.com/gaocegege/linuxkit"],
    "description": ["A toolkit for building secure, portable and lean operating systems for containers"],
    "fork": [true],
    "url": ["https://api.github.com/repos/gaocegege/linuxkit"],
    "forks_url": ["https://api.github.com/repos/gaocegege/linuxkit/forks"],
    "keys_url": ["https://api.github.com/repos/gaocegege/linuxkit/keys{/key_id}"],
    "collaborators_url": ["https://api.github.com/repos/gaocegege/linuxkit/collaborators{/collaborator}"],
    "teams_url": ["https://api.github.com/repos/gaocegege/linuxkit/teams"],
    "hooks_url": ["https://api.github.com/repos/gaocegege/linuxkit/hooks"],
    "issue_events_url": ["https://api.github.com/repos/gaocegege/linuxkit/issues/events{/number}"],
    "events_url": ["https://api.github.com/repos/gaocegege/linuxkit/events"],
    "assignees_url": ["https://api.github.com/repos/gaocegege/linuxkit/assignees{/user}"],
    "branches_url": ["https://api.github.com/repos/gaocegege/linuxkit/branches{/branch}"],
    "tags_url": ["https://api.github.com/repos/gaocegege/linuxkit/tags"],
    "blobs_url": ["https://api.github.com/repos/gaocegege/linuxkit/git/blobs{/sha}"],
    "git_tags_url": ["https://api.github.com/repos/gaocegege/linuxkit/git/tags{/sha}"],
    "git_refs_url": ["https://api.github.com/repos/gaocegege/linuxkit/git/refs{/sha}"],
    "trees_url": ["https://api.github.com/repos/gaocegege/linuxkit/git/trees{/sha}"],
    "statuses_url": ["https://api.github.com/repos/gaocegege/linuxkit/statuses/{sha}"],
    "languages_url": ["https://api.github.com/repos/gaocegege/linuxkit/languages"],
    "stargazers_url": ["https://api.github.com/repos/gaocegege/linuxkit/stargazers"],
    "contributors_url": ["https://api.github.com/repos/gaocegege/linuxkit/contributors"],
    "subscribers_url": ["https://api.github.com/repos/gaocegege/linuxkit/subscribers"],
    "subscription_url": ["https://api.github.com/repos/gaocegege/linuxkit/subscription"],
    "commits_url": ["https://api.github.com/repos/gaocegege/linuxkit/commits{/sha}"],
    "git_commits_url": ["https://api.github.com/repos/gaocegege/linuxkit/git/commits{/sha}"],
    "comments_url": ["https://api.github.com/repos/gaocegege/linuxkit/comments{/number}"],
    "issue_comment_url": ["https://api.github.com/repos/gaocegege/linuxkit/issues/comments{/number}"],
    "contents_url": ["https://api.github.com/repos/gaocegege/linuxkit/contents/{+path}"],
    "compare_url": ["https://api.github.com/repos/gaocegege/linuxkit/compare/{base}...{head}"],
    "merges_url": ["https://api.github.com/repos/gaocegege/linuxkit/merges"],
    "archive_url": ["https://api.github.com/repos/gaocegege/linuxkit/{archive_format}{/ref}"],
    "downloads_url": ["https://api.github.com/repos/gaocegege/linuxkit/downloads"],
    "issues_url": ["https://api.github.com/repos/gaocegege/linuxkit/issues{/number}"],
    "pulls_url": ["https://api.github.com/repos/gaocegege/linuxkit/pulls{/number}"],
    "milestones_url": ["https://api.github.com/repos/gaocegege/linuxkit/milestones{/number}"],
    "notifications_url": ["https://api.github.com/repos/gaocegege/linuxkit/notifications{?since,all,participating}"],
    "labels_url": ["https://api.github.com/repos/gaocegege/linuxkit/labels{/name}"],
    "releases_url": ["https://api.github.com/repos/gaocegege/linuxkit/releases{/id}"],
    "deployments_url": ["https://api.github.com/repos/gaocegege/linuxkit/deployments"],
    "created_at": ["2017-04-21T02:14:31Z"],
    "updated_at": ["2017-04-21T02:14:33Z"],
    "pushed_at": ["2017-04-20T20:16:06Z"],
    "git_url": ["git://github.com/gaocegege/linuxkit.git"],
    "ssh_url": ["git@github.com:gaocegege/linuxkit.git"],
    "clone_url": ["https://github.com/gaocegege/linuxkit.git"],
    "svn_url": ["https://github.com/gaocegege/linuxkit"],
    "homepage": [""],
    "size": [16071],
    "stargazers_count": [0],
    "watchers_count": [0],
    "language": ["C"],
    "has_issues": [false],
    "has_projects": [true],
    "has_downloads": [true],
    "has_wiki": [true],
    "has_pages": [false],
    "forks_count": [0],
    "mirror_url": {},
    "archived": [false],
    "open_issues_count": [0],
    "license": {
      "key": ["apache-2.0"],
      "name": ["Apache License 2.0"],
      "spdx_id": ["Apache-2.0"],
      "url": ["https://api.github.com/licenses/apache-2.0"],
      "node_id": ["MDc6TGljZW5zZTI="]
    },
    "forks": [0],
    "open_issues": [0],
    "watchers": [0],
    "default_branch": ["master"],
    "permissions": {
      "admin": [false],
      "push": [false],
      "pull": [true]
    }
  }
]
