[
  {
    "id": [142385448],
    "node_id": ["MDEwOlJlcG9zaXRvcnkxNDIzODU0NDg="],
    "name": ["pytorch-operator"],
    "full_name": ["gaocegege/pytorch-operator"],
    "private": [false],
    "owner": {
      "login": ["gaocegege"],
      "id": [5100735],
      "node_id": ["MDQ6VXNlcjUxMDA3MzU="],
      "avatar_url": ["https://avatars3.githubusercontent.com/u/5100735?v=4"],
      "gravatar_id": [""],
      "url": ["https://api.github.com/users/gaocegege"],
      "html_url": ["https://github.com/gaocegege"],
      "followers_url": ["https://api.github.com/users/gaocegege/followers"],
      "following_url": ["https://api.github.com/users/gaocegege/following{/other_user}"],
      "gists_url": ["https://api.github.com/users/gaocegege/gists{/gist_id}"],
      "starred_url": ["https://api.github.com/users/gaocegege/starred{/owner}{/repo}"],
      "subscriptions_url": ["https://api.github.com/users/gaocegege/subscriptions"],
      "organizations_url": ["https://api.github.com/users/gaocegege/orgs"],
      "repos_url": ["https://api.github.com/users/gaocegege/repos"],
      "events_url": ["https://api.github.com/users/gaocegege/events{/privacy}"],
      "received_events_url": ["https://api.github.com/users/gaocegege/received_events"],
      "type": ["User"],
      "site_admin": [false]
    },
    "html_url": ["https://github.com/gaocegege/pytorch-operator"],
    "description": ["PyTorch on Kubernetes"],
    "fork": [true],
    "url": ["https://api.github.com/repos/gaocegege/pytorch-operator"],
    "forks_url": ["https://api.github.com/repos/gaocegege/pytorch-operator/forks"],
    "keys_url": ["https://api.github.com/repos/gaocegege/pytorch-operator/keys{/key_id}"],
    "collaborators_url": ["https://api.github.com/repos/gaocegege/pytorch-operator/collaborators{/collaborator}"],
    "teams_url": ["https://api.github.com/repos/gaocegege/pytorch-operator/teams"],
    "hooks_url": ["https://api.github.com/repos/gaocegege/pytorch-operator/hooks"],
    "issue_events_url": ["https://api.github.com/repos/gaocegege/pytorch-operator/issues/events{/number}"],
    "events_url": ["https://api.github.com/repos/gaocegege/pytorch-operator/events"],
    "assignees_url": ["https://api.github.com/repos/gaocegege/pytorch-operator/assignees{/user}"],
    "branches_url": ["https://api.github.com/repos/gaocegege/pytorch-operator/branches{/branch}"],
    "tags_url": ["https://api.github.com/repos/gaocegege/pytorch-operator/tags"],
    "blobs_url": ["https://api.github.com/repos/gaocegege/pytorch-operator/git/blobs{/sha}"],
    "git_tags_url": ["https://api.github.com/repos/gaocegege/pytorch-operator/git/tags{/sha}"],
    "git_refs_url": ["https://api.github.com/repos/gaocegege/pytorch-operator/git/refs{/sha}"],
    "trees_url": ["https://api.github.com/repos/gaocegege/pytorch-operator/git/trees{/sha}"],
    "statuses_url": ["https://api.github.com/repos/gaocegege/pytorch-operator/statuses/{sha}"],
    "languages_url": ["https://api.github.com/repos/gaocegege/pytorch-operator/languages"],
    "stargazers_url": ["https://api.github.com/repos/gaocegege/pytorch-operator/stargazers"],
    "contributors_url": ["https://api.github.com/repos/gaocegege/pytorch-operator/contributors"],
    "subscribers_url": ["https://api.github.com/repos/gaocegege/pytorch-operator/subscribers"],
    "subscription_url": ["https://api.github.com/repos/gaocegege/pytorch-operator/subscription"],
    "commits_url": ["https://api.github.com/repos/gaocegege/pytorch-operator/commits{/sha}"],
    "git_commits_url": ["https://api.github.com/repos/gaocegege/pytorch-operator/git/commits{/sha}"],
    "comments_url": ["https://api.github.com/repos/gaocegege/pytorch-operator/comments{/number}"],
    "issue_comment_url": ["https://api.github.com/repos/gaocegege/pytorch-operator/issues/comments{/number}"],
    "contents_url": ["https://api.github.com/repos/gaocegege/pytorch-operator/contents/{+path}"],
    "compare_url": ["https://api.github.com/repos/gaocegege/pytorch-operator/compare/{base}...{head}"],
    "merges_url": ["https://api.github.com/repos/gaocegege/pytorch-operator/merges"],
    "archive_url": ["https://api.github.com/repos/gaocegege/pytorch-operator/{archive_format}{/ref}"],
    "downloads_url": ["https://api.github.com/repos/gaocegege/pytorch-operator/downloads"],
    "issues_url": ["https://api.github.com/repos/gaocegege/pytorch-operator/issues{/number}"],
    "pulls_url": ["https://api.github.com/repos/gaocegege/pytorch-operator/pulls{/number}"],
    "milestones_url": ["https://api.github.com/repos/gaocegege/pytorch-operator/milestones{/number}"],
    "notifications_url": ["https://api.github.com/repos/gaocegege/pytorch-operator/notifications{?since,all,participating}"],
    "labels_url": ["https://api.github.com/repos/gaocegege/pytorch-operator/labels{/name}"],
    "releases_url": ["https://api.github.com/repos/gaocegege/pytorch-operator/releases{/id}"],
    "deployments_url": ["https://api.github.com/repos/gaocegege/pytorch-operator/deployments"],
    "created_at": ["2018-07-26T03:46:16Z"],
    "updated_at": ["2018-07-26T03:46:19Z"],
    "pushed_at": ["2018-11-20T05:32:48Z"],
    "git_url": ["git://github.com/gaocegege/pytorch-operator.git"],
    "ssh_url": ["git@github.com:gaocegege/pytorch-operator.git"],
    "clone_url": ["https://github.com/gaocegege/pytorch-operator.git"],
    "svn_url": ["https://github.com/gaocegege/pytorch-operator"],
    "homepage": [""],
    "size": [36518],
    "stargazers_count": [0],
    "watchers_count": [0],
    "language": ["Go"],
    "has_issues": [false],
    "has_projects": [true],
    "has_downloads": [true],
    "has_wiki": [true],
    "has_pages": [false],
    "forks_count": [0],
    "mirror_url": {},
    "archived": [false],
    "open_issues_count": [0],
    "license": {
      "key": ["apache-2.0"],
      "name": ["Apache License 2.0"],
      "spdx_id": ["Apache-2.0"],
      "url": ["https://api.github.com/licenses/apache-2.0"],
      "node_id": ["MDc6TGljZW5zZTI="]
    },
    "forks": [0],
    "open_issues": [0],
    "watchers": [0],
    "default_branch": ["master"],
    "permissions": {
      "admin": [false],
      "push": [false],
      "pull": [true]
    }
  }
]
