[
  {
    "id": [150551143],
    "node_id": ["MDEwOlJlcG9zaXRvcnkxNTA1NTExNDM="],
    "name": ["kernel_gateway"],
    "full_name": ["gaocegege/kernel_gateway"],
    "private": [false],
    "owner": {
      "login": ["gaocegege"],
      "id": [5100735],
      "node_id": ["MDQ6VXNlcjUxMDA3MzU="],
      "avatar_url": ["https://avatars3.githubusercontent.com/u/5100735?v=4"],
      "gravatar_id": [""],
      "url": ["https://api.github.com/users/gaocegege"],
      "html_url": ["https://github.com/gaocegege"],
      "followers_url": ["https://api.github.com/users/gaocegege/followers"],
      "following_url": ["https://api.github.com/users/gaocegege/following{/other_user}"],
      "gists_url": ["https://api.github.com/users/gaocegege/gists{/gist_id}"],
      "starred_url": ["https://api.github.com/users/gaocegege/starred{/owner}{/repo}"],
      "subscriptions_url": ["https://api.github.com/users/gaocegege/subscriptions"],
      "organizations_url": ["https://api.github.com/users/gaocegege/orgs"],
      "repos_url": ["https://api.github.com/users/gaocegege/repos"],
      "events_url": ["https://api.github.com/users/gaocegege/events{/privacy}"],
      "received_events_url": ["https://api.github.com/users/gaocegege/received_events"],
      "type": ["User"],
      "site_admin": [false]
    },
    "html_url": ["https://github.com/gaocegege/kernel_gateway"],
    "description": ["Jupyter Kernel Gateway"],
    "fork": [true],
    "url": ["https://api.github.com/repos/gaocegege/kernel_gateway"],
    "forks_url": ["https://api.github.com/repos/gaocegege/kernel_gateway/forks"],
    "keys_url": ["https://api.github.com/repos/gaocegege/kernel_gateway/keys{/key_id}"],
    "collaborators_url": ["https://api.github.com/repos/gaocegege/kernel_gateway/collaborators{/collaborator}"],
    "teams_url": ["https://api.github.com/repos/gaocegege/kernel_gateway/teams"],
    "hooks_url": ["https://api.github.com/repos/gaocegege/kernel_gateway/hooks"],
    "issue_events_url": ["https://api.github.com/repos/gaocegege/kernel_gateway/issues/events{/number}"],
    "events_url": ["https://api.github.com/repos/gaocegege/kernel_gateway/events"],
    "assignees_url": ["https://api.github.com/repos/gaocegege/kernel_gateway/assignees{/user}"],
    "branches_url": ["https://api.github.com/repos/gaocegege/kernel_gateway/branches{/branch}"],
    "tags_url": ["https://api.github.com/repos/gaocegege/kernel_gateway/tags"],
    "blobs_url": ["https://api.github.com/repos/gaocegege/kernel_gateway/git/blobs{/sha}"],
    "git_tags_url": ["https://api.github.com/repos/gaocegege/kernel_gateway/git/tags{/sha}"],
    "git_refs_url": ["https://api.github.com/repos/gaocegege/kernel_gateway/git/refs{/sha}"],
    "trees_url": ["https://api.github.com/repos/gaocegege/kernel_gateway/git/trees{/sha}"],
    "statuses_url": ["https://api.github.com/repos/gaocegege/kernel_gateway/statuses/{sha}"],
    "languages_url": ["https://api.github.com/repos/gaocegege/kernel_gateway/languages"],
    "stargazers_url": ["https://api.github.com/repos/gaocegege/kernel_gateway/stargazers"],
    "contributors_url": ["https://api.github.com/repos/gaocegege/kernel_gateway/contributors"],
    "subscribers_url": ["https://api.github.com/repos/gaocegege/kernel_gateway/subscribers"],
    "subscription_url": ["https://api.github.com/repos/gaocegege/kernel_gateway/subscription"],
    "commits_url": ["https://api.github.com/repos/gaocegege/kernel_gateway/commits{/sha}"],
    "git_commits_url": ["https://api.github.com/repos/gaocegege/kernel_gateway/git/commits{/sha}"],
    "comments_url": ["https://api.github.com/repos/gaocegege/kernel_gateway/comments{/number}"],
    "issue_comment_url": ["https://api.github.com/repos/gaocegege/kernel_gateway/issues/comments{/number}"],
    "contents_url": ["https://api.github.com/repos/gaocegege/kernel_gateway/contents/{+path}"],
    "compare_url": ["https://api.github.com/repos/gaocegege/kernel_gateway/compare/{base}...{head}"],
    "merges_url": ["https://api.github.com/repos/gaocegege/kernel_gateway/merges"],
    "archive_url": ["https://api.github.com/repos/gaocegege/kernel_gateway/{archive_format}{/ref}"],
    "downloads_url": ["https://api.github.com/repos/gaocegege/kernel_gateway/downloads"],
    "issues_url": ["https://api.github.com/repos/gaocegege/kernel_gateway/issues{/number}"],
    "pulls_url": ["https://api.github.com/repos/gaocegege/kernel_gateway/pulls{/number}"],
    "milestones_url": ["https://api.github.com/repos/gaocegege/kernel_gateway/milestones{/number}"],
    "notifications_url": ["https://api.github.com/repos/gaocegege/kernel_gateway/notifications{?since,all,participating}"],
    "labels_url": ["https://api.github.com/repos/gaocegege/kernel_gateway/labels{/name}"],
    "releases_url": ["https://api.github.com/repos/gaocegege/kernel_gateway/releases{/id}"],
    "deployments_url": ["https://api.github.com/repos/gaocegege/kernel_gateway/deployments"],
    "created_at": ["2018-09-27T08:03:21Z"],
    "updated_at": ["2018-09-27T08:03:24Z"],
    "pushed_at": ["2018-09-27T08:44:20Z"],
    "git_url": ["git://github.com/gaocegege/kernel_gateway.git"],
    "ssh_url": ["git@github.com:gaocegege/kernel_gateway.git"],
    "clone_url": ["https://github.com/gaocegege/kernel_gateway.git"],
    "svn_url": ["https://github.com/gaocegege/kernel_gateway"],
    "homepage": ["http://jupyter-kernel-gateway.readthedocs.org/en/latest/"],
    "size": [714],
    "stargazers_count": [0],
    "watchers_count": [0],
    "language": ["Python"],
    "has_issues": [false],
    "has_projects": [true],
    "has_downloads": [true],
    "has_wiki": [true],
    "has_pages": [false],
    "forks_count": [0],
    "mirror_url": {},
    "archived": [false],
    "open_issues_count": [0],
    "license": {
      "key": ["other"],
      "name": ["Other"],
      "spdx_id": ["NOASSERTION"],
      "url": {},
      "node_id": ["MDc6TGljZW5zZTA="]
    },
    "forks": [0],
    "open_issues": [0],
    "watchers": [0],
    "default_branch": ["master"],
    "permissions": {
      "admin": [false],
      "push": [false],
      "pull": [true]
    }
  }
]
