[
  {
    "id": [52346378],
    "node_id": ["MDEwOlJlcG9zaXRvcnk1MjM0NjM3OA=="],
    "name": ["drone"],
    "full_name": ["gaocegege/drone"],
    "private": [false],
    "owner": {
      "login": ["gaocegege"],
      "id": [5100735],
      "node_id": ["MDQ6VXNlcjUxMDA3MzU="],
      "avatar_url": ["https://avatars3.githubusercontent.com/u/5100735?v=4"],
      "gravatar_id": [""],
      "url": ["https://api.github.com/users/gaocegege"],
      "html_url": ["https://github.com/gaocegege"],
      "followers_url": ["https://api.github.com/users/gaocegege/followers"],
      "following_url": ["https://api.github.com/users/gaocegege/following{/other_user}"],
      "gists_url": ["https://api.github.com/users/gaocegege/gists{/gist_id}"],
      "starred_url": ["https://api.github.com/users/gaocegege/starred{/owner}{/repo}"],
      "subscriptions_url": ["https://api.github.com/users/gaocegege/subscriptions"],
      "organizations_url": ["https://api.github.com/users/gaocegege/orgs"],
      "repos_url": ["https://api.github.com/users/gaocegege/repos"],
      "events_url": ["https://api.github.com/users/gaocegege/events{/privacy}"],
      "received_events_url": ["https://api.github.com/users/gaocegege/received_events"],
      "type": ["User"],
      "site_admin": [false]
    },
    "html_url": ["https://github.com/gaocegege/drone"],
    "description": ["Drone is a Continuous Delivery platform built on Docker, written in Go"],
    "fork": [true],
    "url": ["https://api.github.com/repos/gaocegege/drone"],
    "forks_url": ["https://api.github.com/repos/gaocegege/drone/forks"],
    "keys_url": ["https://api.github.com/repos/gaocegege/drone/keys{/key_id}"],
    "collaborators_url": ["https://api.github.com/repos/gaocegege/drone/collaborators{/collaborator}"],
    "teams_url": ["https://api.github.com/repos/gaocegege/drone/teams"],
    "hooks_url": ["https://api.github.com/repos/gaocegege/drone/hooks"],
    "issue_events_url": ["https://api.github.com/repos/gaocegege/drone/issues/events{/number}"],
    "events_url": ["https://api.github.com/repos/gaocegege/drone/events"],
    "assignees_url": ["https://api.github.com/repos/gaocegege/drone/assignees{/user}"],
    "branches_url": ["https://api.github.com/repos/gaocegege/drone/branches{/branch}"],
    "tags_url": ["https://api.github.com/repos/gaocegege/drone/tags"],
    "blobs_url": ["https://api.github.com/repos/gaocegege/drone/git/blobs{/sha}"],
    "git_tags_url": ["https://api.github.com/repos/gaocegege/drone/git/tags{/sha}"],
    "git_refs_url": ["https://api.github.com/repos/gaocegege/drone/git/refs{/sha}"],
    "trees_url": ["https://api.github.com/repos/gaocegege/drone/git/trees{/sha}"],
    "statuses_url": ["https://api.github.com/repos/gaocegege/drone/statuses/{sha}"],
    "languages_url": ["https://api.github.com/repos/gaocegege/drone/languages"],
    "stargazers_url": ["https://api.github.com/repos/gaocegege/drone/stargazers"],
    "contributors_url": ["https://api.github.com/repos/gaocegege/drone/contributors"],
    "subscribers_url": ["https://api.github.com/repos/gaocegege/drone/subscribers"],
    "subscription_url": ["https://api.github.com/repos/gaocegege/drone/subscription"],
    "commits_url": ["https://api.github.com/repos/gaocegege/drone/commits{/sha}"],
    "git_commits_url": ["https://api.github.com/repos/gaocegege/drone/git/commits{/sha}"],
    "comments_url": ["https://api.github.com/repos/gaocegege/drone/comments{/number}"],
    "issue_comment_url": ["https://api.github.com/repos/gaocegege/drone/issues/comments{/number}"],
    "contents_url": ["https://api.github.com/repos/gaocegege/drone/contents/{+path}"],
    "compare_url": ["https://api.github.com/repos/gaocegege/drone/compare/{base}...{head}"],
    "merges_url": ["https://api.github.com/repos/gaocegege/drone/merges"],
    "archive_url": ["https://api.github.com/repos/gaocegege/drone/{archive_format}{/ref}"],
    "downloads_url": ["https://api.github.com/repos/gaocegege/drone/downloads"],
    "issues_url": ["https://api.github.com/repos/gaocegege/drone/issues{/number}"],
    "pulls_url": ["https://api.github.com/repos/gaocegege/drone/pulls{/number}"],
    "milestones_url": ["https://api.github.com/repos/gaocegege/drone/milestones{/number}"],
    "notifications_url": ["https://api.github.com/repos/gaocegege/drone/notifications{?since,all,participating}"],
    "labels_url": ["https://api.github.com/repos/gaocegege/drone/labels{/name}"],
    "releases_url": ["https://api.github.com/repos/gaocegege/drone/releases{/id}"],
    "deployments_url": ["https://api.github.com/repos/gaocegege/drone/deployments"],
    "created_at": ["2016-02-23T09:17:04Z"],
    "updated_at": ["2016-02-23T09:17:05Z"],
    "pushed_at": ["2016-07-26T09:07:04Z"],
    "git_url": ["git://github.com/gaocegege/drone.git"],
    "ssh_url": ["git@github.com:gaocegege/drone.git"],
    "clone_url": ["https://github.com/gaocegege/drone.git"],
    "svn_url": ["https://github.com/gaocegege/drone"],
    "homepage": [""],
    "size": [20770],
    "stargazers_count": [0],
    "watchers_count": [0],
    "language": ["Go"],
    "has_issues": [false],
    "has_projects": [true],
    "has_downloads": [true],
    "has_wiki": [true],
    "has_pages": [false],
    "forks_count": [0],
    "mirror_url": {},
    "archived": [false],
    "open_issues_count": [0],
    "license": {
      "key": ["apache-2.0"],
      "name": ["Apache License 2.0"],
      "spdx_id": ["Apache-2.0"],
      "url": ["https://api.github.com/licenses/apache-2.0"],
      "node_id": ["MDc6TGljZW5zZTI="]
    },
    "forks": [0],
    "open_issues": [0],
    "watchers": [0],
    "default_branch": ["master"],
    "permissions": {
      "admin": [false],
      "push": [false],
      "pull": [true]
    }
  }
]
