[
  {
    "id": [21923890],
    "node_id": ["MDEwOlJlcG9zaXRvcnkyMTkyMzg5MA=="],
    "name": ["DianPing-Hackathon-in-School"],
    "full_name": ["gaocegege/DianPing-Hackathon-in-School"],
    "private": [false],
    "owner": {
      "login": ["gaocegege"],
      "id": [5100735],
      "node_id": ["MDQ6VXNlcjUxMDA3MzU="],
      "avatar_url": ["https://avatars3.githubusercontent.com/u/5100735?v=4"],
      "gravatar_id": [""],
      "url": ["https://api.github.com/users/gaocegege"],
      "html_url": ["https://github.com/gaocegege"],
      "followers_url": ["https://api.github.com/users/gaocegege/followers"],
      "following_url": ["https://api.github.com/users/gaocegege/following{/other_user}"],
      "gists_url": ["https://api.github.com/users/gaocegege/gists{/gist_id}"],
      "starred_url": ["https://api.github.com/users/gaocegege/starred{/owner}{/repo}"],
      "subscriptions_url": ["https://api.github.com/users/gaocegege/subscriptions"],
      "organizations_url": ["https://api.github.com/users/gaocegege/orgs"],
      "repos_url": ["https://api.github.com/users/gaocegege/repos"],
      "events_url": ["https://api.github.com/users/gaocegege/events{/privacy}"],
      "received_events_url": ["https://api.github.com/users/gaocegege/received_events"],
      "type": ["User"],
      "site_admin": [false]
    },
    "html_url": ["https://github.com/gaocegege/DianPing-Hackathon-in-School"],
    "description": ["The Hackathon Proj"],
    "fork": [false],
    "url": ["https://api.github.com/repos/gaocegege/DianPing-Hackathon-in-School"],
    "forks_url": ["https://api.github.com/repos/gaocegege/DianPing-Hackathon-in-School/forks"],
    "keys_url": ["https://api.github.com/repos/gaocegege/DianPing-Hackathon-in-School/keys{/key_id}"],
    "collaborators_url": ["https://api.github.com/repos/gaocegege/DianPing-Hackathon-in-School/collaborators{/collaborator}"],
    "teams_url": ["https://api.github.com/repos/gaocegege/DianPing-Hackathon-in-School/teams"],
    "hooks_url": ["https://api.github.com/repos/gaocegege/DianPing-Hackathon-in-School/hooks"],
    "issue_events_url": ["https://api.github.com/repos/gaocegege/DianPing-Hackathon-in-School/issues/events{/number}"],
    "events_url": ["https://api.github.com/repos/gaocegege/DianPing-Hackathon-in-School/events"],
    "assignees_url": ["https://api.github.com/repos/gaocegege/DianPing-Hackathon-in-School/assignees{/user}"],
    "branches_url": ["https://api.github.com/repos/gaocegege/DianPing-Hackathon-in-School/branches{/branch}"],
    "tags_url": ["https://api.github.com/repos/gaocegege/DianPing-Hackathon-in-School/tags"],
    "blobs_url": ["https://api.github.com/repos/gaocegege/DianPing-Hackathon-in-School/git/blobs{/sha}"],
    "git_tags_url": ["https://api.github.com/repos/gaocegege/DianPing-Hackathon-in-School/git/tags{/sha}"],
    "git_refs_url": ["https://api.github.com/repos/gaocegege/DianPing-Hackathon-in-School/git/refs{/sha}"],
    "trees_url": ["https://api.github.com/repos/gaocegege/DianPing-Hackathon-in-School/git/trees{/sha}"],
    "statuses_url": ["https://api.github.com/repos/gaocegege/DianPing-Hackathon-in-School/statuses/{sha}"],
    "languages_url": ["https://api.github.com/repos/gaocegege/DianPing-Hackathon-in-School/languages"],
    "stargazers_url": ["https://api.github.com/repos/gaocegege/DianPing-Hackathon-in-School/stargazers"],
    "contributors_url": ["https://api.github.com/repos/gaocegege/DianPing-Hackathon-in-School/contributors"],
    "subscribers_url": ["https://api.github.com/repos/gaocegege/DianPing-Hackathon-in-School/subscribers"],
    "subscription_url": ["https://api.github.com/repos/gaocegege/DianPing-Hackathon-in-School/subscription"],
    "commits_url": ["https://api.github.com/repos/gaocegege/DianPing-Hackathon-in-School/commits{/sha}"],
    "git_commits_url": ["https://api.github.com/repos/gaocegege/DianPing-Hackathon-in-School/git/commits{/sha}"],
    "comments_url": ["https://api.github.com/repos/gaocegege/DianPing-Hackathon-in-School/comments{/number}"],
    "issue_comment_url": ["https://api.github.com/repos/gaocegege/DianPing-Hackathon-in-School/issues/comments{/number}"],
    "contents_url": ["https://api.github.com/repos/gaocegege/DianPing-Hackathon-in-School/contents/{+path}"],
    "compare_url": ["https://api.github.com/repos/gaocegege/DianPing-Hackathon-in-School/compare/{base}...{head}"],
    "merges_url": ["https://api.github.com/repos/gaocegege/DianPing-Hackathon-in-School/merges"],
    "archive_url": ["https://api.github.com/repos/gaocegege/DianPing-Hackathon-in-School/{archive_format}{/ref}"],
    "downloads_url": ["https://api.github.com/repos/gaocegege/DianPing-Hackathon-in-School/downloads"],
    "issues_url": ["https://api.github.com/repos/gaocegege/DianPing-Hackathon-in-School/issues{/number}"],
    "pulls_url": ["https://api.github.com/repos/gaocegege/DianPing-Hackathon-in-School/pulls{/number}"],
    "milestones_url": ["https://api.github.com/repos/gaocegege/DianPing-Hackathon-in-School/milestones{/number}"],
    "notifications_url": ["https://api.github.com/repos/gaocegege/DianPing-Hackathon-in-School/notifications{?since,all,participating}"],
    "labels_url": ["https://api.github.com/repos/gaocegege/DianPing-Hackathon-in-School/labels{/name}"],
    "releases_url": ["https://api.github.com/repos/gaocegege/DianPing-Hackathon-in-School/releases{/id}"],
    "deployments_url": ["https://api.github.com/repos/gaocegege/DianPing-Hackathon-in-School/deployments"],
    "created_at": ["2014-07-17T01:11:05Z"],
    "updated_at": ["2014-09-26T04:59:15Z"],
    "pushed_at": ["2014-09-26T04:59:15Z"],
    "git_url": ["git://github.com/gaocegege/DianPing-Hackathon-in-School.git"],
    "ssh_url": ["git@github.com:gaocegege/DianPing-Hackathon-in-School.git"],
    "clone_url": ["https://github.com/gaocegege/DianPing-Hackathon-in-School.git"],
    "svn_url": ["https://github.com/gaocegege/DianPing-Hackathon-in-School"],
    "homepage": {},
    "size": [944],
    "stargazers_count": [0],
    "watchers_count": [0],
    "language": ["Python"],
    "has_issues": [true],
    "has_projects": [true],
    "has_downloads": [true],
    "has_wiki": [true],
    "has_pages": [false],
    "forks_count": [0],
    "mirror_url": {},
    "archived": [false],
    "open_issues_count": [0],
    "license": {},
    "forks": [0],
    "open_issues": [0],
    "watchers": [0],
    "default_branch": ["master"],
    "permissions": {
      "admin": [false],
      "push": [false],
      "pull": [true]
    }
  }
]
