[
  {
    "id": [82658391],
    "node_id": ["MDEwOlJlcG9zaXRvcnk4MjY1ODM5MQ=="],
    "name": ["scheduler-simulator"],
    "full_name": ["gaocegege/scheduler-simulator"],
    "private": [false],
    "owner": {
      "login": ["gaocegege"],
      "id": [5100735],
      "node_id": ["MDQ6VXNlcjUxMDA3MzU="],
      "avatar_url": ["https://avatars3.githubusercontent.com/u/5100735?v=4"],
      "gravatar_id": [""],
      "url": ["https://api.github.com/users/gaocegege"],
      "html_url": ["https://github.com/gaocegege"],
      "followers_url": ["https://api.github.com/users/gaocegege/followers"],
      "following_url": ["https://api.github.com/users/gaocegege/following{/other_user}"],
      "gists_url": ["https://api.github.com/users/gaocegege/gists{/gist_id}"],
      "starred_url": ["https://api.github.com/users/gaocegege/starred{/owner}{/repo}"],
      "subscriptions_url": ["https://api.github.com/users/gaocegege/subscriptions"],
      "organizations_url": ["https://api.github.com/users/gaocegege/orgs"],
      "repos_url": ["https://api.github.com/users/gaocegege/repos"],
      "events_url": ["https://api.github.com/users/gaocegege/events{/privacy}"],
      "received_events_url": ["https://api.github.com/users/gaocegege/received_events"],
      "type": ["User"],
      "site_admin": [false]
    },
    "html_url": ["https://github.com/gaocegege/scheduler-simulator"],
    "description": ["For researchers: Simulate scheduler behaviors in data centers"],
    "fork": [false],
    "url": ["https://api.github.com/repos/gaocegege/scheduler-simulator"],
    "forks_url": ["https://api.github.com/repos/gaocegege/scheduler-simulator/forks"],
    "keys_url": ["https://api.github.com/repos/gaocegege/scheduler-simulator/keys{/key_id}"],
    "collaborators_url": ["https://api.github.com/repos/gaocegege/scheduler-simulator/collaborators{/collaborator}"],
    "teams_url": ["https://api.github.com/repos/gaocegege/scheduler-simulator/teams"],
    "hooks_url": ["https://api.github.com/repos/gaocegege/scheduler-simulator/hooks"],
    "issue_events_url": ["https://api.github.com/repos/gaocegege/scheduler-simulator/issues/events{/number}"],
    "events_url": ["https://api.github.com/repos/gaocegege/scheduler-simulator/events"],
    "assignees_url": ["https://api.github.com/repos/gaocegege/scheduler-simulator/assignees{/user}"],
    "branches_url": ["https://api.github.com/repos/gaocegege/scheduler-simulator/branches{/branch}"],
    "tags_url": ["https://api.github.com/repos/gaocegege/scheduler-simulator/tags"],
    "blobs_url": ["https://api.github.com/repos/gaocegege/scheduler-simulator/git/blobs{/sha}"],
    "git_tags_url": ["https://api.github.com/repos/gaocegege/scheduler-simulator/git/tags{/sha}"],
    "git_refs_url": ["https://api.github.com/repos/gaocegege/scheduler-simulator/git/refs{/sha}"],
    "trees_url": ["https://api.github.com/repos/gaocegege/scheduler-simulator/git/trees{/sha}"],
    "statuses_url": ["https://api.github.com/repos/gaocegege/scheduler-simulator/statuses/{sha}"],
    "languages_url": ["https://api.github.com/repos/gaocegege/scheduler-simulator/languages"],
    "stargazers_url": ["https://api.github.com/repos/gaocegege/scheduler-simulator/stargazers"],
    "contributors_url": ["https://api.github.com/repos/gaocegege/scheduler-simulator/contributors"],
    "subscribers_url": ["https://api.github.com/repos/gaocegege/scheduler-simulator/subscribers"],
    "subscription_url": ["https://api.github.com/repos/gaocegege/scheduler-simulator/subscription"],
    "commits_url": ["https://api.github.com/repos/gaocegege/scheduler-simulator/commits{/sha}"],
    "git_commits_url": ["https://api.github.com/repos/gaocegege/scheduler-simulator/git/commits{/sha}"],
    "comments_url": ["https://api.github.com/repos/gaocegege/scheduler-simulator/comments{/number}"],
    "issue_comment_url": ["https://api.github.com/repos/gaocegege/scheduler-simulator/issues/comments{/number}"],
    "contents_url": ["https://api.github.com/repos/gaocegege/scheduler-simulator/contents/{+path}"],
    "compare_url": ["https://api.github.com/repos/gaocegege/scheduler-simulator/compare/{base}...{head}"],
    "merges_url": ["https://api.github.com/repos/gaocegege/scheduler-simulator/merges"],
    "archive_url": ["https://api.github.com/repos/gaocegege/scheduler-simulator/{archive_format}{/ref}"],
    "downloads_url": ["https://api.github.com/repos/gaocegege/scheduler-simulator/downloads"],
    "issues_url": ["https://api.github.com/repos/gaocegege/scheduler-simulator/issues{/number}"],
    "pulls_url": ["https://api.github.com/repos/gaocegege/scheduler-simulator/pulls{/number}"],
    "milestones_url": ["https://api.github.com/repos/gaocegege/scheduler-simulator/milestones{/number}"],
    "notifications_url": ["https://api.github.com/repos/gaocegege/scheduler-simulator/notifications{?since,all,participating}"],
    "labels_url": ["https://api.github.com/repos/gaocegege/scheduler-simulator/labels{/name}"],
    "releases_url": ["https://api.github.com/repos/gaocegege/scheduler-simulator/releases{/id}"],
    "deployments_url": ["https://api.github.com/repos/gaocegege/scheduler-simulator/deployments"],
    "created_at": ["2017-02-21T09:02:24Z"],
    "updated_at": ["2017-02-22T05:03:35Z"],
    "pushed_at": ["2017-02-22T05:08:21Z"],
    "git_url": ["git://github.com/gaocegege/scheduler-simulator.git"],
    "ssh_url": ["git@github.com:gaocegege/scheduler-simulator.git"],
    "clone_url": ["https://github.com/gaocegege/scheduler-simulator.git"],
    "svn_url": ["https://github.com/gaocegege/scheduler-simulator"],
    "homepage": {},
    "size": [32],
    "stargazers_count": [0],
    "watchers_count": [0],
    "language": ["Python"],
    "has_issues": [true],
    "has_projects": [true],
    "has_downloads": [true],
    "has_wiki": [true],
    "has_pages": [false],
    "forks_count": [1],
    "mirror_url": {},
    "archived": [false],
    "open_issues_count": [0],
    "license": {
      "key": ["apache-2.0"],
      "name": ["Apache License 2.0"],
      "spdx_id": ["Apache-2.0"],
      "url": ["https://api.github.com/licenses/apache-2.0"],
      "node_id": ["MDc6TGljZW5zZTI="]
    },
    "forks": [1],
    "open_issues": [0],
    "watchers": [0],
    "default_branch": ["master"],
    "permissions": {
      "admin": [false],
      "push": [false],
      "pull": [true]
    }
  }
]
