[
  {
    "id": [126024093],
    "node_id": ["MDEwOlJlcG9zaXRvcnkxMjYwMjQwOTM="],
    "name": ["kubernetes"],
    "full_name": ["gaocegege/kubernetes"],
    "private": [false],
    "owner": {
      "login": ["gaocegege"],
      "id": [5100735],
      "node_id": ["MDQ6VXNlcjUxMDA3MzU="],
      "avatar_url": ["https://avatars3.githubusercontent.com/u/5100735?v=4"],
      "gravatar_id": [""],
      "url": ["https://api.github.com/users/gaocegege"],
      "html_url": ["https://github.com/gaocegege"],
      "followers_url": ["https://api.github.com/users/gaocegege/followers"],
      "following_url": ["https://api.github.com/users/gaocegege/following{/other_user}"],
      "gists_url": ["https://api.github.com/users/gaocegege/gists{/gist_id}"],
      "starred_url": ["https://api.github.com/users/gaocegege/starred{/owner}{/repo}"],
      "subscriptions_url": ["https://api.github.com/users/gaocegege/subscriptions"],
      "organizations_url": ["https://api.github.com/users/gaocegege/orgs"],
      "repos_url": ["https://api.github.com/users/gaocegege/repos"],
      "events_url": ["https://api.github.com/users/gaocegege/events{/privacy}"],
      "received_events_url": ["https://api.github.com/users/gaocegege/received_events"],
      "type": ["User"],
      "site_admin": [false]
    },
    "html_url": ["https://github.com/gaocegege/kubernetes"],
    "description": ["Production-Grade Container Scheduling and Management"],
    "fork": [true],
    "url": ["https://api.github.com/repos/gaocegege/kubernetes"],
    "forks_url": ["https://api.github.com/repos/gaocegege/kubernetes/forks"],
    "keys_url": ["https://api.github.com/repos/gaocegege/kubernetes/keys{/key_id}"],
    "collaborators_url": ["https://api.github.com/repos/gaocegege/kubernetes/collaborators{/collaborator}"],
    "teams_url": ["https://api.github.com/repos/gaocegege/kubernetes/teams"],
    "hooks_url": ["https://api.github.com/repos/gaocegege/kubernetes/hooks"],
    "issue_events_url": ["https://api.github.com/repos/gaocegege/kubernetes/issues/events{/number}"],
    "events_url": ["https://api.github.com/repos/gaocegege/kubernetes/events"],
    "assignees_url": ["https://api.github.com/repos/gaocegege/kubernetes/assignees{/user}"],
    "branches_url": ["https://api.github.com/repos/gaocegege/kubernetes/branches{/branch}"],
    "tags_url": ["https://api.github.com/repos/gaocegege/kubernetes/tags"],
    "blobs_url": ["https://api.github.com/repos/gaocegege/kubernetes/git/blobs{/sha}"],
    "git_tags_url": ["https://api.github.com/repos/gaocegege/kubernetes/git/tags{/sha}"],
    "git_refs_url": ["https://api.github.com/repos/gaocegege/kubernetes/git/refs{/sha}"],
    "trees_url": ["https://api.github.com/repos/gaocegege/kubernetes/git/trees{/sha}"],
    "statuses_url": ["https://api.github.com/repos/gaocegege/kubernetes/statuses/{sha}"],
    "languages_url": ["https://api.github.com/repos/gaocegege/kubernetes/languages"],
    "stargazers_url": ["https://api.github.com/repos/gaocegege/kubernetes/stargazers"],
    "contributors_url": ["https://api.github.com/repos/gaocegege/kubernetes/contributors"],
    "subscribers_url": ["https://api.github.com/repos/gaocegege/kubernetes/subscribers"],
    "subscription_url": ["https://api.github.com/repos/gaocegege/kubernetes/subscription"],
    "commits_url": ["https://api.github.com/repos/gaocegege/kubernetes/commits{/sha}"],
    "git_commits_url": ["https://api.github.com/repos/gaocegege/kubernetes/git/commits{/sha}"],
    "comments_url": ["https://api.github.com/repos/gaocegege/kubernetes/comments{/number}"],
    "issue_comment_url": ["https://api.github.com/repos/gaocegege/kubernetes/issues/comments{/number}"],
    "contents_url": ["https://api.github.com/repos/gaocegege/kubernetes/contents/{+path}"],
    "compare_url": ["https://api.github.com/repos/gaocegege/kubernetes/compare/{base}...{head}"],
    "merges_url": ["https://api.github.com/repos/gaocegege/kubernetes/merges"],
    "archive_url": ["https://api.github.com/repos/gaocegege/kubernetes/{archive_format}{/ref}"],
    "downloads_url": ["https://api.github.com/repos/gaocegege/kubernetes/downloads"],
    "issues_url": ["https://api.github.com/repos/gaocegege/kubernetes/issues{/number}"],
    "pulls_url": ["https://api.github.com/repos/gaocegege/kubernetes/pulls{/number}"],
    "milestones_url": ["https://api.github.com/repos/gaocegege/kubernetes/milestones{/number}"],
    "notifications_url": ["https://api.github.com/repos/gaocegege/kubernetes/notifications{?since,all,participating}"],
    "labels_url": ["https://api.github.com/repos/gaocegege/kubernetes/labels{/name}"],
    "releases_url": ["https://api.github.com/repos/gaocegege/kubernetes/releases{/id}"],
    "deployments_url": ["https://api.github.com/repos/gaocegege/kubernetes/deployments"],
    "created_at": ["2018-03-20T13:45:22Z"],
    "updated_at": ["2018-03-20T13:45:59Z"],
    "pushed_at": ["2018-05-09T07:20:15Z"],
    "git_url": ["git://github.com/gaocegege/kubernetes.git"],
    "ssh_url": ["git@github.com:gaocegege/kubernetes.git"],
    "clone_url": ["https://github.com/gaocegege/kubernetes.git"],
    "svn_url": ["https://github.com/gaocegege/kubernetes"],
    "homepage": ["http://kubernetes.io"],
    "size": [556370],
    "stargazers_count": [0],
    "watchers_count": [0],
    "language": ["Go"],
    "has_issues": [false],
    "has_projects": [true],
    "has_downloads": [true],
    "has_wiki": [false],
    "has_pages": [false],
    "forks_count": [0],
    "mirror_url": {},
    "archived": [false],
    "open_issues_count": [0],
    "license": {
      "key": ["apache-2.0"],
      "name": ["Apache License 2.0"],
      "spdx_id": ["Apache-2.0"],
      "url": ["https://api.github.com/licenses/apache-2.0"],
      "node_id": ["MDc6TGljZW5zZTI="]
    },
    "forks": [0],
    "open_issues": [0],
    "watchers": [0],
    "default_branch": ["master"],
    "permissions": {
      "admin": [false],
      "push": [false],
      "pull": [true]
    }
  }
]
