[
  {
    "id": [35674606],
    "node_id": ["MDEwOlJlcG9zaXRvcnkzNTY3NDYwNg=="],
    "name": ["draw"],
    "full_name": ["gaocegege/draw"],
    "private": [false],
    "owner": {
      "login": ["gaocegege"],
      "id": [5100735],
      "node_id": ["MDQ6VXNlcjUxMDA3MzU="],
      "avatar_url": ["https://avatars3.githubusercontent.com/u/5100735?v=4"],
      "gravatar_id": [""],
      "url": ["https://api.github.com/users/gaocegege"],
      "html_url": ["https://github.com/gaocegege"],
      "followers_url": ["https://api.github.com/users/gaocegege/followers"],
      "following_url": ["https://api.github.com/users/gaocegege/following{/other_user}"],
      "gists_url": ["https://api.github.com/users/gaocegege/gists{/gist_id}"],
      "starred_url": ["https://api.github.com/users/gaocegege/starred{/owner}{/repo}"],
      "subscriptions_url": ["https://api.github.com/users/gaocegege/subscriptions"],
      "organizations_url": ["https://api.github.com/users/gaocegege/orgs"],
      "repos_url": ["https://api.github.com/users/gaocegege/repos"],
      "events_url": ["https://api.github.com/users/gaocegege/events{/privacy}"],
      "received_events_url": ["https://api.github.com/users/gaocegege/received_events"],
      "type": ["User"],
      "site_admin": [false]
    },
    "html_url": ["https://github.com/gaocegege/draw"],
    "description": ["A real time collaborative drawing tool using nodejs, socket.io & paper.js"],
    "fork": [true],
    "url": ["https://api.github.com/repos/gaocegege/draw"],
    "forks_url": ["https://api.github.com/repos/gaocegege/draw/forks"],
    "keys_url": ["https://api.github.com/repos/gaocegege/draw/keys{/key_id}"],
    "collaborators_url": ["https://api.github.com/repos/gaocegege/draw/collaborators{/collaborator}"],
    "teams_url": ["https://api.github.com/repos/gaocegege/draw/teams"],
    "hooks_url": ["https://api.github.com/repos/gaocegege/draw/hooks"],
    "issue_events_url": ["https://api.github.com/repos/gaocegege/draw/issues/events{/number}"],
    "events_url": ["https://api.github.com/repos/gaocegege/draw/events"],
    "assignees_url": ["https://api.github.com/repos/gaocegege/draw/assignees{/user}"],
    "branches_url": ["https://api.github.com/repos/gaocegege/draw/branches{/branch}"],
    "tags_url": ["https://api.github.com/repos/gaocegege/draw/tags"],
    "blobs_url": ["https://api.github.com/repos/gaocegege/draw/git/blobs{/sha}"],
    "git_tags_url": ["https://api.github.com/repos/gaocegege/draw/git/tags{/sha}"],
    "git_refs_url": ["https://api.github.com/repos/gaocegege/draw/git/refs{/sha}"],
    "trees_url": ["https://api.github.com/repos/gaocegege/draw/git/trees{/sha}"],
    "statuses_url": ["https://api.github.com/repos/gaocegege/draw/statuses/{sha}"],
    "languages_url": ["https://api.github.com/repos/gaocegege/draw/languages"],
    "stargazers_url": ["https://api.github.com/repos/gaocegege/draw/stargazers"],
    "contributors_url": ["https://api.github.com/repos/gaocegege/draw/contributors"],
    "subscribers_url": ["https://api.github.com/repos/gaocegege/draw/subscribers"],
    "subscription_url": ["https://api.github.com/repos/gaocegege/draw/subscription"],
    "commits_url": ["https://api.github.com/repos/gaocegege/draw/commits{/sha}"],
    "git_commits_url": ["https://api.github.com/repos/gaocegege/draw/git/commits{/sha}"],
    "comments_url": ["https://api.github.com/repos/gaocegege/draw/comments{/number}"],
    "issue_comment_url": ["https://api.github.com/repos/gaocegege/draw/issues/comments{/number}"],
    "contents_url": ["https://api.github.com/repos/gaocegege/draw/contents/{+path}"],
    "compare_url": ["https://api.github.com/repos/gaocegege/draw/compare/{base}...{head}"],
    "merges_url": ["https://api.github.com/repos/gaocegege/draw/merges"],
    "archive_url": ["https://api.github.com/repos/gaocegege/draw/{archive_format}{/ref}"],
    "downloads_url": ["https://api.github.com/repos/gaocegege/draw/downloads"],
    "issues_url": ["https://api.github.com/repos/gaocegege/draw/issues{/number}"],
    "pulls_url": ["https://api.github.com/repos/gaocegege/draw/pulls{/number}"],
    "milestones_url": ["https://api.github.com/repos/gaocegege/draw/milestones{/number}"],
    "notifications_url": ["https://api.github.com/repos/gaocegege/draw/notifications{?since,all,participating}"],
    "labels_url": ["https://api.github.com/repos/gaocegege/draw/labels{/name}"],
    "releases_url": ["https://api.github.com/repos/gaocegege/draw/releases{/id}"],
    "deployments_url": ["https://api.github.com/repos/gaocegege/draw/deployments"],
    "created_at": ["2015-05-15T13:10:39Z"],
    "updated_at": ["2015-05-15T13:10:39Z"],
    "pushed_at": ["2015-04-29T20:45:36Z"],
    "git_url": ["git://github.com/gaocegege/draw.git"],
    "ssh_url": ["git@github.com:gaocegege/draw.git"],
    "clone_url": ["https://github.com/gaocegege/draw.git"],
    "svn_url": ["https://github.com/gaocegege/draw"],
    "homepage": {},
    "size": [6899],
    "stargazers_count": [0],
    "watchers_count": [0],
    "language": ["JavaScript"],
    "has_issues": [false],
    "has_projects": [true],
    "has_downloads": [true],
    "has_wiki": [true],
    "has_pages": [false],
    "forks_count": [0],
    "mirror_url": {},
    "archived": [false],
    "open_issues_count": [0],
    "license": {
      "key": ["apache-2.0"],
      "name": ["Apache License 2.0"],
      "spdx_id": ["Apache-2.0"],
      "url": ["https://api.github.com/licenses/apache-2.0"],
      "node_id": ["MDc6TGljZW5zZTI="]
    },
    "forks": [0],
    "open_issues": [0],
    "watchers": [0],
    "default_branch": ["master"],
    "permissions": {
      "admin": [false],
      "push": [false],
      "pull": [true]
    }
  }
]
