[
  {
    "id": [18825195],
    "node_id": ["MDEwOlJlcG9zaXRvcnkxODgyNTE5NQ=="],
    "name": ["Blog"],
    "full_name": ["gaocegege/Blog"],
    "private": [false],
    "owner": {
      "login": ["gaocegege"],
      "id": [5100735],
      "node_id": ["MDQ6VXNlcjUxMDA3MzU="],
      "avatar_url": ["https://avatars3.githubusercontent.com/u/5100735?v=4"],
      "gravatar_id": [""],
      "url": ["https://api.github.com/users/gaocegege"],
      "html_url": ["https://github.com/gaocegege"],
      "followers_url": ["https://api.github.com/users/gaocegege/followers"],
      "following_url": ["https://api.github.com/users/gaocegege/following{/other_user}"],
      "gists_url": ["https://api.github.com/users/gaocegege/gists{/gist_id}"],
      "starred_url": ["https://api.github.com/users/gaocegege/starred{/owner}{/repo}"],
      "subscriptions_url": ["https://api.github.com/users/gaocegege/subscriptions"],
      "organizations_url": ["https://api.github.com/users/gaocegege/orgs"],
      "repos_url": ["https://api.github.com/users/gaocegege/repos"],
      "events_url": ["https://api.github.com/users/gaocegege/events{/privacy}"],
      "received_events_url": ["https://api.github.com/users/gaocegege/received_events"],
      "type": ["User"],
      "site_admin": [false]
    },
    "html_url": ["https://github.com/gaocegege/Blog"],
    "description": ["Personal Blog in github.io"],
    "fork": [false],
    "url": ["https://api.github.com/repos/gaocegege/Blog"],
    "forks_url": ["https://api.github.com/repos/gaocegege/Blog/forks"],
    "keys_url": ["https://api.github.com/repos/gaocegege/Blog/keys{/key_id}"],
    "collaborators_url": ["https://api.github.com/repos/gaocegege/Blog/collaborators{/collaborator}"],
    "teams_url": ["https://api.github.com/repos/gaocegege/Blog/teams"],
    "hooks_url": ["https://api.github.com/repos/gaocegege/Blog/hooks"],
    "issue_events_url": ["https://api.github.com/repos/gaocegege/Blog/issues/events{/number}"],
    "events_url": ["https://api.github.com/repos/gaocegege/Blog/events"],
    "assignees_url": ["https://api.github.com/repos/gaocegege/Blog/assignees{/user}"],
    "branches_url": ["https://api.github.com/repos/gaocegege/Blog/branches{/branch}"],
    "tags_url": ["https://api.github.com/repos/gaocegege/Blog/tags"],
    "blobs_url": ["https://api.github.com/repos/gaocegege/Blog/git/blobs{/sha}"],
    "git_tags_url": ["https://api.github.com/repos/gaocegege/Blog/git/tags{/sha}"],
    "git_refs_url": ["https://api.github.com/repos/gaocegege/Blog/git/refs{/sha}"],
    "trees_url": ["https://api.github.com/repos/gaocegege/Blog/git/trees{/sha}"],
    "statuses_url": ["https://api.github.com/repos/gaocegege/Blog/statuses/{sha}"],
    "languages_url": ["https://api.github.com/repos/gaocegege/Blog/languages"],
    "stargazers_url": ["https://api.github.com/repos/gaocegege/Blog/stargazers"],
    "contributors_url": ["https://api.github.com/repos/gaocegege/Blog/contributors"],
    "subscribers_url": ["https://api.github.com/repos/gaocegege/Blog/subscribers"],
    "subscription_url": ["https://api.github.com/repos/gaocegege/Blog/subscription"],
    "commits_url": ["https://api.github.com/repos/gaocegege/Blog/commits{/sha}"],
    "git_commits_url": ["https://api.github.com/repos/gaocegege/Blog/git/commits{/sha}"],
    "comments_url": ["https://api.github.com/repos/gaocegege/Blog/comments{/number}"],
    "issue_comment_url": ["https://api.github.com/repos/gaocegege/Blog/issues/comments{/number}"],
    "contents_url": ["https://api.github.com/repos/gaocegege/Blog/contents/{+path}"],
    "compare_url": ["https://api.github.com/repos/gaocegege/Blog/compare/{base}...{head}"],
    "merges_url": ["https://api.github.com/repos/gaocegege/Blog/merges"],
    "archive_url": ["https://api.github.com/repos/gaocegege/Blog/{archive_format}{/ref}"],
    "downloads_url": ["https://api.github.com/repos/gaocegege/Blog/downloads"],
    "issues_url": ["https://api.github.com/repos/gaocegege/Blog/issues{/number}"],
    "pulls_url": ["https://api.github.com/repos/gaocegege/Blog/pulls{/number}"],
    "milestones_url": ["https://api.github.com/repos/gaocegege/Blog/milestones{/number}"],
    "notifications_url": ["https://api.github.com/repos/gaocegege/Blog/notifications{?since,all,participating}"],
    "labels_url": ["https://api.github.com/repos/gaocegege/Blog/labels{/name}"],
    "releases_url": ["https://api.github.com/repos/gaocegege/Blog/releases{/id}"],
    "deployments_url": ["https://api.github.com/repos/gaocegege/Blog/deployments"],
    "created_at": ["2014-04-16T03:13:53Z"],
    "updated_at": ["2019-03-21T07:20:21Z"],
    "pushed_at": ["2019-03-21T07:20:22Z"],
    "git_url": ["git://github.com/gaocegege/Blog.git"],
    "ssh_url": ["git@github.com:gaocegege/Blog.git"],
    "clone_url": ["https://github.com/gaocegege/Blog.git"],
    "svn_url": ["https://github.com/gaocegege/Blog"],
    "homepage": ["http://gaocegege.com/Blog/"],
    "size": [72710],
    "stargazers_count": [3],
    "watchers_count": [3],
    "language": ["JavaScript"],
    "has_issues": [true],
    "has_projects": [true],
    "has_downloads": [true],
    "has_wiki": [true],
    "has_pages": [true],
    "forks_count": [1],
    "mirror_url": {},
    "archived": [false],
    "open_issues_count": [6],
    "license": {},
    "forks": [1],
    "open_issues": [6],
    "watchers": [3],
    "default_branch": ["gh-pages"],
    "permissions": {
      "admin": [false],
      "push": [false],
      "pull": [true]
    }
  }
]
