[
  {
    "id": [59336027],
    "node_id": ["MDEwOlJlcG9zaXRvcnk1OTMzNjAyNw=="],
    "name": ["hyperd"],
    "full_name": ["gaocegege/hyperd"],
    "private": [false],
    "owner": {
      "login": ["gaocegege"],
      "id": [5100735],
      "node_id": ["MDQ6VXNlcjUxMDA3MzU="],
      "avatar_url": ["https://avatars3.githubusercontent.com/u/5100735?v=4"],
      "gravatar_id": [""],
      "url": ["https://api.github.com/users/gaocegege"],
      "html_url": ["https://github.com/gaocegege"],
      "followers_url": ["https://api.github.com/users/gaocegege/followers"],
      "following_url": ["https://api.github.com/users/gaocegege/following{/other_user}"],
      "gists_url": ["https://api.github.com/users/gaocegege/gists{/gist_id}"],
      "starred_url": ["https://api.github.com/users/gaocegege/starred{/owner}{/repo}"],
      "subscriptions_url": ["https://api.github.com/users/gaocegege/subscriptions"],
      "organizations_url": ["https://api.github.com/users/gaocegege/orgs"],
      "repos_url": ["https://api.github.com/users/gaocegege/repos"],
      "events_url": ["https://api.github.com/users/gaocegege/events{/privacy}"],
      "received_events_url": ["https://api.github.com/users/gaocegege/received_events"],
      "type": ["User"],
      "site_admin": [false]
    },
    "html_url": ["https://github.com/gaocegege/hyperd"],
    "description": ["HyperContainer Daemon"],
    "fork": [true],
    "url": ["https://api.github.com/repos/gaocegege/hyperd"],
    "forks_url": ["https://api.github.com/repos/gaocegege/hyperd/forks"],
    "keys_url": ["https://api.github.com/repos/gaocegege/hyperd/keys{/key_id}"],
    "collaborators_url": ["https://api.github.com/repos/gaocegege/hyperd/collaborators{/collaborator}"],
    "teams_url": ["https://api.github.com/repos/gaocegege/hyperd/teams"],
    "hooks_url": ["https://api.github.com/repos/gaocegege/hyperd/hooks"],
    "issue_events_url": ["https://api.github.com/repos/gaocegege/hyperd/issues/events{/number}"],
    "events_url": ["https://api.github.com/repos/gaocegege/hyperd/events"],
    "assignees_url": ["https://api.github.com/repos/gaocegege/hyperd/assignees{/user}"],
    "branches_url": ["https://api.github.com/repos/gaocegege/hyperd/branches{/branch}"],
    "tags_url": ["https://api.github.com/repos/gaocegege/hyperd/tags"],
    "blobs_url": ["https://api.github.com/repos/gaocegege/hyperd/git/blobs{/sha}"],
    "git_tags_url": ["https://api.github.com/repos/gaocegege/hyperd/git/tags{/sha}"],
    "git_refs_url": ["https://api.github.com/repos/gaocegege/hyperd/git/refs{/sha}"],
    "trees_url": ["https://api.github.com/repos/gaocegege/hyperd/git/trees{/sha}"],
    "statuses_url": ["https://api.github.com/repos/gaocegege/hyperd/statuses/{sha}"],
    "languages_url": ["https://api.github.com/repos/gaocegege/hyperd/languages"],
    "stargazers_url": ["https://api.github.com/repos/gaocegege/hyperd/stargazers"],
    "contributors_url": ["https://api.github.com/repos/gaocegege/hyperd/contributors"],
    "subscribers_url": ["https://api.github.com/repos/gaocegege/hyperd/subscribers"],
    "subscription_url": ["https://api.github.com/repos/gaocegege/hyperd/subscription"],
    "commits_url": ["https://api.github.com/repos/gaocegege/hyperd/commits{/sha}"],
    "git_commits_url": ["https://api.github.com/repos/gaocegege/hyperd/git/commits{/sha}"],
    "comments_url": ["https://api.github.com/repos/gaocegege/hyperd/comments{/number}"],
    "issue_comment_url": ["https://api.github.com/repos/gaocegege/hyperd/issues/comments{/number}"],
    "contents_url": ["https://api.github.com/repos/gaocegege/hyperd/contents/{+path}"],
    "compare_url": ["https://api.github.com/repos/gaocegege/hyperd/compare/{base}...{head}"],
    "merges_url": ["https://api.github.com/repos/gaocegege/hyperd/merges"],
    "archive_url": ["https://api.github.com/repos/gaocegege/hyperd/{archive_format}{/ref}"],
    "downloads_url": ["https://api.github.com/repos/gaocegege/hyperd/downloads"],
    "issues_url": ["https://api.github.com/repos/gaocegege/hyperd/issues{/number}"],
    "pulls_url": ["https://api.github.com/repos/gaocegege/hyperd/pulls{/number}"],
    "milestones_url": ["https://api.github.com/repos/gaocegege/hyperd/milestones{/number}"],
    "notifications_url": ["https://api.github.com/repos/gaocegege/hyperd/notifications{?since,all,participating}"],
    "labels_url": ["https://api.github.com/repos/gaocegege/hyperd/labels{/name}"],
    "releases_url": ["https://api.github.com/repos/gaocegege/hyperd/releases{/id}"],
    "deployments_url": ["https://api.github.com/repos/gaocegege/hyperd/deployments"],
    "created_at": ["2016-05-21T01:40:42Z"],
    "updated_at": ["2016-05-21T01:40:44Z"],
    "pushed_at": ["2016-10-23T00:53:46Z"],
    "git_url": ["git://github.com/gaocegege/hyperd.git"],
    "ssh_url": ["git@github.com:gaocegege/hyperd.git"],
    "clone_url": ["https://github.com/gaocegege/hyperd.git"],
    "svn_url": ["https://github.com/gaocegege/hyperd"],
    "homepage": ["http://www.hypercontainer.io"],
    "size": [21342],
    "stargazers_count": [0],
    "watchers_count": [0],
    "language": ["Go"],
    "has_issues": [false],
    "has_projects": [true],
    "has_downloads": [true],
    "has_wiki": [true],
    "has_pages": [false],
    "forks_count": [0],
    "mirror_url": {},
    "archived": [false],
    "open_issues_count": [0],
    "license": {
      "key": ["apache-2.0"],
      "name": ["Apache License 2.0"],
      "spdx_id": ["Apache-2.0"],
      "url": ["https://api.github.com/licenses/apache-2.0"],
      "node_id": ["MDc6TGljZW5zZTI="]
    },
    "forks": [0],
    "open_issues": [0],
    "watchers": [0],
    "default_branch": ["master"],
    "permissions": {
      "admin": [false],
      "push": [false],
      "pull": [true]
    }
  }
]
