[
  {
    "id": [27426008],
    "node_id": ["MDEwOlJlcG9zaXRvcnkyNzQyNjAwOA=="],
    "name": ["CheersGreen"],
    "full_name": ["gaocegege/CheersGreen"],
    "private": [false],
    "owner": {
      "login": ["gaocegege"],
      "id": [5100735],
      "node_id": ["MDQ6VXNlcjUxMDA3MzU="],
      "avatar_url": ["https://avatars3.githubusercontent.com/u/5100735?v=4"],
      "gravatar_id": [""],
      "url": ["https://api.github.com/users/gaocegege"],
      "html_url": ["https://github.com/gaocegege"],
      "followers_url": ["https://api.github.com/users/gaocegege/followers"],
      "following_url": ["https://api.github.com/users/gaocegege/following{/other_user}"],
      "gists_url": ["https://api.github.com/users/gaocegege/gists{/gist_id}"],
      "starred_url": ["https://api.github.com/users/gaocegege/starred{/owner}{/repo}"],
      "subscriptions_url": ["https://api.github.com/users/gaocegege/subscriptions"],
      "organizations_url": ["https://api.github.com/users/gaocegege/orgs"],
      "repos_url": ["https://api.github.com/users/gaocegege/repos"],
      "events_url": ["https://api.github.com/users/gaocegege/events{/privacy}"],
      "received_events_url": ["https://api.github.com/users/gaocegege/received_events"],
      "type": ["User"],
      "site_admin": [false]
    },
    "html_url": ["https://github.com/gaocegege/CheersGreen"],
    "description": ["A Web Application powered by ThinkPHP"],
    "fork": [false],
    "url": ["https://api.github.com/repos/gaocegege/CheersGreen"],
    "forks_url": ["https://api.github.com/repos/gaocegege/CheersGreen/forks"],
    "keys_url": ["https://api.github.com/repos/gaocegege/CheersGreen/keys{/key_id}"],
    "collaborators_url": ["https://api.github.com/repos/gaocegege/CheersGreen/collaborators{/collaborator}"],
    "teams_url": ["https://api.github.com/repos/gaocegege/CheersGreen/teams"],
    "hooks_url": ["https://api.github.com/repos/gaocegege/CheersGreen/hooks"],
    "issue_events_url": ["https://api.github.com/repos/gaocegege/CheersGreen/issues/events{/number}"],
    "events_url": ["https://api.github.com/repos/gaocegege/CheersGreen/events"],
    "assignees_url": ["https://api.github.com/repos/gaocegege/CheersGreen/assignees{/user}"],
    "branches_url": ["https://api.github.com/repos/gaocegege/CheersGreen/branches{/branch}"],
    "tags_url": ["https://api.github.com/repos/gaocegege/CheersGreen/tags"],
    "blobs_url": ["https://api.github.com/repos/gaocegege/CheersGreen/git/blobs{/sha}"],
    "git_tags_url": ["https://api.github.com/repos/gaocegege/CheersGreen/git/tags{/sha}"],
    "git_refs_url": ["https://api.github.com/repos/gaocegege/CheersGreen/git/refs{/sha}"],
    "trees_url": ["https://api.github.com/repos/gaocegege/CheersGreen/git/trees{/sha}"],
    "statuses_url": ["https://api.github.com/repos/gaocegege/CheersGreen/statuses/{sha}"],
    "languages_url": ["https://api.github.com/repos/gaocegege/CheersGreen/languages"],
    "stargazers_url": ["https://api.github.com/repos/gaocegege/CheersGreen/stargazers"],
    "contributors_url": ["https://api.github.com/repos/gaocegege/CheersGreen/contributors"],
    "subscribers_url": ["https://api.github.com/repos/gaocegege/CheersGreen/subscribers"],
    "subscription_url": ["https://api.github.com/repos/gaocegege/CheersGreen/subscription"],
    "commits_url": ["https://api.github.com/repos/gaocegege/CheersGreen/commits{/sha}"],
    "git_commits_url": ["https://api.github.com/repos/gaocegege/CheersGreen/git/commits{/sha}"],
    "comments_url": ["https://api.github.com/repos/gaocegege/CheersGreen/comments{/number}"],
    "issue_comment_url": ["https://api.github.com/repos/gaocegege/CheersGreen/issues/comments{/number}"],
    "contents_url": ["https://api.github.com/repos/gaocegege/CheersGreen/contents/{+path}"],
    "compare_url": ["https://api.github.com/repos/gaocegege/CheersGreen/compare/{base}...{head}"],
    "merges_url": ["https://api.github.com/repos/gaocegege/CheersGreen/merges"],
    "archive_url": ["https://api.github.com/repos/gaocegege/CheersGreen/{archive_format}{/ref}"],
    "downloads_url": ["https://api.github.com/repos/gaocegege/CheersGreen/downloads"],
    "issues_url": ["https://api.github.com/repos/gaocegege/CheersGreen/issues{/number}"],
    "pulls_url": ["https://api.github.com/repos/gaocegege/CheersGreen/pulls{/number}"],
    "milestones_url": ["https://api.github.com/repos/gaocegege/CheersGreen/milestones{/number}"],
    "notifications_url": ["https://api.github.com/repos/gaocegege/CheersGreen/notifications{?since,all,participating}"],
    "labels_url": ["https://api.github.com/repos/gaocegege/CheersGreen/labels{/name}"],
    "releases_url": ["https://api.github.com/repos/gaocegege/CheersGreen/releases{/id}"],
    "deployments_url": ["https://api.github.com/repos/gaocegege/CheersGreen/deployments"],
    "created_at": ["2014-12-02T09:54:29Z"],
    "updated_at": ["2015-05-11T06:39:02Z"],
    "pushed_at": ["2015-02-14T02:37:39Z"],
    "git_url": ["git://github.com/gaocegege/CheersGreen.git"],
    "ssh_url": ["git@github.com:gaocegege/CheersGreen.git"],
    "clone_url": ["https://github.com/gaocegege/CheersGreen.git"],
    "svn_url": ["https://github.com/gaocegege/CheersGreen"],
    "homepage": [""],
    "size": [240],
    "stargazers_count": [0],
    "watchers_count": [0],
    "language": ["PHP"],
    "has_issues": [true],
    "has_projects": [true],
    "has_downloads": [true],
    "has_wiki": [true],
    "has_pages": [false],
    "forks_count": [0],
    "mirror_url": {},
    "archived": [false],
    "open_issues_count": [0],
    "license": {},
    "forks": [0],
    "open_issues": [0],
    "watchers": [0],
    "default_branch": ["master"],
    "permissions": {
      "admin": [false],
      "push": [false],
      "pull": [true]
    }
  }
]
