[
  {
    "id": [102555984],
    "node_id": ["MDEwOlJlcG9zaXRvcnkxMDI1NTU5ODQ="],
    "name": ["travel-research"],
    "full_name": ["gaocegege/travel-research"],
    "private": [false],
    "owner": {
      "login": ["gaocegege"],
      "id": [5100735],
      "node_id": ["MDQ6VXNlcjUxMDA3MzU="],
      "avatar_url": ["https://avatars3.githubusercontent.com/u/5100735?v=4"],
      "gravatar_id": [""],
      "url": ["https://api.github.com/users/gaocegege"],
      "html_url": ["https://github.com/gaocegege"],
      "followers_url": ["https://api.github.com/users/gaocegege/followers"],
      "following_url": ["https://api.github.com/users/gaocegege/following{/other_user}"],
      "gists_url": ["https://api.github.com/users/gaocegege/gists{/gist_id}"],
      "starred_url": ["https://api.github.com/users/gaocegege/starred{/owner}{/repo}"],
      "subscriptions_url": ["https://api.github.com/users/gaocegege/subscriptions"],
      "organizations_url": ["https://api.github.com/users/gaocegege/orgs"],
      "repos_url": ["https://api.github.com/users/gaocegege/repos"],
      "events_url": ["https://api.github.com/users/gaocegege/events{/privacy}"],
      "received_events_url": ["https://api.github.com/users/gaocegege/received_events"],
      "type": ["User"],
      "site_admin": [false]
    },
    "html_url": ["https://github.com/gaocegege/travel-research"],
    "description": {},
    "fork": [false],
    "url": ["https://api.github.com/repos/gaocegege/travel-research"],
    "forks_url": ["https://api.github.com/repos/gaocegege/travel-research/forks"],
    "keys_url": ["https://api.github.com/repos/gaocegege/travel-research/keys{/key_id}"],
    "collaborators_url": ["https://api.github.com/repos/gaocegege/travel-research/collaborators{/collaborator}"],
    "teams_url": ["https://api.github.com/repos/gaocegege/travel-research/teams"],
    "hooks_url": ["https://api.github.com/repos/gaocegege/travel-research/hooks"],
    "issue_events_url": ["https://api.github.com/repos/gaocegege/travel-research/issues/events{/number}"],
    "events_url": ["https://api.github.com/repos/gaocegege/travel-research/events"],
    "assignees_url": ["https://api.github.com/repos/gaocegege/travel-research/assignees{/user}"],
    "branches_url": ["https://api.github.com/repos/gaocegege/travel-research/branches{/branch}"],
    "tags_url": ["https://api.github.com/repos/gaocegege/travel-research/tags"],
    "blobs_url": ["https://api.github.com/repos/gaocegege/travel-research/git/blobs{/sha}"],
    "git_tags_url": ["https://api.github.com/repos/gaocegege/travel-research/git/tags{/sha}"],
    "git_refs_url": ["https://api.github.com/repos/gaocegege/travel-research/git/refs{/sha}"],
    "trees_url": ["https://api.github.com/repos/gaocegege/travel-research/git/trees{/sha}"],
    "statuses_url": ["https://api.github.com/repos/gaocegege/travel-research/statuses/{sha}"],
    "languages_url": ["https://api.github.com/repos/gaocegege/travel-research/languages"],
    "stargazers_url": ["https://api.github.com/repos/gaocegege/travel-research/stargazers"],
    "contributors_url": ["https://api.github.com/repos/gaocegege/travel-research/contributors"],
    "subscribers_url": ["https://api.github.com/repos/gaocegege/travel-research/subscribers"],
    "subscription_url": ["https://api.github.com/repos/gaocegege/travel-research/subscription"],
    "commits_url": ["https://api.github.com/repos/gaocegege/travel-research/commits{/sha}"],
    "git_commits_url": ["https://api.github.com/repos/gaocegege/travel-research/git/commits{/sha}"],
    "comments_url": ["https://api.github.com/repos/gaocegege/travel-research/comments{/number}"],
    "issue_comment_url": ["https://api.github.com/repos/gaocegege/travel-research/issues/comments{/number}"],
    "contents_url": ["https://api.github.com/repos/gaocegege/travel-research/contents/{+path}"],
    "compare_url": ["https://api.github.com/repos/gaocegege/travel-research/compare/{base}...{head}"],
    "merges_url": ["https://api.github.com/repos/gaocegege/travel-research/merges"],
    "archive_url": ["https://api.github.com/repos/gaocegege/travel-research/{archive_format}{/ref}"],
    "downloads_url": ["https://api.github.com/repos/gaocegege/travel-research/downloads"],
    "issues_url": ["https://api.github.com/repos/gaocegege/travel-research/issues{/number}"],
    "pulls_url": ["https://api.github.com/repos/gaocegege/travel-research/pulls{/number}"],
    "milestones_url": ["https://api.github.com/repos/gaocegege/travel-research/milestones{/number}"],
    "notifications_url": ["https://api.github.com/repos/gaocegege/travel-research/notifications{?since,all,participating}"],
    "labels_url": ["https://api.github.com/repos/gaocegege/travel-research/labels{/name}"],
    "releases_url": ["https://api.github.com/repos/gaocegege/travel-research/releases{/id}"],
    "deployments_url": ["https://api.github.com/repos/gaocegege/travel-research/deployments"],
    "created_at": ["2017-09-06T03:02:02Z"],
    "updated_at": ["2017-09-06T03:02:02Z"],
    "pushed_at": ["2017-09-06T05:56:09Z"],
    "git_url": ["git://github.com/gaocegege/travel-research.git"],
    "ssh_url": ["git@github.com:gaocegege/travel-research.git"],
    "clone_url": ["https://github.com/gaocegege/travel-research.git"],
    "svn_url": ["https://github.com/gaocegege/travel-research"],
    "homepage": {},
    "size": [1],
    "stargazers_count": [0],
    "watchers_count": [0],
    "language": {},
    "has_issues": [true],
    "has_projects": [true],
    "has_downloads": [true],
    "has_wiki": [true],
    "has_pages": [false],
    "forks_count": [0],
    "mirror_url": {},
    "archived": [false],
    "open_issues_count": [1],
    "license": {},
    "forks": [0],
    "open_issues": [1],
    "watchers": [0],
    "default_branch": ["master"],
    "permissions": {
      "admin": [false],
      "push": [false],
      "pull": [true]
    }
  }
]
