[
  {
    "id": [48038244],
    "node_id": ["MDEwOlJlcG9zaXRvcnk0ODAzODI0NA=="],
    "name": ["6.824-Distributed-Systems-Lab"],
    "full_name": ["gaocegege/6.824-Distributed-Systems-Lab"],
    "private": [false],
    "owner": {
      "login": ["gaocegege"],
      "id": [5100735],
      "node_id": ["MDQ6VXNlcjUxMDA3MzU="],
      "avatar_url": ["https://avatars3.githubusercontent.com/u/5100735?v=4"],
      "gravatar_id": [""],
      "url": ["https://api.github.com/users/gaocegege"],
      "html_url": ["https://github.com/gaocegege"],
      "followers_url": ["https://api.github.com/users/gaocegege/followers"],
      "following_url": ["https://api.github.com/users/gaocegege/following{/other_user}"],
      "gists_url": ["https://api.github.com/users/gaocegege/gists{/gist_id}"],
      "starred_url": ["https://api.github.com/users/gaocegege/starred{/owner}{/repo}"],
      "subscriptions_url": ["https://api.github.com/users/gaocegege/subscriptions"],
      "organizations_url": ["https://api.github.com/users/gaocegege/orgs"],
      "repos_url": ["https://api.github.com/users/gaocegege/repos"],
      "events_url": ["https://api.github.com/users/gaocegege/events{/privacy}"],
      "received_events_url": ["https://api.github.com/users/gaocegege/received_events"],
      "type": ["User"],
      "site_admin": [false]
    },
    "html_url": ["https://github.com/gaocegege/6.824-Distributed-Systems-Lab"],
    "description": ["Implementation for MIT 6.824 Distributed System"],
    "fork": [false],
    "url": ["https://api.github.com/repos/gaocegege/6.824-Distributed-Systems-Lab"],
    "forks_url": ["https://api.github.com/repos/gaocegege/6.824-Distributed-Systems-Lab/forks"],
    "keys_url": ["https://api.github.com/repos/gaocegege/6.824-Distributed-Systems-Lab/keys{/key_id}"],
    "collaborators_url": ["https://api.github.com/repos/gaocegege/6.824-Distributed-Systems-Lab/collaborators{/collaborator}"],
    "teams_url": ["https://api.github.com/repos/gaocegege/6.824-Distributed-Systems-Lab/teams"],
    "hooks_url": ["https://api.github.com/repos/gaocegege/6.824-Distributed-Systems-Lab/hooks"],
    "issue_events_url": ["https://api.github.com/repos/gaocegege/6.824-Distributed-Systems-Lab/issues/events{/number}"],
    "events_url": ["https://api.github.com/repos/gaocegege/6.824-Distributed-Systems-Lab/events"],
    "assignees_url": ["https://api.github.com/repos/gaocegege/6.824-Distributed-Systems-Lab/assignees{/user}"],
    "branches_url": ["https://api.github.com/repos/gaocegege/6.824-Distributed-Systems-Lab/branches{/branch}"],
    "tags_url": ["https://api.github.com/repos/gaocegege/6.824-Distributed-Systems-Lab/tags"],
    "blobs_url": ["https://api.github.com/repos/gaocegege/6.824-Distributed-Systems-Lab/git/blobs{/sha}"],
    "git_tags_url": ["https://api.github.com/repos/gaocegege/6.824-Distributed-Systems-Lab/git/tags{/sha}"],
    "git_refs_url": ["https://api.github.com/repos/gaocegege/6.824-Distributed-Systems-Lab/git/refs{/sha}"],
    "trees_url": ["https://api.github.com/repos/gaocegege/6.824-Distributed-Systems-Lab/git/trees{/sha}"],
    "statuses_url": ["https://api.github.com/repos/gaocegege/6.824-Distributed-Systems-Lab/statuses/{sha}"],
    "languages_url": ["https://api.github.com/repos/gaocegege/6.824-Distributed-Systems-Lab/languages"],
    "stargazers_url": ["https://api.github.com/repos/gaocegege/6.824-Distributed-Systems-Lab/stargazers"],
    "contributors_url": ["https://api.github.com/repos/gaocegege/6.824-Distributed-Systems-Lab/contributors"],
    "subscribers_url": ["https://api.github.com/repos/gaocegege/6.824-Distributed-Systems-Lab/subscribers"],
    "subscription_url": ["https://api.github.com/repos/gaocegege/6.824-Distributed-Systems-Lab/subscription"],
    "commits_url": ["https://api.github.com/repos/gaocegege/6.824-Distributed-Systems-Lab/commits{/sha}"],
    "git_commits_url": ["https://api.github.com/repos/gaocegege/6.824-Distributed-Systems-Lab/git/commits{/sha}"],
    "comments_url": ["https://api.github.com/repos/gaocegege/6.824-Distributed-Systems-Lab/comments{/number}"],
    "issue_comment_url": ["https://api.github.com/repos/gaocegege/6.824-Distributed-Systems-Lab/issues/comments{/number}"],
    "contents_url": ["https://api.github.com/repos/gaocegege/6.824-Distributed-Systems-Lab/contents/{+path}"],
    "compare_url": ["https://api.github.com/repos/gaocegege/6.824-Distributed-Systems-Lab/compare/{base}...{head}"],
    "merges_url": ["https://api.github.com/repos/gaocegege/6.824-Distributed-Systems-Lab/merges"],
    "archive_url": ["https://api.github.com/repos/gaocegege/6.824-Distributed-Systems-Lab/{archive_format}{/ref}"],
    "downloads_url": ["https://api.github.com/repos/gaocegege/6.824-Distributed-Systems-Lab/downloads"],
    "issues_url": ["https://api.github.com/repos/gaocegege/6.824-Distributed-Systems-Lab/issues{/number}"],
    "pulls_url": ["https://api.github.com/repos/gaocegege/6.824-Distributed-Systems-Lab/pulls{/number}"],
    "milestones_url": ["https://api.github.com/repos/gaocegege/6.824-Distributed-Systems-Lab/milestones{/number}"],
    "notifications_url": ["https://api.github.com/repos/gaocegege/6.824-Distributed-Systems-Lab/notifications{?since,all,participating}"],
    "labels_url": ["https://api.github.com/repos/gaocegege/6.824-Distributed-Systems-Lab/labels{/name}"],
    "releases_url": ["https://api.github.com/repos/gaocegege/6.824-Distributed-Systems-Lab/releases{/id}"],
    "deployments_url": ["https://api.github.com/repos/gaocegege/6.824-Distributed-Systems-Lab/deployments"],
    "created_at": ["2015-12-15T11:18:59Z"],
    "updated_at": ["2017-09-29T09:03:27Z"],
    "pushed_at": ["2016-02-11T07:26:13Z"],
    "git_url": ["git://github.com/gaocegege/6.824-Distributed-Systems-Lab.git"],
    "ssh_url": ["git@github.com:gaocegege/6.824-Distributed-Systems-Lab.git"],
    "clone_url": ["https://github.com/gaocegege/6.824-Distributed-Systems-Lab.git"],
    "svn_url": ["https://github.com/gaocegege/6.824-Distributed-Systems-Lab"],
    "homepage": [""],
    "size": [1770],
    "stargazers_count": [6],
    "watchers_count": [6],
    "language": ["Go"],
    "has_issues": [true],
    "has_projects": [true],
    "has_downloads": [true],
    "has_wiki": [true],
    "has_pages": [false],
    "forks_count": [0],
    "mirror_url": {},
    "archived": [false],
    "open_issues_count": [0],
    "license": {},
    "forks": [0],
    "open_issues": [0],
    "watchers": [6],
    "default_branch": ["master"],
    "permissions": {
      "admin": [false],
      "push": [false],
      "pull": [true]
    }
  }
]
