[
  {
    "id": [38158629],
    "node_id": ["MDEwOlJlcG9zaXRvcnkzODE1ODYyOQ=="],
    "name": ["electsys"],
    "full_name": ["gaocegege/electsys"],
    "private": [false],
    "owner": {
      "login": ["gaocegege"],
      "id": [5100735],
      "node_id": ["MDQ6VXNlcjUxMDA3MzU="],
      "avatar_url": ["https://avatars3.githubusercontent.com/u/5100735?v=4"],
      "gravatar_id": [""],
      "url": ["https://api.github.com/users/gaocegege"],
      "html_url": ["https://github.com/gaocegege"],
      "followers_url": ["https://api.github.com/users/gaocegege/followers"],
      "following_url": ["https://api.github.com/users/gaocegege/following{/other_user}"],
      "gists_url": ["https://api.github.com/users/gaocegege/gists{/gist_id}"],
      "starred_url": ["https://api.github.com/users/gaocegege/starred{/owner}{/repo}"],
      "subscriptions_url": ["https://api.github.com/users/gaocegege/subscriptions"],
      "organizations_url": ["https://api.github.com/users/gaocegege/orgs"],
      "repos_url": ["https://api.github.com/users/gaocegege/repos"],
      "events_url": ["https://api.github.com/users/gaocegege/events{/privacy}"],
      "received_events_url": ["https://api.github.com/users/gaocegege/received_events"],
      "type": ["User"],
      "site_admin": [false]
    },
    "html_url": ["https://github.com/gaocegege/electsys"],
    "description": ["Electsys++ SJTU electsys optimizer."],
    "fork": [true],
    "url": ["https://api.github.com/repos/gaocegege/electsys"],
    "forks_url": ["https://api.github.com/repos/gaocegege/electsys/forks"],
    "keys_url": ["https://api.github.com/repos/gaocegege/electsys/keys{/key_id}"],
    "collaborators_url": ["https://api.github.com/repos/gaocegege/electsys/collaborators{/collaborator}"],
    "teams_url": ["https://api.github.com/repos/gaocegege/electsys/teams"],
    "hooks_url": ["https://api.github.com/repos/gaocegege/electsys/hooks"],
    "issue_events_url": ["https://api.github.com/repos/gaocegege/electsys/issues/events{/number}"],
    "events_url": ["https://api.github.com/repos/gaocegege/electsys/events"],
    "assignees_url": ["https://api.github.com/repos/gaocegege/electsys/assignees{/user}"],
    "branches_url": ["https://api.github.com/repos/gaocegege/electsys/branches{/branch}"],
    "tags_url": ["https://api.github.com/repos/gaocegege/electsys/tags"],
    "blobs_url": ["https://api.github.com/repos/gaocegege/electsys/git/blobs{/sha}"],
    "git_tags_url": ["https://api.github.com/repos/gaocegege/electsys/git/tags{/sha}"],
    "git_refs_url": ["https://api.github.com/repos/gaocegege/electsys/git/refs{/sha}"],
    "trees_url": ["https://api.github.com/repos/gaocegege/electsys/git/trees{/sha}"],
    "statuses_url": ["https://api.github.com/repos/gaocegege/electsys/statuses/{sha}"],
    "languages_url": ["https://api.github.com/repos/gaocegege/electsys/languages"],
    "stargazers_url": ["https://api.github.com/repos/gaocegege/electsys/stargazers"],
    "contributors_url": ["https://api.github.com/repos/gaocegege/electsys/contributors"],
    "subscribers_url": ["https://api.github.com/repos/gaocegege/electsys/subscribers"],
    "subscription_url": ["https://api.github.com/repos/gaocegege/electsys/subscription"],
    "commits_url": ["https://api.github.com/repos/gaocegege/electsys/commits{/sha}"],
    "git_commits_url": ["https://api.github.com/repos/gaocegege/electsys/git/commits{/sha}"],
    "comments_url": ["https://api.github.com/repos/gaocegege/electsys/comments{/number}"],
    "issue_comment_url": ["https://api.github.com/repos/gaocegege/electsys/issues/comments{/number}"],
    "contents_url": ["https://api.github.com/repos/gaocegege/electsys/contents/{+path}"],
    "compare_url": ["https://api.github.com/repos/gaocegege/electsys/compare/{base}...{head}"],
    "merges_url": ["https://api.github.com/repos/gaocegege/electsys/merges"],
    "archive_url": ["https://api.github.com/repos/gaocegege/electsys/{archive_format}{/ref}"],
    "downloads_url": ["https://api.github.com/repos/gaocegege/electsys/downloads"],
    "issues_url": ["https://api.github.com/repos/gaocegege/electsys/issues{/number}"],
    "pulls_url": ["https://api.github.com/repos/gaocegege/electsys/pulls{/number}"],
    "milestones_url": ["https://api.github.com/repos/gaocegege/electsys/milestones{/number}"],
    "notifications_url": ["https://api.github.com/repos/gaocegege/electsys/notifications{?since,all,participating}"],
    "labels_url": ["https://api.github.com/repos/gaocegege/electsys/labels{/name}"],
    "releases_url": ["https://api.github.com/repos/gaocegege/electsys/releases{/id}"],
    "deployments_url": ["https://api.github.com/repos/gaocegege/electsys/deployments"],
    "created_at": ["2015-06-27T12:03:49Z"],
    "updated_at": ["2015-06-27T12:03:50Z"],
    "pushed_at": ["2017-04-10T11:09:59Z"],
    "git_url": ["git://github.com/gaocegege/electsys.git"],
    "ssh_url": ["git@github.com:gaocegege/electsys.git"],
    "clone_url": ["https://github.com/gaocegege/electsys.git"],
    "svn_url": ["https://github.com/gaocegege/electsys"],
    "homepage": {},
    "size": [866],
    "stargazers_count": [0],
    "watchers_count": [0],
    "language": ["JavaScript"],
    "has_issues": [false],
    "has_projects": [true],
    "has_downloads": [true],
    "has_wiki": [true],
    "has_pages": [true],
    "forks_count": [0],
    "mirror_url": {},
    "archived": [false],
    "open_issues_count": [0],
    "license": {},
    "forks": [0],
    "open_issues": [0],
    "watchers": [0],
    "default_branch": ["master"],
    "permissions": {
      "admin": [false],
      "push": [false],
      "pull": [true]
    }
  }
]
