[
  {
    "id": [97552076],
    "node_id": ["MDEwOlJlcG9zaXRvcnk5NzU1MjA3Ng=="],
    "name": ["cosx.org"],
    "full_name": ["gaocegege/cosx.org"],
    "private": [false],
    "owner": {
      "login": ["gaocegege"],
      "id": [5100735],
      "node_id": ["MDQ6VXNlcjUxMDA3MzU="],
      "avatar_url": ["https://avatars3.githubusercontent.com/u/5100735?v=4"],
      "gravatar_id": [""],
      "url": ["https://api.github.com/users/gaocegege"],
      "html_url": ["https://github.com/gaocegege"],
      "followers_url": ["https://api.github.com/users/gaocegege/followers"],
      "following_url": ["https://api.github.com/users/gaocegege/following{/other_user}"],
      "gists_url": ["https://api.github.com/users/gaocegege/gists{/gist_id}"],
      "starred_url": ["https://api.github.com/users/gaocegege/starred{/owner}{/repo}"],
      "subscriptions_url": ["https://api.github.com/users/gaocegege/subscriptions"],
      "organizations_url": ["https://api.github.com/users/gaocegege/orgs"],
      "repos_url": ["https://api.github.com/users/gaocegege/repos"],
      "events_url": ["https://api.github.com/users/gaocegege/events{/privacy}"],
      "received_events_url": ["https://api.github.com/users/gaocegege/received_events"],
      "type": ["User"],
      "site_admin": [false]
    },
    "html_url": ["https://github.com/gaocegege/cosx.org"],
    "description": ["<U+7EDF><U+8BA1><U+4E4B><U+90FD><U+4E3B><U+7AD9>"],
    "fork": [true],
    "url": ["https://api.github.com/repos/gaocegege/cosx.org"],
    "forks_url": ["https://api.github.com/repos/gaocegege/cosx.org/forks"],
    "keys_url": ["https://api.github.com/repos/gaocegege/cosx.org/keys{/key_id}"],
    "collaborators_url": ["https://api.github.com/repos/gaocegege/cosx.org/collaborators{/collaborator}"],
    "teams_url": ["https://api.github.com/repos/gaocegege/cosx.org/teams"],
    "hooks_url": ["https://api.github.com/repos/gaocegege/cosx.org/hooks"],
    "issue_events_url": ["https://api.github.com/repos/gaocegege/cosx.org/issues/events{/number}"],
    "events_url": ["https://api.github.com/repos/gaocegege/cosx.org/events"],
    "assignees_url": ["https://api.github.com/repos/gaocegege/cosx.org/assignees{/user}"],
    "branches_url": ["https://api.github.com/repos/gaocegege/cosx.org/branches{/branch}"],
    "tags_url": ["https://api.github.com/repos/gaocegege/cosx.org/tags"],
    "blobs_url": ["https://api.github.com/repos/gaocegege/cosx.org/git/blobs{/sha}"],
    "git_tags_url": ["https://api.github.com/repos/gaocegege/cosx.org/git/tags{/sha}"],
    "git_refs_url": ["https://api.github.com/repos/gaocegege/cosx.org/git/refs{/sha}"],
    "trees_url": ["https://api.github.com/repos/gaocegege/cosx.org/git/trees{/sha}"],
    "statuses_url": ["https://api.github.com/repos/gaocegege/cosx.org/statuses/{sha}"],
    "languages_url": ["https://api.github.com/repos/gaocegege/cosx.org/languages"],
    "stargazers_url": ["https://api.github.com/repos/gaocegege/cosx.org/stargazers"],
    "contributors_url": ["https://api.github.com/repos/gaocegege/cosx.org/contributors"],
    "subscribers_url": ["https://api.github.com/repos/gaocegege/cosx.org/subscribers"],
    "subscription_url": ["https://api.github.com/repos/gaocegege/cosx.org/subscription"],
    "commits_url": ["https://api.github.com/repos/gaocegege/cosx.org/commits{/sha}"],
    "git_commits_url": ["https://api.github.com/repos/gaocegege/cosx.org/git/commits{/sha}"],
    "comments_url": ["https://api.github.com/repos/gaocegege/cosx.org/comments{/number}"],
    "issue_comment_url": ["https://api.github.com/repos/gaocegege/cosx.org/issues/comments{/number}"],
    "contents_url": ["https://api.github.com/repos/gaocegege/cosx.org/contents/{+path}"],
    "compare_url": ["https://api.github.com/repos/gaocegege/cosx.org/compare/{base}...{head}"],
    "merges_url": ["https://api.github.com/repos/gaocegege/cosx.org/merges"],
    "archive_url": ["https://api.github.com/repos/gaocegege/cosx.org/{archive_format}{/ref}"],
    "downloads_url": ["https://api.github.com/repos/gaocegege/cosx.org/downloads"],
    "issues_url": ["https://api.github.com/repos/gaocegege/cosx.org/issues{/number}"],
    "pulls_url": ["https://api.github.com/repos/gaocegege/cosx.org/pulls{/number}"],
    "milestones_url": ["https://api.github.com/repos/gaocegege/cosx.org/milestones{/number}"],
    "notifications_url": ["https://api.github.com/repos/gaocegege/cosx.org/notifications{?since,all,participating}"],
    "labels_url": ["https://api.github.com/repos/gaocegege/cosx.org/labels{/name}"],
    "releases_url": ["https://api.github.com/repos/gaocegege/cosx.org/releases{/id}"],
    "deployments_url": ["https://api.github.com/repos/gaocegege/cosx.org/deployments"],
    "created_at": ["2017-07-18T04:18:26Z"],
    "updated_at": ["2017-07-18T04:18:29Z"],
    "pushed_at": ["2018-12-03T14:51:32Z"],
    "git_url": ["git://github.com/gaocegege/cosx.org.git"],
    "ssh_url": ["git@github.com:gaocegege/cosx.org.git"],
    "clone_url": ["https://github.com/gaocegege/cosx.org.git"],
    "svn_url": ["https://github.com/gaocegege/cosx.org"],
    "homepage": ["https://cosx.org"],
    "size": [6167],
    "stargazers_count": [0],
    "watchers_count": [0],
    "language": ["HTML"],
    "has_issues": [false],
    "has_projects": [true],
    "has_downloads": [true],
    "has_wiki": [true],
    "has_pages": [false],
    "forks_count": [0],
    "mirror_url": {},
    "archived": [false],
    "open_issues_count": [0],
    "license": {
      "key": ["mit"],
      "name": ["MIT License"],
      "spdx_id": ["MIT"],
      "url": ["https://api.github.com/licenses/mit"],
      "node_id": ["MDc6TGljZW5zZTEz"]
    },
    "forks": [0],
    "open_issues": [0],
    "watchers": [0],
    "default_branch": ["master"],
    "permissions": {
      "admin": [false],
      "push": [false],
      "pull": [true]
    }
  }
]
