[
  {
    "id": [49373533],
    "node_id": ["MDEwOlJlcG9zaXRvcnk0OTM3MzUzMw=="],
    "name": ["wechat-user-statistics"],
    "full_name": ["gaocegege/wechat-user-statistics"],
    "private": [false],
    "owner": {
      "login": ["gaocegege"],
      "id": [5100735],
      "node_id": ["MDQ6VXNlcjUxMDA3MzU="],
      "avatar_url": ["https://avatars3.githubusercontent.com/u/5100735?v=4"],
      "gravatar_id": [""],
      "url": ["https://api.github.com/users/gaocegege"],
      "html_url": ["https://github.com/gaocegege"],
      "followers_url": ["https://api.github.com/users/gaocegege/followers"],
      "following_url": ["https://api.github.com/users/gaocegege/following{/other_user}"],
      "gists_url": ["https://api.github.com/users/gaocegege/gists{/gist_id}"],
      "starred_url": ["https://api.github.com/users/gaocegege/starred{/owner}{/repo}"],
      "subscriptions_url": ["https://api.github.com/users/gaocegege/subscriptions"],
      "organizations_url": ["https://api.github.com/users/gaocegege/orgs"],
      "repos_url": ["https://api.github.com/users/gaocegege/repos"],
      "events_url": ["https://api.github.com/users/gaocegege/events{/privacy}"],
      "received_events_url": ["https://api.github.com/users/gaocegege/received_events"],
      "type": ["User"],
      "site_admin": [false]
    },
    "html_url": ["https://github.com/gaocegege/wechat-user-statistics"],
    "description": ["wechat-user-statistics"],
    "fork": [false],
    "url": ["https://api.github.com/repos/gaocegege/wechat-user-statistics"],
    "forks_url": ["https://api.github.com/repos/gaocegege/wechat-user-statistics/forks"],
    "keys_url": ["https://api.github.com/repos/gaocegege/wechat-user-statistics/keys{/key_id}"],
    "collaborators_url": ["https://api.github.com/repos/gaocegege/wechat-user-statistics/collaborators{/collaborator}"],
    "teams_url": ["https://api.github.com/repos/gaocegege/wechat-user-statistics/teams"],
    "hooks_url": ["https://api.github.com/repos/gaocegege/wechat-user-statistics/hooks"],
    "issue_events_url": ["https://api.github.com/repos/gaocegege/wechat-user-statistics/issues/events{/number}"],
    "events_url": ["https://api.github.com/repos/gaocegege/wechat-user-statistics/events"],
    "assignees_url": ["https://api.github.com/repos/gaocegege/wechat-user-statistics/assignees{/user}"],
    "branches_url": ["https://api.github.com/repos/gaocegege/wechat-user-statistics/branches{/branch}"],
    "tags_url": ["https://api.github.com/repos/gaocegege/wechat-user-statistics/tags"],
    "blobs_url": ["https://api.github.com/repos/gaocegege/wechat-user-statistics/git/blobs{/sha}"],
    "git_tags_url": ["https://api.github.com/repos/gaocegege/wechat-user-statistics/git/tags{/sha}"],
    "git_refs_url": ["https://api.github.com/repos/gaocegege/wechat-user-statistics/git/refs{/sha}"],
    "trees_url": ["https://api.github.com/repos/gaocegege/wechat-user-statistics/git/trees{/sha}"],
    "statuses_url": ["https://api.github.com/repos/gaocegege/wechat-user-statistics/statuses/{sha}"],
    "languages_url": ["https://api.github.com/repos/gaocegege/wechat-user-statistics/languages"],
    "stargazers_url": ["https://api.github.com/repos/gaocegege/wechat-user-statistics/stargazers"],
    "contributors_url": ["https://api.github.com/repos/gaocegege/wechat-user-statistics/contributors"],
    "subscribers_url": ["https://api.github.com/repos/gaocegege/wechat-user-statistics/subscribers"],
    "subscription_url": ["https://api.github.com/repos/gaocegege/wechat-user-statistics/subscription"],
    "commits_url": ["https://api.github.com/repos/gaocegege/wechat-user-statistics/commits{/sha}"],
    "git_commits_url": ["https://api.github.com/repos/gaocegege/wechat-user-statistics/git/commits{/sha}"],
    "comments_url": ["https://api.github.com/repos/gaocegege/wechat-user-statistics/comments{/number}"],
    "issue_comment_url": ["https://api.github.com/repos/gaocegege/wechat-user-statistics/issues/comments{/number}"],
    "contents_url": ["https://api.github.com/repos/gaocegege/wechat-user-statistics/contents/{+path}"],
    "compare_url": ["https://api.github.com/repos/gaocegege/wechat-user-statistics/compare/{base}...{head}"],
    "merges_url": ["https://api.github.com/repos/gaocegege/wechat-user-statistics/merges"],
    "archive_url": ["https://api.github.com/repos/gaocegege/wechat-user-statistics/{archive_format}{/ref}"],
    "downloads_url": ["https://api.github.com/repos/gaocegege/wechat-user-statistics/downloads"],
    "issues_url": ["https://api.github.com/repos/gaocegege/wechat-user-statistics/issues{/number}"],
    "pulls_url": ["https://api.github.com/repos/gaocegege/wechat-user-statistics/pulls{/number}"],
    "milestones_url": ["https://api.github.com/repos/gaocegege/wechat-user-statistics/milestones{/number}"],
    "notifications_url": ["https://api.github.com/repos/gaocegege/wechat-user-statistics/notifications{?since,all,participating}"],
    "labels_url": ["https://api.github.com/repos/gaocegege/wechat-user-statistics/labels{/name}"],
    "releases_url": ["https://api.github.com/repos/gaocegege/wechat-user-statistics/releases{/id}"],
    "deployments_url": ["https://api.github.com/repos/gaocegege/wechat-user-statistics/deployments"],
    "created_at": ["2016-01-10T15:52:24Z"],
    "updated_at": ["2017-02-20T05:48:51Z"],
    "pushed_at": ["2016-01-10T15:55:15Z"],
    "git_url": ["git://github.com/gaocegege/wechat-user-statistics.git"],
    "ssh_url": ["git@github.com:gaocegege/wechat-user-statistics.git"],
    "clone_url": ["https://github.com/gaocegege/wechat-user-statistics.git"],
    "svn_url": ["https://github.com/gaocegege/wechat-user-statistics"],
    "homepage": {},
    "size": [1],
    "stargazers_count": [1],
    "watchers_count": [1],
    "language": {},
    "has_issues": [true],
    "has_projects": [true],
    "has_downloads": [true],
    "has_wiki": [true],
    "has_pages": [false],
    "forks_count": [0],
    "mirror_url": {},
    "archived": [false],
    "open_issues_count": [0],
    "license": {},
    "forks": [0],
    "open_issues": [0],
    "watchers": [1],
    "default_branch": ["master"],
    "permissions": {
      "admin": [false],
      "push": [false],
      "pull": [true]
    }
  }
]
