[
  {
    "id": [79900148],
    "node_id": ["MDEwOlJlcG9zaXRvcnk3OTkwMDE0OA=="],
    "name": ["projects"],
    "full_name": ["gaocegege/projects"],
    "private": [false],
    "owner": {
      "login": ["gaocegege"],
      "id": [5100735],
      "node_id": ["MDQ6VXNlcjUxMDA3MzU="],
      "avatar_url": ["https://avatars3.githubusercontent.com/u/5100735?v=4"],
      "gravatar_id": [""],
      "url": ["https://api.github.com/users/gaocegege"],
      "html_url": ["https://github.com/gaocegege"],
      "followers_url": ["https://api.github.com/users/gaocegege/followers"],
      "following_url": ["https://api.github.com/users/gaocegege/following{/other_user}"],
      "gists_url": ["https://api.github.com/users/gaocegege/gists{/gist_id}"],
      "starred_url": ["https://api.github.com/users/gaocegege/starred{/owner}{/repo}"],
      "subscriptions_url": ["https://api.github.com/users/gaocegege/subscriptions"],
      "organizations_url": ["https://api.github.com/users/gaocegege/orgs"],
      "repos_url": ["https://api.github.com/users/gaocegege/repos"],
      "events_url": ["https://api.github.com/users/gaocegege/events{/privacy}"],
      "received_events_url": ["https://api.github.com/users/gaocegege/received_events"],
      "type": ["User"],
      "site_admin": [false]
    },
    "html_url": ["https://github.com/gaocegege/projects"],
    "description": ["A website that showcases interesting projects!"],
    "fork": [true],
    "url": ["https://api.github.com/repos/gaocegege/projects"],
    "forks_url": ["https://api.github.com/repos/gaocegege/projects/forks"],
    "keys_url": ["https://api.github.com/repos/gaocegege/projects/keys{/key_id}"],
    "collaborators_url": ["https://api.github.com/repos/gaocegege/projects/collaborators{/collaborator}"],
    "teams_url": ["https://api.github.com/repos/gaocegege/projects/teams"],
    "hooks_url": ["https://api.github.com/repos/gaocegege/projects/hooks"],
    "issue_events_url": ["https://api.github.com/repos/gaocegege/projects/issues/events{/number}"],
    "events_url": ["https://api.github.com/repos/gaocegege/projects/events"],
    "assignees_url": ["https://api.github.com/repos/gaocegege/projects/assignees{/user}"],
    "branches_url": ["https://api.github.com/repos/gaocegege/projects/branches{/branch}"],
    "tags_url": ["https://api.github.com/repos/gaocegege/projects/tags"],
    "blobs_url": ["https://api.github.com/repos/gaocegege/projects/git/blobs{/sha}"],
    "git_tags_url": ["https://api.github.com/repos/gaocegege/projects/git/tags{/sha}"],
    "git_refs_url": ["https://api.github.com/repos/gaocegege/projects/git/refs{/sha}"],
    "trees_url": ["https://api.github.com/repos/gaocegege/projects/git/trees{/sha}"],
    "statuses_url": ["https://api.github.com/repos/gaocegege/projects/statuses/{sha}"],
    "languages_url": ["https://api.github.com/repos/gaocegege/projects/languages"],
    "stargazers_url": ["https://api.github.com/repos/gaocegege/projects/stargazers"],
    "contributors_url": ["https://api.github.com/repos/gaocegege/projects/contributors"],
    "subscribers_url": ["https://api.github.com/repos/gaocegege/projects/subscribers"],
    "subscription_url": ["https://api.github.com/repos/gaocegege/projects/subscription"],
    "commits_url": ["https://api.github.com/repos/gaocegege/projects/commits{/sha}"],
    "git_commits_url": ["https://api.github.com/repos/gaocegege/projects/git/commits{/sha}"],
    "comments_url": ["https://api.github.com/repos/gaocegege/projects/comments{/number}"],
    "issue_comment_url": ["https://api.github.com/repos/gaocegege/projects/issues/comments{/number}"],
    "contents_url": ["https://api.github.com/repos/gaocegege/projects/contents/{+path}"],
    "compare_url": ["https://api.github.com/repos/gaocegege/projects/compare/{base}...{head}"],
    "merges_url": ["https://api.github.com/repos/gaocegege/projects/merges"],
    "archive_url": ["https://api.github.com/repos/gaocegege/projects/{archive_format}{/ref}"],
    "downloads_url": ["https://api.github.com/repos/gaocegege/projects/downloads"],
    "issues_url": ["https://api.github.com/repos/gaocegege/projects/issues{/number}"],
    "pulls_url": ["https://api.github.com/repos/gaocegege/projects/pulls{/number}"],
    "milestones_url": ["https://api.github.com/repos/gaocegege/projects/milestones{/number}"],
    "notifications_url": ["https://api.github.com/repos/gaocegege/projects/notifications{?since,all,participating}"],
    "labels_url": ["https://api.github.com/repos/gaocegege/projects/labels{/name}"],
    "releases_url": ["https://api.github.com/repos/gaocegege/projects/releases{/id}"],
    "deployments_url": ["https://api.github.com/repos/gaocegege/projects/deployments"],
    "created_at": ["2017-01-24T10:11:08Z"],
    "updated_at": ["2017-01-28T00:01:31Z"],
    "pushed_at": ["2018-03-23T07:36:24Z"],
    "git_url": ["git://github.com/gaocegege/projects.git"],
    "ssh_url": ["git@github.com:gaocegege/projects.git"],
    "clone_url": ["https://github.com/gaocegege/projects.git"],
    "svn_url": ["https://github.com/gaocegege/projects"],
    "homepage": ["http://projects.coala.io/"],
    "size": [610],
    "stargazers_count": [0],
    "watchers_count": [0],
    "language": ["JavaScript"],
    "has_issues": [false],
    "has_projects": [true],
    "has_downloads": [true],
    "has_wiki": [false],
    "has_pages": [false],
    "forks_count": [0],
    "mirror_url": {},
    "archived": [false],
    "open_issues_count": [0],
    "license": {
      "key": ["agpl-3.0"],
      "name": ["GNU Affero General Public License v3.0"],
      "spdx_id": ["AGPL-3.0"],
      "url": ["https://api.github.com/licenses/agpl-3.0"],
      "node_id": ["MDc6TGljZW5zZTE="]
    },
    "forks": [0],
    "open_issues": [0],
    "watchers": [0],
    "default_branch": ["master"],
    "permissions": {
      "admin": [false],
      "push": [false],
      "pull": [true]
    }
  }
]
