[
  {
    "id": [105968378],
    "node_id": ["MDEwOlJlcG9zaXRvcnkxMDU5NjgzNzg="],
    "name": ["ali-clusterdata-analyzer"],
    "full_name": ["gaocegege/ali-clusterdata-analyzer"],
    "private": [false],
    "owner": {
      "login": ["gaocegege"],
      "id": [5100735],
      "node_id": ["MDQ6VXNlcjUxMDA3MzU="],
      "avatar_url": ["https://avatars3.githubusercontent.com/u/5100735?v=4"],
      "gravatar_id": [""],
      "url": ["https://api.github.com/users/gaocegege"],
      "html_url": ["https://github.com/gaocegege"],
      "followers_url": ["https://api.github.com/users/gaocegege/followers"],
      "following_url": ["https://api.github.com/users/gaocegege/following{/other_user}"],
      "gists_url": ["https://api.github.com/users/gaocegege/gists{/gist_id}"],
      "starred_url": ["https://api.github.com/users/gaocegege/starred{/owner}{/repo}"],
      "subscriptions_url": ["https://api.github.com/users/gaocegege/subscriptions"],
      "organizations_url": ["https://api.github.com/users/gaocegege/orgs"],
      "repos_url": ["https://api.github.com/users/gaocegege/repos"],
      "events_url": ["https://api.github.com/users/gaocegege/events{/privacy}"],
      "received_events_url": ["https://api.github.com/users/gaocegege/received_events"],
      "type": ["User"],
      "site_admin": [false]
    },
    "html_url": ["https://github.com/gaocegege/ali-clusterdata-analyzer"],
    "description": {},
    "fork": [false],
    "url": ["https://api.github.com/repos/gaocegege/ali-clusterdata-analyzer"],
    "forks_url": ["https://api.github.com/repos/gaocegege/ali-clusterdata-analyzer/forks"],
    "keys_url": ["https://api.github.com/repos/gaocegege/ali-clusterdata-analyzer/keys{/key_id}"],
    "collaborators_url": ["https://api.github.com/repos/gaocegege/ali-clusterdata-analyzer/collaborators{/collaborator}"],
    "teams_url": ["https://api.github.com/repos/gaocegege/ali-clusterdata-analyzer/teams"],
    "hooks_url": ["https://api.github.com/repos/gaocegege/ali-clusterdata-analyzer/hooks"],
    "issue_events_url": ["https://api.github.com/repos/gaocegege/ali-clusterdata-analyzer/issues/events{/number}"],
    "events_url": ["https://api.github.com/repos/gaocegege/ali-clusterdata-analyzer/events"],
    "assignees_url": ["https://api.github.com/repos/gaocegege/ali-clusterdata-analyzer/assignees{/user}"],
    "branches_url": ["https://api.github.com/repos/gaocegege/ali-clusterdata-analyzer/branches{/branch}"],
    "tags_url": ["https://api.github.com/repos/gaocegege/ali-clusterdata-analyzer/tags"],
    "blobs_url": ["https://api.github.com/repos/gaocegege/ali-clusterdata-analyzer/git/blobs{/sha}"],
    "git_tags_url": ["https://api.github.com/repos/gaocegege/ali-clusterdata-analyzer/git/tags{/sha}"],
    "git_refs_url": ["https://api.github.com/repos/gaocegege/ali-clusterdata-analyzer/git/refs{/sha}"],
    "trees_url": ["https://api.github.com/repos/gaocegege/ali-clusterdata-analyzer/git/trees{/sha}"],
    "statuses_url": ["https://api.github.com/repos/gaocegege/ali-clusterdata-analyzer/statuses/{sha}"],
    "languages_url": ["https://api.github.com/repos/gaocegege/ali-clusterdata-analyzer/languages"],
    "stargazers_url": ["https://api.github.com/repos/gaocegege/ali-clusterdata-analyzer/stargazers"],
    "contributors_url": ["https://api.github.com/repos/gaocegege/ali-clusterdata-analyzer/contributors"],
    "subscribers_url": ["https://api.github.com/repos/gaocegege/ali-clusterdata-analyzer/subscribers"],
    "subscription_url": ["https://api.github.com/repos/gaocegege/ali-clusterdata-analyzer/subscription"],
    "commits_url": ["https://api.github.com/repos/gaocegege/ali-clusterdata-analyzer/commits{/sha}"],
    "git_commits_url": ["https://api.github.com/repos/gaocegege/ali-clusterdata-analyzer/git/commits{/sha}"],
    "comments_url": ["https://api.github.com/repos/gaocegege/ali-clusterdata-analyzer/comments{/number}"],
    "issue_comment_url": ["https://api.github.com/repos/gaocegege/ali-clusterdata-analyzer/issues/comments{/number}"],
    "contents_url": ["https://api.github.com/repos/gaocegege/ali-clusterdata-analyzer/contents/{+path}"],
    "compare_url": ["https://api.github.com/repos/gaocegege/ali-clusterdata-analyzer/compare/{base}...{head}"],
    "merges_url": ["https://api.github.com/repos/gaocegege/ali-clusterdata-analyzer/merges"],
    "archive_url": ["https://api.github.com/repos/gaocegege/ali-clusterdata-analyzer/{archive_format}{/ref}"],
    "downloads_url": ["https://api.github.com/repos/gaocegege/ali-clusterdata-analyzer/downloads"],
    "issues_url": ["https://api.github.com/repos/gaocegege/ali-clusterdata-analyzer/issues{/number}"],
    "pulls_url": ["https://api.github.com/repos/gaocegege/ali-clusterdata-analyzer/pulls{/number}"],
    "milestones_url": ["https://api.github.com/repos/gaocegege/ali-clusterdata-analyzer/milestones{/number}"],
    "notifications_url": ["https://api.github.com/repos/gaocegege/ali-clusterdata-analyzer/notifications{?since,all,participating}"],
    "labels_url": ["https://api.github.com/repos/gaocegege/ali-clusterdata-analyzer/labels{/name}"],
    "releases_url": ["https://api.github.com/repos/gaocegege/ali-clusterdata-analyzer/releases{/id}"],
    "deployments_url": ["https://api.github.com/repos/gaocegege/ali-clusterdata-analyzer/deployments"],
    "created_at": ["2017-10-06T04:49:31Z"],
    "updated_at": ["2017-10-06T04:49:58Z"],
    "pushed_at": ["2017-10-09T04:19:55Z"],
    "git_url": ["git://github.com/gaocegege/ali-clusterdata-analyzer.git"],
    "ssh_url": ["git@github.com:gaocegege/ali-clusterdata-analyzer.git"],
    "clone_url": ["https://github.com/gaocegege/ali-clusterdata-analyzer.git"],
    "svn_url": ["https://github.com/gaocegege/ali-clusterdata-analyzer"],
    "homepage": {},
    "size": [8],
    "stargazers_count": [0],
    "watchers_count": [0],
    "language": ["Go"],
    "has_issues": [true],
    "has_projects": [true],
    "has_downloads": [true],
    "has_wiki": [true],
    "has_pages": [false],
    "forks_count": [0],
    "mirror_url": {},
    "archived": [false],
    "open_issues_count": [0],
    "license": {
      "key": ["apache-2.0"],
      "name": ["Apache License 2.0"],
      "spdx_id": ["Apache-2.0"],
      "url": ["https://api.github.com/licenses/apache-2.0"],
      "node_id": ["MDc6TGljZW5zZTI="]
    },
    "forks": [0],
    "open_issues": [0],
    "watchers": [0],
    "default_branch": ["master"],
    "permissions": {
      "admin": [false],
      "push": [false],
      "pull": [true]
    }
  }
]
