[
  {
    "id": [72073983],
    "node_id": ["MDEwOlJlcG9zaXRvcnk3MjA3Mzk4Mw=="],
    "name": ["treadmill"],
    "full_name": ["gaocegege/treadmill"],
    "private": [false],
    "owner": {
      "login": ["gaocegege"],
      "id": [5100735],
      "node_id": ["MDQ6VXNlcjUxMDA3MzU="],
      "avatar_url": ["https://avatars3.githubusercontent.com/u/5100735?v=4"],
      "gravatar_id": [""],
      "url": ["https://api.github.com/users/gaocegege"],
      "html_url": ["https://github.com/gaocegege"],
      "followers_url": ["https://api.github.com/users/gaocegege/followers"],
      "following_url": ["https://api.github.com/users/gaocegege/following{/other_user}"],
      "gists_url": ["https://api.github.com/users/gaocegege/gists{/gist_id}"],
      "starred_url": ["https://api.github.com/users/gaocegege/starred{/owner}{/repo}"],
      "subscriptions_url": ["https://api.github.com/users/gaocegege/subscriptions"],
      "organizations_url": ["https://api.github.com/users/gaocegege/orgs"],
      "repos_url": ["https://api.github.com/users/gaocegege/repos"],
      "events_url": ["https://api.github.com/users/gaocegege/events{/privacy}"],
      "received_events_url": ["https://api.github.com/users/gaocegege/received_events"],
      "type": ["User"],
      "site_admin": [false]
    },
    "html_url": ["https://github.com/gaocegege/treadmill"],
    "description": ["lightweight, container-based compute fabric"],
    "fork": [true],
    "url": ["https://api.github.com/repos/gaocegege/treadmill"],
    "forks_url": ["https://api.github.com/repos/gaocegege/treadmill/forks"],
    "keys_url": ["https://api.github.com/repos/gaocegege/treadmill/keys{/key_id}"],
    "collaborators_url": ["https://api.github.com/repos/gaocegege/treadmill/collaborators{/collaborator}"],
    "teams_url": ["https://api.github.com/repos/gaocegege/treadmill/teams"],
    "hooks_url": ["https://api.github.com/repos/gaocegege/treadmill/hooks"],
    "issue_events_url": ["https://api.github.com/repos/gaocegege/treadmill/issues/events{/number}"],
    "events_url": ["https://api.github.com/repos/gaocegege/treadmill/events"],
    "assignees_url": ["https://api.github.com/repos/gaocegege/treadmill/assignees{/user}"],
    "branches_url": ["https://api.github.com/repos/gaocegege/treadmill/branches{/branch}"],
    "tags_url": ["https://api.github.com/repos/gaocegege/treadmill/tags"],
    "blobs_url": ["https://api.github.com/repos/gaocegege/treadmill/git/blobs{/sha}"],
    "git_tags_url": ["https://api.github.com/repos/gaocegege/treadmill/git/tags{/sha}"],
    "git_refs_url": ["https://api.github.com/repos/gaocegege/treadmill/git/refs{/sha}"],
    "trees_url": ["https://api.github.com/repos/gaocegege/treadmill/git/trees{/sha}"],
    "statuses_url": ["https://api.github.com/repos/gaocegege/treadmill/statuses/{sha}"],
    "languages_url": ["https://api.github.com/repos/gaocegege/treadmill/languages"],
    "stargazers_url": ["https://api.github.com/repos/gaocegege/treadmill/stargazers"],
    "contributors_url": ["https://api.github.com/repos/gaocegege/treadmill/contributors"],
    "subscribers_url": ["https://api.github.com/repos/gaocegege/treadmill/subscribers"],
    "subscription_url": ["https://api.github.com/repos/gaocegege/treadmill/subscription"],
    "commits_url": ["https://api.github.com/repos/gaocegege/treadmill/commits{/sha}"],
    "git_commits_url": ["https://api.github.com/repos/gaocegege/treadmill/git/commits{/sha}"],
    "comments_url": ["https://api.github.com/repos/gaocegege/treadmill/comments{/number}"],
    "issue_comment_url": ["https://api.github.com/repos/gaocegege/treadmill/issues/comments{/number}"],
    "contents_url": ["https://api.github.com/repos/gaocegege/treadmill/contents/{+path}"],
    "compare_url": ["https://api.github.com/repos/gaocegege/treadmill/compare/{base}...{head}"],
    "merges_url": ["https://api.github.com/repos/gaocegege/treadmill/merges"],
    "archive_url": ["https://api.github.com/repos/gaocegege/treadmill/{archive_format}{/ref}"],
    "downloads_url": ["https://api.github.com/repos/gaocegege/treadmill/downloads"],
    "issues_url": ["https://api.github.com/repos/gaocegege/treadmill/issues{/number}"],
    "pulls_url": ["https://api.github.com/repos/gaocegege/treadmill/pulls{/number}"],
    "milestones_url": ["https://api.github.com/repos/gaocegege/treadmill/milestones{/number}"],
    "notifications_url": ["https://api.github.com/repos/gaocegege/treadmill/notifications{?since,all,participating}"],
    "labels_url": ["https://api.github.com/repos/gaocegege/treadmill/labels{/name}"],
    "releases_url": ["https://api.github.com/repos/gaocegege/treadmill/releases{/id}"],
    "deployments_url": ["https://api.github.com/repos/gaocegege/treadmill/deployments"],
    "created_at": ["2016-10-27T05:27:30Z"],
    "updated_at": ["2017-08-01T07:05:34Z"],
    "pushed_at": ["2017-09-09T11:43:10Z"],
    "git_url": ["git://github.com/gaocegege/treadmill.git"],
    "ssh_url": ["git@github.com:gaocegege/treadmill.git"],
    "clone_url": ["https://github.com/gaocegege/treadmill.git"],
    "svn_url": ["https://github.com/gaocegege/treadmill"],
    "homepage": {},
    "size": [30912],
    "stargazers_count": [1],
    "watchers_count": [1],
    "language": ["HTML"],
    "has_issues": [false],
    "has_projects": [true],
    "has_downloads": [true],
    "has_wiki": [true],
    "has_pages": [false],
    "forks_count": [1],
    "mirror_url": {},
    "archived": [false],
    "open_issues_count": [0],
    "license": {
      "key": ["apache-2.0"],
      "name": ["Apache License 2.0"],
      "spdx_id": ["Apache-2.0"],
      "url": ["https://api.github.com/licenses/apache-2.0"],
      "node_id": ["MDc6TGljZW5zZTI="]
    },
    "forks": [1],
    "open_issues": [0],
    "watchers": [1],
    "default_branch": ["dev/2017-5-18"],
    "permissions": {
      "admin": [false],
      "push": [false],
      "pull": [true]
    }
  }
]
