[
  {
    "id": [146191447],
    "node_id": ["MDEwOlJlcG9zaXRvcnkxNDYxOTE0NDc="],
    "name": ["tensorflow"],
    "full_name": ["gaocegege/tensorflow"],
    "private": [false],
    "owner": {
      "login": ["gaocegege"],
      "id": [5100735],
      "node_id": ["MDQ6VXNlcjUxMDA3MzU="],
      "avatar_url": ["https://avatars3.githubusercontent.com/u/5100735?v=4"],
      "gravatar_id": [""],
      "url": ["https://api.github.com/users/gaocegege"],
      "html_url": ["https://github.com/gaocegege"],
      "followers_url": ["https://api.github.com/users/gaocegege/followers"],
      "following_url": ["https://api.github.com/users/gaocegege/following{/other_user}"],
      "gists_url": ["https://api.github.com/users/gaocegege/gists{/gist_id}"],
      "starred_url": ["https://api.github.com/users/gaocegege/starred{/owner}{/repo}"],
      "subscriptions_url": ["https://api.github.com/users/gaocegege/subscriptions"],
      "organizations_url": ["https://api.github.com/users/gaocegege/orgs"],
      "repos_url": ["https://api.github.com/users/gaocegege/repos"],
      "events_url": ["https://api.github.com/users/gaocegege/events{/privacy}"],
      "received_events_url": ["https://api.github.com/users/gaocegege/received_events"],
      "type": ["User"],
      "site_admin": [false]
    },
    "html_url": ["https://github.com/gaocegege/tensorflow"],
    "description": ["Computation using data flow graphs for scalable machine learning"],
    "fork": [true],
    "url": ["https://api.github.com/repos/gaocegege/tensorflow"],
    "forks_url": ["https://api.github.com/repos/gaocegege/tensorflow/forks"],
    "keys_url": ["https://api.github.com/repos/gaocegege/tensorflow/keys{/key_id}"],
    "collaborators_url": ["https://api.github.com/repos/gaocegege/tensorflow/collaborators{/collaborator}"],
    "teams_url": ["https://api.github.com/repos/gaocegege/tensorflow/teams"],
    "hooks_url": ["https://api.github.com/repos/gaocegege/tensorflow/hooks"],
    "issue_events_url": ["https://api.github.com/repos/gaocegege/tensorflow/issues/events{/number}"],
    "events_url": ["https://api.github.com/repos/gaocegege/tensorflow/events"],
    "assignees_url": ["https://api.github.com/repos/gaocegege/tensorflow/assignees{/user}"],
    "branches_url": ["https://api.github.com/repos/gaocegege/tensorflow/branches{/branch}"],
    "tags_url": ["https://api.github.com/repos/gaocegege/tensorflow/tags"],
    "blobs_url": ["https://api.github.com/repos/gaocegege/tensorflow/git/blobs{/sha}"],
    "git_tags_url": ["https://api.github.com/repos/gaocegege/tensorflow/git/tags{/sha}"],
    "git_refs_url": ["https://api.github.com/repos/gaocegege/tensorflow/git/refs{/sha}"],
    "trees_url": ["https://api.github.com/repos/gaocegege/tensorflow/git/trees{/sha}"],
    "statuses_url": ["https://api.github.com/repos/gaocegege/tensorflow/statuses/{sha}"],
    "languages_url": ["https://api.github.com/repos/gaocegege/tensorflow/languages"],
    "stargazers_url": ["https://api.github.com/repos/gaocegege/tensorflow/stargazers"],
    "contributors_url": ["https://api.github.com/repos/gaocegege/tensorflow/contributors"],
    "subscribers_url": ["https://api.github.com/repos/gaocegege/tensorflow/subscribers"],
    "subscription_url": ["https://api.github.com/repos/gaocegege/tensorflow/subscription"],
    "commits_url": ["https://api.github.com/repos/gaocegege/tensorflow/commits{/sha}"],
    "git_commits_url": ["https://api.github.com/repos/gaocegege/tensorflow/git/commits{/sha}"],
    "comments_url": ["https://api.github.com/repos/gaocegege/tensorflow/comments{/number}"],
    "issue_comment_url": ["https://api.github.com/repos/gaocegege/tensorflow/issues/comments{/number}"],
    "contents_url": ["https://api.github.com/repos/gaocegege/tensorflow/contents/{+path}"],
    "compare_url": ["https://api.github.com/repos/gaocegege/tensorflow/compare/{base}...{head}"],
    "merges_url": ["https://api.github.com/repos/gaocegege/tensorflow/merges"],
    "archive_url": ["https://api.github.com/repos/gaocegege/tensorflow/{archive_format}{/ref}"],
    "downloads_url": ["https://api.github.com/repos/gaocegege/tensorflow/downloads"],
    "issues_url": ["https://api.github.com/repos/gaocegege/tensorflow/issues{/number}"],
    "pulls_url": ["https://api.github.com/repos/gaocegege/tensorflow/pulls{/number}"],
    "milestones_url": ["https://api.github.com/repos/gaocegege/tensorflow/milestones{/number}"],
    "notifications_url": ["https://api.github.com/repos/gaocegege/tensorflow/notifications{?since,all,participating}"],
    "labels_url": ["https://api.github.com/repos/gaocegege/tensorflow/labels{/name}"],
    "releases_url": ["https://api.github.com/repos/gaocegege/tensorflow/releases{/id}"],
    "deployments_url": ["https://api.github.com/repos/gaocegege/tensorflow/deployments"],
    "created_at": ["2018-08-26T15:13:54Z"],
    "updated_at": ["2018-08-26T15:14:37Z"],
    "pushed_at": ["2018-08-26T09:11:50Z"],
    "git_url": ["git://github.com/gaocegege/tensorflow.git"],
    "ssh_url": ["git@github.com:gaocegege/tensorflow.git"],
    "clone_url": ["https://github.com/gaocegege/tensorflow.git"],
    "svn_url": ["https://github.com/gaocegege/tensorflow"],
    "homepage": ["https://tensorflow.org"],
    "size": [250679],
    "stargazers_count": [0],
    "watchers_count": [0],
    "language": ["C++"],
    "has_issues": [false],
    "has_projects": [true],
    "has_downloads": [true],
    "has_wiki": [false],
    "has_pages": [false],
    "forks_count": [0],
    "mirror_url": {},
    "archived": [false],
    "open_issues_count": [0],
    "license": {
      "key": ["apache-2.0"],
      "name": ["Apache License 2.0"],
      "spdx_id": ["Apache-2.0"],
      "url": ["https://api.github.com/licenses/apache-2.0"],
      "node_id": ["MDc6TGljZW5zZTI="]
    },
    "forks": [0],
    "open_issues": [0],
    "watchers": [0],
    "default_branch": ["master"],
    "permissions": {
      "admin": [false],
      "push": [false],
      "pull": [true]
    }
  }
]
