[
  {
    "id": [136431575],
    "node_id": ["MDEwOlJlcG9zaXRvcnkxMzY0MzE1NzU="],
    "name": ["SJTUThesis-Rmd"],
    "full_name": ["gaocegege/SJTUThesis-Rmd"],
    "private": [false],
    "owner": {
      "login": ["gaocegege"],
      "id": [5100735],
      "node_id": ["MDQ6VXNlcjUxMDA3MzU="],
      "avatar_url": ["https://avatars3.githubusercontent.com/u/5100735?v=4"],
      "gravatar_id": [""],
      "url": ["https://api.github.com/users/gaocegege"],
      "html_url": ["https://github.com/gaocegege"],
      "followers_url": ["https://api.github.com/users/gaocegege/followers"],
      "following_url": ["https://api.github.com/users/gaocegege/following{/other_user}"],
      "gists_url": ["https://api.github.com/users/gaocegege/gists{/gist_id}"],
      "starred_url": ["https://api.github.com/users/gaocegege/starred{/owner}{/repo}"],
      "subscriptions_url": ["https://api.github.com/users/gaocegege/subscriptions"],
      "organizations_url": ["https://api.github.com/users/gaocegege/orgs"],
      "repos_url": ["https://api.github.com/users/gaocegege/repos"],
      "events_url": ["https://api.github.com/users/gaocegege/events{/privacy}"],
      "received_events_url": ["https://api.github.com/users/gaocegege/received_events"],
      "type": ["User"],
      "site_admin": [false]
    },
    "html_url": ["https://github.com/gaocegege/SJTUThesis-Rmd"],
    "description": ["<U+57FA><U+4E8E>https://github.com/sjtug/SJTUThesis <U+4F7F><U+7528> bookdown <U+6539><U+7F16>"],
    "fork": [true],
    "url": ["https://api.github.com/repos/gaocegege/SJTUThesis-Rmd"],
    "forks_url": ["https://api.github.com/repos/gaocegege/SJTUThesis-Rmd/forks"],
    "keys_url": ["https://api.github.com/repos/gaocegege/SJTUThesis-Rmd/keys{/key_id}"],
    "collaborators_url": ["https://api.github.com/repos/gaocegege/SJTUThesis-Rmd/collaborators{/collaborator}"],
    "teams_url": ["https://api.github.com/repos/gaocegege/SJTUThesis-Rmd/teams"],
    "hooks_url": ["https://api.github.com/repos/gaocegege/SJTUThesis-Rmd/hooks"],
    "issue_events_url": ["https://api.github.com/repos/gaocegege/SJTUThesis-Rmd/issues/events{/number}"],
    "events_url": ["https://api.github.com/repos/gaocegege/SJTUThesis-Rmd/events"],
    "assignees_url": ["https://api.github.com/repos/gaocegege/SJTUThesis-Rmd/assignees{/user}"],
    "branches_url": ["https://api.github.com/repos/gaocegege/SJTUThesis-Rmd/branches{/branch}"],
    "tags_url": ["https://api.github.com/repos/gaocegege/SJTUThesis-Rmd/tags"],
    "blobs_url": ["https://api.github.com/repos/gaocegege/SJTUThesis-Rmd/git/blobs{/sha}"],
    "git_tags_url": ["https://api.github.com/repos/gaocegege/SJTUThesis-Rmd/git/tags{/sha}"],
    "git_refs_url": ["https://api.github.com/repos/gaocegege/SJTUThesis-Rmd/git/refs{/sha}"],
    "trees_url": ["https://api.github.com/repos/gaocegege/SJTUThesis-Rmd/git/trees{/sha}"],
    "statuses_url": ["https://api.github.com/repos/gaocegege/SJTUThesis-Rmd/statuses/{sha}"],
    "languages_url": ["https://api.github.com/repos/gaocegege/SJTUThesis-Rmd/languages"],
    "stargazers_url": ["https://api.github.com/repos/gaocegege/SJTUThesis-Rmd/stargazers"],
    "contributors_url": ["https://api.github.com/repos/gaocegege/SJTUThesis-Rmd/contributors"],
    "subscribers_url": ["https://api.github.com/repos/gaocegege/SJTUThesis-Rmd/subscribers"],
    "subscription_url": ["https://api.github.com/repos/gaocegege/SJTUThesis-Rmd/subscription"],
    "commits_url": ["https://api.github.com/repos/gaocegege/SJTUThesis-Rmd/commits{/sha}"],
    "git_commits_url": ["https://api.github.com/repos/gaocegege/SJTUThesis-Rmd/git/commits{/sha}"],
    "comments_url": ["https://api.github.com/repos/gaocegege/SJTUThesis-Rmd/comments{/number}"],
    "issue_comment_url": ["https://api.github.com/repos/gaocegege/SJTUThesis-Rmd/issues/comments{/number}"],
    "contents_url": ["https://api.github.com/repos/gaocegege/SJTUThesis-Rmd/contents/{+path}"],
    "compare_url": ["https://api.github.com/repos/gaocegege/SJTUThesis-Rmd/compare/{base}...{head}"],
    "merges_url": ["https://api.github.com/repos/gaocegege/SJTUThesis-Rmd/merges"],
    "archive_url": ["https://api.github.com/repos/gaocegege/SJTUThesis-Rmd/{archive_format}{/ref}"],
    "downloads_url": ["https://api.github.com/repos/gaocegege/SJTUThesis-Rmd/downloads"],
    "issues_url": ["https://api.github.com/repos/gaocegege/SJTUThesis-Rmd/issues{/number}"],
    "pulls_url": ["https://api.github.com/repos/gaocegege/SJTUThesis-Rmd/pulls{/number}"],
    "milestones_url": ["https://api.github.com/repos/gaocegege/SJTUThesis-Rmd/milestones{/number}"],
    "notifications_url": ["https://api.github.com/repos/gaocegege/SJTUThesis-Rmd/notifications{?since,all,participating}"],
    "labels_url": ["https://api.github.com/repos/gaocegege/SJTUThesis-Rmd/labels{/name}"],
    "releases_url": ["https://api.github.com/repos/gaocegege/SJTUThesis-Rmd/releases{/id}"],
    "deployments_url": ["https://api.github.com/repos/gaocegege/SJTUThesis-Rmd/deployments"],
    "created_at": ["2018-06-07T06:22:16Z"],
    "updated_at": ["2018-06-07T06:22:18Z"],
    "pushed_at": ["2018-06-06T10:38:35Z"],
    "git_url": ["git://github.com/gaocegege/SJTUThesis-Rmd.git"],
    "ssh_url": ["git@github.com:gaocegege/SJTUThesis-Rmd.git"],
    "clone_url": ["https://github.com/gaocegege/SJTUThesis-Rmd.git"],
    "svn_url": ["https://github.com/gaocegege/SJTUThesis-Rmd"],
    "homepage": {},
    "size": [12156],
    "stargazers_count": [0],
    "watchers_count": [0],
    "language": ["TeX"],
    "has_issues": [false],
    "has_projects": [true],
    "has_downloads": [true],
    "has_wiki": [true],
    "has_pages": [false],
    "forks_count": [0],
    "mirror_url": {},
    "archived": [false],
    "open_issues_count": [0],
    "license": {
      "key": ["bsd-3-clause"],
      "name": ["BSD 3-Clause \"New\" or \"Revised\" License"],
      "spdx_id": ["BSD-3-Clause"],
      "url": ["https://api.github.com/licenses/bsd-3-clause"],
      "node_id": ["MDc6TGljZW5zZTU="]
    },
    "forks": [0],
    "open_issues": [0],
    "watchers": [0],
    "default_branch": ["master"],
    "permissions": {
      "admin": [false],
      "push": [false],
      "pull": [true]
    }
  }
]
