[
  {
    "id": [60501290],
    "node_id": ["MDEwOlJlcG9zaXRvcnk2MDUwMTI5MA=="],
    "name": ["MagicWebsiteMirror"],
    "full_name": ["gaocegege/MagicWebsiteMirror"],
    "private": [false],
    "owner": {
      "login": ["gaocegege"],
      "id": [5100735],
      "node_id": ["MDQ6VXNlcjUxMDA3MzU="],
      "avatar_url": ["https://avatars3.githubusercontent.com/u/5100735?v=4"],
      "gravatar_id": [""],
      "url": ["https://api.github.com/users/gaocegege"],
      "html_url": ["https://github.com/gaocegege"],
      "followers_url": ["https://api.github.com/users/gaocegege/followers"],
      "following_url": ["https://api.github.com/users/gaocegege/following{/other_user}"],
      "gists_url": ["https://api.github.com/users/gaocegege/gists{/gist_id}"],
      "starred_url": ["https://api.github.com/users/gaocegege/starred{/owner}{/repo}"],
      "subscriptions_url": ["https://api.github.com/users/gaocegege/subscriptions"],
      "organizations_url": ["https://api.github.com/users/gaocegege/orgs"],
      "repos_url": ["https://api.github.com/users/gaocegege/repos"],
      "events_url": ["https://api.github.com/users/gaocegege/events{/privacy}"],
      "received_events_url": ["https://api.github.com/users/gaocegege/received_events"],
      "type": ["User"],
      "site_admin": [false]
    },
    "html_url": ["https://github.com/gaocegege/MagicWebsiteMirror"],
    "description": ["reverse http proxy designed to automatically and completely mirror a website (eg. google/twitter), support CDN, cache, visitor verification <U+5FEB><U+901F><U+800C><U+7B80><U+5355><U+5730><U+521B><U+5EFA><U+4EFB><U+610F><U+7F51><U+7AD9><U+5168><U+529F><U+80FD><U+955C><U+50CF><U+7684><U+53CD><U+5411><U+4EE3><U+7406>, Google<U+955C><U+50CF><U+9664><U+767B><U+9646><U+6682><U+4E0D><U+5B8C><U+5584><U+5916><U+5B8C><U+5168><U+652F><U+6301>(<U+542B><U+56FE><U+7247>/<U+5B66><U+672F>/<U+89C6><U+9891>/<U+56FE><U+4E66>/etc..), twitter<U+955C><U+50CF>/<U+7EF4><U+57FA><U+955C><U+50CF><U+5B8C><U+6574><U+652F><U+6301>, youtube<U+955C><U+50CF><U+9664><U+4E0D><U+652F><U+6301>iOS<U+5916><U+5B8C><U+6574>"],
    "fork": [true],
    "url": ["https://api.github.com/repos/gaocegege/MagicWebsiteMirror"],
    "forks_url": ["https://api.github.com/repos/gaocegege/MagicWebsiteMirror/forks"],
    "keys_url": ["https://api.github.com/repos/gaocegege/MagicWebsiteMirror/keys{/key_id}"],
    "collaborators_url": ["https://api.github.com/repos/gaocegege/MagicWebsiteMirror/collaborators{/collaborator}"],
    "teams_url": ["https://api.github.com/repos/gaocegege/MagicWebsiteMirror/teams"],
    "hooks_url": ["https://api.github.com/repos/gaocegege/MagicWebsiteMirror/hooks"],
    "issue_events_url": ["https://api.github.com/repos/gaocegege/MagicWebsiteMirror/issues/events{/number}"],
    "events_url": ["https://api.github.com/repos/gaocegege/MagicWebsiteMirror/events"],
    "assignees_url": ["https://api.github.com/repos/gaocegege/MagicWebsiteMirror/assignees{/user}"],
    "branches_url": ["https://api.github.com/repos/gaocegege/MagicWebsiteMirror/branches{/branch}"],
    "tags_url": ["https://api.github.com/repos/gaocegege/MagicWebsiteMirror/tags"],
    "blobs_url": ["https://api.github.com/repos/gaocegege/MagicWebsiteMirror/git/blobs{/sha}"],
    "git_tags_url": ["https://api.github.com/repos/gaocegege/MagicWebsiteMirror/git/tags{/sha}"],
    "git_refs_url": ["https://api.github.com/repos/gaocegege/MagicWebsiteMirror/git/refs{/sha}"],
    "trees_url": ["https://api.github.com/repos/gaocegege/MagicWebsiteMirror/git/trees{/sha}"],
    "statuses_url": ["https://api.github.com/repos/gaocegege/MagicWebsiteMirror/statuses/{sha}"],
    "languages_url": ["https://api.github.com/repos/gaocegege/MagicWebsiteMirror/languages"],
    "stargazers_url": ["https://api.github.com/repos/gaocegege/MagicWebsiteMirror/stargazers"],
    "contributors_url": ["https://api.github.com/repos/gaocegege/MagicWebsiteMirror/contributors"],
    "subscribers_url": ["https://api.github.com/repos/gaocegege/MagicWebsiteMirror/subscribers"],
    "subscription_url": ["https://api.github.com/repos/gaocegege/MagicWebsiteMirror/subscription"],
    "commits_url": ["https://api.github.com/repos/gaocegege/MagicWebsiteMirror/commits{/sha}"],
    "git_commits_url": ["https://api.github.com/repos/gaocegege/MagicWebsiteMirror/git/commits{/sha}"],
    "comments_url": ["https://api.github.com/repos/gaocegege/MagicWebsiteMirror/comments{/number}"],
    "issue_comment_url": ["https://api.github.com/repos/gaocegege/MagicWebsiteMirror/issues/comments{/number}"],
    "contents_url": ["https://api.github.com/repos/gaocegege/MagicWebsiteMirror/contents/{+path}"],
    "compare_url": ["https://api.github.com/repos/gaocegege/MagicWebsiteMirror/compare/{base}...{head}"],
    "merges_url": ["https://api.github.com/repos/gaocegege/MagicWebsiteMirror/merges"],
    "archive_url": ["https://api.github.com/repos/gaocegege/MagicWebsiteMirror/{archive_format}{/ref}"],
    "downloads_url": ["https://api.github.com/repos/gaocegege/MagicWebsiteMirror/downloads"],
    "issues_url": ["https://api.github.com/repos/gaocegege/MagicWebsiteMirror/issues{/number}"],
    "pulls_url": ["https://api.github.com/repos/gaocegege/MagicWebsiteMirror/pulls{/number}"],
    "milestones_url": ["https://api.github.com/repos/gaocegege/MagicWebsiteMirror/milestones{/number}"],
    "notifications_url": ["https://api.github.com/repos/gaocegege/MagicWebsiteMirror/notifications{?since,all,participating}"],
    "labels_url": ["https://api.github.com/repos/gaocegege/MagicWebsiteMirror/labels{/name}"],
    "releases_url": ["https://api.github.com/repos/gaocegege/MagicWebsiteMirror/releases{/id}"],
    "deployments_url": ["https://api.github.com/repos/gaocegege/MagicWebsiteMirror/deployments"],
    "created_at": ["2016-06-06T05:41:09Z"],
    "updated_at": ["2016-06-06T05:41:10Z"],
    "pushed_at": ["2016-06-06T07:27:19Z"],
    "git_url": ["git://github.com/gaocegege/MagicWebsiteMirror.git"],
    "ssh_url": ["git@github.com:gaocegege/MagicWebsiteMirror.git"],
    "clone_url": ["https://github.com/gaocegege/MagicWebsiteMirror.git"],
    "svn_url": ["https://github.com/gaocegege/MagicWebsiteMirror"],
    "homepage": [""],
    "size": [215],
    "stargazers_count": [0],
    "watchers_count": [0],
    "language": ["Python"],
    "has_issues": [false],
    "has_projects": [true],
    "has_downloads": [true],
    "has_wiki": [false],
    "has_pages": [false],
    "forks_count": [0],
    "mirror_url": {},
    "archived": [false],
    "open_issues_count": [0],
    "license": {
      "key": ["mit"],
      "name": ["MIT License"],
      "spdx_id": ["MIT"],
      "url": ["https://api.github.com/licenses/mit"],
      "node_id": ["MDc6TGljZW5zZTEz"]
    },
    "forks": [0],
    "open_issues": [0],
    "watchers": [0],
    "default_branch": ["master"],
    "permissions": {
      "admin": [false],
      "push": [false],
      "pull": [true]
    }
  }
]
