[
  {
    "id": [41917785],
    "node_id": ["MDEwOlJlcG9zaXRvcnk0MTkxNzc4NQ=="],
    "name": ["scala-nio-server"],
    "full_name": ["gaocegege/scala-nio-server"],
    "private": [false],
    "owner": {
      "login": ["gaocegege"],
      "id": [5100735],
      "node_id": ["MDQ6VXNlcjUxMDA3MzU="],
      "avatar_url": ["https://avatars3.githubusercontent.com/u/5100735?v=4"],
      "gravatar_id": [""],
      "url": ["https://api.github.com/users/gaocegege"],
      "html_url": ["https://github.com/gaocegege"],
      "followers_url": ["https://api.github.com/users/gaocegege/followers"],
      "following_url": ["https://api.github.com/users/gaocegege/following{/other_user}"],
      "gists_url": ["https://api.github.com/users/gaocegege/gists{/gist_id}"],
      "starred_url": ["https://api.github.com/users/gaocegege/starred{/owner}{/repo}"],
      "subscriptions_url": ["https://api.github.com/users/gaocegege/subscriptions"],
      "organizations_url": ["https://api.github.com/users/gaocegege/orgs"],
      "repos_url": ["https://api.github.com/users/gaocegege/repos"],
      "events_url": ["https://api.github.com/users/gaocegege/events{/privacy}"],
      "received_events_url": ["https://api.github.com/users/gaocegege/received_events"],
      "type": ["User"],
      "site_admin": [false]
    },
    "html_url": ["https://github.com/gaocegege/scala-nio-server"],
    "description": ["a nio server example in scala"],
    "fork": [false],
    "url": ["https://api.github.com/repos/gaocegege/scala-nio-server"],
    "forks_url": ["https://api.github.com/repos/gaocegege/scala-nio-server/forks"],
    "keys_url": ["https://api.github.com/repos/gaocegege/scala-nio-server/keys{/key_id}"],
    "collaborators_url": ["https://api.github.com/repos/gaocegege/scala-nio-server/collaborators{/collaborator}"],
    "teams_url": ["https://api.github.com/repos/gaocegege/scala-nio-server/teams"],
    "hooks_url": ["https://api.github.com/repos/gaocegege/scala-nio-server/hooks"],
    "issue_events_url": ["https://api.github.com/repos/gaocegege/scala-nio-server/issues/events{/number}"],
    "events_url": ["https://api.github.com/repos/gaocegege/scala-nio-server/events"],
    "assignees_url": ["https://api.github.com/repos/gaocegege/scala-nio-server/assignees{/user}"],
    "branches_url": ["https://api.github.com/repos/gaocegege/scala-nio-server/branches{/branch}"],
    "tags_url": ["https://api.github.com/repos/gaocegege/scala-nio-server/tags"],
    "blobs_url": ["https://api.github.com/repos/gaocegege/scala-nio-server/git/blobs{/sha}"],
    "git_tags_url": ["https://api.github.com/repos/gaocegege/scala-nio-server/git/tags{/sha}"],
    "git_refs_url": ["https://api.github.com/repos/gaocegege/scala-nio-server/git/refs{/sha}"],
    "trees_url": ["https://api.github.com/repos/gaocegege/scala-nio-server/git/trees{/sha}"],
    "statuses_url": ["https://api.github.com/repos/gaocegege/scala-nio-server/statuses/{sha}"],
    "languages_url": ["https://api.github.com/repos/gaocegege/scala-nio-server/languages"],
    "stargazers_url": ["https://api.github.com/repos/gaocegege/scala-nio-server/stargazers"],
    "contributors_url": ["https://api.github.com/repos/gaocegege/scala-nio-server/contributors"],
    "subscribers_url": ["https://api.github.com/repos/gaocegege/scala-nio-server/subscribers"],
    "subscription_url": ["https://api.github.com/repos/gaocegege/scala-nio-server/subscription"],
    "commits_url": ["https://api.github.com/repos/gaocegege/scala-nio-server/commits{/sha}"],
    "git_commits_url": ["https://api.github.com/repos/gaocegege/scala-nio-server/git/commits{/sha}"],
    "comments_url": ["https://api.github.com/repos/gaocegege/scala-nio-server/comments{/number}"],
    "issue_comment_url": ["https://api.github.com/repos/gaocegege/scala-nio-server/issues/comments{/number}"],
    "contents_url": ["https://api.github.com/repos/gaocegege/scala-nio-server/contents/{+path}"],
    "compare_url": ["https://api.github.com/repos/gaocegege/scala-nio-server/compare/{base}...{head}"],
    "merges_url": ["https://api.github.com/repos/gaocegege/scala-nio-server/merges"],
    "archive_url": ["https://api.github.com/repos/gaocegege/scala-nio-server/{archive_format}{/ref}"],
    "downloads_url": ["https://api.github.com/repos/gaocegege/scala-nio-server/downloads"],
    "issues_url": ["https://api.github.com/repos/gaocegege/scala-nio-server/issues{/number}"],
    "pulls_url": ["https://api.github.com/repos/gaocegege/scala-nio-server/pulls{/number}"],
    "milestones_url": ["https://api.github.com/repos/gaocegege/scala-nio-server/milestones{/number}"],
    "notifications_url": ["https://api.github.com/repos/gaocegege/scala-nio-server/notifications{?since,all,participating}"],
    "labels_url": ["https://api.github.com/repos/gaocegege/scala-nio-server/labels{/name}"],
    "releases_url": ["https://api.github.com/repos/gaocegege/scala-nio-server/releases{/id}"],
    "deployments_url": ["https://api.github.com/repos/gaocegege/scala-nio-server/deployments"],
    "created_at": ["2015-09-04T13:39:37Z"],
    "updated_at": ["2018-02-24T04:07:03Z"],
    "pushed_at": ["2015-09-06T15:48:30Z"],
    "git_url": ["git://github.com/gaocegege/scala-nio-server.git"],
    "ssh_url": ["git@github.com:gaocegege/scala-nio-server.git"],
    "clone_url": ["https://github.com/gaocegege/scala-nio-server.git"],
    "svn_url": ["https://github.com/gaocegege/scala-nio-server"],
    "homepage": {},
    "size": [148],
    "stargazers_count": [3],
    "watchers_count": [3],
    "language": ["Scala"],
    "has_issues": [true],
    "has_projects": [true],
    "has_downloads": [true],
    "has_wiki": [true],
    "has_pages": [false],
    "forks_count": [0],
    "mirror_url": {},
    "archived": [false],
    "open_issues_count": [0],
    "license": {},
    "forks": [0],
    "open_issues": [0],
    "watchers": [3],
    "default_branch": ["master"],
    "permissions": {
      "admin": [false],
      "push": [false],
      "pull": [true]
    }
  }
]
