[
  {
    "id": [78931879],
    "node_id": ["MDEwOlJlcG9zaXRvcnk3ODkzMTg3OQ=="],
    "name": ["resource-management"],
    "full_name": ["gaocegege/resource-management"],
    "private": [false],
    "owner": {
      "login": ["gaocegege"],
      "id": [5100735],
      "node_id": ["MDQ6VXNlcjUxMDA3MzU="],
      "avatar_url": ["https://avatars3.githubusercontent.com/u/5100735?v=4"],
      "gravatar_id": [""],
      "url": ["https://api.github.com/users/gaocegege"],
      "html_url": ["https://github.com/gaocegege"],
      "followers_url": ["https://api.github.com/users/gaocegege/followers"],
      "following_url": ["https://api.github.com/users/gaocegege/following{/other_user}"],
      "gists_url": ["https://api.github.com/users/gaocegege/gists{/gist_id}"],
      "starred_url": ["https://api.github.com/users/gaocegege/starred{/owner}{/repo}"],
      "subscriptions_url": ["https://api.github.com/users/gaocegege/subscriptions"],
      "organizations_url": ["https://api.github.com/users/gaocegege/orgs"],
      "repos_url": ["https://api.github.com/users/gaocegege/repos"],
      "events_url": ["https://api.github.com/users/gaocegege/events{/privacy}"],
      "received_events_url": ["https://api.github.com/users/gaocegege/received_events"],
      "type": ["User"],
      "site_admin": [false]
    },
    "html_url": ["https://github.com/gaocegege/resource-management"],
    "description": ["All about resource management in data centers."],
    "fork": [false],
    "url": ["https://api.github.com/repos/gaocegege/resource-management"],
    "forks_url": ["https://api.github.com/repos/gaocegege/resource-management/forks"],
    "keys_url": ["https://api.github.com/repos/gaocegege/resource-management/keys{/key_id}"],
    "collaborators_url": ["https://api.github.com/repos/gaocegege/resource-management/collaborators{/collaborator}"],
    "teams_url": ["https://api.github.com/repos/gaocegege/resource-management/teams"],
    "hooks_url": ["https://api.github.com/repos/gaocegege/resource-management/hooks"],
    "issue_events_url": ["https://api.github.com/repos/gaocegege/resource-management/issues/events{/number}"],
    "events_url": ["https://api.github.com/repos/gaocegege/resource-management/events"],
    "assignees_url": ["https://api.github.com/repos/gaocegege/resource-management/assignees{/user}"],
    "branches_url": ["https://api.github.com/repos/gaocegege/resource-management/branches{/branch}"],
    "tags_url": ["https://api.github.com/repos/gaocegege/resource-management/tags"],
    "blobs_url": ["https://api.github.com/repos/gaocegege/resource-management/git/blobs{/sha}"],
    "git_tags_url": ["https://api.github.com/repos/gaocegege/resource-management/git/tags{/sha}"],
    "git_refs_url": ["https://api.github.com/repos/gaocegege/resource-management/git/refs{/sha}"],
    "trees_url": ["https://api.github.com/repos/gaocegege/resource-management/git/trees{/sha}"],
    "statuses_url": ["https://api.github.com/repos/gaocegege/resource-management/statuses/{sha}"],
    "languages_url": ["https://api.github.com/repos/gaocegege/resource-management/languages"],
    "stargazers_url": ["https://api.github.com/repos/gaocegege/resource-management/stargazers"],
    "contributors_url": ["https://api.github.com/repos/gaocegege/resource-management/contributors"],
    "subscribers_url": ["https://api.github.com/repos/gaocegege/resource-management/subscribers"],
    "subscription_url": ["https://api.github.com/repos/gaocegege/resource-management/subscription"],
    "commits_url": ["https://api.github.com/repos/gaocegege/resource-management/commits{/sha}"],
    "git_commits_url": ["https://api.github.com/repos/gaocegege/resource-management/git/commits{/sha}"],
    "comments_url": ["https://api.github.com/repos/gaocegege/resource-management/comments{/number}"],
    "issue_comment_url": ["https://api.github.com/repos/gaocegege/resource-management/issues/comments{/number}"],
    "contents_url": ["https://api.github.com/repos/gaocegege/resource-management/contents/{+path}"],
    "compare_url": ["https://api.github.com/repos/gaocegege/resource-management/compare/{base}...{head}"],
    "merges_url": ["https://api.github.com/repos/gaocegege/resource-management/merges"],
    "archive_url": ["https://api.github.com/repos/gaocegege/resource-management/{archive_format}{/ref}"],
    "downloads_url": ["https://api.github.com/repos/gaocegege/resource-management/downloads"],
    "issues_url": ["https://api.github.com/repos/gaocegege/resource-management/issues{/number}"],
    "pulls_url": ["https://api.github.com/repos/gaocegege/resource-management/pulls{/number}"],
    "milestones_url": ["https://api.github.com/repos/gaocegege/resource-management/milestones{/number}"],
    "notifications_url": ["https://api.github.com/repos/gaocegege/resource-management/notifications{?since,all,participating}"],
    "labels_url": ["https://api.github.com/repos/gaocegege/resource-management/labels{/name}"],
    "releases_url": ["https://api.github.com/repos/gaocegege/resource-management/releases{/id}"],
    "deployments_url": ["https://api.github.com/repos/gaocegege/resource-management/deployments"],
    "created_at": ["2017-01-14T09:41:57Z"],
    "updated_at": ["2017-02-20T05:42:52Z"],
    "pushed_at": ["2017-01-14T09:45:55Z"],
    "git_url": ["git://github.com/gaocegege/resource-management.git"],
    "ssh_url": ["git@github.com:gaocegege/resource-management.git"],
    "clone_url": ["https://github.com/gaocegege/resource-management.git"],
    "svn_url": ["https://github.com/gaocegege/resource-management"],
    "homepage": {},
    "size": [0],
    "stargazers_count": [1],
    "watchers_count": [1],
    "language": {},
    "has_issues": [true],
    "has_projects": [true],
    "has_downloads": [true],
    "has_wiki": [true],
    "has_pages": [false],
    "forks_count": [0],
    "mirror_url": {},
    "archived": [false],
    "open_issues_count": [0],
    "license": {},
    "forks": [0],
    "open_issues": [0],
    "watchers": [1],
    "default_branch": ["master"],
    "permissions": {
      "admin": [false],
      "push": [false],
      "pull": [true]
    }
  }
]
