[
  {
    "id": [37438592],
    "node_id": ["MDEwOlJlcG9zaXRvcnkzNzQzODU5Mg=="],
    "name": ["scala-github-relationship"],
    "full_name": ["gaocegege/scala-github-relationship"],
    "private": [false],
    "owner": {
      "login": ["gaocegege"],
      "id": [5100735],
      "node_id": ["MDQ6VXNlcjUxMDA3MzU="],
      "avatar_url": ["https://avatars3.githubusercontent.com/u/5100735?v=4"],
      "gravatar_id": [""],
      "url": ["https://api.github.com/users/gaocegege"],
      "html_url": ["https://github.com/gaocegege"],
      "followers_url": ["https://api.github.com/users/gaocegege/followers"],
      "following_url": ["https://api.github.com/users/gaocegege/following{/other_user}"],
      "gists_url": ["https://api.github.com/users/gaocegege/gists{/gist_id}"],
      "starred_url": ["https://api.github.com/users/gaocegege/starred{/owner}{/repo}"],
      "subscriptions_url": ["https://api.github.com/users/gaocegege/subscriptions"],
      "organizations_url": ["https://api.github.com/users/gaocegege/orgs"],
      "repos_url": ["https://api.github.com/users/gaocegege/repos"],
      "events_url": ["https://api.github.com/users/gaocegege/events{/privacy}"],
      "received_events_url": ["https://api.github.com/users/gaocegege/received_events"],
      "type": ["User"],
      "site_admin": [false]
    },
    "html_url": ["https://github.com/gaocegege/scala-github-relationship"],
    "description": ["A graphical view of the relationships between github users."],
    "fork": [false],
    "url": ["https://api.github.com/repos/gaocegege/scala-github-relationship"],
    "forks_url": ["https://api.github.com/repos/gaocegege/scala-github-relationship/forks"],
    "keys_url": ["https://api.github.com/repos/gaocegege/scala-github-relationship/keys{/key_id}"],
    "collaborators_url": ["https://api.github.com/repos/gaocegege/scala-github-relationship/collaborators{/collaborator}"],
    "teams_url": ["https://api.github.com/repos/gaocegege/scala-github-relationship/teams"],
    "hooks_url": ["https://api.github.com/repos/gaocegege/scala-github-relationship/hooks"],
    "issue_events_url": ["https://api.github.com/repos/gaocegege/scala-github-relationship/issues/events{/number}"],
    "events_url": ["https://api.github.com/repos/gaocegege/scala-github-relationship/events"],
    "assignees_url": ["https://api.github.com/repos/gaocegege/scala-github-relationship/assignees{/user}"],
    "branches_url": ["https://api.github.com/repos/gaocegege/scala-github-relationship/branches{/branch}"],
    "tags_url": ["https://api.github.com/repos/gaocegege/scala-github-relationship/tags"],
    "blobs_url": ["https://api.github.com/repos/gaocegege/scala-github-relationship/git/blobs{/sha}"],
    "git_tags_url": ["https://api.github.com/repos/gaocegege/scala-github-relationship/git/tags{/sha}"],
    "git_refs_url": ["https://api.github.com/repos/gaocegege/scala-github-relationship/git/refs{/sha}"],
    "trees_url": ["https://api.github.com/repos/gaocegege/scala-github-relationship/git/trees{/sha}"],
    "statuses_url": ["https://api.github.com/repos/gaocegege/scala-github-relationship/statuses/{sha}"],
    "languages_url": ["https://api.github.com/repos/gaocegege/scala-github-relationship/languages"],
    "stargazers_url": ["https://api.github.com/repos/gaocegege/scala-github-relationship/stargazers"],
    "contributors_url": ["https://api.github.com/repos/gaocegege/scala-github-relationship/contributors"],
    "subscribers_url": ["https://api.github.com/repos/gaocegege/scala-github-relationship/subscribers"],
    "subscription_url": ["https://api.github.com/repos/gaocegege/scala-github-relationship/subscription"],
    "commits_url": ["https://api.github.com/repos/gaocegege/scala-github-relationship/commits{/sha}"],
    "git_commits_url": ["https://api.github.com/repos/gaocegege/scala-github-relationship/git/commits{/sha}"],
    "comments_url": ["https://api.github.com/repos/gaocegege/scala-github-relationship/comments{/number}"],
    "issue_comment_url": ["https://api.github.com/repos/gaocegege/scala-github-relationship/issues/comments{/number}"],
    "contents_url": ["https://api.github.com/repos/gaocegege/scala-github-relationship/contents/{+path}"],
    "compare_url": ["https://api.github.com/repos/gaocegege/scala-github-relationship/compare/{base}...{head}"],
    "merges_url": ["https://api.github.com/repos/gaocegege/scala-github-relationship/merges"],
    "archive_url": ["https://api.github.com/repos/gaocegege/scala-github-relationship/{archive_format}{/ref}"],
    "downloads_url": ["https://api.github.com/repos/gaocegege/scala-github-relationship/downloads"],
    "issues_url": ["https://api.github.com/repos/gaocegege/scala-github-relationship/issues{/number}"],
    "pulls_url": ["https://api.github.com/repos/gaocegege/scala-github-relationship/pulls{/number}"],
    "milestones_url": ["https://api.github.com/repos/gaocegege/scala-github-relationship/milestones{/number}"],
    "notifications_url": ["https://api.github.com/repos/gaocegege/scala-github-relationship/notifications{?since,all,participating}"],
    "labels_url": ["https://api.github.com/repos/gaocegege/scala-github-relationship/labels{/name}"],
    "releases_url": ["https://api.github.com/repos/gaocegege/scala-github-relationship/releases{/id}"],
    "deployments_url": ["https://api.github.com/repos/gaocegege/scala-github-relationship/deployments"],
    "created_at": ["2015-06-15T02:11:59Z"],
    "updated_at": ["2018-11-03T17:10:37Z"],
    "pushed_at": ["2015-06-19T01:39:23Z"],
    "git_url": ["git://github.com/gaocegege/scala-github-relationship.git"],
    "ssh_url": ["git@github.com:gaocegege/scala-github-relationship.git"],
    "clone_url": ["https://github.com/gaocegege/scala-github-relationship.git"],
    "svn_url": ["https://github.com/gaocegege/scala-github-relationship"],
    "homepage": [""],
    "size": [21975],
    "stargazers_count": [31],
    "watchers_count": [31],
    "language": ["Scala"],
    "has_issues": [true],
    "has_projects": [true],
    "has_downloads": [true],
    "has_wiki": [true],
    "has_pages": [true],
    "forks_count": [2],
    "mirror_url": {},
    "archived": [false],
    "open_issues_count": [3],
    "license": {},
    "forks": [2],
    "open_issues": [3],
    "watchers": [31],
    "default_branch": ["master"],
    "permissions": {
      "admin": [false],
      "push": [false],
      "pull": [true]
    }
  }
]
