[
  {
    "id": [71708996],
    "node_id": ["MDEwOlJlcG9zaXRvcnk3MTcwODk5Ng=="],
    "name": ["dyweb.github.io"],
    "full_name": ["gaocegege/dyweb.github.io"],
    "private": [false],
    "owner": {
      "login": ["gaocegege"],
      "id": [5100735],
      "node_id": ["MDQ6VXNlcjUxMDA3MzU="],
      "avatar_url": ["https://avatars3.githubusercontent.com/u/5100735?v=4"],
      "gravatar_id": [""],
      "url": ["https://api.github.com/users/gaocegege"],
      "html_url": ["https://github.com/gaocegege"],
      "followers_url": ["https://api.github.com/users/gaocegege/followers"],
      "following_url": ["https://api.github.com/users/gaocegege/following{/other_user}"],
      "gists_url": ["https://api.github.com/users/gaocegege/gists{/gist_id}"],
      "starred_url": ["https://api.github.com/users/gaocegege/starred{/owner}{/repo}"],
      "subscriptions_url": ["https://api.github.com/users/gaocegege/subscriptions"],
      "organizations_url": ["https://api.github.com/users/gaocegege/orgs"],
      "repos_url": ["https://api.github.com/users/gaocegege/repos"],
      "events_url": ["https://api.github.com/users/gaocegege/events{/privacy}"],
      "received_events_url": ["https://api.github.com/users/gaocegege/received_events"],
      "type": ["User"],
      "site_admin": [false]
    },
    "html_url": ["https://github.com/gaocegege/dyweb.github.io"],
    "description": ["<U+4E1C><U+5CB3><U+4E3B><U+9875>"],
    "fork": [true],
    "url": ["https://api.github.com/repos/gaocegege/dyweb.github.io"],
    "forks_url": ["https://api.github.com/repos/gaocegege/dyweb.github.io/forks"],
    "keys_url": ["https://api.github.com/repos/gaocegege/dyweb.github.io/keys{/key_id}"],
    "collaborators_url": ["https://api.github.com/repos/gaocegege/dyweb.github.io/collaborators{/collaborator}"],
    "teams_url": ["https://api.github.com/repos/gaocegege/dyweb.github.io/teams"],
    "hooks_url": ["https://api.github.com/repos/gaocegege/dyweb.github.io/hooks"],
    "issue_events_url": ["https://api.github.com/repos/gaocegege/dyweb.github.io/issues/events{/number}"],
    "events_url": ["https://api.github.com/repos/gaocegege/dyweb.github.io/events"],
    "assignees_url": ["https://api.github.com/repos/gaocegege/dyweb.github.io/assignees{/user}"],
    "branches_url": ["https://api.github.com/repos/gaocegege/dyweb.github.io/branches{/branch}"],
    "tags_url": ["https://api.github.com/repos/gaocegege/dyweb.github.io/tags"],
    "blobs_url": ["https://api.github.com/repos/gaocegege/dyweb.github.io/git/blobs{/sha}"],
    "git_tags_url": ["https://api.github.com/repos/gaocegege/dyweb.github.io/git/tags{/sha}"],
    "git_refs_url": ["https://api.github.com/repos/gaocegege/dyweb.github.io/git/refs{/sha}"],
    "trees_url": ["https://api.github.com/repos/gaocegege/dyweb.github.io/git/trees{/sha}"],
    "statuses_url": ["https://api.github.com/repos/gaocegege/dyweb.github.io/statuses/{sha}"],
    "languages_url": ["https://api.github.com/repos/gaocegege/dyweb.github.io/languages"],
    "stargazers_url": ["https://api.github.com/repos/gaocegege/dyweb.github.io/stargazers"],
    "contributors_url": ["https://api.github.com/repos/gaocegege/dyweb.github.io/contributors"],
    "subscribers_url": ["https://api.github.com/repos/gaocegege/dyweb.github.io/subscribers"],
    "subscription_url": ["https://api.github.com/repos/gaocegege/dyweb.github.io/subscription"],
    "commits_url": ["https://api.github.com/repos/gaocegege/dyweb.github.io/commits{/sha}"],
    "git_commits_url": ["https://api.github.com/repos/gaocegege/dyweb.github.io/git/commits{/sha}"],
    "comments_url": ["https://api.github.com/repos/gaocegege/dyweb.github.io/comments{/number}"],
    "issue_comment_url": ["https://api.github.com/repos/gaocegege/dyweb.github.io/issues/comments{/number}"],
    "contents_url": ["https://api.github.com/repos/gaocegege/dyweb.github.io/contents/{+path}"],
    "compare_url": ["https://api.github.com/repos/gaocegege/dyweb.github.io/compare/{base}...{head}"],
    "merges_url": ["https://api.github.com/repos/gaocegege/dyweb.github.io/merges"],
    "archive_url": ["https://api.github.com/repos/gaocegege/dyweb.github.io/{archive_format}{/ref}"],
    "downloads_url": ["https://api.github.com/repos/gaocegege/dyweb.github.io/downloads"],
    "issues_url": ["https://api.github.com/repos/gaocegege/dyweb.github.io/issues{/number}"],
    "pulls_url": ["https://api.github.com/repos/gaocegege/dyweb.github.io/pulls{/number}"],
    "milestones_url": ["https://api.github.com/repos/gaocegege/dyweb.github.io/milestones{/number}"],
    "notifications_url": ["https://api.github.com/repos/gaocegege/dyweb.github.io/notifications{?since,all,participating}"],
    "labels_url": ["https://api.github.com/repos/gaocegege/dyweb.github.io/labels{/name}"],
    "releases_url": ["https://api.github.com/repos/gaocegege/dyweb.github.io/releases{/id}"],
    "deployments_url": ["https://api.github.com/repos/gaocegege/dyweb.github.io/deployments"],
    "created_at": ["2016-10-23T14:43:13Z"],
    "updated_at": ["2016-10-23T14:43:14Z"],
    "pushed_at": ["2016-10-23T13:23:59Z"],
    "git_url": ["git://github.com/gaocegege/dyweb.github.io.git"],
    "ssh_url": ["git@github.com:gaocegege/dyweb.github.io.git"],
    "clone_url": ["https://github.com/gaocegege/dyweb.github.io.git"],
    "svn_url": ["https://github.com/gaocegege/dyweb.github.io"],
    "homepage": ["http://www.dongyueweb.com"],
    "size": [9702],
    "stargazers_count": [0],
    "watchers_count": [0],
    "language": ["CSS"],
    "has_issues": [false],
    "has_projects": [true],
    "has_downloads": [true],
    "has_wiki": [true],
    "has_pages": [false],
    "forks_count": [0],
    "mirror_url": {},
    "archived": [false],
    "open_issues_count": [0],
    "license": {
      "key": ["mit"],
      "name": ["MIT License"],
      "spdx_id": ["MIT"],
      "url": ["https://api.github.com/licenses/mit"],
      "node_id": ["MDc6TGljZW5zZTEz"]
    },
    "forks": [0],
    "open_issues": [0],
    "watchers": [0],
    "default_branch": ["master"],
    "permissions": {
      "admin": [false],
      "push": [false],
      "pull": [true]
    }
  }
]
