[
  {
    "id": [23491445],
    "node_id": ["MDEwOlJlcG9zaXRvcnkyMzQ5MTQ0NQ=="],
    "name": ["CSE-Labs"],
    "full_name": ["gaocegege/CSE-Labs"],
    "private": [false],
    "owner": {
      "login": ["gaocegege"],
      "id": [5100735],
      "node_id": ["MDQ6VXNlcjUxMDA3MzU="],
      "avatar_url": ["https://avatars3.githubusercontent.com/u/5100735?v=4"],
      "gravatar_id": [""],
      "url": ["https://api.github.com/users/gaocegege"],
      "html_url": ["https://github.com/gaocegege"],
      "followers_url": ["https://api.github.com/users/gaocegege/followers"],
      "following_url": ["https://api.github.com/users/gaocegege/following{/other_user}"],
      "gists_url": ["https://api.github.com/users/gaocegege/gists{/gist_id}"],
      "starred_url": ["https://api.github.com/users/gaocegege/starred{/owner}{/repo}"],
      "subscriptions_url": ["https://api.github.com/users/gaocegege/subscriptions"],
      "organizations_url": ["https://api.github.com/users/gaocegege/orgs"],
      "repos_url": ["https://api.github.com/users/gaocegege/repos"],
      "events_url": ["https://api.github.com/users/gaocegege/events{/privacy}"],
      "received_events_url": ["https://api.github.com/users/gaocegege/received_events"],
      "type": ["User"],
      "site_admin": [false]
    },
    "html_url": ["https://github.com/gaocegege/CSE-Labs"],
    "description": ["Computer System Design: labs /YFS"],
    "fork": [false],
    "url": ["https://api.github.com/repos/gaocegege/CSE-Labs"],
    "forks_url": ["https://api.github.com/repos/gaocegege/CSE-Labs/forks"],
    "keys_url": ["https://api.github.com/repos/gaocegege/CSE-Labs/keys{/key_id}"],
    "collaborators_url": ["https://api.github.com/repos/gaocegege/CSE-Labs/collaborators{/collaborator}"],
    "teams_url": ["https://api.github.com/repos/gaocegege/CSE-Labs/teams"],
    "hooks_url": ["https://api.github.com/repos/gaocegege/CSE-Labs/hooks"],
    "issue_events_url": ["https://api.github.com/repos/gaocegege/CSE-Labs/issues/events{/number}"],
    "events_url": ["https://api.github.com/repos/gaocegege/CSE-Labs/events"],
    "assignees_url": ["https://api.github.com/repos/gaocegege/CSE-Labs/assignees{/user}"],
    "branches_url": ["https://api.github.com/repos/gaocegege/CSE-Labs/branches{/branch}"],
    "tags_url": ["https://api.github.com/repos/gaocegege/CSE-Labs/tags"],
    "blobs_url": ["https://api.github.com/repos/gaocegege/CSE-Labs/git/blobs{/sha}"],
    "git_tags_url": ["https://api.github.com/repos/gaocegege/CSE-Labs/git/tags{/sha}"],
    "git_refs_url": ["https://api.github.com/repos/gaocegege/CSE-Labs/git/refs{/sha}"],
    "trees_url": ["https://api.github.com/repos/gaocegege/CSE-Labs/git/trees{/sha}"],
    "statuses_url": ["https://api.github.com/repos/gaocegege/CSE-Labs/statuses/{sha}"],
    "languages_url": ["https://api.github.com/repos/gaocegege/CSE-Labs/languages"],
    "stargazers_url": ["https://api.github.com/repos/gaocegege/CSE-Labs/stargazers"],
    "contributors_url": ["https://api.github.com/repos/gaocegege/CSE-Labs/contributors"],
    "subscribers_url": ["https://api.github.com/repos/gaocegege/CSE-Labs/subscribers"],
    "subscription_url": ["https://api.github.com/repos/gaocegege/CSE-Labs/subscription"],
    "commits_url": ["https://api.github.com/repos/gaocegege/CSE-Labs/commits{/sha}"],
    "git_commits_url": ["https://api.github.com/repos/gaocegege/CSE-Labs/git/commits{/sha}"],
    "comments_url": ["https://api.github.com/repos/gaocegege/CSE-Labs/comments{/number}"],
    "issue_comment_url": ["https://api.github.com/repos/gaocegege/CSE-Labs/issues/comments{/number}"],
    "contents_url": ["https://api.github.com/repos/gaocegege/CSE-Labs/contents/{+path}"],
    "compare_url": ["https://api.github.com/repos/gaocegege/CSE-Labs/compare/{base}...{head}"],
    "merges_url": ["https://api.github.com/repos/gaocegege/CSE-Labs/merges"],
    "archive_url": ["https://api.github.com/repos/gaocegege/CSE-Labs/{archive_format}{/ref}"],
    "downloads_url": ["https://api.github.com/repos/gaocegege/CSE-Labs/downloads"],
    "issues_url": ["https://api.github.com/repos/gaocegege/CSE-Labs/issues{/number}"],
    "pulls_url": ["https://api.github.com/repos/gaocegege/CSE-Labs/pulls{/number}"],
    "milestones_url": ["https://api.github.com/repos/gaocegege/CSE-Labs/milestones{/number}"],
    "notifications_url": ["https://api.github.com/repos/gaocegege/CSE-Labs/notifications{?since,all,participating}"],
    "labels_url": ["https://api.github.com/repos/gaocegege/CSE-Labs/labels{/name}"],
    "releases_url": ["https://api.github.com/repos/gaocegege/CSE-Labs/releases{/id}"],
    "deployments_url": ["https://api.github.com/repos/gaocegege/CSE-Labs/deployments"],
    "created_at": ["2014-08-30T12:37:52Z"],
    "updated_at": ["2018-09-26T16:05:36Z"],
    "pushed_at": ["2015-09-03T16:19:27Z"],
    "git_url": ["git://github.com/gaocegege/CSE-Labs.git"],
    "ssh_url": ["git@github.com:gaocegege/CSE-Labs.git"],
    "clone_url": ["https://github.com/gaocegege/CSE-Labs.git"],
    "svn_url": ["https://github.com/gaocegege/CSE-Labs"],
    "homepage": [""],
    "size": [2896],
    "stargazers_count": [11],
    "watchers_count": [11],
    "language": ["C++"],
    "has_issues": [true],
    "has_projects": [true],
    "has_downloads": [true],
    "has_wiki": [true],
    "has_pages": [false],
    "forks_count": [6],
    "mirror_url": {},
    "archived": [false],
    "open_issues_count": [0],
    "license": {},
    "forks": [6],
    "open_issues": [0],
    "watchers": [11],
    "default_branch": ["master"],
    "permissions": {
      "admin": [false],
      "push": [false],
      "pull": [true]
    }
  }
]
