[
  {
    "id": [127224653],
    "node_id": ["MDEwOlJlcG9zaXRvcnkxMjcyMjQ2NTM="],
    "name": ["kubeflow-weekly"],
    "full_name": ["gaocegege/kubeflow-weekly"],
    "private": [false],
    "owner": {
      "login": ["gaocegege"],
      "id": [5100735],
      "node_id": ["MDQ6VXNlcjUxMDA3MzU="],
      "avatar_url": ["https://avatars3.githubusercontent.com/u/5100735?v=4"],
      "gravatar_id": [""],
      "url": ["https://api.github.com/users/gaocegege"],
      "html_url": ["https://github.com/gaocegege"],
      "followers_url": ["https://api.github.com/users/gaocegege/followers"],
      "following_url": ["https://api.github.com/users/gaocegege/following{/other_user}"],
      "gists_url": ["https://api.github.com/users/gaocegege/gists{/gist_id}"],
      "starred_url": ["https://api.github.com/users/gaocegege/starred{/owner}{/repo}"],
      "subscriptions_url": ["https://api.github.com/users/gaocegege/subscriptions"],
      "organizations_url": ["https://api.github.com/users/gaocegege/orgs"],
      "repos_url": ["https://api.github.com/users/gaocegege/repos"],
      "events_url": ["https://api.github.com/users/gaocegege/events{/privacy}"],
      "received_events_url": ["https://api.github.com/users/gaocegege/received_events"],
      "type": ["User"],
      "site_admin": [false]
    },
    "html_url": ["https://github.com/gaocegege/kubeflow-weekly"],
    "description": ["Kubeflow weekly"],
    "fork": [false],
    "url": ["https://api.github.com/repos/gaocegege/kubeflow-weekly"],
    "forks_url": ["https://api.github.com/repos/gaocegege/kubeflow-weekly/forks"],
    "keys_url": ["https://api.github.com/repos/gaocegege/kubeflow-weekly/keys{/key_id}"],
    "collaborators_url": ["https://api.github.com/repos/gaocegege/kubeflow-weekly/collaborators{/collaborator}"],
    "teams_url": ["https://api.github.com/repos/gaocegege/kubeflow-weekly/teams"],
    "hooks_url": ["https://api.github.com/repos/gaocegege/kubeflow-weekly/hooks"],
    "issue_events_url": ["https://api.github.com/repos/gaocegege/kubeflow-weekly/issues/events{/number}"],
    "events_url": ["https://api.github.com/repos/gaocegege/kubeflow-weekly/events"],
    "assignees_url": ["https://api.github.com/repos/gaocegege/kubeflow-weekly/assignees{/user}"],
    "branches_url": ["https://api.github.com/repos/gaocegege/kubeflow-weekly/branches{/branch}"],
    "tags_url": ["https://api.github.com/repos/gaocegege/kubeflow-weekly/tags"],
    "blobs_url": ["https://api.github.com/repos/gaocegege/kubeflow-weekly/git/blobs{/sha}"],
    "git_tags_url": ["https://api.github.com/repos/gaocegege/kubeflow-weekly/git/tags{/sha}"],
    "git_refs_url": ["https://api.github.com/repos/gaocegege/kubeflow-weekly/git/refs{/sha}"],
    "trees_url": ["https://api.github.com/repos/gaocegege/kubeflow-weekly/git/trees{/sha}"],
    "statuses_url": ["https://api.github.com/repos/gaocegege/kubeflow-weekly/statuses/{sha}"],
    "languages_url": ["https://api.github.com/repos/gaocegege/kubeflow-weekly/languages"],
    "stargazers_url": ["https://api.github.com/repos/gaocegege/kubeflow-weekly/stargazers"],
    "contributors_url": ["https://api.github.com/repos/gaocegege/kubeflow-weekly/contributors"],
    "subscribers_url": ["https://api.github.com/repos/gaocegege/kubeflow-weekly/subscribers"],
    "subscription_url": ["https://api.github.com/repos/gaocegege/kubeflow-weekly/subscription"],
    "commits_url": ["https://api.github.com/repos/gaocegege/kubeflow-weekly/commits{/sha}"],
    "git_commits_url": ["https://api.github.com/repos/gaocegege/kubeflow-weekly/git/commits{/sha}"],
    "comments_url": ["https://api.github.com/repos/gaocegege/kubeflow-weekly/comments{/number}"],
    "issue_comment_url": ["https://api.github.com/repos/gaocegege/kubeflow-weekly/issues/comments{/number}"],
    "contents_url": ["https://api.github.com/repos/gaocegege/kubeflow-weekly/contents/{+path}"],
    "compare_url": ["https://api.github.com/repos/gaocegege/kubeflow-weekly/compare/{base}...{head}"],
    "merges_url": ["https://api.github.com/repos/gaocegege/kubeflow-weekly/merges"],
    "archive_url": ["https://api.github.com/repos/gaocegege/kubeflow-weekly/{archive_format}{/ref}"],
    "downloads_url": ["https://api.github.com/repos/gaocegege/kubeflow-weekly/downloads"],
    "issues_url": ["https://api.github.com/repos/gaocegege/kubeflow-weekly/issues{/number}"],
    "pulls_url": ["https://api.github.com/repos/gaocegege/kubeflow-weekly/pulls{/number}"],
    "milestones_url": ["https://api.github.com/repos/gaocegege/kubeflow-weekly/milestones{/number}"],
    "notifications_url": ["https://api.github.com/repos/gaocegege/kubeflow-weekly/notifications{?since,all,participating}"],
    "labels_url": ["https://api.github.com/repos/gaocegege/kubeflow-weekly/labels{/name}"],
    "releases_url": ["https://api.github.com/repos/gaocegege/kubeflow-weekly/releases{/id}"],
    "deployments_url": ["https://api.github.com/repos/gaocegege/kubeflow-weekly/deployments"],
    "created_at": ["2018-03-29T02:18:54Z"],
    "updated_at": ["2018-04-19T13:51:18Z"],
    "pushed_at": ["2018-04-09T10:42:04Z"],
    "git_url": ["git://github.com/gaocegege/kubeflow-weekly.git"],
    "ssh_url": ["git@github.com:gaocegege/kubeflow-weekly.git"],
    "clone_url": ["https://github.com/gaocegege/kubeflow-weekly.git"],
    "svn_url": ["https://github.com/gaocegege/kubeflow-weekly"],
    "homepage": [""],
    "size": [2],
    "stargazers_count": [5],
    "watchers_count": [5],
    "language": {},
    "has_issues": [true],
    "has_projects": [true],
    "has_downloads": [true],
    "has_wiki": [true],
    "has_pages": [false],
    "forks_count": [0],
    "mirror_url": {},
    "archived": [false],
    "open_issues_count": [0],
    "license": {},
    "forks": [0],
    "open_issues": [0],
    "watchers": [5],
    "default_branch": ["master"],
    "permissions": {
      "admin": [false],
      "push": [false],
      "pull": [true]
    }
  }
]
