[
  {
    "id": [132429230],
    "node_id": ["MDEwOlJlcG9zaXRvcnkxMzI0MjkyMzA="],
    "name": ["lug"],
    "full_name": ["gaocegege/lug"],
    "private": [false],
    "owner": {
      "login": ["gaocegege"],
      "id": [5100735],
      "node_id": ["MDQ6VXNlcjUxMDA3MzU="],
      "avatar_url": ["https://avatars3.githubusercontent.com/u/5100735?v=4"],
      "gravatar_id": [""],
      "url": ["https://api.github.com/users/gaocegege"],
      "html_url": ["https://github.com/gaocegege"],
      "followers_url": ["https://api.github.com/users/gaocegege/followers"],
      "following_url": ["https://api.github.com/users/gaocegege/following{/other_user}"],
      "gists_url": ["https://api.github.com/users/gaocegege/gists{/gist_id}"],
      "starred_url": ["https://api.github.com/users/gaocegege/starred{/owner}{/repo}"],
      "subscriptions_url": ["https://api.github.com/users/gaocegege/subscriptions"],
      "organizations_url": ["https://api.github.com/users/gaocegege/orgs"],
      "repos_url": ["https://api.github.com/users/gaocegege/repos"],
      "events_url": ["https://api.github.com/users/gaocegege/events{/privacy}"],
      "received_events_url": ["https://api.github.com/users/gaocegege/received_events"],
      "type": ["User"],
      "site_admin": [false]
    },
    "html_url": ["https://github.com/gaocegege/lug"],
    "description": ["Extensible backend of software mirror"],
    "fork": [true],
    "url": ["https://api.github.com/repos/gaocegege/lug"],
    "forks_url": ["https://api.github.com/repos/gaocegege/lug/forks"],
    "keys_url": ["https://api.github.com/repos/gaocegege/lug/keys{/key_id}"],
    "collaborators_url": ["https://api.github.com/repos/gaocegege/lug/collaborators{/collaborator}"],
    "teams_url": ["https://api.github.com/repos/gaocegege/lug/teams"],
    "hooks_url": ["https://api.github.com/repos/gaocegege/lug/hooks"],
    "issue_events_url": ["https://api.github.com/repos/gaocegege/lug/issues/events{/number}"],
    "events_url": ["https://api.github.com/repos/gaocegege/lug/events"],
    "assignees_url": ["https://api.github.com/repos/gaocegege/lug/assignees{/user}"],
    "branches_url": ["https://api.github.com/repos/gaocegege/lug/branches{/branch}"],
    "tags_url": ["https://api.github.com/repos/gaocegege/lug/tags"],
    "blobs_url": ["https://api.github.com/repos/gaocegege/lug/git/blobs{/sha}"],
    "git_tags_url": ["https://api.github.com/repos/gaocegege/lug/git/tags{/sha}"],
    "git_refs_url": ["https://api.github.com/repos/gaocegege/lug/git/refs{/sha}"],
    "trees_url": ["https://api.github.com/repos/gaocegege/lug/git/trees{/sha}"],
    "statuses_url": ["https://api.github.com/repos/gaocegege/lug/statuses/{sha}"],
    "languages_url": ["https://api.github.com/repos/gaocegege/lug/languages"],
    "stargazers_url": ["https://api.github.com/repos/gaocegege/lug/stargazers"],
    "contributors_url": ["https://api.github.com/repos/gaocegege/lug/contributors"],
    "subscribers_url": ["https://api.github.com/repos/gaocegege/lug/subscribers"],
    "subscription_url": ["https://api.github.com/repos/gaocegege/lug/subscription"],
    "commits_url": ["https://api.github.com/repos/gaocegege/lug/commits{/sha}"],
    "git_commits_url": ["https://api.github.com/repos/gaocegege/lug/git/commits{/sha}"],
    "comments_url": ["https://api.github.com/repos/gaocegege/lug/comments{/number}"],
    "issue_comment_url": ["https://api.github.com/repos/gaocegege/lug/issues/comments{/number}"],
    "contents_url": ["https://api.github.com/repos/gaocegege/lug/contents/{+path}"],
    "compare_url": ["https://api.github.com/repos/gaocegege/lug/compare/{base}...{head}"],
    "merges_url": ["https://api.github.com/repos/gaocegege/lug/merges"],
    "archive_url": ["https://api.github.com/repos/gaocegege/lug/{archive_format}{/ref}"],
    "downloads_url": ["https://api.github.com/repos/gaocegege/lug/downloads"],
    "issues_url": ["https://api.github.com/repos/gaocegege/lug/issues{/number}"],
    "pulls_url": ["https://api.github.com/repos/gaocegege/lug/pulls{/number}"],
    "milestones_url": ["https://api.github.com/repos/gaocegege/lug/milestones{/number}"],
    "notifications_url": ["https://api.github.com/repos/gaocegege/lug/notifications{?since,all,participating}"],
    "labels_url": ["https://api.github.com/repos/gaocegege/lug/labels{/name}"],
    "releases_url": ["https://api.github.com/repos/gaocegege/lug/releases{/id}"],
    "deployments_url": ["https://api.github.com/repos/gaocegege/lug/deployments"],
    "created_at": ["2018-05-07T08:17:56Z"],
    "updated_at": ["2018-05-07T08:17:58Z"],
    "pushed_at": ["2018-05-08T04:59:16Z"],
    "git_url": ["git://github.com/gaocegege/lug.git"],
    "ssh_url": ["git@github.com:gaocegege/lug.git"],
    "clone_url": ["https://github.com/gaocegege/lug.git"],
    "svn_url": ["https://github.com/gaocegege/lug"],
    "homepage": {},
    "size": [831],
    "stargazers_count": [0],
    "watchers_count": [0],
    "language": ["Go"],
    "has_issues": [false],
    "has_projects": [true],
    "has_downloads": [true],
    "has_wiki": [true],
    "has_pages": [false],
    "forks_count": [0],
    "mirror_url": {},
    "archived": [false],
    "open_issues_count": [0],
    "license": {
      "key": ["other"],
      "name": ["Other"],
      "spdx_id": ["NOASSERTION"],
      "url": {},
      "node_id": ["MDc6TGljZW5zZTA="]
    },
    "forks": [0],
    "open_issues": [0],
    "watchers": [0],
    "default_branch": ["master"],
    "permissions": {
      "admin": [false],
      "push": [false],
      "pull": [true]
    }
  }
]
