[
  {
    "id": [127235875],
    "node_id": ["MDEwOlJlcG9zaXRvcnkxMjcyMzU4NzU="],
    "name": ["awesome-resume-for-chinese"],
    "full_name": ["gaocegege/awesome-resume-for-chinese"],
    "private": [false],
    "owner": {
      "login": ["gaocegege"],
      "id": [5100735],
      "node_id": ["MDQ6VXNlcjUxMDA3MzU="],
      "avatar_url": ["https://avatars3.githubusercontent.com/u/5100735?v=4"],
      "gravatar_id": [""],
      "url": ["https://api.github.com/users/gaocegege"],
      "html_url": ["https://github.com/gaocegege"],
      "followers_url": ["https://api.github.com/users/gaocegege/followers"],
      "following_url": ["https://api.github.com/users/gaocegege/following{/other_user}"],
      "gists_url": ["https://api.github.com/users/gaocegege/gists{/gist_id}"],
      "starred_url": ["https://api.github.com/users/gaocegege/starred{/owner}{/repo}"],
      "subscriptions_url": ["https://api.github.com/users/gaocegege/subscriptions"],
      "organizations_url": ["https://api.github.com/users/gaocegege/orgs"],
      "repos_url": ["https://api.github.com/users/gaocegege/repos"],
      "events_url": ["https://api.github.com/users/gaocegege/events{/privacy}"],
      "received_events_url": ["https://api.github.com/users/gaocegege/received_events"],
      "type": ["User"],
      "site_admin": [false]
    },
    "html_url": ["https://github.com/gaocegege/awesome-resume-for-chinese"],
    "description": ["<U+9002><U+5408><U+4E2D><U+6587><U+7684><U+7B80><U+5386><U+6A21><U+677F><U+6536><U+96C6>(LaTeX,HTML/JS and so on)"],
    "fork": [true],
    "url": ["https://api.github.com/repos/gaocegege/awesome-resume-for-chinese"],
    "forks_url": ["https://api.github.com/repos/gaocegege/awesome-resume-for-chinese/forks"],
    "keys_url": ["https://api.github.com/repos/gaocegege/awesome-resume-for-chinese/keys{/key_id}"],
    "collaborators_url": ["https://api.github.com/repos/gaocegege/awesome-resume-for-chinese/collaborators{/collaborator}"],
    "teams_url": ["https://api.github.com/repos/gaocegege/awesome-resume-for-chinese/teams"],
    "hooks_url": ["https://api.github.com/repos/gaocegege/awesome-resume-for-chinese/hooks"],
    "issue_events_url": ["https://api.github.com/repos/gaocegege/awesome-resume-for-chinese/issues/events{/number}"],
    "events_url": ["https://api.github.com/repos/gaocegege/awesome-resume-for-chinese/events"],
    "assignees_url": ["https://api.github.com/repos/gaocegege/awesome-resume-for-chinese/assignees{/user}"],
    "branches_url": ["https://api.github.com/repos/gaocegege/awesome-resume-for-chinese/branches{/branch}"],
    "tags_url": ["https://api.github.com/repos/gaocegege/awesome-resume-for-chinese/tags"],
    "blobs_url": ["https://api.github.com/repos/gaocegege/awesome-resume-for-chinese/git/blobs{/sha}"],
    "git_tags_url": ["https://api.github.com/repos/gaocegege/awesome-resume-for-chinese/git/tags{/sha}"],
    "git_refs_url": ["https://api.github.com/repos/gaocegege/awesome-resume-for-chinese/git/refs{/sha}"],
    "trees_url": ["https://api.github.com/repos/gaocegege/awesome-resume-for-chinese/git/trees{/sha}"],
    "statuses_url": ["https://api.github.com/repos/gaocegege/awesome-resume-for-chinese/statuses/{sha}"],
    "languages_url": ["https://api.github.com/repos/gaocegege/awesome-resume-for-chinese/languages"],
    "stargazers_url": ["https://api.github.com/repos/gaocegege/awesome-resume-for-chinese/stargazers"],
    "contributors_url": ["https://api.github.com/repos/gaocegege/awesome-resume-for-chinese/contributors"],
    "subscribers_url": ["https://api.github.com/repos/gaocegege/awesome-resume-for-chinese/subscribers"],
    "subscription_url": ["https://api.github.com/repos/gaocegege/awesome-resume-for-chinese/subscription"],
    "commits_url": ["https://api.github.com/repos/gaocegege/awesome-resume-for-chinese/commits{/sha}"],
    "git_commits_url": ["https://api.github.com/repos/gaocegege/awesome-resume-for-chinese/git/commits{/sha}"],
    "comments_url": ["https://api.github.com/repos/gaocegege/awesome-resume-for-chinese/comments{/number}"],
    "issue_comment_url": ["https://api.github.com/repos/gaocegege/awesome-resume-for-chinese/issues/comments{/number}"],
    "contents_url": ["https://api.github.com/repos/gaocegege/awesome-resume-for-chinese/contents/{+path}"],
    "compare_url": ["https://api.github.com/repos/gaocegege/awesome-resume-for-chinese/compare/{base}...{head}"],
    "merges_url": ["https://api.github.com/repos/gaocegege/awesome-resume-for-chinese/merges"],
    "archive_url": ["https://api.github.com/repos/gaocegege/awesome-resume-for-chinese/{archive_format}{/ref}"],
    "downloads_url": ["https://api.github.com/repos/gaocegege/awesome-resume-for-chinese/downloads"],
    "issues_url": ["https://api.github.com/repos/gaocegege/awesome-resume-for-chinese/issues{/number}"],
    "pulls_url": ["https://api.github.com/repos/gaocegege/awesome-resume-for-chinese/pulls{/number}"],
    "milestones_url": ["https://api.github.com/repos/gaocegege/awesome-resume-for-chinese/milestones{/number}"],
    "notifications_url": ["https://api.github.com/repos/gaocegege/awesome-resume-for-chinese/notifications{?since,all,participating}"],
    "labels_url": ["https://api.github.com/repos/gaocegege/awesome-resume-for-chinese/labels{/name}"],
    "releases_url": ["https://api.github.com/repos/gaocegege/awesome-resume-for-chinese/releases{/id}"],
    "deployments_url": ["https://api.github.com/repos/gaocegege/awesome-resume-for-chinese/deployments"],
    "created_at": ["2018-03-29T04:16:16Z"],
    "updated_at": ["2018-03-29T07:33:34Z"],
    "pushed_at": ["2018-03-28T07:24:25Z"],
    "git_url": ["git://github.com/gaocegege/awesome-resume-for-chinese.git"],
    "ssh_url": ["git@github.com:gaocegege/awesome-resume-for-chinese.git"],
    "clone_url": ["https://github.com/gaocegege/awesome-resume-for-chinese.git"],
    "svn_url": ["https://github.com/gaocegege/awesome-resume-for-chinese"],
    "homepage": [""],
    "size": [144],
    "stargazers_count": [0],
    "watchers_count": [0],
    "language": {},
    "has_issues": [false],
    "has_projects": [true],
    "has_downloads": [true],
    "has_wiki": [true],
    "has_pages": [false],
    "forks_count": [1],
    "mirror_url": {},
    "archived": [false],
    "open_issues_count": [0],
    "license": {},
    "forks": [1],
    "open_issues": [0],
    "watchers": [0],
    "default_branch": ["master"],
    "permissions": {
      "admin": [false],
      "push": [false],
      "pull": [true]
    }
  }
]
