[
  {
    "id": [78084678],
    "node_id": ["MDEwOlJlcG9zaXRvcnk3ODA4NDY3OA=="],
    "name": ["coala"],
    "full_name": ["gaocegege/coala"],
    "private": [false],
    "owner": {
      "login": ["gaocegege"],
      "id": [5100735],
      "node_id": ["MDQ6VXNlcjUxMDA3MzU="],
      "avatar_url": ["https://avatars3.githubusercontent.com/u/5100735?v=4"],
      "gravatar_id": [""],
      "url": ["https://api.github.com/users/gaocegege"],
      "html_url": ["https://github.com/gaocegege"],
      "followers_url": ["https://api.github.com/users/gaocegege/followers"],
      "following_url": ["https://api.github.com/users/gaocegege/following{/other_user}"],
      "gists_url": ["https://api.github.com/users/gaocegege/gists{/gist_id}"],
      "starred_url": ["https://api.github.com/users/gaocegege/starred{/owner}{/repo}"],
      "subscriptions_url": ["https://api.github.com/users/gaocegege/subscriptions"],
      "organizations_url": ["https://api.github.com/users/gaocegege/orgs"],
      "repos_url": ["https://api.github.com/users/gaocegege/repos"],
      "events_url": ["https://api.github.com/users/gaocegege/events{/privacy}"],
      "received_events_url": ["https://api.github.com/users/gaocegege/received_events"],
      "type": ["User"],
      "site_admin": [false]
    },
    "html_url": ["https://github.com/gaocegege/coala"],
    "description": ["coala provides a unified command-line interface for linting and fixing all your code, regardless of the programming languages you use."],
    "fork": [true],
    "url": ["https://api.github.com/repos/gaocegege/coala"],
    "forks_url": ["https://api.github.com/repos/gaocegege/coala/forks"],
    "keys_url": ["https://api.github.com/repos/gaocegege/coala/keys{/key_id}"],
    "collaborators_url": ["https://api.github.com/repos/gaocegege/coala/collaborators{/collaborator}"],
    "teams_url": ["https://api.github.com/repos/gaocegege/coala/teams"],
    "hooks_url": ["https://api.github.com/repos/gaocegege/coala/hooks"],
    "issue_events_url": ["https://api.github.com/repos/gaocegege/coala/issues/events{/number}"],
    "events_url": ["https://api.github.com/repos/gaocegege/coala/events"],
    "assignees_url": ["https://api.github.com/repos/gaocegege/coala/assignees{/user}"],
    "branches_url": ["https://api.github.com/repos/gaocegege/coala/branches{/branch}"],
    "tags_url": ["https://api.github.com/repos/gaocegege/coala/tags"],
    "blobs_url": ["https://api.github.com/repos/gaocegege/coala/git/blobs{/sha}"],
    "git_tags_url": ["https://api.github.com/repos/gaocegege/coala/git/tags{/sha}"],
    "git_refs_url": ["https://api.github.com/repos/gaocegege/coala/git/refs{/sha}"],
    "trees_url": ["https://api.github.com/repos/gaocegege/coala/git/trees{/sha}"],
    "statuses_url": ["https://api.github.com/repos/gaocegege/coala/statuses/{sha}"],
    "languages_url": ["https://api.github.com/repos/gaocegege/coala/languages"],
    "stargazers_url": ["https://api.github.com/repos/gaocegege/coala/stargazers"],
    "contributors_url": ["https://api.github.com/repos/gaocegege/coala/contributors"],
    "subscribers_url": ["https://api.github.com/repos/gaocegege/coala/subscribers"],
    "subscription_url": ["https://api.github.com/repos/gaocegege/coala/subscription"],
    "commits_url": ["https://api.github.com/repos/gaocegege/coala/commits{/sha}"],
    "git_commits_url": ["https://api.github.com/repos/gaocegege/coala/git/commits{/sha}"],
    "comments_url": ["https://api.github.com/repos/gaocegege/coala/comments{/number}"],
    "issue_comment_url": ["https://api.github.com/repos/gaocegege/coala/issues/comments{/number}"],
    "contents_url": ["https://api.github.com/repos/gaocegege/coala/contents/{+path}"],
    "compare_url": ["https://api.github.com/repos/gaocegege/coala/compare/{base}...{head}"],
    "merges_url": ["https://api.github.com/repos/gaocegege/coala/merges"],
    "archive_url": ["https://api.github.com/repos/gaocegege/coala/{archive_format}{/ref}"],
    "downloads_url": ["https://api.github.com/repos/gaocegege/coala/downloads"],
    "issues_url": ["https://api.github.com/repos/gaocegege/coala/issues{/number}"],
    "pulls_url": ["https://api.github.com/repos/gaocegege/coala/pulls{/number}"],
    "milestones_url": ["https://api.github.com/repos/gaocegege/coala/milestones{/number}"],
    "notifications_url": ["https://api.github.com/repos/gaocegege/coala/notifications{?since,all,participating}"],
    "labels_url": ["https://api.github.com/repos/gaocegege/coala/labels{/name}"],
    "releases_url": ["https://api.github.com/repos/gaocegege/coala/releases{/id}"],
    "deployments_url": ["https://api.github.com/repos/gaocegege/coala/deployments"],
    "created_at": ["2017-01-05T06:06:42Z"],
    "updated_at": ["2019-01-20T06:58:19Z"],
    "pushed_at": ["2017-01-24T04:55:46Z"],
    "git_url": ["git://github.com/gaocegege/coala.git"],
    "ssh_url": ["git@github.com:gaocegege/coala.git"],
    "clone_url": ["https://github.com/gaocegege/coala.git"],
    "svn_url": ["https://github.com/gaocegege/coala"],
    "homepage": ["https://coala.io/"],
    "size": [11044],
    "stargazers_count": [1],
    "watchers_count": [1],
    "language": ["Python"],
    "has_issues": [false],
    "has_projects": [true],
    "has_downloads": [true],
    "has_wiki": [true],
    "has_pages": [false],
    "forks_count": [1],
    "mirror_url": {},
    "archived": [false],
    "open_issues_count": [0],
    "license": {
      "key": ["agpl-3.0"],
      "name": ["GNU Affero General Public License v3.0"],
      "spdx_id": ["AGPL-3.0"],
      "url": ["https://api.github.com/licenses/agpl-3.0"],
      "node_id": ["MDc6TGljZW5zZTE="]
    },
    "forks": [1],
    "open_issues": [0],
    "watchers": [1],
    "default_branch": ["master"],
    "permissions": {
      "admin": [false],
      "push": [false],
      "pull": [true]
    }
  }
]
