[
  {
    "id": [53730355],
    "node_id": ["MDEwOlJlcG9zaXRvcnk1MzczMDM1NQ=="],
    "name": ["raspberry-pi-3-scripts"],
    "full_name": ["gaocegege/raspberry-pi-3-scripts"],
    "private": [false],
    "owner": {
      "login": ["gaocegege"],
      "id": [5100735],
      "node_id": ["MDQ6VXNlcjUxMDA3MzU="],
      "avatar_url": ["https://avatars3.githubusercontent.com/u/5100735?v=4"],
      "gravatar_id": [""],
      "url": ["https://api.github.com/users/gaocegege"],
      "html_url": ["https://github.com/gaocegege"],
      "followers_url": ["https://api.github.com/users/gaocegege/followers"],
      "following_url": ["https://api.github.com/users/gaocegege/following{/other_user}"],
      "gists_url": ["https://api.github.com/users/gaocegege/gists{/gist_id}"],
      "starred_url": ["https://api.github.com/users/gaocegege/starred{/owner}{/repo}"],
      "subscriptions_url": ["https://api.github.com/users/gaocegege/subscriptions"],
      "organizations_url": ["https://api.github.com/users/gaocegege/orgs"],
      "repos_url": ["https://api.github.com/users/gaocegege/repos"],
      "events_url": ["https://api.github.com/users/gaocegege/events{/privacy}"],
      "received_events_url": ["https://api.github.com/users/gaocegege/received_events"],
      "type": ["User"],
      "site_admin": [false]
    },
    "html_url": ["https://github.com/gaocegege/raspberry-pi-3-scripts"],
    "description": {},
    "fork": [false],
    "url": ["https://api.github.com/repos/gaocegege/raspberry-pi-3-scripts"],
    "forks_url": ["https://api.github.com/repos/gaocegege/raspberry-pi-3-scripts/forks"],
    "keys_url": ["https://api.github.com/repos/gaocegege/raspberry-pi-3-scripts/keys{/key_id}"],
    "collaborators_url": ["https://api.github.com/repos/gaocegege/raspberry-pi-3-scripts/collaborators{/collaborator}"],
    "teams_url": ["https://api.github.com/repos/gaocegege/raspberry-pi-3-scripts/teams"],
    "hooks_url": ["https://api.github.com/repos/gaocegege/raspberry-pi-3-scripts/hooks"],
    "issue_events_url": ["https://api.github.com/repos/gaocegege/raspberry-pi-3-scripts/issues/events{/number}"],
    "events_url": ["https://api.github.com/repos/gaocegege/raspberry-pi-3-scripts/events"],
    "assignees_url": ["https://api.github.com/repos/gaocegege/raspberry-pi-3-scripts/assignees{/user}"],
    "branches_url": ["https://api.github.com/repos/gaocegege/raspberry-pi-3-scripts/branches{/branch}"],
    "tags_url": ["https://api.github.com/repos/gaocegege/raspberry-pi-3-scripts/tags"],
    "blobs_url": ["https://api.github.com/repos/gaocegege/raspberry-pi-3-scripts/git/blobs{/sha}"],
    "git_tags_url": ["https://api.github.com/repos/gaocegege/raspberry-pi-3-scripts/git/tags{/sha}"],
    "git_refs_url": ["https://api.github.com/repos/gaocegege/raspberry-pi-3-scripts/git/refs{/sha}"],
    "trees_url": ["https://api.github.com/repos/gaocegege/raspberry-pi-3-scripts/git/trees{/sha}"],
    "statuses_url": ["https://api.github.com/repos/gaocegege/raspberry-pi-3-scripts/statuses/{sha}"],
    "languages_url": ["https://api.github.com/repos/gaocegege/raspberry-pi-3-scripts/languages"],
    "stargazers_url": ["https://api.github.com/repos/gaocegege/raspberry-pi-3-scripts/stargazers"],
    "contributors_url": ["https://api.github.com/repos/gaocegege/raspberry-pi-3-scripts/contributors"],
    "subscribers_url": ["https://api.github.com/repos/gaocegege/raspberry-pi-3-scripts/subscribers"],
    "subscription_url": ["https://api.github.com/repos/gaocegege/raspberry-pi-3-scripts/subscription"],
    "commits_url": ["https://api.github.com/repos/gaocegege/raspberry-pi-3-scripts/commits{/sha}"],
    "git_commits_url": ["https://api.github.com/repos/gaocegege/raspberry-pi-3-scripts/git/commits{/sha}"],
    "comments_url": ["https://api.github.com/repos/gaocegege/raspberry-pi-3-scripts/comments{/number}"],
    "issue_comment_url": ["https://api.github.com/repos/gaocegege/raspberry-pi-3-scripts/issues/comments{/number}"],
    "contents_url": ["https://api.github.com/repos/gaocegege/raspberry-pi-3-scripts/contents/{+path}"],
    "compare_url": ["https://api.github.com/repos/gaocegege/raspberry-pi-3-scripts/compare/{base}...{head}"],
    "merges_url": ["https://api.github.com/repos/gaocegege/raspberry-pi-3-scripts/merges"],
    "archive_url": ["https://api.github.com/repos/gaocegege/raspberry-pi-3-scripts/{archive_format}{/ref}"],
    "downloads_url": ["https://api.github.com/repos/gaocegege/raspberry-pi-3-scripts/downloads"],
    "issues_url": ["https://api.github.com/repos/gaocegege/raspberry-pi-3-scripts/issues{/number}"],
    "pulls_url": ["https://api.github.com/repos/gaocegege/raspberry-pi-3-scripts/pulls{/number}"],
    "milestones_url": ["https://api.github.com/repos/gaocegege/raspberry-pi-3-scripts/milestones{/number}"],
    "notifications_url": ["https://api.github.com/repos/gaocegege/raspberry-pi-3-scripts/notifications{?since,all,participating}"],
    "labels_url": ["https://api.github.com/repos/gaocegege/raspberry-pi-3-scripts/labels{/name}"],
    "releases_url": ["https://api.github.com/repos/gaocegege/raspberry-pi-3-scripts/releases{/id}"],
    "deployments_url": ["https://api.github.com/repos/gaocegege/raspberry-pi-3-scripts/deployments"],
    "created_at": ["2016-03-12T12:25:27Z"],
    "updated_at": ["2017-01-18T00:05:26Z"],
    "pushed_at": ["2016-03-12T12:48:18Z"],
    "git_url": ["git://github.com/gaocegege/raspberry-pi-3-scripts.git"],
    "ssh_url": ["git@github.com:gaocegege/raspberry-pi-3-scripts.git"],
    "clone_url": ["https://github.com/gaocegege/raspberry-pi-3-scripts.git"],
    "svn_url": ["https://github.com/gaocegege/raspberry-pi-3-scripts"],
    "homepage": {},
    "size": [1],
    "stargazers_count": [1],
    "watchers_count": [1],
    "language": ["Shell"],
    "has_issues": [true],
    "has_projects": [true],
    "has_downloads": [true],
    "has_wiki": [true],
    "has_pages": [false],
    "forks_count": [0],
    "mirror_url": {},
    "archived": [false],
    "open_issues_count": [0],
    "license": {},
    "forks": [0],
    "open_issues": [0],
    "watchers": [1],
    "default_branch": ["master"],
    "permissions": {
      "admin": [false],
      "push": [false],
      "pull": [true]
    }
  }
]
