[
  {
    "id": [136334627],
    "node_id": ["MDEwOlJlcG9zaXRvcnkxMzYzMzQ2Mjc="],
    "name": ["coala-ls"],
    "full_name": ["gaocegege/coala-ls"],
    "private": [false],
    "owner": {
      "login": ["gaocegege"],
      "id": [5100735],
      "node_id": ["MDQ6VXNlcjUxMDA3MzU="],
      "avatar_url": ["https://avatars3.githubusercontent.com/u/5100735?v=4"],
      "gravatar_id": [""],
      "url": ["https://api.github.com/users/gaocegege"],
      "html_url": ["https://github.com/gaocegege"],
      "followers_url": ["https://api.github.com/users/gaocegege/followers"],
      "following_url": ["https://api.github.com/users/gaocegege/following{/other_user}"],
      "gists_url": ["https://api.github.com/users/gaocegege/gists{/gist_id}"],
      "starred_url": ["https://api.github.com/users/gaocegege/starred{/owner}{/repo}"],
      "subscriptions_url": ["https://api.github.com/users/gaocegege/subscriptions"],
      "organizations_url": ["https://api.github.com/users/gaocegege/orgs"],
      "repos_url": ["https://api.github.com/users/gaocegege/repos"],
      "events_url": ["https://api.github.com/users/gaocegege/events{/privacy}"],
      "received_events_url": ["https://api.github.com/users/gaocegege/received_events"],
      "type": ["User"],
      "site_admin": [false]
    },
    "html_url": ["https://github.com/gaocegege/coala-ls"],
    "description": ["coala language server"],
    "fork": [true],
    "url": ["https://api.github.com/repos/gaocegege/coala-ls"],
    "forks_url": ["https://api.github.com/repos/gaocegege/coala-ls/forks"],
    "keys_url": ["https://api.github.com/repos/gaocegege/coala-ls/keys{/key_id}"],
    "collaborators_url": ["https://api.github.com/repos/gaocegege/coala-ls/collaborators{/collaborator}"],
    "teams_url": ["https://api.github.com/repos/gaocegege/coala-ls/teams"],
    "hooks_url": ["https://api.github.com/repos/gaocegege/coala-ls/hooks"],
    "issue_events_url": ["https://api.github.com/repos/gaocegege/coala-ls/issues/events{/number}"],
    "events_url": ["https://api.github.com/repos/gaocegege/coala-ls/events"],
    "assignees_url": ["https://api.github.com/repos/gaocegege/coala-ls/assignees{/user}"],
    "branches_url": ["https://api.github.com/repos/gaocegege/coala-ls/branches{/branch}"],
    "tags_url": ["https://api.github.com/repos/gaocegege/coala-ls/tags"],
    "blobs_url": ["https://api.github.com/repos/gaocegege/coala-ls/git/blobs{/sha}"],
    "git_tags_url": ["https://api.github.com/repos/gaocegege/coala-ls/git/tags{/sha}"],
    "git_refs_url": ["https://api.github.com/repos/gaocegege/coala-ls/git/refs{/sha}"],
    "trees_url": ["https://api.github.com/repos/gaocegege/coala-ls/git/trees{/sha}"],
    "statuses_url": ["https://api.github.com/repos/gaocegege/coala-ls/statuses/{sha}"],
    "languages_url": ["https://api.github.com/repos/gaocegege/coala-ls/languages"],
    "stargazers_url": ["https://api.github.com/repos/gaocegege/coala-ls/stargazers"],
    "contributors_url": ["https://api.github.com/repos/gaocegege/coala-ls/contributors"],
    "subscribers_url": ["https://api.github.com/repos/gaocegege/coala-ls/subscribers"],
    "subscription_url": ["https://api.github.com/repos/gaocegege/coala-ls/subscription"],
    "commits_url": ["https://api.github.com/repos/gaocegege/coala-ls/commits{/sha}"],
    "git_commits_url": ["https://api.github.com/repos/gaocegege/coala-ls/git/commits{/sha}"],
    "comments_url": ["https://api.github.com/repos/gaocegege/coala-ls/comments{/number}"],
    "issue_comment_url": ["https://api.github.com/repos/gaocegege/coala-ls/issues/comments{/number}"],
    "contents_url": ["https://api.github.com/repos/gaocegege/coala-ls/contents/{+path}"],
    "compare_url": ["https://api.github.com/repos/gaocegege/coala-ls/compare/{base}...{head}"],
    "merges_url": ["https://api.github.com/repos/gaocegege/coala-ls/merges"],
    "archive_url": ["https://api.github.com/repos/gaocegege/coala-ls/{archive_format}{/ref}"],
    "downloads_url": ["https://api.github.com/repos/gaocegege/coala-ls/downloads"],
    "issues_url": ["https://api.github.com/repos/gaocegege/coala-ls/issues{/number}"],
    "pulls_url": ["https://api.github.com/repos/gaocegege/coala-ls/pulls{/number}"],
    "milestones_url": ["https://api.github.com/repos/gaocegege/coala-ls/milestones{/number}"],
    "notifications_url": ["https://api.github.com/repos/gaocegege/coala-ls/notifications{?since,all,participating}"],
    "labels_url": ["https://api.github.com/repos/gaocegege/coala-ls/labels{/name}"],
    "releases_url": ["https://api.github.com/repos/gaocegege/coala-ls/releases{/id}"],
    "deployments_url": ["https://api.github.com/repos/gaocegege/coala-ls/deployments"],
    "created_at": ["2018-06-06T13:43:28Z"],
    "updated_at": ["2018-06-06T13:43:30Z"],
    "pushed_at": ["2018-06-06T05:15:50Z"],
    "git_url": ["git://github.com/gaocegege/coala-ls.git"],
    "ssh_url": ["git@github.com:gaocegege/coala-ls.git"],
    "clone_url": ["https://github.com/gaocegege/coala-ls.git"],
    "svn_url": ["https://github.com/gaocegege/coala-ls"],
    "homepage": {},
    "size": [511],
    "stargazers_count": [0],
    "watchers_count": [0],
    "language": ["Python"],
    "has_issues": [false],
    "has_projects": [true],
    "has_downloads": [true],
    "has_wiki": [true],
    "has_pages": [false],
    "forks_count": [0],
    "mirror_url": {},
    "archived": [false],
    "open_issues_count": [0],
    "license": {
      "key": ["gpl-3.0"],
      "name": ["GNU General Public License v3.0"],
      "spdx_id": ["GPL-3.0"],
      "url": ["https://api.github.com/licenses/gpl-3.0"],
      "node_id": ["MDc6TGljZW5zZTk="]
    },
    "forks": [0],
    "open_issues": [0],
    "watchers": [0],
    "default_branch": ["master"],
    "permissions": {
      "admin": [false],
      "push": [false],
      "pull": [true]
    }
  }
]
