[
  {
    "id": [71674855],
    "node_id": ["MDEwOlJlcG9zaXRvcnk3MTY3NDg1NQ=="],
    "name": ["runv"],
    "full_name": ["gaocegege/runv"],
    "private": [false],
    "owner": {
      "login": ["gaocegege"],
      "id": [5100735],
      "node_id": ["MDQ6VXNlcjUxMDA3MzU="],
      "avatar_url": ["https://avatars3.githubusercontent.com/u/5100735?v=4"],
      "gravatar_id": [""],
      "url": ["https://api.github.com/users/gaocegege"],
      "html_url": ["https://github.com/gaocegege"],
      "followers_url": ["https://api.github.com/users/gaocegege/followers"],
      "following_url": ["https://api.github.com/users/gaocegege/following{/other_user}"],
      "gists_url": ["https://api.github.com/users/gaocegege/gists{/gist_id}"],
      "starred_url": ["https://api.github.com/users/gaocegege/starred{/owner}{/repo}"],
      "subscriptions_url": ["https://api.github.com/users/gaocegege/subscriptions"],
      "organizations_url": ["https://api.github.com/users/gaocegege/orgs"],
      "repos_url": ["https://api.github.com/users/gaocegege/repos"],
      "events_url": ["https://api.github.com/users/gaocegege/events{/privacy}"],
      "received_events_url": ["https://api.github.com/users/gaocegege/received_events"],
      "type": ["User"],
      "site_admin": [false]
    },
    "html_url": ["https://github.com/gaocegege/runv"],
    "description": ["Hypervisor-based Runtime for OCI"],
    "fork": [true],
    "url": ["https://api.github.com/repos/gaocegege/runv"],
    "forks_url": ["https://api.github.com/repos/gaocegege/runv/forks"],
    "keys_url": ["https://api.github.com/repos/gaocegege/runv/keys{/key_id}"],
    "collaborators_url": ["https://api.github.com/repos/gaocegege/runv/collaborators{/collaborator}"],
    "teams_url": ["https://api.github.com/repos/gaocegege/runv/teams"],
    "hooks_url": ["https://api.github.com/repos/gaocegege/runv/hooks"],
    "issue_events_url": ["https://api.github.com/repos/gaocegege/runv/issues/events{/number}"],
    "events_url": ["https://api.github.com/repos/gaocegege/runv/events"],
    "assignees_url": ["https://api.github.com/repos/gaocegege/runv/assignees{/user}"],
    "branches_url": ["https://api.github.com/repos/gaocegege/runv/branches{/branch}"],
    "tags_url": ["https://api.github.com/repos/gaocegege/runv/tags"],
    "blobs_url": ["https://api.github.com/repos/gaocegege/runv/git/blobs{/sha}"],
    "git_tags_url": ["https://api.github.com/repos/gaocegege/runv/git/tags{/sha}"],
    "git_refs_url": ["https://api.github.com/repos/gaocegege/runv/git/refs{/sha}"],
    "trees_url": ["https://api.github.com/repos/gaocegege/runv/git/trees{/sha}"],
    "statuses_url": ["https://api.github.com/repos/gaocegege/runv/statuses/{sha}"],
    "languages_url": ["https://api.github.com/repos/gaocegege/runv/languages"],
    "stargazers_url": ["https://api.github.com/repos/gaocegege/runv/stargazers"],
    "contributors_url": ["https://api.github.com/repos/gaocegege/runv/contributors"],
    "subscribers_url": ["https://api.github.com/repos/gaocegege/runv/subscribers"],
    "subscription_url": ["https://api.github.com/repos/gaocegege/runv/subscription"],
    "commits_url": ["https://api.github.com/repos/gaocegege/runv/commits{/sha}"],
    "git_commits_url": ["https://api.github.com/repos/gaocegege/runv/git/commits{/sha}"],
    "comments_url": ["https://api.github.com/repos/gaocegege/runv/comments{/number}"],
    "issue_comment_url": ["https://api.github.com/repos/gaocegege/runv/issues/comments{/number}"],
    "contents_url": ["https://api.github.com/repos/gaocegege/runv/contents/{+path}"],
    "compare_url": ["https://api.github.com/repos/gaocegege/runv/compare/{base}...{head}"],
    "merges_url": ["https://api.github.com/repos/gaocegege/runv/merges"],
    "archive_url": ["https://api.github.com/repos/gaocegege/runv/{archive_format}{/ref}"],
    "downloads_url": ["https://api.github.com/repos/gaocegege/runv/downloads"],
    "issues_url": ["https://api.github.com/repos/gaocegege/runv/issues{/number}"],
    "pulls_url": ["https://api.github.com/repos/gaocegege/runv/pulls{/number}"],
    "milestones_url": ["https://api.github.com/repos/gaocegege/runv/milestones{/number}"],
    "notifications_url": ["https://api.github.com/repos/gaocegege/runv/notifications{?since,all,participating}"],
    "labels_url": ["https://api.github.com/repos/gaocegege/runv/labels{/name}"],
    "releases_url": ["https://api.github.com/repos/gaocegege/runv/releases{/id}"],
    "deployments_url": ["https://api.github.com/repos/gaocegege/runv/deployments"],
    "created_at": ["2016-10-23T01:22:08Z"],
    "updated_at": ["2016-10-23T01:22:09Z"],
    "pushed_at": ["2017-04-07T01:05:41Z"],
    "git_url": ["git://github.com/gaocegege/runv.git"],
    "ssh_url": ["git@github.com:gaocegege/runv.git"],
    "clone_url": ["https://github.com/gaocegege/runv.git"],
    "svn_url": ["https://github.com/gaocegege/runv"],
    "homepage": [""],
    "size": [9692],
    "stargazers_count": [0],
    "watchers_count": [0],
    "language": ["Go"],
    "has_issues": [false],
    "has_projects": [true],
    "has_downloads": [true],
    "has_wiki": [true],
    "has_pages": [false],
    "forks_count": [0],
    "mirror_url": {},
    "archived": [false],
    "open_issues_count": [0],
    "license": {
      "key": ["apache-2.0"],
      "name": ["Apache License 2.0"],
      "spdx_id": ["Apache-2.0"],
      "url": ["https://api.github.com/licenses/apache-2.0"],
      "node_id": ["MDc6TGljZW5zZTI="]
    },
    "forks": [0],
    "open_issues": [0],
    "watchers": [0],
    "default_branch": ["master"],
    "permissions": {
      "admin": [false],
      "push": [false],
      "pull": [true]
    }
  }
]
