[
  {
    "id": [70975180],
    "node_id": ["MDEwOlJlcG9zaXRvcnk3MDk3NTE4MA=="],
    "name": ["hackys-backend-writer"],
    "full_name": ["gaocegege/hackys-backend-writer"],
    "private": [false],
    "owner": {
      "login": ["gaocegege"],
      "id": [5100735],
      "node_id": ["MDQ6VXNlcjUxMDA3MzU="],
      "avatar_url": ["https://avatars3.githubusercontent.com/u/5100735?v=4"],
      "gravatar_id": [""],
      "url": ["https://api.github.com/users/gaocegege"],
      "html_url": ["https://github.com/gaocegege"],
      "followers_url": ["https://api.github.com/users/gaocegege/followers"],
      "following_url": ["https://api.github.com/users/gaocegege/following{/other_user}"],
      "gists_url": ["https://api.github.com/users/gaocegege/gists{/gist_id}"],
      "starred_url": ["https://api.github.com/users/gaocegege/starred{/owner}{/repo}"],
      "subscriptions_url": ["https://api.github.com/users/gaocegege/subscriptions"],
      "organizations_url": ["https://api.github.com/users/gaocegege/orgs"],
      "repos_url": ["https://api.github.com/users/gaocegege/repos"],
      "events_url": ["https://api.github.com/users/gaocegege/events{/privacy}"],
      "received_events_url": ["https://api.github.com/users/gaocegege/received_events"],
      "type": ["User"],
      "site_admin": [false]
    },
    "html_url": ["https://github.com/gaocegege/hackys-backend-writer"],
    "description": ["hackys-backend-writer"],
    "fork": [false],
    "url": ["https://api.github.com/repos/gaocegege/hackys-backend-writer"],
    "forks_url": ["https://api.github.com/repos/gaocegege/hackys-backend-writer/forks"],
    "keys_url": ["https://api.github.com/repos/gaocegege/hackys-backend-writer/keys{/key_id}"],
    "collaborators_url": ["https://api.github.com/repos/gaocegege/hackys-backend-writer/collaborators{/collaborator}"],
    "teams_url": ["https://api.github.com/repos/gaocegege/hackys-backend-writer/teams"],
    "hooks_url": ["https://api.github.com/repos/gaocegege/hackys-backend-writer/hooks"],
    "issue_events_url": ["https://api.github.com/repos/gaocegege/hackys-backend-writer/issues/events{/number}"],
    "events_url": ["https://api.github.com/repos/gaocegege/hackys-backend-writer/events"],
    "assignees_url": ["https://api.github.com/repos/gaocegege/hackys-backend-writer/assignees{/user}"],
    "branches_url": ["https://api.github.com/repos/gaocegege/hackys-backend-writer/branches{/branch}"],
    "tags_url": ["https://api.github.com/repos/gaocegege/hackys-backend-writer/tags"],
    "blobs_url": ["https://api.github.com/repos/gaocegege/hackys-backend-writer/git/blobs{/sha}"],
    "git_tags_url": ["https://api.github.com/repos/gaocegege/hackys-backend-writer/git/tags{/sha}"],
    "git_refs_url": ["https://api.github.com/repos/gaocegege/hackys-backend-writer/git/refs{/sha}"],
    "trees_url": ["https://api.github.com/repos/gaocegege/hackys-backend-writer/git/trees{/sha}"],
    "statuses_url": ["https://api.github.com/repos/gaocegege/hackys-backend-writer/statuses/{sha}"],
    "languages_url": ["https://api.github.com/repos/gaocegege/hackys-backend-writer/languages"],
    "stargazers_url": ["https://api.github.com/repos/gaocegege/hackys-backend-writer/stargazers"],
    "contributors_url": ["https://api.github.com/repos/gaocegege/hackys-backend-writer/contributors"],
    "subscribers_url": ["https://api.github.com/repos/gaocegege/hackys-backend-writer/subscribers"],
    "subscription_url": ["https://api.github.com/repos/gaocegege/hackys-backend-writer/subscription"],
    "commits_url": ["https://api.github.com/repos/gaocegege/hackys-backend-writer/commits{/sha}"],
    "git_commits_url": ["https://api.github.com/repos/gaocegege/hackys-backend-writer/git/commits{/sha}"],
    "comments_url": ["https://api.github.com/repos/gaocegege/hackys-backend-writer/comments{/number}"],
    "issue_comment_url": ["https://api.github.com/repos/gaocegege/hackys-backend-writer/issues/comments{/number}"],
    "contents_url": ["https://api.github.com/repos/gaocegege/hackys-backend-writer/contents/{+path}"],
    "compare_url": ["https://api.github.com/repos/gaocegege/hackys-backend-writer/compare/{base}...{head}"],
    "merges_url": ["https://api.github.com/repos/gaocegege/hackys-backend-writer/merges"],
    "archive_url": ["https://api.github.com/repos/gaocegege/hackys-backend-writer/{archive_format}{/ref}"],
    "downloads_url": ["https://api.github.com/repos/gaocegege/hackys-backend-writer/downloads"],
    "issues_url": ["https://api.github.com/repos/gaocegege/hackys-backend-writer/issues{/number}"],
    "pulls_url": ["https://api.github.com/repos/gaocegege/hackys-backend-writer/pulls{/number}"],
    "milestones_url": ["https://api.github.com/repos/gaocegege/hackys-backend-writer/milestones{/number}"],
    "notifications_url": ["https://api.github.com/repos/gaocegege/hackys-backend-writer/notifications{?since,all,participating}"],
    "labels_url": ["https://api.github.com/repos/gaocegege/hackys-backend-writer/labels{/name}"],
    "releases_url": ["https://api.github.com/repos/gaocegege/hackys-backend-writer/releases{/id}"],
    "deployments_url": ["https://api.github.com/repos/gaocegege/hackys-backend-writer/deployments"],
    "created_at": ["2016-10-15T08:07:39Z"],
    "updated_at": ["2016-10-16T15:23:23Z"],
    "pushed_at": ["2016-10-15T20:56:58Z"],
    "git_url": ["git://github.com/gaocegege/hackys-backend-writer.git"],
    "ssh_url": ["git@github.com:gaocegege/hackys-backend-writer.git"],
    "clone_url": ["https://github.com/gaocegege/hackys-backend-writer.git"],
    "svn_url": ["https://github.com/gaocegege/hackys-backend-writer"],
    "homepage": {},
    "size": [4223],
    "stargazers_count": [0],
    "watchers_count": [0],
    "language": ["Go"],
    "has_issues": [true],
    "has_projects": [true],
    "has_downloads": [true],
    "has_wiki": [true],
    "has_pages": [false],
    "forks_count": [0],
    "mirror_url": {},
    "archived": [false],
    "open_issues_count": [0],
    "license": {},
    "forks": [0],
    "open_issues": [0],
    "watchers": [0],
    "default_branch": ["master"],
    "permissions": {
      "admin": [false],
      "push": [false],
      "pull": [true]
    }
  }
]
