[
  {
    "id": [78508538],
    "node_id": ["MDEwOlJlcG9zaXRvcnk3ODUwODUzOA=="],
    "name": ["coala-atom"],
    "full_name": ["gaocegege/coala-atom"],
    "private": [false],
    "owner": {
      "login": ["gaocegege"],
      "id": [5100735],
      "node_id": ["MDQ6VXNlcjUxMDA3MzU="],
      "avatar_url": ["https://avatars3.githubusercontent.com/u/5100735?v=4"],
      "gravatar_id": [""],
      "url": ["https://api.github.com/users/gaocegege"],
      "html_url": ["https://github.com/gaocegege"],
      "followers_url": ["https://api.github.com/users/gaocegege/followers"],
      "following_url": ["https://api.github.com/users/gaocegege/following{/other_user}"],
      "gists_url": ["https://api.github.com/users/gaocegege/gists{/gist_id}"],
      "starred_url": ["https://api.github.com/users/gaocegege/starred{/owner}{/repo}"],
      "subscriptions_url": ["https://api.github.com/users/gaocegege/subscriptions"],
      "organizations_url": ["https://api.github.com/users/gaocegege/orgs"],
      "repos_url": ["https://api.github.com/users/gaocegege/repos"],
      "events_url": ["https://api.github.com/users/gaocegege/events{/privacy}"],
      "received_events_url": ["https://api.github.com/users/gaocegege/received_events"],
      "type": ["User"],
      "site_admin": [false]
    },
    "html_url": ["https://github.com/gaocegege/coala-atom"],
    "description": ["A coala integration plugin for Atom"],
    "fork": [true],
    "url": ["https://api.github.com/repos/gaocegege/coala-atom"],
    "forks_url": ["https://api.github.com/repos/gaocegege/coala-atom/forks"],
    "keys_url": ["https://api.github.com/repos/gaocegege/coala-atom/keys{/key_id}"],
    "collaborators_url": ["https://api.github.com/repos/gaocegege/coala-atom/collaborators{/collaborator}"],
    "teams_url": ["https://api.github.com/repos/gaocegege/coala-atom/teams"],
    "hooks_url": ["https://api.github.com/repos/gaocegege/coala-atom/hooks"],
    "issue_events_url": ["https://api.github.com/repos/gaocegege/coala-atom/issues/events{/number}"],
    "events_url": ["https://api.github.com/repos/gaocegege/coala-atom/events"],
    "assignees_url": ["https://api.github.com/repos/gaocegege/coala-atom/assignees{/user}"],
    "branches_url": ["https://api.github.com/repos/gaocegege/coala-atom/branches{/branch}"],
    "tags_url": ["https://api.github.com/repos/gaocegege/coala-atom/tags"],
    "blobs_url": ["https://api.github.com/repos/gaocegege/coala-atom/git/blobs{/sha}"],
    "git_tags_url": ["https://api.github.com/repos/gaocegege/coala-atom/git/tags{/sha}"],
    "git_refs_url": ["https://api.github.com/repos/gaocegege/coala-atom/git/refs{/sha}"],
    "trees_url": ["https://api.github.com/repos/gaocegege/coala-atom/git/trees{/sha}"],
    "statuses_url": ["https://api.github.com/repos/gaocegege/coala-atom/statuses/{sha}"],
    "languages_url": ["https://api.github.com/repos/gaocegege/coala-atom/languages"],
    "stargazers_url": ["https://api.github.com/repos/gaocegege/coala-atom/stargazers"],
    "contributors_url": ["https://api.github.com/repos/gaocegege/coala-atom/contributors"],
    "subscribers_url": ["https://api.github.com/repos/gaocegege/coala-atom/subscribers"],
    "subscription_url": ["https://api.github.com/repos/gaocegege/coala-atom/subscription"],
    "commits_url": ["https://api.github.com/repos/gaocegege/coala-atom/commits{/sha}"],
    "git_commits_url": ["https://api.github.com/repos/gaocegege/coala-atom/git/commits{/sha}"],
    "comments_url": ["https://api.github.com/repos/gaocegege/coala-atom/comments{/number}"],
    "issue_comment_url": ["https://api.github.com/repos/gaocegege/coala-atom/issues/comments{/number}"],
    "contents_url": ["https://api.github.com/repos/gaocegege/coala-atom/contents/{+path}"],
    "compare_url": ["https://api.github.com/repos/gaocegege/coala-atom/compare/{base}...{head}"],
    "merges_url": ["https://api.github.com/repos/gaocegege/coala-atom/merges"],
    "archive_url": ["https://api.github.com/repos/gaocegege/coala-atom/{archive_format}{/ref}"],
    "downloads_url": ["https://api.github.com/repos/gaocegege/coala-atom/downloads"],
    "issues_url": ["https://api.github.com/repos/gaocegege/coala-atom/issues{/number}"],
    "pulls_url": ["https://api.github.com/repos/gaocegege/coala-atom/pulls{/number}"],
    "milestones_url": ["https://api.github.com/repos/gaocegege/coala-atom/milestones{/number}"],
    "notifications_url": ["https://api.github.com/repos/gaocegege/coala-atom/notifications{?since,all,participating}"],
    "labels_url": ["https://api.github.com/repos/gaocegege/coala-atom/labels{/name}"],
    "releases_url": ["https://api.github.com/repos/gaocegege/coala-atom/releases{/id}"],
    "deployments_url": ["https://api.github.com/repos/gaocegege/coala-atom/deployments"],
    "created_at": ["2017-01-10T07:25:03Z"],
    "updated_at": ["2017-01-10T07:25:06Z"],
    "pushed_at": ["2016-12-22T12:27:44Z"],
    "git_url": ["git://github.com/gaocegege/coala-atom.git"],
    "ssh_url": ["git@github.com:gaocegege/coala-atom.git"],
    "clone_url": ["https://github.com/gaocegege/coala-atom.git"],
    "svn_url": ["https://github.com/gaocegege/coala-atom"],
    "homepage": [""],
    "size": [32],
    "stargazers_count": [0],
    "watchers_count": [0],
    "language": ["JavaScript"],
    "has_issues": [false],
    "has_projects": [true],
    "has_downloads": [true],
    "has_wiki": [true],
    "has_pages": [false],
    "forks_count": [0],
    "mirror_url": {},
    "archived": [false],
    "open_issues_count": [0],
    "license": {
      "key": ["agpl-3.0"],
      "name": ["GNU Affero General Public License v3.0"],
      "spdx_id": ["AGPL-3.0"],
      "url": ["https://api.github.com/licenses/agpl-3.0"],
      "node_id": ["MDc6TGljZW5zZTE="]
    },
    "forks": [0],
    "open_issues": [0],
    "watchers": [0],
    "default_branch": ["master"],
    "permissions": {
      "admin": [false],
      "push": [false],
      "pull": [true]
    }
  }
]
